# file opened: C:\Zx\CSpect\Projects\vForth16_MDR_MGT/source/main.asm
   1  0000              //  ______________________________________________________________________
   2  0000              //
   3  0000              //  main.asm
   4  0000              //  ______________________________________________________________________
   5  0000              //
   6  0000              //  v-Forth 1.6 NextZXOS version
   7  0000              //  build 20240809
   8  0000              //
   9  0000              //  Indirect-Thread version.
  10  0000              //
  11  0000              //  48-128K MDR/MGT version
  12  0000              //  ______________________________________________________________________
  13  0000              //
  14  0000              //  This work is available as-is with no whatsoever warranty.
  15  0000              //  Copying, modifying and distributing this software is allowed
  16  0000              //  provided that the copyright notice is kept.
  17  0000              //  ______________________________________________________________________
  18  0000              //
  19  0000              //  by Matteo Vitturi, 1990-2021
  20  0000              //
  21  0000              //  https://sites.google.com/view/vforth/vforth15-next
  22  0000              //  https://www.oocities.org/matteo_vitturi/english/index.htm
  23  0000              //
  24  0000              //  This is the complete compiler for v.Forth for SINCLAIR ZX Spectrum Next.
  25  0000              //  Each line of this source list mustn't exceed 80 bytes.
  26  0000              //  Z80N (ZX Spectrum Next) extension is available.
  27  0000              //
  28  0000              //  This list has been tested using the following configuration:
  29  0000              //      - CSpect emulator V.2.12.30
  30  0000              //  ______________________________________________________________________
  31  0000              //
  32  0000              //  Z80 Registers usage map
  33  0000              //
  34  0000              //  AF
  35  0000              //  BC - Instruction Pointer: should be preserved during ROM/OS calls
  36  0000              //  DE - Working
  37  0000              //  HL - Working
  38  0000              //
  39  0000              //  AF'- Sometime used for backup purpose
  40  0000              //  BC'- Not used
  41  0000              //  DE'- Not used
  42  0000              //  HL'- Not used: (saved at startup)
  43  0000              //
  44  0000              //  SP - Calculator Stack Pointer
  45  0000              //  IX - Inner interpreter "next" address pointer. This way jp (ix) is 2T-state faster than JP next
  46  0000              //  IY - (ZX System: must be preserved to interact with standard ROM)
  47  0000              //
  48  0000              //  ______________________________________________________________________
  49  0000              //
  50  0000              //  _________________
  51  0000              //
  52  0000              //  FORTH DEFINITIONS
  53  0000              //  _________________
  54  0000
  55  0000              //              OPT     --zxnext
  56  0000              //  ______________________________________________________________________
  57  0000              //
  58  0000              // this controls some debugging code in L0.asm
  59  0000              //  0 for final binary release.
  60  0000              //  1 for debugging with Visual Studio Code and DeZog
  61  0000              // -1 for for binary comparison with Forth generated code.
  62  0000              DEBUGGING       equ     0
  63  0000              //
  64  0000              //  ______________________________________________________________________
  65  0000
  66  0000                              if ( -1 == DEBUGGING )
  67  0000 ~            ORIGIN          equ    41980 - $80                    // for binary comparison
  68  0000 ~            //ORIGIN          equ     $8CC1                   // for binary comparison
  69  0000                              endif
  70  0000              //  ______________________________________________________________________
  71  0000
  72  0000                              if (  0 == DEBUGGING )
  73  0000              ORIGIN          equ     $6400                   // binary and Tape
  74  0000                              endif
  75  0000              //  ______________________________________________________________________
  76  0000
  77  0000                              if (  1 == DEBUGGING )
  78  0000 ~            ORIGIN          equ     $8080                   // for DeZog
  79  0000                              endif
  80  0000              //  ______________________________________________________________________
  81  0000
  82  0000                            DEVICE  ZXSPECTRUM48
  83  0000
  84  0000                              ORG     ORIGIN
  85  6400
  86  6400                              if ( -1 == DEBUGGING )
  87  6400 ~                            ds 128                            // for binary comparison
  88  6400                              endif
  89  6400
  90  6400              //  ______________________________________________________________________
  91  6400              //
  92  6400              //  Naming convention for Label vs Forth correspondance
  93  6400              //  Forth words are named as they are named for real with some exception to avoid assembler syntax errors.
  94  6400              //    - Leading "0" is converted into "Z_"
  95  6400              //    - Leading "(" is converted into "C_", closing bracket is omitted
  96  6400              //    - Leading numbers are converted in letters: ONE_  TWO_ etc.
  97  6400              //    - Question mark "?" is converted into "Q" or omitted if needed / useful.
  98  6400              //    - Plus sign "+" is converted in _PLUS or ADD_ depending.
  99  6400              //    - Minus sign "-" in L (for Line), MINUS or SUBTRACT depending
 100  6400              //    - Greater-Than sign ">" in _GREATER or TO_ depending
 101  6400              //    - Equal sign "=" is converted in EQUAL
 102  6400              //    - Less-Than sign "<" in _LESS or FROM_ (or TO_ again) depending
 103  6400              //    - Asterisk sign "*" is converted in _MUL or STAR
 104  6400              //    - Slash "/" is converted in _DIV or omitted if it is clear what it means
 105  6400              //    - Exclamation mark "!" is converted in STORE
 106  6400              //    - At-Sign "@" is converted in FETCH
 107  6400              //    - Words that collide with Assembler are normally suffixed with "_OP"
 108  6400
 109  6400                              include "system.asm"
# file opened: C:\Zx\CSpect\Projects\vForth16_MDR_MGT/source/system.asm
   1+ 6400              //  ______________________________________________________________________
   2+ 6400              //
   3+ 6400              //  system.asm
   4+ 6400              //  ______________________________________________________________________
   5+ 6400
   6+ 6400              // Registers:
   7+ 6400              //
   8+ 6400              //      BC: Instruction Pointer
   9+ 6400              //      DE:
  10+ 6400              //      HL: W register
  11+ 6400              //      SP: Calc stack Pointer
  12+ 6400              //      IX: Inner-Interpreter Address
  13+ 6400
  14+ 6400              //  ______________________________________________________________________
  15+ 6400              //
  16+ 6400              // ZX-Spectrum standard system variables
  17+ 6400              SCR_CT          equ     $5C8C                   // SCR-CT system variable
  18+ 6400              LASTK           equ     $5C08                   // LASTK system variable
  19+ 6400              BORDCR          equ     $5C48                   // BORDCR system variable
  20+ 6400              FLAGS2          equ     $5C6A                   // for caps-lock
  21+ 6400              DF_SZ           equ     $5C6B                   // Size in rows of Lower part of Screen
  22+ 6400              STRMS           equ     $5C16                   // Streams  address
  23+ 6400              CHANS           equ     $5C4F                   // Channels address
  24+ 6400
  25+ 6400              //  ______________________________________________________________________
  26+ 6400              //
  27+ 6400              // Flag constants
  28+ 6400              TRUE_FLAG       equ     $FFFF
  29+ 6400              FALSE_FLAG      equ     $0000
  30+ 6400
  31+ 6400              //  ______________________________________________________________________
  32+ 6400              //
  33+ 6400              // Ascii char constants
  34+ 6400              NUL_CHAR        equ     $00
  35+ 6400              COMMA_CHAR      equ     $06
  36+ 6400              BACKSPACE_CHAR  equ     $08
  37+ 6400              CR_CHAR         equ     $0D
  38+ 6400              BLANK_CHAR      equ     $20
  39+ 6400              QUOTE_CHAR      equ     "'"
  40+ 6400              DQUOTE_CHAR     equ     '"'
  41+ 6400              UNDERSCORE_CHAR equ     $5F
  42+ 6400              SOLIDBLOCK_CHAR equ     $8F
  43+ 6400              HALFBLOCK_CHAR  equ     $8C
  44+ 6400              LC_A_CHAR       equ     $61                 // lower-case "a"
  45+ 6400              LC_Z_CHAR       equ     $7A                 // lower-case "z"
  46+ 6400
  47+ 6400
  48+ 6400              //  ______________________________________________________________________
  49+ 6400              //
  50+ 6400
  51+ 6400                              // emulate something like:  ld hl,rp
  52+ 6400              ldhlrp          macro
  53+ 6400 ~                            ld      hl,(RP_Pointer)
  54+ 6400                              endm
  55+ 6400
  56+ 6400                              // emulate something like:  ld rp,hl
  57+ 6400              ldrphl          macro
  58+ 6400 ~                            ld      (RP_Pointer),hl
  59+ 6400                              endm
  60+ 6400
  61+ 6400              //  ______________________________________________________________________
  62+ 6400              //
  63+ 6400              //  Inner interpreter next-address pointer. This is 2T-state faster than "jp address"
  64+ 6400              next            macro
  65+ 6400 ~                            jp      (ix)
  66+ 6400                              endm
  67+ 6400
  68+ 6400              psh1            macro
  69+ 6400 ~                            push    hl
  70+ 6400 ~                            jp      (ix)
  71+ 6400                              endm
  72+ 6400
  73+ 6400              psh2            macro
  74+ 6400 ~                            push    de
  75+ 6400 ~                            push    hl
  76+ 6400 ~                            jp      (ix)
  77+ 6400                              endm
  78+ 6400
  79+ 6400              //  ______________________________________________________________________
  80+ 6400              //
  81+ 6400              // Bit constants in length-byte
  82+ 6400
  83+ 6400              SMUDGE_BIT      equ     %00100000               // $20
  84+ 6400              IMMEDIATE_BIT   equ     %01000000               // $40
  85+ 6400              END_BIT         equ     %10000000               // $80
  86+ 6400
  87+ 6400
  88+ 6400              //  ______________________________________________________________________
  89+ 6400              //
  90+ 6400              //  To create Forth words using this (nice) Assembler, we have to use the two following
  91+ 6400              //  pointers
  92+ 6400              temp_NFA        defl    0
  93+ 6400              last_NFA        defl    0
  94+ 6400              len_NFA         defl    0
  95+ 6400
  96+ 6400              is_code         equ     0                   // so the direct machine-code starts at CFA
  97+ 6400              is_normal       equ     0                   // so the direct machine-code starts at CFA
  98+ 6400              is_immediate    equ     IMMEDIATE_BIT       // $40 - the definition is IMMEDIATE.
  99+ 6400
 100+ 6400              //  ______________________________________________________________________
 101+ 6400              //
 102+ 6400              //  Create a new "low-level" definition
 103+ 6400              //  This macro is used in the form  Create FORTH_NAME,n,"forth_name"
 104+ 6400              //  to create a new Forth Dictionary entry the same way Forth itself would do.
 105+ 6400              //  A word begins with a Length-Byte in range 1-31. Top 3 msb are used as flags
 106+ 6400              //  see SMUDGE_BIT and IMMEDIATE_BIT constant above.
 107+ 6400              //  It is followed by the Name of the word, i.e. a string expressed in 7-bit Ascii.
 108+ 6400              //  The last character of the Name must have the msb set to signal the end of it (END_BIT)
 109+ 6400              //  This macro acts much like the standard Forth definition CREATE
 110+ 6400
 111+ 6400              New_Def         macro   label, namec, runcode, bits
 112+ 6400 ~            temp_NFA        defl    $                   // save this NFA address to temp_NFA
 113+ 6400 ~
 114+ 6400 ~                            // dummy db directives used to calculate length of namec
 115+ 6400 ~                            db      namec
 116+ 6400 ~            len_NFA         defl    $ - temp_NFA
 117+ 6400 ~                            org     $ - len_NFA         // rewind to temp_NFA and re-do NFA part
 118+ 6400 ~
 119+ 6400 ~                            db      len_NFA | END_BIT | bits  // The start of NFA must have msb set to signal the beginning of the sounted string
 120+ 6400 ~                            db      namec               // name string in 7-bit ascii, but
 121+ 6400 ~                            org     $-1                 // alter last byte of Name just above to set
 122+ 6400 ~                            db      {b $} | END_BIT     // msb as name end
 123+ 6400 ~
 124+ 6400 ~                            dw      last_NFA            // Link to previous definition Name
 125+ 6400 ~            label:          if runcode != 0 ; ok        // This is the start address of the direct jp(hl)
 126+ 6400 ~                            call    runcode ; ok        // for primitive definitions  actual code
 127+ 6400 ~
 128+ 6400 ~
 129+ 6400 ~                            endif           ; ok        // for other definitions it "points" the correct handler
 130+ 6400 ~                            // Use of "; ok" to suppress "warning[fwdref]"
 131+ 6400 ~
 132+ 6400 ~            last_NFA        defl    temp_NFA            // keep track of NFA saved above
 133+ 6400                              endm
 134+ 6400
 135+ 6400              //  ______________________________________________________________________
 136+ 6400              //
 137+ 6400              // Create a "constant"
 138+ 6400              // The constant value is compiled in first PFA cell
 139+ 6400              Constant_Def    macro   label, namec, constant_value
 140+ 6400 ~                            New_Def  label, namec, Constant_Ptr, is_normal
 141+ 6400 ~                            dw      constant_value
 142+ 6400                              endm
 143+ 6400
 144+ 6400              //  ______________________________________________________________________
 145+ 6400              //
 146+ 6400              // Create a "variable"
 147+ 6400              // The when invoked, a variable returns a pointer, the address of first PFA cell
 148+ 6400              // this allow creation of "variables" which content is  of any length
 149+ 6400              Variable_Def    macro   label, namec, initial_value
 150+ 6400 ~                            New_Def  label, namec, Variable_Ptr, is_normal
 151+ 6400 ~                            dw      initial_value
 152+ 6400                              endm
 153+ 6400
 154+ 6400              //  ______________________________________________________________________
 155+ 6400              //
 156+ 6400              // Create a "user"
 157+ 6400              // It uses a single byte as offset to calculate the address of the variable
 158+ 6400              User_Def        macro   label, namec, offset_value
 159+ 6400 ~                            New_Def  label, namec, User_Ptr, is_normal
 160+ 6400 ~                            db      offset_value
 161+ 6400                              endm
 162+ 6400
 163+ 6400              //  ______________________________________________________________________
 164+ 6400              //
 165+ 6400              // Create a "colon-definition"
 166+ 6400              // The CFA contains a small routine i.e. "call Enter_Ptr".
 167+ 6400              // The PFA, three bytes later, contains the actual Forth definition
 168+ 6400              Colon_Def       macro   label, namec, bits
 169+ 6400 ~                            New_Def  label, namec, Enter_Ptr, bits ; ok
 170+ 6400                              endm
 171+ 6400
 172+ 6400              //  ______________________________________________________________________
 173+ 6400              //
 174+ 6400
 175+ 6400              S0_system:      equ     $F040               // Address of top of Calc Stack
 176+ 6400              TIB_system      equ     $F040               // TIB grows upwards, Return-Stack downward.
 177+ 6400              R0_system:      equ     $F0E0               // Address of top of Return Stack. This is S0 + $00A0
 178+ 6400              USER_system:    equ     $F0E0               // User variables zone.
 179+ 6400              FIRST_system:   equ     $F13C               // Address of first BUFFER
 180+ 6400              LIMIT_system:   equ     $FF58               // Address of first byte beyond last BUFFER
 181+ 6400
# file closed: C:\Zx\CSpect\Projects\vForth16_MDR_MGT/source/system.asm
 110  6400                              include "L0.asm"
# file opened: C:\Zx\CSpect\Projects\vForth16_MDR_MGT/source/L0.asm
   1+ 6400              //  ______________________________________________________________________
   2+ 6400              //
   3+ 6400              //  L0.asm
   4+ 6400              //
   5+ 6400              //  Origin-Area and Level-0 definitions
   6+ 6400              //  ______________________________________________________________________
   7+ 6400
   8+ 6400              Cold_origin:
   9+ 6400 A7                           and     a
  10+ 6401 C3 F6 79                     jp      ColdRoutine
  11+ 6404              Warm_origin:
  12+ 6404 37                           scf
  13+ 6405 C3 F6 79                     jp      WarmRoutine
  14+ 6408
  15+ 6408              // +008
  16+ 6408 01 01        SP_Basic:       dw      $0101               // These are bits with some "standard" meaning... 0101
  17+ 640A
  18+ 640A              // +00A
  19+ 640A 00 0E                        dw      $0E00
  20+ 640C
  21+ 640C              // +00C
  22+ 640C DB 86        Latest_origin:  dw      Latest_Definition   // Latest word (used in Cold_Start)
  23+ 640E
  24+ 640E              // +00E
  25+ 640E 0C 00        DEL_Char_Ptr:   dw      $000C               // This is the characther used as "Back-Space"
  26+ 6410
  27+ 6410              // +010
  28+ 6410 50 B2        CPU_Id          dw      $B250               // Z80 expressed in base 36
  29+ 6412
  30+ 6412              // +012
  31+ 6412 40 F0        S0_origin:      dw      S0_system
  32+ 6414 E0 F0        R0_origin:      dw      R0_system
  33+ 6416 40 F0        TIB_origin:     dw      TIB_system
  34+ 6418 1F 00        WIDTH_origin:   dw      31
  35+ 641A 01 00        WARNING_origin: dw      1
  36+ 641C 10 87        FENCE_origin:   dw      Fence_Word
  37+ 641E 10 87        DP_origin       dw      Fence_Word
  38+ 6420 FE 78        VOCLINK_origin: dw      Voclink_Ptr
  39+ 6422 3C F1                        dw      FIRST_system
  40+ 6424 58 FF                        dw      LIMIT_system
  41+ 6426
  42+ 6426              // +026
  43+ 6426 8F           Block_Face:     db      SOLIDBLOCK_CHAR     // Caps-Lock   Cursor face
  44+ 6427 8C           Half_Face:      db      HALFBLOCK_CHAR      // Caps-unlock Cursor face
  45+ 6428 5F           Underscore_Face:db      UNDERSCORE_CHAR     // Underscore  Cursor face
  46+ 6429 00                           db      0
  47+ 642A
  48+ 642A              // +02A
  49+ 642A 00 00        IX_Echo:        dw      $0000               // Echo IX after NextOS call
  50+ 642C
  51+ 642C              // +02C
  52+ 642C 36 F0        SP_Saved:       dw      $F036               // Saved SP dufing NextOS call
  53+ 642E
  54+ 642E              // +02E
  55+ 642E E0 F0        USER_Pointer:   dw      USER_system
  56+ 6430
  57+ 6430              // +030
  58+ 6430 E0 F0        RP_Pointer:     dw      $F0E0 // R0_system
  59+ 6432
  60+ 6432              // +32
  61+ 6432              // SP_Basic        dw      0
  62+ 6432
  63+ 6432
  64+ 6432              //  ______________________________________________________________________
  65+ 6432
  66+ 6432              // from this point we can use LDHLRP and LDRPHL Assembler macros
  67+ 6432              // instead of their equivalent long sequences.
  68+ 6432
  69+ 6432              //  ______________________________________________________________________
  70+ 6432
  71+ 6432              // address for "next" - inner interpreter
  72+ 6432              // This address must always be pointed by IX
  73+ 6432              // "next" macro simply does a  jp(ix)  instruction
  74+ 6432
  75+ 6432              // Psh2_Ptr:       push    de
  76+ 6432              // Psh1_Ptr:       push    hl
  77+ 6432
  78+ 6432              Next_Ptr:       // This address must always be kept in IX: "next" relies on that
  79+ 6432
  80+ 6432                              if ( 1 == DEBUGGING )
  81+ 6432 ~                            ld      hl, Next_Breakpoint_1
  82+ 6432 ~                            and     a
  83+ 6432 ~                            sbc     hl, bc
  84+ 6432 ~                            jr      nz, Next_Continue
  85+ 6432 ~                            nop // This is where you have to put a real breakpoint to intercept BC values...
  86+ 6432                              endif
  87+ 6432
  88+ 6432              Next_Continue:
  89+ 6432 0A                           ld      a, (bc)
  90+ 6433 03                           inc     bc
  91+ 6434 6F                           ld      l, a
  92+ 6435 0A                           ld      a, (bc)
  93+ 6436 03                           inc     bc
  94+ 6437 67                           ld      h, a                // hl contains a CFA (xt) of word being executed
  95+ 6438
  96+ 6438              // Execute xt i.e. CFA held in HL
  97+ 6438              Exec_Ptr:
  98+ 6438
  99+ 6438
 100+ 6438
 101+ 6438
 102+ 6438 E9                           jp      (hl)                // and jump to it
 103+ 6439                                                          // there you'll find the real code or a CALL to a ;code part
 104+ 6439
 105+ 6439              //  ______________________________________________________________________
 106+ 6439              //
 107+ 6439              // lit          -- x
 108+ 6439              // puts on top of stack the value of the following word.
 109+ 6439              // it is compiled in colon definition before a literal number
 110+ 6439
 111+ 6439                              New_Def  LIT, "LIT", is_code, is_normal
 111+ 6439             >temp_NFA        defl    $                   // save this NFA address to temp_NFA
 111+ 6439             >
 111+ 6439             >                // dummy db directives used to calculate length of namec
 111+ 6439 4C 49 54    >                db      "LIT"
 111+ 643C             >len_NFA         defl    $ - temp_NFA
 111+ 643C             >                org     $ - len_NFA         // rewind to temp_NFA and re-do NFA part
 111+ 6439             >
 111+ 6439 83          >                db      len_NFA | END_BIT | is_normal  // The start of NFA must have msb set to signal the beginning of the sounted string
 111+ 643A 4C 49 54    >                db      "LIT"               // name string in 7-bit ascii, but
 111+ 643D             >                org     $-1                 // alter last byte of Name just above to set
 111+ 643C D4          >                db      {b $} | END_BIT     // msb as name end
 111+ 643D             >
 111+ 643D 00 00       >                dw      last_NFA            // Link to previous definition Name
 111+ 643F             >LIT:          if is_code != 0 ; ok        // This is the start address of the direct jp(hl)
 111+ 643F ~           >                call    runcode ; ok        // for primitive definitions  actual code
 111+ 643F ~           >
 111+ 643F ~           >
 111+ 643F             >                endif           ; ok        // for other definitions it "points" the correct handler
 111+ 643F             >                // Use of "; ok" to suppress "warning[fwdref]"
 111+ 643F             >
 111+ 643F             >last_NFA        defl    temp_NFA            // keep track of NFA saved above
 112+ 643F
 113+ 643F 0A                           ld      a, (bc)
 114+ 6440 03                           inc     bc
 115+ 6441 6F                           ld      l, a
 116+ 6442 0A                           ld      a, (bc)
 117+ 6443 03                           inc     bc
 118+ 6444 67                           ld      h, a
 119+ 6445 E5                           push    hl
 120+ 6446                              next
 120+ 6446 DD E9       >                jp      (ix)
 121+ 6448
 122+ 6448              //  ______________________________________________________________________
 123+ 6448              //
 124+ 6448              // execute      i*x xt -- j*x
 125+ 6448              // execution token. usually xt is given by CFA
 126+ 6448
 127+ 6448                              New_Def  EXECUTE, "EXECUTE", is_code, is_normal
 127+ 6448             >temp_NFA        defl    $                   // save this NFA address to temp_NFA
 127+ 6448             >
 127+ 6448             >                // dummy db directives used to calculate length of namec
 127+ 6448 45 58 45 43 >                db      "EXECUTE"
 127+ 644C 55 54 45    >
 127+ 644F             >len_NFA         defl    $ - temp_NFA
 127+ 644F             >                org     $ - len_NFA         // rewind to temp_NFA and re-do NFA part
 127+ 6448             >
 127+ 6448 87          >                db      len_NFA | END_BIT | is_normal  // The start of NFA must have msb set to signal the beginning of the sounted string
 127+ 6449 45 58 45 43 >                db      "EXECUTE"               // name string in 7-bit ascii, but
 127+ 644D 55 54 45    >
 127+ 6450             >                org     $-1                 // alter last byte of Name just above to set
 127+ 644F C5          >                db      {b $} | END_BIT     // msb as name end
 127+ 6450             >
 127+ 6450 39 64       >                dw      last_NFA            // Link to previous definition Name
 127+ 6452             >EXECUTE:          if is_code != 0 ; ok        // This is the start address of the direct jp(hl)
 127+ 6452 ~           >                call    runcode ; ok        // for primitive definitions  actual code
 127+ 6452 ~           >
 127+ 6452 ~           >
 127+ 6452             >                endif           ; ok        // for other definitions it "points" the correct handler
 127+ 6452             >                // Use of "; ok" to suppress "warning[fwdref]"
 127+ 6452             >
 127+ 6452             >last_NFA        defl    temp_NFA            // keep track of NFA saved above
 128+ 6452 C9                           ret
 129+ 6453
 130+ 6453
 131+ 6453              //  ______________________________________________________________________
 132+ 6453              //
 133+ 6453              // (+loop)      n --
 134+ 6453              // compiled by +LOOP. it uses the top two values of return-stack to
 135+ 6453              // keep track of index and limit, they are accessed via I and I'
 136+ 6453              // Add n to the loop index. If the loop index did not cross the boundary
 137+ 6453              // between the loop limit minus one and the loop limit, continue execution
 138+ 6453              // at the beginning of the loop. Otherwise, discard the current loop control
 139+ 6453              // parameters and continue execution immediately following the loop.
 140+ 6453                              New_Def C_PLOOP, "(+LOOP)", is_code, is_normal
 140+ 6453             >temp_NFA        defl    $                   // save this NFA address to temp_NFA
 140+ 6453             >
 140+ 6453             >                // dummy db directives used to calculate length of namec
 140+ 6453 28 2B 4C 4F >                db      "(+LOOP)"
 140+ 6457 4F 50 29    >
 140+ 645A             >len_NFA         defl    $ - temp_NFA
 140+ 645A             >                org     $ - len_NFA         // rewind to temp_NFA and re-do NFA part
 140+ 6453             >
 140+ 6453 87          >                db      len_NFA | END_BIT | is_normal  // The start of NFA must have msb set to signal the beginning of the sounted string
 140+ 6454 28 2B 4C 4F >                db      "(+LOOP)"               // name string in 7-bit ascii, but
 140+ 6458 4F 50 29    >
 140+ 645B             >                org     $-1                 // alter last byte of Name just above to set
 140+ 645A A9          >                db      {b $} | END_BIT     // msb as name end
 140+ 645B             >
 140+ 645B 48 64       >                dw      last_NFA            // Link to previous definition Name
 140+ 645D             >C_PLOOP:          if is_code != 0 ; ok        // This is the start address of the direct jp(hl)
 140+ 645D ~           >                call    runcode ; ok        // for primitive definitions  actual code
 140+ 645D ~           >
 140+ 645D ~           >
 140+ 645D             >                endif           ; ok        // for other definitions it "points" the correct handler
 140+ 645D             >                // Use of "; ok" to suppress "warning[fwdref]"
 140+ 645D             >
 140+ 645D             >last_NFA        defl    temp_NFA            // keep track of NFA saved above
 141+ 645D
 142+ 645D              Loop_Ptr:
 143+ 645D E1                           pop     hl                  // get increment
 144+ 645E EB                           ex      de, hl
 145+ 645F                              // *** ldhlrp
 146+ 645F C5                           push    bc                  // Save IP
 147+ 6460 42                           ld      b, d                // bc is increment
 148+ 6461 4B                           ld      c, e
 149+ 6462 E5                           push    hl
 150+ 6463 5E                           ld      e, (hl)             // hl points to loop-index, add increment to it.
 151+ 6464 7B                           ld      a, e                // de keeps index before increment.
 152+ 6465 81                           add     c
 153+ 6466 77                           ld      (hl), a
 154+ 6467 23                           inc     hl
 155+ 6468 56                           ld      d, (hl)
 156+ 6469 7A                           ld      a, d
 157+ 646A 88                           adc     b
 158+ 646B 77                           ld      (hl),a
 159+ 646C 23                           inc     hl
 160+ 646D
 161+ 646D 7B                           ld      a, e
 162+ 646E 96                           sub     (hl)
 163+ 646F 5F                           ld      e, a
 164+ 6470 23                           inc     hl
 165+ 6471 7A                           ld      a, d
 166+ 6472 9E                           sbc     (hl)
 167+ 6473 57                           ld      d, a                // DE is index - limit : limit is the "new zero"
 168+ 6474
 169+ 6474 EB                           ex      de, hl              // swap HL and DE, so restore DE:=RP+3
 170+ 6475 09                           add     hl, bc
 171+ 6476 CB 78                        bit     7, b                // keep increment-sign just before overwriting d
 172+ 6478 28 01                        jr      z, Loop_NegativeIncrement
 173+ 647A 3F                               ccf                     // carry-flag tracks bonudary limit crossing.
 174+ 647B              Loop_NegativeIncrement:
 175+ 647B 38 04                        jr      c, Loop_Endif
 176+ 647D D1                               pop     de              // Discard RP+3, retrieve original RP
 177+ 647E C1                               pop     bc                  // Retrieve IP
 178+ 647F 18 21                            jr      Branch_Ptr      // perform branch consuming following cell
 179+ 6481              Loop_Endif:
 180+ 6481 C1                           pop     bc                  // discard original RP
 181+ 6482 EB                           ex      de, hl
 182+ 6483 23                           inc     hl                  // keep    RP+4 (exit from loop)
 183+ 6484                              // *** ldrphl                      // ld rp,hl macro 30h +Origin
 184+ 6484 EB                           ex      de, hl
 185+ 6485 C1                           pop     bc                  // Retrieve IP
 186+ 6486 03                           inc     bc                  // skip branch-style offset
 187+ 6487 03                           inc     bc
 188+ 6488                              next
 188+ 6488 DD E9       >                jp      (ix)
 189+ 648A
 190+ 648A              //  ______________________________________________________________________
 191+ 648A              //
 192+ 648A              // (loop)       n --
 193+ 648A              // same as (LOOP) but index is incremented by 1
 194+ 648A              // compiled by LOOP.
 195+ 648A                              New_Def C_LOOP, "(LOOP)", is_code, is_normal
 195+ 648A             >temp_NFA        defl    $                   // save this NFA address to temp_NFA
 195+ 648A             >
 195+ 648A             >                // dummy db directives used to calculate length of namec
 195+ 648A 28 4C 4F 4F >                db      "(LOOP)"
 195+ 648E 50 29       >
 195+ 6490             >len_NFA         defl    $ - temp_NFA
 195+ 6490             >                org     $ - len_NFA         // rewind to temp_NFA and re-do NFA part
 195+ 648A             >
 195+ 648A 86          >                db      len_NFA | END_BIT | is_normal  // The start of NFA must have msb set to signal the beginning of the sounted string
 195+ 648B 28 4C 4F 4F >                db      "(LOOP)"               // name string in 7-bit ascii, but
 195+ 648F 50 29       >
 195+ 6491             >                org     $-1                 // alter last byte of Name just above to set
 195+ 6490 A9          >                db      {b $} | END_BIT     // msb as name end
 195+ 6491             >
 195+ 6491 53 64       >                dw      last_NFA            // Link to previous definition Name
 195+ 6493             >C_LOOP:          if is_code != 0 ; ok        // This is the start address of the direct jp(hl)
 195+ 6493 ~           >                call    runcode ; ok        // for primitive definitions  actual code
 195+ 6493 ~           >
 195+ 6493 ~           >
 195+ 6493             >                endif           ; ok        // for other definitions it "points" the correct handler
 195+ 6493             >                // Use of "; ok" to suppress "warning[fwdref]"
 195+ 6493             >
 195+ 6493             >last_NFA        defl    temp_NFA            // keep track of NFA saved above
 196+ 6493 21 01 00                     ld      hl, 1
 197+ 6496 E5                           push    hl
 198+ 6497 18 C4                        jr      Loop_Ptr
 199+ 6499
 200+ 6499              //  ______________________________________________________________________
 201+ 6499              //
 202+ 6499              // branch       --
 203+ 6499              // unconditional branch in colon definition using the following cell as an offset from current IP value
 204+ 6499              // compiled by ELSE, AGAIN and some other immediate words
 205+ 6499
 206+ 6499                              New_Def BRANCH, "BRANCH", is_code, is_normal
 206+ 6499             >temp_NFA        defl    $                   // save this NFA address to temp_NFA
 206+ 6499             >
 206+ 6499             >                // dummy db directives used to calculate length of namec
 206+ 6499 42 52 41 4E >                db      "BRANCH"
 206+ 649D 43 48       >
 206+ 649F             >len_NFA         defl    $ - temp_NFA
 206+ 649F             >                org     $ - len_NFA         // rewind to temp_NFA and re-do NFA part
 206+ 6499             >
 206+ 6499 86          >                db      len_NFA | END_BIT | is_normal  // The start of NFA must have msb set to signal the beginning of the sounted string
 206+ 649A 42 52 41 4E >                db      "BRANCH"               // name string in 7-bit ascii, but
 206+ 649E 43 48       >
 206+ 64A0             >                org     $-1                 // alter last byte of Name just above to set
 206+ 649F C8          >                db      {b $} | END_BIT     // msb as name end
 206+ 64A0             >
 206+ 64A0 8A 64       >                dw      last_NFA            // Link to previous definition Name
 206+ 64A2             >BRANCH:          if is_code != 0 ; ok        // This is the start address of the direct jp(hl)
 206+ 64A2 ~           >                call    runcode ; ok        // for primitive definitions  actual code
 206+ 64A2 ~           >
 206+ 64A2 ~           >
 206+ 64A2             >                endif           ; ok        // for other definitions it "points" the correct handler
 206+ 64A2             >                // Use of "; ok" to suppress "warning[fwdref]"
 206+ 64A2             >
 206+ 64A2             >last_NFA        defl    temp_NFA            // keep track of NFA saved above
 207+ 64A2              Branch_Ptr:
 208+ 64A2 0A                           ld      a, (bc)
 209+ 64A3 6F                           ld      l, a
 210+ 64A4 03                           inc     bc
 211+ 64A5 0A                           ld      a, (bc)
 212+ 64A6 67                           ld      h, a
 213+ 64A7 0B                           dec     bc
 214+ 64A8 09                           add     hl, bc
 215+ 64A9 4D                           ld      c, l
 216+ 64AA 44                           ld      b, h
 217+ 64AB                              next
 217+ 64AB DD E9       >                jp      (ix)
 218+ 64AD
 219+ 64AD
 220+ 64AD              //  ______________________________________________________________________
 221+ 64AD              //
 222+ 64AD              // 0branch      f --
 223+ 64AD              // conditional branch if the top-of-stack is ZERO or FALSE.
 224+ 64AD              // compiled by IF, UNTIL and some other immediate words
 225+ 64AD
 226+ 64AD                              New_Def ZBRANCH, "0BRANCH", is_code, is_normal
 226+ 64AD             >temp_NFA        defl    $                   // save this NFA address to temp_NFA
 226+ 64AD             >
 226+ 64AD             >                // dummy db directives used to calculate length of namec
 226+ 64AD 30 42 52 41 >                db      "0BRANCH"
 226+ 64B1 4E 43 48    >
 226+ 64B4             >len_NFA         defl    $ - temp_NFA
 226+ 64B4             >                org     $ - len_NFA         // rewind to temp_NFA and re-do NFA part
 226+ 64AD             >
 226+ 64AD 87          >                db      len_NFA | END_BIT | is_normal  // The start of NFA must have msb set to signal the beginning of the sounted string
 226+ 64AE 30 42 52 41 >                db      "0BRANCH"               // name string in 7-bit ascii, but
 226+ 64B2 4E 43 48    >
 226+ 64B5             >                org     $-1                 // alter last byte of Name just above to set
 226+ 64B4 C8          >                db      {b $} | END_BIT     // msb as name end
 226+ 64B5             >
 226+ 64B5 99 64       >                dw      last_NFA            // Link to previous definition Name
 226+ 64B7             >ZBRANCH:          if is_code != 0 ; ok        // This is the start address of the direct jp(hl)
 226+ 64B7 ~           >                call    runcode ; ok        // for primitive definitions  actual code
 226+ 64B7 ~           >
 226+ 64B7 ~           >
 226+ 64B7             >                endif           ; ok        // for other definitions it "points" the correct handler
 226+ 64B7             >                // Use of "; ok" to suppress "warning[fwdref]"
 226+ 64B7             >
 226+ 64B7             >last_NFA        defl    temp_NFA            // keep track of NFA saved above
 227+ 64B7              ZBranch_Ptr:
 228+ 64B7 E1                           pop     hl
 229+ 64B8 7D                           ld      a, l
 230+ 64B9 B4                           or      h
 231+ 64BA 28 E6                        jr      z, Branch_Ptr
 232+ 64BC 03                           inc     bc                  // if not branch, skip offset cell.
 233+ 64BD 03                           inc     bc
 234+ 64BE                              next
 234+ 64BE DD E9       >                jp      (ix)
 235+ 64C0
 236+ 64C0              //  ______________________________________________________________________
 237+ 64C0              //
 238+ 64C0              // (leave)        --
 239+ 64C0              // compiled by LEAVE
 240+ 64C0              // this forces to exit from loop and jump past
 241+ 64C0                              New_Def C_LEAVE, "(LEAVE)", is_code, is_normal
 241+ 64C0             >temp_NFA        defl    $                   // save this NFA address to temp_NFA
 241+ 64C0             >
 241+ 64C0             >                // dummy db directives used to calculate length of namec
 241+ 64C0 28 4C 45 41 >                db      "(LEAVE)"
 241+ 64C4 56 45 29    >
 241+ 64C7             >len_NFA         defl    $ - temp_NFA
 241+ 64C7             >                org     $ - len_NFA         // rewind to temp_NFA and re-do NFA part
 241+ 64C0             >
 241+ 64C0 87          >                db      len_NFA | END_BIT | is_normal  // The start of NFA must have msb set to signal the beginning of the sounted string
 241+ 64C1 28 4C 45 41 >                db      "(LEAVE)"               // name string in 7-bit ascii, but
 241+ 64C5 56 45 29    >
 241+ 64C8             >                org     $-1                 // alter last byte of Name just above to set
 241+ 64C7 A9          >                db      {b $} | END_BIT     // msb as name end
 241+ 64C8             >
 241+ 64C8 AD 64       >                dw      last_NFA            // Link to previous definition Name
 241+ 64CA             >C_LEAVE:          if is_code != 0 ; ok        // This is the start address of the direct jp(hl)
 241+ 64CA ~           >                call    runcode ; ok        // for primitive definitions  actual code
 241+ 64CA ~           >
 241+ 64CA ~           >
 241+ 64CA             >                endif           ; ok        // for other definitions it "points" the correct handler
 241+ 64CA             >                // Use of "; ok" to suppress "warning[fwdref]"
 241+ 64CA             >
 241+ 64CA             >last_NFA        defl    temp_NFA            // keep track of NFA saved above
 242+ 64CA                              // ex      de, hl
 243+ 64CA                              // *** ldhlrp
 244+ 64CA 21 04 00                     ld      hl, 4
 245+ 64CD 19                           add     hl, de
 246+ 64CE                              // *** ldrphl
 247+ 64CE EB                           ex      de, hl
 248+ 64CF 18 D1                        jr      Branch_Ptr       // perform branch consuming following cell
 249+ 64D1                              next
 249+ 64D1 DD E9       >                jp      (ix)
 250+ 64D3
 251+ 64D3              //  ______________________________________________________________________
 252+ 64D3              //
 253+ 64D3              // (?do)        lim ind --
 254+ 64D3              // compiled by ?DO to make a loop checking for lim == ind first
 255+ 64D3              // at run-time (?DO) must be followed by a BRANCH offset
 256+ 64D3              // used to skip the loop if lim == ind
 257+ 64D3                              New_Def C_Q_DO, "(?DO)", is_code, is_normal
 257+ 64D3             >temp_NFA        defl    $                   // save this NFA address to temp_NFA
 257+ 64D3             >
 257+ 64D3             >                // dummy db directives used to calculate length of namec
 257+ 64D3 28 3F 44 4F >                db      "(?DO)"
 257+ 64D7 29          >
 257+ 64D8             >len_NFA         defl    $ - temp_NFA
 257+ 64D8             >                org     $ - len_NFA         // rewind to temp_NFA and re-do NFA part
 257+ 64D3             >
 257+ 64D3 85          >                db      len_NFA | END_BIT | is_normal  // The start of NFA must have msb set to signal the beginning of the sounted string
 257+ 64D4 28 3F 44 4F >                db      "(?DO)"               // name string in 7-bit ascii, but
 257+ 64D8 29          >
 257+ 64D9             >                org     $-1                 // alter last byte of Name just above to set
 257+ 64D8 A9          >                db      {b $} | END_BIT     // msb as name end
 257+ 64D9             >
 257+ 64D9 C0 64       >                dw      last_NFA            // Link to previous definition Name
 257+ 64DB             >C_Q_DO:          if is_code != 0 ; ok        // This is the start address of the direct jp(hl)
 257+ 64DB ~           >                call    runcode ; ok        // for primitive definitions  actual code
 257+ 64DB ~           >
 257+ 64DB ~           >
 257+ 64DB             >                endif           ; ok        // for other definitions it "points" the correct handler
 257+ 64DB             >                // Use of "; ok" to suppress "warning[fwdref]"
 257+ 64DB             >
 257+ 64DB             >last_NFA        defl    temp_NFA            // keep track of NFA saved above
 258+ 64DB D9                           exx
 259+ 64DC D1                            pop     de                  // de has the index
 260+ 64DD E1                            pop     hl                  // hl has the limit
 261+ 64DE 44                            ld      b, h
 262+ 64DF 4D                            ld      c, l
 263+ 64E0 E5                            push    hl                  // put them back to stack for later
 264+ 64E1 D5                            push    de
 265+ 64E2 A7                            and     a                   // reset carry flag
 266+ 64E3 ED 52                         sbc     hl, de              // compute limit - index
 267+ 64E5 D9                           exx
 268+ 64E6 20 04                        jr      nz, Do_Ptr          // if zero then don't even begin loop
 269+ 64E8 E1                               pop     hl
 270+ 64E9 E1                               pop     hl
 271+ 64EA 18 B6                            jr      Branch_Ptr          // perform branch consuming following cell
 272+ 64EC              Do_Ptr:
 273+ 64EC                              // *** ldhlrp                 // prepare RP
 274+ 64EC                              // *** ex      de, hl
 275+ 64EC 1B                           dec     de
 276+ 64ED 1B                           dec     de
 277+ 64EE 1B                           dec     de
 278+ 64EF 1B                           dec     de
 279+ 64F0 D5                           push    de                  // pass it to h'l'
 280+ 64F1                              // *** ex      de, hl
 281+ 64F1                              // *** ldrphl
 282+ 64F1 D9                           exx
 283+ 64F2 E1                            pop     hl
 284+ 64F3
 285+ 64F3                               // store index as top RP
 286+ 64F3 D1                            pop     de
 287+ 64F4 73                            ld      (hl), e
 288+ 64F5 23                            inc     hl
 289+ 64F6 72                            ld      (hl), d
 290+ 64F7 23                            inc     hl
 291+ 64F8                               // stores lim as second from top RP
 292+ 64F8 D1                            pop     de
 293+ 64F9 73                            ld      (hl), e
 294+ 64FA 23                            inc     hl
 295+ 64FB 72                            ld      (hl), d
 296+ 64FC D9                           exx
 297+ 64FD                              // skip branch-style offseet
 298+ 64FD 03                           inc     bc
 299+ 64FE 03                           inc     bc
 300+ 64FF                              next
 300+ 64FF DD E9       >                jp      (ix)
 301+ 6501
 302+ 6501              //  ______________________________________________________________________
 303+ 6501              //
 304+ 6501              // (do)        lim ind --
 305+ 6501              // compiled by DO to make a loop checking for lim == ind first
 306+ 6501              // this is a simpler version of (?DO)
 307+ 6501                              New_Def C_DO, "(DO)", is_code, is_normal
 307+ 6501             >temp_NFA        defl    $                   // save this NFA address to temp_NFA
 307+ 6501             >
 307+ 6501             >                // dummy db directives used to calculate length of namec
 307+ 6501 28 44 4F 29 >                db      "(DO)"
 307+ 6505             >len_NFA         defl    $ - temp_NFA
 307+ 6505             >                org     $ - len_NFA         // rewind to temp_NFA and re-do NFA part
 307+ 6501             >
 307+ 6501 84          >                db      len_NFA | END_BIT | is_normal  // The start of NFA must have msb set to signal the beginning of the sounted string
 307+ 6502 28 44 4F 29 >                db      "(DO)"               // name string in 7-bit ascii, but
 307+ 6506             >                org     $-1                 // alter last byte of Name just above to set
 307+ 6505 A9          >                db      {b $} | END_BIT     // msb as name end
 307+ 6506             >
 307+ 6506 D3 64       >                dw      last_NFA            // Link to previous definition Name
 307+ 6508             >C_DO:          if is_code != 0 ; ok        // This is the start address of the direct jp(hl)
 307+ 6508 ~           >                call    runcode ; ok        // for primitive definitions  actual code
 307+ 6508 ~           >
 307+ 6508 ~           >
 307+ 6508             >                endif           ; ok        // for other definitions it "points" the correct handler
 307+ 6508             >                // Use of "; ok" to suppress "warning[fwdref]"
 307+ 6508             >
 307+ 6508             >last_NFA        defl    temp_NFA            // keep track of NFA saved above
 308+ 6508 0B                           dec     bc                  // prepare IP beforehand
 309+ 6509 0B                           dec     bc                  // to balance the two final 2 inc bc in (?do)
 310+ 650A 18 E0                        jr      Do_Ptr
 311+ 650C
 312+ 650C              //  ______________________________________________________________________
 313+ 650C              //
 314+ 650C              // i            -- n
 315+ 650C              // used between DO and LOOP or between DO e +LOOP to copy on top of stack
 316+ 650C              // the current value of the index-loop
 317+ 650C                              New_Def I, "I", is_code, is_normal
 317+ 650C             >temp_NFA        defl    $                   // save this NFA address to temp_NFA
 317+ 650C             >
 317+ 650C             >                // dummy db directives used to calculate length of namec
 317+ 650C 49          >                db      "I"
 317+ 650D             >len_NFA         defl    $ - temp_NFA
 317+ 650D             >                org     $ - len_NFA         // rewind to temp_NFA and re-do NFA part
 317+ 650C             >
 317+ 650C 81          >                db      len_NFA | END_BIT | is_normal  // The start of NFA must have msb set to signal the beginning of the sounted string
 317+ 650D 49          >                db      "I"               // name string in 7-bit ascii, but
 317+ 650E             >                org     $-1                 // alter last byte of Name just above to set
 317+ 650D C9          >                db      {b $} | END_BIT     // msb as name end
 317+ 650E             >
 317+ 650E 01 65       >                dw      last_NFA            // Link to previous definition Name
 317+ 6510             >I:          if is_code != 0 ; ok        // This is the start address of the direct jp(hl)
 317+ 6510 ~           >                call    runcode ; ok        // for primitive definitions  actual code
 317+ 6510 ~           >
 317+ 6510 ~           >
 317+ 6510             >                endif           ; ok        // for other definitions it "points" the correct handler
 317+ 6510             >                // Use of "; ok" to suppress "warning[fwdref]"
 317+ 6510             >
 317+ 6510             >last_NFA        defl    temp_NFA            // keep track of NFA saved above
 318+ 6510              I_Ptr:
 319+ 6510 62                           ld      h, d
 320+ 6511 6B                           ld      l, e
 321+ 6512                              // *** ldhlrp
 322+ 6512              I_Ptr_prime:
 323+ 6512 7E                           ld      a, (hl)
 324+ 6513 23                           inc     hl
 325+ 6514 66                           ld      h, (hl)
 326+ 6515 6F                           ld      l, a
 327+ 6516 E5                           push    hl
 328+ 6517                              next
 328+ 6517 DD E9       >                jp      (ix)
 329+ 6519
 330+ 6519
 331+ 6519              //  ______________________________________________________________________
 332+ 6519              //
 333+ 6519              // i'            -- n
 334+ 6519              // used between DO and LOOP or between DO e +LOOP to copy on top of stack
 335+ 6519              // the limit of the index-loop
 336+ 6519
 337+ 6519                              New_Def II, "I'", is_code, is_normal
 337+ 6519             >temp_NFA        defl    $                   // save this NFA address to temp_NFA
 337+ 6519             >
 337+ 6519             >                // dummy db directives used to calculate length of namec
 337+ 6519 49 27       >                db      "I'"
 337+ 651B             >len_NFA         defl    $ - temp_NFA
 337+ 651B             >                org     $ - len_NFA         // rewind to temp_NFA and re-do NFA part
 337+ 6519             >
 337+ 6519 82          >                db      len_NFA | END_BIT | is_normal  // The start of NFA must have msb set to signal the beginning of the sounted string
 337+ 651A 49 27       >                db      "I'"               // name string in 7-bit ascii, but
 337+ 651C             >                org     $-1                 // alter last byte of Name just above to set
 337+ 651B A7          >                db      {b $} | END_BIT     // msb as name end
 337+ 651C             >
 337+ 651C 0C 65       >                dw      last_NFA            // Link to previous definition Name
 337+ 651E             >II:          if is_code != 0 ; ok        // This is the start address of the direct jp(hl)
 337+ 651E ~           >                call    runcode ; ok        // for primitive definitions  actual code
 337+ 651E ~           >
 337+ 651E ~           >
 337+ 651E             >                endif           ; ok        // for other definitions it "points" the correct handler
 337+ 651E             >                // Use of "; ok" to suppress "warning[fwdref]"
 337+ 651E             >
 337+ 651E             >last_NFA        defl    temp_NFA            // keep track of NFA saved above
 338+ 651E 62                           ld      h, d
 339+ 651F 6B                           ld      l, e
 340+ 6520                              // *** ldhlrp
 341+ 6520 23                           inc     hl
 342+ 6521 23                           inc     hl
 343+ 6522 18 EE                        jr      I_Ptr_prime
 344+ 6524
 345+ 6524
 346+ 6524              //  ______________________________________________________________________
 347+ 6524              //
 348+ 6524              // digit        c n -- u tf  |  ff
 349+ 6524              // convert a character c using base n
 350+ 6524              // returns a unsigned number and a true flag
 351+ 6524              // or just a false flag if the conversion fails
 352+ 6524                              New_Def DIGIT, "DIGIT", is_code, is_normal
 352+ 6524             >temp_NFA        defl    $                   // save this NFA address to temp_NFA
 352+ 6524             >
 352+ 6524             >                // dummy db directives used to calculate length of namec
 352+ 6524 44 49 47 49 >                db      "DIGIT"
 352+ 6528 54          >
 352+ 6529             >len_NFA         defl    $ - temp_NFA
 352+ 6529             >                org     $ - len_NFA         // rewind to temp_NFA and re-do NFA part
 352+ 6524             >
 352+ 6524 85          >                db      len_NFA | END_BIT | is_normal  // The start of NFA must have msb set to signal the beginning of the sounted string
 352+ 6525 44 49 47 49 >                db      "DIGIT"               // name string in 7-bit ascii, but
 352+ 6529 54          >
 352+ 652A             >                org     $-1                 // alter last byte of Name just above to set
 352+ 6529 D4          >                db      {b $} | END_BIT     // msb as name end
 352+ 652A             >
 352+ 652A 19 65       >                dw      last_NFA            // Link to previous definition Name
 352+ 652C             >DIGIT:          if is_code != 0 ; ok        // This is the start address of the direct jp(hl)
 352+ 652C ~           >                call    runcode ; ok        // for primitive definitions  actual code
 352+ 652C ~           >
 352+ 652C ~           >
 352+ 652C             >                endif           ; ok        // for other definitions it "points" the correct handler
 352+ 652C             >                // Use of "; ok" to suppress "warning[fwdref]"
 352+ 652C             >
 352+ 652C             >last_NFA        defl    temp_NFA            // keep track of NFA saved above
 353+ 652C D9                           exx
 354+ 652D E1                           pop     hl                  // l has the base
 355+ 652E D1                           pop     de                  // e has the digit
 356+ 652F 7B                           ld      a, e
 357+ 6530 FE 60                        cp      $60                 // check if lowercase
 358+ 6532 38 02                        jr      c, Digit_Uppercase
 359+ 6534 D6 20                            sub     $20                 // quick'n'dirty uppercase
 360+ 6536              Digit_Uppercase:
 361+ 6536 D6 30                        sub     $30
 362+ 6538 38 15                        jr      c, Digit_Fail       // fail when character < "0"
 363+ 653A FE 0A                            cp      $0A
 364+ 653C 38 06                            jr      c, Digit_Decimal    // perhaps is not decimal
 365+ 653E D6 07                                sub     7                   // try hex and subtract 7
 366+ 6540 FE 0A                                cp      $0A
 367+ 6542 38 0B                                jr      c,  Digit_Fail      // it is not hex !
 368+ 6544
 369+ 6544              Digit_Decimal:
 370+ 6544                              // compare digit
 371+ 6544 BD                           cp      l                   // compare with base
 372+ 6545 30 08                        jr      nc, Digit_Fail      // fail when greater than base
 373+ 6547 5F                               ld      e, a                // digit is returned as second from TOS
 374+ 6548                              //  ld      hl, -1
 375+ 6548 ED 62                            sbc     hl, hl
 376+ 654A D5                               push    de
 377+ 654B E5                               push    hl
 378+ 654C D9                               exx
 379+ 654D                                  next
 379+ 654D DD E9       >                jp      (ix)
 380+ 654F              Digit_Fail:
 381+ 654F 21 00 00                     ld      hl, 0
 382+ 6552 E5                           push    hl
 383+ 6553 D9                           exx
 384+ 6554                              next
 384+ 6554 DD E9       >                jp      (ix)
 385+ 6556
 386+ 6556              //  ______________________________________________________________________
 387+ 6556              //
 388+ 6556              //  parametric uppercase routine
 389+ 6556              //  depending on the following op-code the routine can be by-passed
 390+ 6556              //  changing the behaviour of some callers.
 391+ 6556              //  If it is "ret" then the system is Case-Sensitive
 392+ 6556              //  If it is "Nop" then the system is Case-Insensitive
 393+ 6556              //  Only A register is touched.
 394+ 6556 00           Case_Sensitive: nop                         // Default is case-insensitive.
 395+ 6557              Case_Upper:
 396+ 6557 FE 61                        cp      LC_A_CHAR           // lower-case "a"
 397+ 6559 D8                           ret     c                   // no change if A < "a"
 398+ 655A FE 7B                        cp      LC_Z_CHAR + 1       // lower-case "z" + 1
 399+ 655C D0                           ret     nc                  // no change if A > "z"
 400+ 655D D6 20                        sub     $20                 // Make uppercase if A in ["a".."z"]
 401+ 655F C9                           ret
 402+ 6560
 403+ 6560              //  ______________________________________________________________________
 404+ 6560              //
 405+ 6560              //  caseon      --
 406+ 6560              // set system case-sensitivity on
 407+ 6560              // it patches a RET/NOP at the beginning of the uppercase-routine
 408+ 6560                              New_Def CASEON, "CASEON", is_code, is_normal
 408+ 6560             >temp_NFA        defl    $                   // save this NFA address to temp_NFA
 408+ 6560             >
 408+ 6560             >                // dummy db directives used to calculate length of namec
 408+ 6560 43 41 53 45 >                db      "CASEON"
 408+ 6564 4F 4E       >
 408+ 6566             >len_NFA         defl    $ - temp_NFA
 408+ 6566             >                org     $ - len_NFA         // rewind to temp_NFA and re-do NFA part
 408+ 6560             >
 408+ 6560 86          >                db      len_NFA | END_BIT | is_normal  // The start of NFA must have msb set to signal the beginning of the sounted string
 408+ 6561 43 41 53 45 >                db      "CASEON"               // name string in 7-bit ascii, but
 408+ 6565 4F 4E       >
 408+ 6567             >                org     $-1                 // alter last byte of Name just above to set
 408+ 6566 CE          >                db      {b $} | END_BIT     // msb as name end
 408+ 6567             >
 408+ 6567 24 65       >                dw      last_NFA            // Link to previous definition Name
 408+ 6569             >CASEON:          if is_code != 0 ; ok        // This is the start address of the direct jp(hl)
 408+ 6569 ~           >                call    runcode ; ok        // for primitive definitions  actual code
 408+ 6569 ~           >
 408+ 6569 ~           >
 408+ 6569             >                endif           ; ok        // for other definitions it "points" the correct handler
 408+ 6569             >                // Use of "; ok" to suppress "warning[fwdref]"
 408+ 6569             >
 408+ 6569             >last_NFA        defl    temp_NFA            // keep track of NFA saved above
 409+ 6569 3E C9                        ld      a, $C9              // "ret"
 410+ 656B 32 56 65                     ld      (Case_Sensitive), a
 411+ 656E                              next
 411+ 656E DD E9       >                jp      (ix)
 412+ 6570
 413+ 6570              //  ______________________________________________________________________
 414+ 6570              //
 415+ 6570              //  caseoff     --
 416+ 6570              // set system case-sensitivity on
 417+ 6570              // it patches a RET/NOP at the beginning of the uppercase-routine
 418+ 6570                              New_Def CASEOFF, "CASEOFF", is_code, is_normal
 418+ 6570             >temp_NFA        defl    $                   // save this NFA address to temp_NFA
 418+ 6570             >
 418+ 6570             >                // dummy db directives used to calculate length of namec
 418+ 6570 43 41 53 45 >                db      "CASEOFF"
 418+ 6574 4F 46 46    >
 418+ 6577             >len_NFA         defl    $ - temp_NFA
 418+ 6577             >                org     $ - len_NFA         // rewind to temp_NFA and re-do NFA part
 418+ 6570             >
 418+ 6570 87          >                db      len_NFA | END_BIT | is_normal  // The start of NFA must have msb set to signal the beginning of the sounted string
 418+ 6571 43 41 53 45 >                db      "CASEOFF"               // name string in 7-bit ascii, but
 418+ 6575 4F 46 46    >
 418+ 6578             >                org     $-1                 // alter last byte of Name just above to set
 418+ 6577 C6          >                db      {b $} | END_BIT     // msb as name end
 418+ 6578             >
 418+ 6578 60 65       >                dw      last_NFA            // Link to previous definition Name
 418+ 657A             >CASEOFF:          if is_code != 0 ; ok        // This is the start address of the direct jp(hl)
 418+ 657A ~           >                call    runcode ; ok        // for primitive definitions  actual code
 418+ 657A ~           >
 418+ 657A ~           >
 418+ 657A             >                endif           ; ok        // for other definitions it "points" the correct handler
 418+ 657A             >                // Use of "; ok" to suppress "warning[fwdref]"
 418+ 657A             >
 418+ 657A             >last_NFA        defl    temp_NFA            // keep track of NFA saved above
 419+ 657A 3E 00                        ld      a, $00              // "nop"
 420+ 657C 32 56 65                     ld      (Case_Sensitive), a
 421+ 657F                              next
 421+ 657F DD E9       >                jp      (ix)
 422+ 6581
 423+ 6581              //  ______________________________________________________________________
 424+ 6581              //
 425+ 6581              //  upper       c1 -- c1 | c2
 426+ 6581              // character on top of stack is forced to Uppercase.
 427+ 6581                              New_Def UPPER, "UPPER", is_code, is_normal
 427+ 6581             >temp_NFA        defl    $                   // save this NFA address to temp_NFA
 427+ 6581             >
 427+ 6581             >                // dummy db directives used to calculate length of namec
 427+ 6581 55 50 50 45 >                db      "UPPER"
 427+ 6585 52          >
 427+ 6586             >len_NFA         defl    $ - temp_NFA
 427+ 6586             >                org     $ - len_NFA         // rewind to temp_NFA and re-do NFA part
 427+ 6581             >
 427+ 6581 85          >                db      len_NFA | END_BIT | is_normal  // The start of NFA must have msb set to signal the beginning of the sounted string
 427+ 6582 55 50 50 45 >                db      "UPPER"               // name string in 7-bit ascii, but
 427+ 6586 52          >
 427+ 6587             >                org     $-1                 // alter last byte of Name just above to set
 427+ 6586 D2          >                db      {b $} | END_BIT     // msb as name end
 427+ 6587             >
 427+ 6587 70 65       >                dw      last_NFA            // Link to previous definition Name
 427+ 6589             >UPPER:          if is_code != 0 ; ok        // This is the start address of the direct jp(hl)
 427+ 6589 ~           >                call    runcode ; ok        // for primitive definitions  actual code
 427+ 6589 ~           >
 427+ 6589 ~           >
 427+ 6589             >                endif           ; ok        // for other definitions it "points" the correct handler
 427+ 6589             >                // Use of "; ok" to suppress "warning[fwdref]"
 427+ 6589             >
 427+ 6589             >last_NFA        defl    temp_NFA            // keep track of NFA saved above
 428+ 6589 E1                           pop     hl
 429+ 658A 7D                           ld      a, l
 430+ 658B CD 57 65                     call    Case_Upper
 431+ 658E 6F                           ld      l, a
 432+ 658F
 433+ 658F                              psh1
 433+ 658F E5          >                push    hl
 433+ 6590 DD E9       >                jp      (ix)
 434+ 6592
 435+ 6592              //  ______________________________________________________________________
 436+ 6592              //
 437+ 6592              // (find)       addr voc -- 0 | cfa b 1
 438+ 6592              // vocabulary search,
 439+ 6592              // - voc is starting word's NFA
 440+ 6592              // - addr is the string to be searched for
 441+ 6592              // On success, it returns the CFA of found word, the first NFA byte
 442+ 6592              // (which contains length and some flags) and a true flag.
 443+ 6592              // On fail, a false flag  (no more: leaves addr unchanged)
 444+ 6592                              New_Def C_FIND, "(FIND)", is_code, is_normal
 444+ 6592             >temp_NFA        defl    $                   // save this NFA address to temp_NFA
 444+ 6592             >
 444+ 6592             >                // dummy db directives used to calculate length of namec
 444+ 6592 28 46 49 4E >                db      "(FIND)"
 444+ 6596 44 29       >
 444+ 6598             >len_NFA         defl    $ - temp_NFA
 444+ 6598             >                org     $ - len_NFA         // rewind to temp_NFA and re-do NFA part
 444+ 6592             >
 444+ 6592 86          >                db      len_NFA | END_BIT | is_normal  // The start of NFA must have msb set to signal the beginning of the sounted string
 444+ 6593 28 46 49 4E >                db      "(FIND)"               // name string in 7-bit ascii, but
 444+ 6597 44 29       >
 444+ 6599             >                org     $-1                 // alter last byte of Name just above to set
 444+ 6598 A9          >                db      {b $} | END_BIT     // msb as name end
 444+ 6599             >
 444+ 6599 81 65       >                dw      last_NFA            // Link to previous definition Name
 444+ 659B             >C_FIND:          if is_code != 0 ; ok        // This is the start address of the direct jp(hl)
 444+ 659B ~           >                call    runcode ; ok        // for primitive definitions  actual code
 444+ 659B ~           >
 444+ 659B ~           >
 444+ 659B             >                endif           ; ok        // for other definitions it "points" the correct handler
 444+ 659B             >                // Use of "; ok" to suppress "warning[fwdref]"
 444+ 659B             >
 444+ 659B             >last_NFA        defl    temp_NFA            // keep track of NFA saved above
 445+ 659B D9                           exx
 446+ 659C D1                           pop     de                      // de has dictionary pointer
 447+ 659D              Find_VocabularyLoop:
 448+ 659D E1                               pop     hl                  // string pointer to search for
 449+ 659E E5                               push    hl                  // keep it on stack too for the end.
 450+ 659F 1A                               ld      a, (de)             // save NFA length byte
 451+ 65A0 08                               ex      af,af'              // for later use (!)
 452+ 65A1 1A                               ld      a, (de)             // reload NFA length byte
 453+ 65A2 AE                               xor     (hl)                // check if same length
 454+ 65A3 E6 3F                            and     $3F                 // by resetting 3 high bits (flags)
 455+ 65A5                                  // word and text haven't the same length, skip to next vocabulary entry
 456+ 65A5 20 2B                            jr      nz, Find_DifferentLenght
 457+ 65A7
 458+ 65A7              Find_ThisWord:      // begin loop
 459+ 65A7 23                                   inc     hl
 460+ 65A8 13                                   inc     de
 461+ 65A9 1A                                   ld      a, (de)
 462+ 65AA                                      // case insensitive option - begin
 463+ 65AA                                      // push    bc
 464+ 65AA E6 80                                and     $80                 // split A in msb and the rest
 465+ 65AC 47                                   ld      b, a
 466+ 65AD 1A                                   ld      a, (de)
 467+ 65AE E6 7F                                and     $7F                 // ... the rest (lower 7 bits)
 468+ 65B0 CD 56 65                             call    Case_Sensitive      // uppercase routine
 469+ 65B3 4F                                   ld      c, a
 470+ 65B4 7E                                   ld      a, (hl)
 471+ 65B5 CD 56 65                             call    Case_Sensitive      // uppercase routine
 472+ 65B8 A9                                   xor     c
 473+ 65B9 A8                                   xor     b
 474+ 65BA                                      // pop     bc
 475+ 65BA                                      // case insensitive option - end
 476+ 65BA 87                                   add     a                   // ignore msb during compare
 477+ 65BB 20 13                                jr      nz, Find_DidntMatch  // jump if doesn't match (*)
 478+ 65BD
 479+ 65BD                                  // loop back until last byte msb is found set
 480+ 65BD                                  // that bit marks the ending char of this word
 481+ 65BD 30 E8                            jr      nc, Find_ThisWord
 482+ 65BF
 483+ 65BF                                  // match found !
 484+ 65BF 21 03 00                         ld      hl, 3               // 3 bytes for CFA offset to skip LFA
 485+ 65C2 19                               add     hl, de
 486+ 65C3 E3                               ex      (sp), hl            // CFA on stack and drop addr
 487+ 65C4 08                               ex      af, af'             // retrieve NFA byte (!)
 488+ 65C5 5F                               ld      e, a
 489+ 65C6 16 00                            ld      d, 0
 490+ 65C8 21 FF FF                         ld      hl, -1
 491+ 65CB D5                               push    de
 492+ 65CC E5                               push    hl
 493+ 65CD D9                               exx
 494+ 65CE                                  next
 494+ 65CE DD E9       >                jp      (ix)
 495+ 65D0
 496+ 65D0              Find_DidntMatch: // didn't match (*)
 497+ 65D0 38 05                            jr      c,  Find_WordEnd   // jump if not end of word (**)
 498+ 65D2
 499+ 65D2              Find_DifferentLenght:
 500+ 65D2                                  // consume chars until the end of the word
 501+ 65D2                                  // that is last byte msb is found set
 502+ 65D2 13                                   inc     de
 503+ 65D3 1A                                   ld      a, (de)
 504+ 65D4 87                                   add     a, a
 505+ 65D5 30 FB                            jr      nc, Find_DifferentLenght
 506+ 65D7
 507+ 65D7              Find_WordEnd:   // word-end  found (**)
 508+ 65D7                                  // take LFA and use it
 509+ 65D7 13                               inc     de
 510+ 65D8 EB                               ex      de, hl
 511+ 65D9 5E                               ld      e, (hl)
 512+ 65DA 23                               inc     hl
 513+ 65DB 56                               ld      d, (hl)
 514+ 65DC 7A                               ld      a, d
 515+ 65DD B3                               or      e
 516+ 65DE
 517+ 65DE                              // loop until end of vocabulary
 518+ 65DE 20 BD                        jr      nz, Find_VocabularyLoop
 519+ 65E0
 520+ 65E0 E1                           pop     hl              // without this, leaves addr unchanged
 521+ 65E1 21 00 00                     ld      hl, 0
 522+ 65E4 E5                           push    hl
 523+ 65E5 D9                           exx
 524+ 65E6                              next
 524+ 65E6 DD E9       >                jp      (ix)
 525+ 65E8
 526+ 65E8              //  ______________________________________________________________________
 527+ 65E8              //
 528+ 65E8              // enclose      a c -- a  n1 n2 n3
 529+ 65E8              // starting from a, using delimiter c, determines the offsets:
 530+ 65E8              //   n1   the first character non-delimiter
 531+ 65E8              //   n2   the first delimiter after the text
 532+ 65E8              //   n3   the first character non enclosed.
 533+ 65E8              // This procedure does not go beyond a 'nul' ASCII (0x00) that represents
 534+ 65E8              // an uncoditional delimiter.
 535+ 65E8              // Examples:
 536+ 65E8              //   i:	c  c  x  x  x  c  x	 -- 2  5  6
 537+ 65E8              //  ii:	c  c  x  x  x  'nul' -- 2  5  5
 538+ 65E8              // iii:	c  c  'nul'          -- 2  3  2
 539+ 65E8                              New_Def ENCLOSE, "ENCLOSE", is_code, is_normal
 539+ 65E8             >temp_NFA        defl    $                   // save this NFA address to temp_NFA
 539+ 65E8             >
 539+ 65E8             >                // dummy db directives used to calculate length of namec
 539+ 65E8 45 4E 43 4C >                db      "ENCLOSE"
 539+ 65EC 4F 53 45    >
 539+ 65EF             >len_NFA         defl    $ - temp_NFA
 539+ 65EF             >                org     $ - len_NFA         // rewind to temp_NFA and re-do NFA part
 539+ 65E8             >
 539+ 65E8 87          >                db      len_NFA | END_BIT | is_normal  // The start of NFA must have msb set to signal the beginning of the sounted string
 539+ 65E9 45 4E 43 4C >                db      "ENCLOSE"               // name string in 7-bit ascii, but
 539+ 65ED 4F 53 45    >
 539+ 65F0             >                org     $-1                 // alter last byte of Name just above to set
 539+ 65EF C5          >                db      {b $} | END_BIT     // msb as name end
 539+ 65F0             >
 539+ 65F0 92 65       >                dw      last_NFA            // Link to previous definition Name
 539+ 65F2             >ENCLOSE:          if is_code != 0 ; ok        // This is the start address of the direct jp(hl)
 539+ 65F2 ~           >                call    runcode ; ok        // for primitive definitions  actual code
 539+ 65F2 ~           >
 539+ 65F2 ~           >
 539+ 65F2             >                endif           ; ok        // for other definitions it "points" the correct handler
 539+ 65F2             >                // Use of "; ok" to suppress "warning[fwdref]"
 539+ 65F2             >
 539+ 65F2             >last_NFA        defl    temp_NFA            // keep track of NFA saved above
 540+ 65F2 D9                           exx
 541+ 65F3 D1                           pop     de                  //  e has the character
 542+ 65F4 E1                           pop     hl                  // hl has the string address
 543+ 65F5 E5                           push    hl
 544+ 65F6 7B                           ld      a, e
 545+ 65F7 11 FF FF                     ld      de, -1              // let's start from -1
 546+ 65FA 2B                           dec     hl
 547+ 65FB              Enclose_NonDelimiter:
 548+ 65FB                              // find first non delimiter
 549+ 65FB 23                               inc     hl
 550+ 65FC 13                               inc     de
 551+ 65FD BE                               cp      (hl)
 552+ 65FE 28 FB                        jr      z, Enclose_NonDelimiter
 553+ 6600 D5                           push    de
 554+ 6601
 555+ 6601                              // push    bc                  // save Instruction Pointer
 556+ 6601
 557+ 6601 4F                           ld      c, a                // save char
 558+ 6602 7E                           ld      a, (hl)
 559+ 6603 A7                           and     a                   // stop if 0x00
 560+ 6604 20 07                        jr      nz, Enclose_NextChar
 561+ 6606                              /// case iii. no more character in string
 562+ 6606                                  // pop     bc                  // restore Instruction Pointer
 563+ 6606 13                               inc     de
 564+ 6607 D5                               push    de
 565+ 6608 1B                               dec     de
 566+ 6609 D5                               push    de
 567+ 660A D9                               exx
 568+ 660B                                  next
 568+ 660B DD E9       >                jp      (ix)
 569+ 660D              Enclose_NextChar:
 570+ 660D 79                               ld      a, c
 571+ 660E 23                               inc     hl
 572+ 660F 13                               inc     de
 573+ 6610 BE                               cp      (hl)
 574+ 6611 20 06                            jr      nz, Enclose_NonSeparator
 575+ 6613                                      // case i. first non enclosed
 576+ 6613                                      // pop     bc                  // restore Instruction Pointer
 577+ 6613 D5                                   push    de
 578+ 6614 13                                   inc     de
 579+ 6615 D5                                   push    de
 580+ 6616 D9                                   exx
 581+ 6617                                      next
 581+ 6617 DD E9       >                jp      (ix)
 582+ 6619              Enclose_NonSeparator:
 583+ 6619 7E                               ld      a, (hl)
 584+ 661A A7                               and     a
 585+ 661B 20 F0                        jr      nz, Enclose_NextChar
 586+ 661D
 587+ 661D                              // case ii. separator & terminator
 588+ 661D                              // pop     bc                  // restore Instruction Pointer
 589+ 661D D5                           push    de
 590+ 661E D5                           push    de
 591+ 661F D9                           exx
 592+ 6620                              next
 592+ 6620 DD E9       >                jp      (ix)
 593+ 6622
 594+ 6622              //  ______________________________________________________________________
 595+ 6622              //
 596+ 6622              // (map)        a2 a1 n c1 -- c2
 597+ 6622              // translate character c1 using mapping string a2 and a2
 598+ 6622              // if c1 is not present within string a1 then
 599+ 6622              // c2 = c2 if it is not translated. n is the length of both a1 and a2.
 600+ 6622                              New_Def C_MAP, "(MAP)", is_code, is_normal
 600+ 6622             >temp_NFA        defl    $                   // save this NFA address to temp_NFA
 600+ 6622             >
 600+ 6622             >                // dummy db directives used to calculate length of namec
 600+ 6622 28 4D 41 50 >                db      "(MAP)"
 600+ 6626 29          >
 600+ 6627             >len_NFA         defl    $ - temp_NFA
 600+ 6627             >                org     $ - len_NFA         // rewind to temp_NFA and re-do NFA part
 600+ 6622             >
 600+ 6622 85          >                db      len_NFA | END_BIT | is_normal  // The start of NFA must have msb set to signal the beginning of the sounted string
 600+ 6623 28 4D 41 50 >                db      "(MAP)"               // name string in 7-bit ascii, but
 600+ 6627 29          >
 600+ 6628             >                org     $-1                 // alter last byte of Name just above to set
 600+ 6627 A9          >                db      {b $} | END_BIT     // msb as name end
 600+ 6628             >
 600+ 6628 E8 65       >                dw      last_NFA            // Link to previous definition Name
 600+ 662A             >C_MAP:          if is_code != 0 ; ok        // This is the start address of the direct jp(hl)
 600+ 662A ~           >                call    runcode ; ok        // for primitive definitions  actual code
 600+ 662A ~           >
 600+ 662A ~           >
 600+ 662A             >                endif           ; ok        // for other definitions it "points" the correct handler
 600+ 662A             >                // Use of "; ok" to suppress "warning[fwdref]"
 600+ 662A             >
 600+ 662A             >last_NFA        defl    temp_NFA            // keep track of NFA saved above
 601+ 662A D9                           exx
 602+ 662B E1                           pop     hl
 603+ 662C 7D                           ld      a, l
 604+ 662D C1                           pop     bc
 605+ 662E E1                           pop     hl
 606+ 662F 50                           ld      d, b
 607+ 6630 59                           ld      e, c
 608+ 6631 ED B1                        cpir
 609+ 6633 E1                           pop     hl
 610+ 6634 20 05                        jr      nz, C_Map_Then
 610+ 6636
 611+ 6636 19                               add     hl, de
 612+ 6637 2B                               dec     hl
 613+ 6638 ED 42                            sbc     hl, bc
 614+ 663A 7E                               ld      a, (hl)
 615+ 663B              C_Map_Then:
 616+ 663B 6F                           ld      l, a
 617+ 663C 26 00                        ld      h, 0
 618+ 663E E5                           push    hl
 619+ 663F D9                           exx
 620+ 6640                              next
 620+ 6640 DD E9       >                jp      (ix)
 621+ 6642
 622+ 6642              //  ______________________________________________________________________
 623+ 6642              //
 624+ 6642              // (compare)    a1 a2 n -- b
 625+ 6642              // this word performs a lexicographic compare of n bytes of text at address a1
 626+ 6642              // with n bytes of text at address a2. It returns numeric a value:
 627+ 6642              //  0 : if strings are equal
 628+ 6642              // +1 : if string at a1 greater than string at a2
 629+ 6642              // -1 : if string at a1 less than string at a2
 630+ 6642              // strings can be 256 bytes in length at most.
 631+ 6642                              New_Def C_COMPARE, "(COMPARE)", is_code, is_normal
 631+ 6642             >temp_NFA        defl    $                   // save this NFA address to temp_NFA
 631+ 6642             >
 631+ 6642             >                // dummy db directives used to calculate length of namec
 631+ 6642 28 43 4F 4D >                db      "(COMPARE)"
 631+ 6646 50 41 52 45 >
 631+ 664A 29          >
 631+ 664B             >len_NFA         defl    $ - temp_NFA
 631+ 664B             >                org     $ - len_NFA         // rewind to temp_NFA and re-do NFA part
 631+ 6642             >
 631+ 6642 89          >                db      len_NFA | END_BIT | is_normal  // The start of NFA must have msb set to signal the beginning of the sounted string
 631+ 6643 28 43 4F 4D >                db      "(COMPARE)"               // name string in 7-bit ascii, but
 631+ 6647 50 41 52 45 >
 631+ 664B 29          >
 631+ 664C             >                org     $-1                 // alter last byte of Name just above to set
 631+ 664B A9          >                db      {b $} | END_BIT     // msb as name end
 631+ 664C             >
 631+ 664C 22 66       >                dw      last_NFA            // Link to previous definition Name
 631+ 664E             >C_COMPARE:          if is_code != 0 ; ok        // This is the start address of the direct jp(hl)
 631+ 664E ~           >                call    runcode ; ok        // for primitive definitions  actual code
 631+ 664E ~           >
 631+ 664E ~           >
 631+ 664E             >                endif           ; ok        // for other definitions it "points" the correct handler
 631+ 664E             >                // Use of "; ok" to suppress "warning[fwdref]"
 631+ 664E             >
 631+ 664E             >last_NFA        defl    temp_NFA            // keep track of NFA saved above
 632+ 664E D9                           exx
 633+ 664F E1                           pop     hl                  // Number of bytes
 634+ 6650 7D                           ld      a, l
 635+ 6651 E1                           pop     hl                  // hl points string a2
 636+ 6652 D1                           pop     de                  // hl points string a1
 637+ 6653              //              push    bc                  // Instruction pointer on stack
 638+ 6653 47                           ld      b, a
 639+ 6654              C_Compare_Loop:
 640+ 6654 7E                               ld      a, (hl)
 641+ 6655 CD 56 65                         call    Case_Sensitive
 642+ 6658 4F                               ld      c, a
 643+ 6659 1A                               ld      a, (de)
 644+ 665A CD 56 65                         call    Case_Sensitive
 645+ 665D B9                               cp      c
 646+ 665E 13                               inc     de
 647+ 665F 23                               inc     hl
 648+ 6660 28 0E                            jr      z, C_Compare_Equal
 649+ 6662 38 05                                jr      c, C_Compare_NotLessThan  // If LessThan
 650+ 6664 21 01 00                                 ld      hl, 1               // a1 gt a2
 651+ 6667 18 03                                jr      C_Compare_Then      // Else
 652+ 6669              C_Compare_NotLessThan:
 653+ 6669 21 FF FF                                 ld      hl, -1              // a1 lt a2
 654+ 666C              C_Compare_Then:                                 // Endif
 655+ 666C              //                      pop     bc              // restore Instruction Pointer
 656+ 666C E5                                   push    hl
 657+ 666D D9                                   exx
 658+ 666E
 659+ 666E                                      next
 659+ 666E DD E9       >                jp      (ix)
 660+ 6670
 661+ 6670              C_Compare_Equal:
 662+ 6670 10 E2                        djnz    C_Compare_Loop
 663+ 6672 21 00 00                     ld      hl, 0               // a1 eq a2
 664+ 6675              //              pop     bc                  // restore Instruction Pointer
 665+ 6675 E5                           push    hl
 666+ 6676 D9                           exx
 667+ 6677
 668+ 6677                              next
 668+ 6677 DD E9       >                jp      (ix)
 669+ 6679
 670+ 6679              //  ______________________________________________________________________
 671+ 6679              //
 672+ 6679              // emitc        c --
 673+ 6679              // low level emit, calls ROM routine at #10 to send a character to
 674+ 6679              // the the current channel (see SELECT to change stream-channel)
 675+ 6679                              New_Def EMITC, "EMITC", is_code, is_normal
 675+ 6679             >temp_NFA        defl    $                   // save this NFA address to temp_NFA
 675+ 6679             >
 675+ 6679             >                // dummy db directives used to calculate length of namec
 675+ 6679 45 4D 49 54 >                db      "EMITC"
 675+ 667D 43          >
 675+ 667E             >len_NFA         defl    $ - temp_NFA
 675+ 667E             >                org     $ - len_NFA         // rewind to temp_NFA and re-do NFA part
 675+ 6679             >
 675+ 6679 85          >                db      len_NFA | END_BIT | is_normal  // The start of NFA must have msb set to signal the beginning of the sounted string
 675+ 667A 45 4D 49 54 >                db      "EMITC"               // name string in 7-bit ascii, but
 675+ 667E 43          >
 675+ 667F             >                org     $-1                 // alter last byte of Name just above to set
 675+ 667E C3          >                db      {b $} | END_BIT     // msb as name end
 675+ 667F             >
 675+ 667F 42 66       >                dw      last_NFA            // Link to previous definition Name
 675+ 6681             >EMITC:          if is_code != 0 ; ok        // This is the start address of the direct jp(hl)
 675+ 6681 ~           >                call    runcode ; ok        // for primitive definitions  actual code
 675+ 6681 ~           >
 675+ 6681 ~           >
 675+ 6681             >                endif           ; ok        // for other definitions it "points" the correct handler
 675+ 6681             >                // Use of "; ok" to suppress "warning[fwdref]"
 675+ 6681             >
 675+ 6681             >last_NFA        defl    temp_NFA            // keep track of NFA saved above
 676+ 6681 E1                           pop     hl
 677+ 6682 7D                           ld      a, l
 678+ 6683              Emitc_Ptr:
 679+ 6683 C5                           push    bc
 680+ 6684 D5                           push    de
 681+ 6685 DD E5                        push    ix
 682+ 6687 D7                           rst     $10
 683+ 6688 DD E1                        pop     ix
 684+ 668A D1                           pop     de
 685+ 668B C1                           pop     bc
 686+ 668C 3E FF                        ld      a, 255            // max possible
 687+ 668E 32 8C 5C                     ld      (SCR_CT), a
 688+ 6691                              next
 688+ 6691 DD E9       >                jp      (ix)
 689+ 6693
 690+ 6693              //  ______________________________________________________________________
 691+ 6693              //
 692+ 6693              // cr           --
 693+ 6693              // send a CR via EMITC
 694+ 6693                              New_Def CR, "CR", is_code, is_normal
 694+ 6693             >temp_NFA        defl    $                   // save this NFA address to temp_NFA
 694+ 6693             >
 694+ 6693             >                // dummy db directives used to calculate length of namec
 694+ 6693 43 52       >                db      "CR"
 694+ 6695             >len_NFA         defl    $ - temp_NFA
 694+ 6695             >                org     $ - len_NFA         // rewind to temp_NFA and re-do NFA part
 694+ 6693             >
 694+ 6693 82          >                db      len_NFA | END_BIT | is_normal  // The start of NFA must have msb set to signal the beginning of the sounted string
 694+ 6694 43 52       >                db      "CR"               // name string in 7-bit ascii, but
 694+ 6696             >                org     $-1                 // alter last byte of Name just above to set
 694+ 6695 D2          >                db      {b $} | END_BIT     // msb as name end
 694+ 6696             >
 694+ 6696 79 66       >                dw      last_NFA            // Link to previous definition Name
 694+ 6698             >CR:          if is_code != 0 ; ok        // This is the start address of the direct jp(hl)
 694+ 6698 ~           >                call    runcode ; ok        // for primitive definitions  actual code
 694+ 6698 ~           >
 694+ 6698 ~           >
 694+ 6698             >                endif           ; ok        // for other definitions it "points" the correct handler
 694+ 6698             >                // Use of "; ok" to suppress "warning[fwdref]"
 694+ 6698             >
 694+ 6698             >last_NFA        defl    temp_NFA            // keep track of NFA saved above
 695+ 6698
 696+ 6698 3E 0D                        ld      a, CR_CHAR
 697+ 669A 18 E7                        jr      Emitc_Ptr
 698+ 669C
 699+ 669C              Emitc_Vec:
 700+ 669C DD 66                        dw      C_Emit_Printable  // comma
 701+ 669E E4 66                        dw      C_Emit_Bel        // bel
 702+ 66A0 DD 66                        dw      C_Emit_Printable  // bs
 703+ 66A2 FC 66                        dw      C_Emit_Tab        // tab
 704+ 66A4 DD 66                        dw      C_Emit_Printable  // cr
 705+ 66A6 00 67                        dw      C_Emit_NL         // lf (unix newline)
 706+ 66A8 DD 66                        dw      C_Emit_Printable  // blank
 707+ 66AA DD 66                        dw      C_Emit_Printable  // blank
 708+ 66AC
 709+ 66AC              Emit_Selector_Start:
 710+ 66AC 06                           db      $06                 // comma
 711+ 66AD 07                           db      $07                 // bel
 712+ 66AE 08                           db      $08                 // bs
 713+ 66AF 09                           db      $09                 // tab
 714+ 66B0 0D                           db      $0D                 // cr
 715+ 66B1 0A                           db      $0A                 // lf (unix newline)
 716+ 66B2 20                           db      $20
 717+ 66B3              Emit_Selector_End:
 718+ 66B3 20                           db      $20
 719+ 66B4
 720+ 66B4              //  ______________________________________________________________________
 721+ 66B4              //
 722+ 66B4              // (?emit)      c1 -- c2 | c1
 723+ 66B4              // decode a character to be sent via EMIT
 724+ 66B4              // search first the Emit_Selector table, if found jump to the corresponding routine in Emit_Vector
 725+ 66B4              // the routine should resolve anything and convert the character anyway.
 726+ 66B4                              New_Def C_EMIT, "(?EMIT)", is_code, is_normal
 726+ 66B4             >temp_NFA        defl    $                   // save this NFA address to temp_NFA
 726+ 66B4             >
 726+ 66B4             >                // dummy db directives used to calculate length of namec
 726+ 66B4 28 3F 45 4D >                db      "(?EMIT)"
 726+ 66B8 49 54 29    >
 726+ 66BB             >len_NFA         defl    $ - temp_NFA
 726+ 66BB             >                org     $ - len_NFA         // rewind to temp_NFA and re-do NFA part
 726+ 66B4             >
 726+ 66B4 87          >                db      len_NFA | END_BIT | is_normal  // The start of NFA must have msb set to signal the beginning of the sounted string
 726+ 66B5 28 3F 45 4D >                db      "(?EMIT)"               // name string in 7-bit ascii, but
 726+ 66B9 49 54 29    >
 726+ 66BC             >                org     $-1                 // alter last byte of Name just above to set
 726+ 66BB A9          >                db      {b $} | END_BIT     // msb as name end
 726+ 66BC             >
 726+ 66BC 93 66       >                dw      last_NFA            // Link to previous definition Name
 726+ 66BE             >C_EMIT:          if is_code != 0 ; ok        // This is the start address of the direct jp(hl)
 726+ 66BE ~           >                call    runcode ; ok        // for primitive definitions  actual code
 726+ 66BE ~           >
 726+ 66BE ~           >
 726+ 66BE             >                endif           ; ok        // for other definitions it "points" the correct handler
 726+ 66BE             >                // Use of "; ok" to suppress "warning[fwdref]"
 726+ 66BE             >
 726+ 66BE             >last_NFA        defl    temp_NFA            // keep track of NFA saved above
 727+ 66BE D9                           exx
 728+ 66BF D1                           pop     de
 729+ 66C0 7B                           ld      a, e                //  de has c1
 730+ 66C1 E6 7F                        and     $7F                 // 7-bit ascii only
 731+ 66C3                              // push    bc                  // save Instruction Pointer
 732+ 66C3 01 08 00                     ld      bc, Emit_Selector_End - Emit_Selector_Start + 1
 733+ 66C6 21 B3 66                     ld      hl, Emit_Selector_End
 734+ 66C9 ED B9                        cpdr                        // search for c1 in Emit_Selector table, backward
 735+ 66CB 20 0A                        jr      nz, C_Emit_Not_Found
 736+ 66CD                                  // Found then decode it
 737+ 66CD 21 9C 66                         ld      hl, Emitc_Vec
 738+ 66D0 09                               add     hl, bc
 739+ 66D1 09                               add     hl, bc
 740+ 66D2 5E                               ld      e, (hl)
 741+ 66D3 23                               inc     hl
 742+ 66D4 56                               ld      d, (hl)
 743+ 66D5 EB                               ex      de, hl
 744+ 66D6                                  // pop     bc                  // restore Instruction Pointer
 745+ 66D6 E9                               jp      (hl)                // one of the following labels
 746+ 66D7              C_Emit_Not_Found:
 747+ 66D7                              // pop     bc                  // restore Instruction Pointer
 748+ 66D7 FE 20                        cp      BLANK_CHAR          // cp $20 non-printable check
 749+ 66D9 30 02                        jr      nc, C_Emit_Printable
 750+ 66DB 3E 00                            ld      a, NUL_CHAR         // NUL is never "printed"
 751+ 66DD              C_Emit_Printable:
 752+ 66DD 6F                           ld      l, a
 753+ 66DE 26 00                        ld      h, 0
 754+ 66E0 E5                           push    hl
 755+ 66E1 D9                           exx
 756+ 66E2                              next
 756+ 66E2 DD E9       >                jp      (ix)
 757+ 66E4
 758+ 66E4              C_Emit_Bel:
 759+ 66E4 D9                            exx
 760+ 66E5 C5                           push    bc                  // save Instruction Pointer
 761+ 66E6 D5                           push    de
 762+ 66E7 11 00 01                     ld      de, $0100
 763+ 66EA 21 00 02                     ld      hl, $0200
 764+ 66ED DD E5                        push    ix                  // save Next Pointer
 765+ 66EF CD B6 03                     call    $03B6               // bleep Standard-ROM routine
 766+ 66F2
 767+ 66F2
 768+ 66F2
 769+ 66F2
 770+ 66F2 DD E1                        pop     ix                  // restore Next Pointer
 771+ 66F4 D1                           pop     de
 772+ 66F5 C1                           pop     bc                  // restore Instruction Pointer
 773+ 66F6 21 00 00                     ld      hl, NUL_CHAR
 774+ 66F9 E5                           push    hl
 775+ 66FA                              next
 775+ 66FA DD E9       >                jp      (ix)
 776+ 66FC
 777+ 66FC 3E 06        C_Emit_Tab:     ld      a, COMMA_CHAR
 778+ 66FE 18 DD                        jr      C_Emit_Printable
 779+ 6700                          //  push    hl
 780+ 6700                          //  exx
 781+ 6700                          //  next
 782+ 6700
 783+ 6700 3E 0D        C_Emit_NL       ld      a, CR_CHAR           // 0x0A --> 0x0D  à la Spectrum
 784+ 6702 18 D9                        jr      C_Emit_Printable
 785+ 6704                          //  push    hl
 786+ 6704                          //  exx
 787+ 6704                          //  next
 788+ 6704
 789+ 6704              //  ______________________________________________________________________
 790+ 6704
 791+ 6704              Key_Table:
 792+ 6704 E2                           db      $E2                 //  0: STOP  --> SYMBOL+A : ~
 793+ 6705 C3                           db      $C3                 //  1: NOT   --> SYMBOL+S : |
 794+ 6706 CD                           db      $CD                 //  2: STEP  --> SYMBOl+D : //
 795+ 6707 CC                           db      $CC                 //  3: TO    --> SYMBOL+F : {
 796+ 6708 CB                           db      $CB                 //  4: THEN  --> SYMBOL+G : }
 797+ 6709 C6                           db      $C6                 //  5: AND   --> SYMBOL+Y : [
 798+ 670A C5                           db      $C5                 //  6: OR    --> SYMBOL+U : ]
 799+ 670B AC                           db      $AC                 //  7: AT    --> SYMBOL+I : (C) copyright symbol
 800+ 670C C7                           db      $C7                 //  8: <=    --> same as SHIFT-1 [EDIT]
 801+ 670D C8                           db      $C8                 //  9: >=    --> same as SHIFT-0 [BACKSPACE]
 802+ 670E C9                           db      $C9                 // 10: <>    --> SYMBOL+W is the same as CAPS (toggle) SHIFT+2
 803+ 670F              Key_MapTo:
 804+ 670F 06                           db      $06                 // 10: SYMBOL+W is the same as CAPS (toggle) SHIFT+2
 805+ 6710 0C                           db      $0C                 //  9: same as SHIFT-0 [BACKSPACE]
 806+ 6711 07                           db      $07                 //  8: same as SHIFT-1 [EDIT]
 807+ 6712 7F                           db      $7F                 //  7: SYMBOL+I : (C) copyright symbol
 808+ 6713 5D                           db      $5D                 //  6: SYMBOL+U : ]
 809+ 6714 5B                           db      $5B                 //  5: SYMBOL+Y : [
 810+ 6715 7D                           db      $7D                 //  4: SYMBOL+G : }
 811+ 6716 7B                           db      $7B                 //  3: SYMBOL+F : {
 812+ 6717 5C                           db      $5C                 //  2: SYMBOl+D : //
 813+ 6718 7C                           db      $7C                 //  1: SYMBOL+S : |
 814+ 6719 7E                           db      $7E                 //  0: SYMBOL+A : ~
 815+ 671A
 816+ 671A              //  ______________________________________________________________________
 817+ 671A              //
 818+ 671A              // curs         -- c
 819+ 671A              // wait for a keypress
 820+ 671A              // This definition need Standard ROM Interrupt to be served
 821+ 671A
 822+ 671A                              New_Def CUR, "CURS", is_code, is_normal
 822+ 671A             >temp_NFA        defl    $                   // save this NFA address to temp_NFA
 822+ 671A             >
 822+ 671A             >                // dummy db directives used to calculate length of namec
 822+ 671A 43 55 52 53 >                db      "CURS"
 822+ 671E             >len_NFA         defl    $ - temp_NFA
 822+ 671E             >                org     $ - len_NFA         // rewind to temp_NFA and re-do NFA part
 822+ 671A             >
 822+ 671A 84          >                db      len_NFA | END_BIT | is_normal  // The start of NFA must have msb set to signal the beginning of the sounted string
 822+ 671B 43 55 52 53 >                db      "CURS"               // name string in 7-bit ascii, but
 822+ 671F             >                org     $-1                 // alter last byte of Name just above to set
 822+ 671E D3          >                db      {b $} | END_BIT     // msb as name end
 822+ 671F             >
 822+ 671F B4 66       >                dw      last_NFA            // Link to previous definition Name
 822+ 6721             >CUR:          if is_code != 0 ; ok        // This is the start address of the direct jp(hl)
 822+ 6721 ~           >                call    runcode ; ok        // for primitive definitions  actual code
 822+ 6721 ~           >
 822+ 6721 ~           >
 822+ 6721             >                endif           ; ok        // for other definitions it "points" the correct handler
 822+ 6721             >                // Use of "; ok" to suppress "warning[fwdref]"
 822+ 6721             >
 822+ 6721             >last_NFA        defl    temp_NFA            // keep track of NFA saved above
 823+ 6721
 824+ 6721 C5                           push    bc                  // save Instruction Pointer
 825+ 6722 D5                           push    de                  // save Return Stack Pointer
 826+ 6723 DD E5                        push    ix
 827+ 6725 ED 73 2C 64                  ld      (SP_Saved), sp      // be sure to not to be paged out.
 828+ 6729 31 FB 63                     ld      sp, Cold_origin - 5 // maybe $8000 in the future...
 829+ 672C FD CB 01 AE                  res     5, (iy + 1)         // FLAGS (5C3A+1)
 830+ 6730
 831+ 6730              Cur_Wait:
 832+ 6730 76                               halt
 833+ 6731 3E 02                            ld      a, 2                // selec channel #2 (Upper Video)
 834+ 6733 CD 01 16                         call    $1601               // SELECT Standard-ROM Routine
 835+ 6736
 836+ 6736                                  // software-flash: flips face every 320 ms
 837+ 6736 3E 20                            ld      a, $20              // Timing based
 838+ 6738 FD A6 3E                         and     (iy + $3E)          // FRAMES (5C3A+3E)
 839+ 673B
 840+ 673B 3A 26 64                         ld      a, (Block_Face)     // see origin.asm
 841+ 673E 20 0C                            jr      nz, Cur_Cursor
 842+ 6740 3A 27 64                             ld      a, (Half_Face)      // see origin.asm
 843+ 6743 FD CB 30 5E                          bit     3, (iy + $30)       // FLAGS2 (5C3A+$30) that is CAPS-LOCK
 844+ 6747 28 03                                jr      z, Cur_Cursor
 845+ 6749 3A 28 64                                 ld      a, (Underscore_Face) // see origin
 846+ 674C              Cur_Cursor:
 847+ 674C D7                               rst     $10
 848+ 674D 3E 08                            ld      a, BACKSPACE_CHAR    // backspace
 849+ 674F D7                               rst     $10
 850+ 6750
 851+ 6750 FD CB 01 6E                      bit     5, (iy + 1)         // FLAGS (5C3A+1)
 852+ 6754 28 DA                        jr      z, Cur_Wait
 853+ 6756
 854+ 6756 76                           halt    // this is to sync flashing cursor.
 855+ 6757
 856+ 6757 3E 20                        ld      a, BLANK_CHAR       // space to blank cursor
 857+ 6759 D7                           rst     $10
 858+ 675A 3E 08                        ld      a, BACKSPACE_CHAR   // backspace
 859+ 675C D7                           rst     $10
 860+ 675D
 861+ 675D ED 7B 2C 64                  ld      sp, (SP_Saved)
 862+ 6761
 863+ 6761 DD E1                        pop     ix
 864+ 6763 D1                           pop     de                  // Restore Return Stack Pointer
 865+ 6764 C1                           pop     bc                  // Restore Instruction Pointer
 866+ 6765                              next
 866+ 6765 DD E9       >                jp      (ix)
 867+ 6767
 868+ 6767
 869+ 6767              //  ______________________________________________________________________
 870+ 6767              //
 871+ 6767              // key          -- c
 872+ 6767              // This definition need Standard ROM Interrupt to be served
 873+ 6767
 874+ 6767                              New_Def KEY, "KEY", is_code, is_normal
 874+ 6767             >temp_NFA        defl    $                   // save this NFA address to temp_NFA
 874+ 6767             >
 874+ 6767             >                // dummy db directives used to calculate length of namec
 874+ 6767 4B 45 59    >                db      "KEY"
 874+ 676A             >len_NFA         defl    $ - temp_NFA
 874+ 676A             >                org     $ - len_NFA         // rewind to temp_NFA and re-do NFA part
 874+ 6767             >
 874+ 6767 83          >                db      len_NFA | END_BIT | is_normal  // The start of NFA must have msb set to signal the beginning of the sounted string
 874+ 6768 4B 45 59    >                db      "KEY"               // name string in 7-bit ascii, but
 874+ 676B             >                org     $-1                 // alter last byte of Name just above to set
 874+ 676A D9          >                db      {b $} | END_BIT     // msb as name end
 874+ 676B             >
 874+ 676B 1A 67       >                dw      last_NFA            // Link to previous definition Name
 874+ 676D             >KEY:          if is_code != 0 ; ok        // This is the start address of the direct jp(hl)
 874+ 676D ~           >                call    runcode ; ok        // for primitive definitions  actual code
 874+ 676D ~           >
 874+ 676D ~           >
 874+ 676D             >                endif           ; ok        // for other definitions it "points" the correct handler
 874+ 676D             >                // Use of "; ok" to suppress "warning[fwdref]"
 874+ 676D             >
 874+ 676D             >last_NFA        defl    temp_NFA            // keep track of NFA saved above
 875+ 676D
 876+ 676D C5                           push    bc                  // Save Instruction Pointer
 877+ 676E
 878+ 676E              Key_Wait:
 879+ 676E FD CB 01 6E                      bit     5, (iy + 1)         // FLAGS (5C3A+1)
 880+ 6772 28 FA                        jr      z, Key_Wait
 881+ 6774
 882+ 6774 3A 08 5C                     ld      a, (LASTK)          // get typed character (5C08)
 883+ 6777
 884+ 6777                              // decode character from above table
 885+ 6777 21 04 67                     ld      hl, Key_Table
 886+ 677A 01 0B 00                     ld      bc, $000B
 887+ 677D ED B1                        cpir
 888+ 677F 20 05                        jr      nz, Key_DontMap
 889+ 6781 21 0F 67                         ld      hl, Key_MapTo
 890+ 6784 09                               add     hl, bc
 891+ 6785 7E                               ld      a, (hl)
 892+ 6786 FE 06        Key_DontMap:    cp      $06                 // CAPS-LOCK management
 893+ 6788 20 09                        jr      nz, Key_NoCapsLock
 894+ 678A 21 6A 5C                         ld      hl, $5C6A           // FLAGS2
 895+ 678D 7E                               ld      a, (hl)
 896+ 678E EE 08                            xor     $08
 897+ 6790 77                               ld      (hl), a
 898+ 6791 3E 00                            ld      a, NUL_CHAR
 899+ 6793 6F           Key_NoCapsLock: ld      l, a
 900+ 6794 26 00                        ld      h, 0                // Prepare TOS
 901+ 6796
 902+ 6796 FD CB 01 AE                  res     5, (iy + 1)         // FLAGS (5C3A+1)
 903+ 679A
 904+ 679A C1                           pop     bc                  // Restore Instruction Pointer
 905+ 679B
 906+ 679B                              psh1
 906+ 679B E5          >                push    hl
 906+ 679C DD E9       >                jp      (ix)
 907+ 679E
 908+ 679E
 909+ 679E              //  ______________________________________________________________________
 910+ 679E              //
 911+ 679E              // click        --
 912+ 679E              // This definition need Standard ROM Interrupt to be served
 913+ 679E              //
 914+ 679E              //              New_Def CLICK, "CLICK", is_code, is_normal
 915+ 679E              //
 916+ 679E              //                push    bc
 917+ 679E              //              ld      a, ($5C48)          // BORDCR system variable
 918+ 679E              //              rra
 919+ 679E              //              rra
 920+ 679E              //              rra
 921+ 679E              //              or      $18                 // quick'n'dirty click
 922+ 679E              //              out     ($fe), a
 923+ 679E              //              ld      b, 0
 924+ 679E              //              djnz    $                   // wait loop
 925+ 679E              //              xor     $18
 926+ 679E              //              out     ($fe), a
 927+ 679E              //                pop     bc
 928+ 679E
 929+ 679E              //              next
 930+ 679E
 931+ 679E              //  ______________________________________________________________________
 932+ 679E              //
 933+ 679E              // key?         -- f
 934+ 679E              // key available
 935+ 679E              //
 936+ 679E              //              New_Def KEY_Q, "KEY?", is_code, is_normal
 937+ 679E              //
 938+ 679E              //              ld      hl, 0000
 939+ 679E              //              bit     5, (iy + 1)         // FLAGS (5C3A+1)
 940+ 679E              //              jr      z, Key_Q
 941+ 679E              //                  dec     hl
 942+ 679E              // Key_Q:
 943+ 679E              //                psh1
 944+ 679E              //              next
 945+ 679E
 946+ 679E              //  ______________________________________________________________________
 947+ 679E              //
 948+ 679E              // ?terminal    -- FALSE | TRUE
 949+ 679E              // test for BREAK keypress
 950+ 679E                              New_Def QTERMINAL, "?TERMINAL", is_code, is_normal
 950+ 679E             >temp_NFA        defl    $                   // save this NFA address to temp_NFA
 950+ 679E             >
 950+ 679E             >                // dummy db directives used to calculate length of namec
 950+ 679E 3F 54 45 52 >                db      "?TERMINAL"
 950+ 67A2 4D 49 4E 41 >
 950+ 67A6 4C          >
 950+ 67A7             >len_NFA         defl    $ - temp_NFA
 950+ 67A7             >                org     $ - len_NFA         // rewind to temp_NFA and re-do NFA part
 950+ 679E             >
 950+ 679E 89          >                db      len_NFA | END_BIT | is_normal  // The start of NFA must have msb set to signal the beginning of the sounted string
 950+ 679F 3F 54 45 52 >                db      "?TERMINAL"               // name string in 7-bit ascii, but
 950+ 67A3 4D 49 4E 41 >
 950+ 67A7 4C          >
 950+ 67A8             >                org     $-1                 // alter last byte of Name just above to set
 950+ 67A7 CC          >                db      {b $} | END_BIT     // msb as name end
 950+ 67A8             >
 950+ 67A8 67 67       >                dw      last_NFA            // Link to previous definition Name
 950+ 67AA             >QTERMINAL:          if is_code != 0 ; ok        // This is the start address of the direct jp(hl)
 950+ 67AA ~           >                call    runcode ; ok        // for primitive definitions  actual code
 950+ 67AA ~           >
 950+ 67AA ~           >
 950+ 67AA             >                endif           ; ok        // for other definitions it "points" the correct handler
 950+ 67AA             >                // Use of "; ok" to suppress "warning[fwdref]"
 950+ 67AA             >
 950+ 67AA             >last_NFA        defl    temp_NFA            // keep track of NFA saved above
 951+ 67AA D9                           exx
 952+ 67AB 01 FE 7F                     ld      bc, $7ffe
 953+ 67AE ED 50                        in      d, (c)
 954+ 67B0 41                           ld      b, c
 955+ 67B1 ED 78                        in      a, (c)
 956+ 67B3 B2                           or       d
 957+ 67B4 1F                           rra
 958+ 67B5 3F                           ccf
 959+ 67B6 ED 62                        sbc     hl, hl
 960+ 67B8 E5                           push    hl
 961+ 67B9 D9                           exx
 962+ 67BA                              next
 962+ 67BA DD E9       >                jp      (ix)
 963+ 67BC
 964+ 67BC
 965+ 67BC              //  ______________________________________________________________________
 966+ 67BC              //
 967+ 67BC              // inkey        -- c | 0
 968+ 67BC              // call ROM inkey$ routine, returns c or "zero".
 969+ 67BC              //
 970+ 67BC                              New_Def INKEY, "INKEY", is_code, is_normal
 970+ 67BC             >temp_NFA        defl    $                   // save this NFA address to temp_NFA
 970+ 67BC             >
 970+ 67BC             >                // dummy db directives used to calculate length of namec
 970+ 67BC 49 4E 4B 45 >                db      "INKEY"
 970+ 67C0 59          >
 970+ 67C1             >len_NFA         defl    $ - temp_NFA
 970+ 67C1             >                org     $ - len_NFA         // rewind to temp_NFA and re-do NFA part
 970+ 67BC             >
 970+ 67BC 85          >                db      len_NFA | END_BIT | is_normal  // The start of NFA must have msb set to signal the beginning of the sounted string
 970+ 67BD 49 4E 4B 45 >                db      "INKEY"               // name string in 7-bit ascii, but
 970+ 67C1 59          >
 970+ 67C2             >                org     $-1                 // alter last byte of Name just above to set
 970+ 67C1 D9          >                db      {b $} | END_BIT     // msb as name end
 970+ 67C2             >
 970+ 67C2 9E 67       >                dw      last_NFA            // Link to previous definition Name
 970+ 67C4             >INKEY:          if is_code != 0 ; ok        // This is the start address of the direct jp(hl)
 970+ 67C4 ~           >                call    runcode ; ok        // for primitive definitions  actual code
 970+ 67C4 ~           >
 970+ 67C4 ~           >
 970+ 67C4             >                endif           ; ok        // for other definitions it "points" the correct handler
 970+ 67C4             >                // Use of "; ok" to suppress "warning[fwdref]"
 970+ 67C4             >
 970+ 67C4             >last_NFA        defl    temp_NFA            // keep track of NFA saved above
 971+ 67C4 C5                           push    bc
 972+ 67C5 D5                           push    de
 973+ 67C6 ED 73 2C 64                  ld      (SP_Saved), sp
 974+ 67CA 31 FB 63                     ld      sp, Cold_origin - 5
 975+ 67CD DD E5                        push    ix
 976+ 67CF CD E6 15                     call    $15E6                   // instead of 15E9
 977+ 67D2 DD E1                        pop     ix
 978+ 67D4 ED 7B 2C 64                  ld      sp, (SP_Saved)
 979+ 67D8 6F                           ld      l, a
 980+ 67D9 26 00                        ld      h, 0
 981+ 67DB D1                           pop     de
 982+ 67DC C1                           pop     bc
 983+ 67DD E5                           push    hl
 984+ 67DE                              next
 984+ 67DE DD E9       >                jp      (ix)
 985+ 67E0
 986+ 67E0              //  ______________________________________________________________________
 987+ 67E0              //
 988+ 67E0              // select      n --
 989+ 67E0              // selects the given channel number
 990+ 67E0
 991+ 67E0                              New_Def SELECT, "SELECT", is_code, is_normal
 991+ 67E0             >temp_NFA        defl    $                   // save this NFA address to temp_NFA
 991+ 67E0             >
 991+ 67E0             >                // dummy db directives used to calculate length of namec
 991+ 67E0 53 45 4C 45 >                db      "SELECT"
 991+ 67E4 43 54       >
 991+ 67E6             >len_NFA         defl    $ - temp_NFA
 991+ 67E6             >                org     $ - len_NFA         // rewind to temp_NFA and re-do NFA part
 991+ 67E0             >
 991+ 67E0 86          >                db      len_NFA | END_BIT | is_normal  // The start of NFA must have msb set to signal the beginning of the sounted string
 991+ 67E1 53 45 4C 45 >                db      "SELECT"               // name string in 7-bit ascii, but
 991+ 67E5 43 54       >
 991+ 67E7             >                org     $-1                 // alter last byte of Name just above to set
 991+ 67E6 D4          >                db      {b $} | END_BIT     // msb as name end
 991+ 67E7             >
 991+ 67E7 BC 67       >                dw      last_NFA            // Link to previous definition Name
 991+ 67E9             >SELECT:          if is_code != 0 ; ok        // This is the start address of the direct jp(hl)
 991+ 67E9 ~           >                call    runcode ; ok        // for primitive definitions  actual code
 991+ 67E9 ~           >
 991+ 67E9 ~           >
 991+ 67E9             >                endif           ; ok        // for other definitions it "points" the correct handler
 991+ 67E9             >                // Use of "; ok" to suppress "warning[fwdref]"
 991+ 67E9             >
 991+ 67E9             >last_NFA        defl    temp_NFA            // keep track of NFA saved above
 992+ 67E9 E1                           pop     hl
 993+ 67EA C5                           push    bc
 994+ 67EB D5                           push    de
 995+ 67EC 7D                           ld      a, l
 996+ 67ED ED 73 2C 64                  ld      (SP_Saved), sp
 997+ 67F1 31 FB 63                     ld      sp, Cold_origin - 5
 998+ 67F4 DD E5                        push    ix
 999+ 67F6 CD 01 16                     call    $1601
1000+ 67F9 DD E1                        pop     ix
1001+ 67FB ED 7B 2C 64                  ld      sp, (SP_Saved)
1002+ 67FF D1                           pop     de
1003+ 6800 C1                           pop     bc
1004+ 6801                              next
1004+ 6801 DD E9       >                jp      (ix)
1005+ 6803
1006+ 6803              //  ______________________________________________________________________
1007+ 6803              //
1008+ 6803              // ZX Spectrum Next - Low Level disk primitives.
1009+ 6803              // this include is "here" for backward compatibility
1010+ 6803
1011+ 6803              //                include "mdr-mgt-opt.asm"
1012+ 6803
1013+ 6803
1014+ 6803              //  ______________________________________________________________________
1015+ 6803              //
1016+ 6803              // cmove    a1 a2 u --
1017+ 6803              // If u > 0, moves memory content starting at address a1 for n bytes long
1018+ 6803              // storing then starting at address addr2.
1019+ 6803              // The content of a1 is moved first. See CMOVE> also.
1020+ 6803                              New_Def CMOVE, "CMOVE", is_code, is_normal
1020+ 6803             >temp_NFA        defl    $                   // save this NFA address to temp_NFA
1020+ 6803             >
1020+ 6803             >                // dummy db directives used to calculate length of namec
1020+ 6803 43 4D 4F 56 >                db      "CMOVE"
1020+ 6807 45          >
1020+ 6808             >len_NFA         defl    $ - temp_NFA
1020+ 6808             >                org     $ - len_NFA         // rewind to temp_NFA and re-do NFA part
1020+ 6803             >
1020+ 6803 85          >                db      len_NFA | END_BIT | is_normal  // The start of NFA must have msb set to signal the beginning of the sounted string
1020+ 6804 43 4D 4F 56 >                db      "CMOVE"               // name string in 7-bit ascii, but
1020+ 6808 45          >
1020+ 6809             >                org     $-1                 // alter last byte of Name just above to set
1020+ 6808 C5          >                db      {b $} | END_BIT     // msb as name end
1020+ 6809             >
1020+ 6809 E0 67       >                dw      last_NFA            // Link to previous definition Name
1020+ 680B             >CMOVE:          if is_code != 0 ; ok        // This is the start address of the direct jp(hl)
1020+ 680B ~           >                call    runcode ; ok        // for primitive definitions  actual code
1020+ 680B ~           >
1020+ 680B ~           >
1020+ 680B             >                endif           ; ok        // for other definitions it "points" the correct handler
1020+ 680B             >                // Use of "; ok" to suppress "warning[fwdref]"
1020+ 680B             >
1020+ 680B             >last_NFA        defl    temp_NFA            // keep track of NFA saved above
1021+ 680B D9                           exx
1022+ 680C
1023+ 680C C1                           pop     bc                  // bc has counter
1024+ 680D D1                           pop     de                  // de now has dest
1025+ 680E E1                           pop     hl                 // hl has source, save Instruction Pointer
1026+ 680F 78                           ld      a, b
1027+ 6810 B1                           or      c
1028+ 6811 28 02                        jr      z, Cmove_NoMove
1029+ 6813 ED B0                            ldir
1030+ 6815              Cmove_NoMove:
1031+ 6815 D9                           exx
1032+ 6816
1033+ 6816                              next
1033+ 6816 DD E9       >                jp      (ix)
1034+ 6818
1035+ 6818              //  ______________________________________________________________________
1036+ 6818              //
1037+ 6818              // cmove>    a1 a2 u --
1038+ 6818              // If u > 0, moves memory content starting at address a1 for n bytes long
1039+ 6818              // storing then starting at address addr2.
1040+ 6818              // The content of a1 is moved last. See cmove.
1041+ 6818                              New_Def CMOVE_TO, "CMOVE>", is_code, is_normal
1041+ 6818             >temp_NFA        defl    $                   // save this NFA address to temp_NFA
1041+ 6818             >
1041+ 6818             >                // dummy db directives used to calculate length of namec
1041+ 6818 43 4D 4F 56 >                db      "CMOVE>"
1041+ 681C 45 3E       >
1041+ 681E             >len_NFA         defl    $ - temp_NFA
1041+ 681E             >                org     $ - len_NFA         // rewind to temp_NFA and re-do NFA part
1041+ 6818             >
1041+ 6818 86          >                db      len_NFA | END_BIT | is_normal  // The start of NFA must have msb set to signal the beginning of the sounted string
1041+ 6819 43 4D 4F 56 >                db      "CMOVE>"               // name string in 7-bit ascii, but
1041+ 681D 45 3E       >
1041+ 681F             >                org     $-1                 // alter last byte of Name just above to set
1041+ 681E BE          >                db      {b $} | END_BIT     // msb as name end
1041+ 681F             >
1041+ 681F 03 68       >                dw      last_NFA            // Link to previous definition Name
1041+ 6821             >CMOVE_TO:          if is_code != 0 ; ok        // This is the start address of the direct jp(hl)
1041+ 6821 ~           >                call    runcode ; ok        // for primitive definitions  actual code
1041+ 6821 ~           >
1041+ 6821 ~           >
1041+ 6821             >                endif           ; ok        // for other definitions it "points" the correct handler
1041+ 6821             >                // Use of "; ok" to suppress "warning[fwdref]"
1041+ 6821             >
1041+ 6821             >last_NFA        defl    temp_NFA            // keep track of NFA saved above
1042+ 6821 D9                           exx
1043+ 6822
1044+ 6822 C1                           pop     bc                  // bc has counter
1045+ 6823 D1                           pop     de                  // de has dest
1046+ 6824 E1                           pop     hl                  // hl has source, save Instruction Pointer
1047+ 6825 78                           ld      a, b
1048+ 6826 B1                           or      c
1049+ 6827 28 08                        jr      z, CmoveV_NoMove
1050+ 6829 EB                               ex      de, hl              // compute address to
1051+ 682A 09                               add     hl, bc              // operate backward
1052+ 682B 2B                               dec     hl
1053+ 682C EB                               ex      de, hl
1054+ 682D 09                               add     hl, bc
1055+ 682E 2B                               dec     hl
1056+ 682F ED B8                            lddr                        // backward
1057+ 6831              CmoveV_NoMove:
1058+ 6831 D9                           exx
1059+ 6832
1060+ 6832                              next
1060+ 6832 DD E9       >                jp      (ix)
1061+ 6834
1062+ 6834              //  ______________________________________________________________________
1063+ 6834              //
1064+ 6834              // um*      u1 u2 -- ud
1065+ 6834              // Unsigned multiplication
1066+ 6834              // A double-integer is kept in CPU registers as DEHL then pushed on stack.
1067+ 6834              // On the stack a double number is treated as two single numbers
1068+ 6834              // where DE is on the top of the stack and HL is the second from top,
1069+ 6834              // Instead, in 2VARIABLE a double number is stored as EDLH.
1070+ 6834              // this definition could use "MUL" Z80N new op-code.
1071+ 6834                              New_Def UM_MUL, "UM*", is_code, is_normal
1071+ 6834             >temp_NFA        defl    $                   // save this NFA address to temp_NFA
1071+ 6834             >
1071+ 6834             >                // dummy db directives used to calculate length of namec
1071+ 6834 55 4D 2A    >                db      "UM*"
1071+ 6837             >len_NFA         defl    $ - temp_NFA
1071+ 6837             >                org     $ - len_NFA         // rewind to temp_NFA and re-do NFA part
1071+ 6834             >
1071+ 6834 83          >                db      len_NFA | END_BIT | is_normal  // The start of NFA must have msb set to signal the beginning of the sounted string
1071+ 6835 55 4D 2A    >                db      "UM*"               // name string in 7-bit ascii, but
1071+ 6838             >                org     $-1                 // alter last byte of Name just above to set
1071+ 6837 AA          >                db      {b $} | END_BIT     // msb as name end
1071+ 6838             >
1071+ 6838 18 68       >                dw      last_NFA            // Link to previous definition Name
1071+ 683A             >UM_MUL:          if is_code != 0 ; ok        // This is the start address of the direct jp(hl)
1071+ 683A ~           >                call    runcode ; ok        // for primitive definitions  actual code
1071+ 683A ~           >
1071+ 683A ~           >
1071+ 683A             >                endif           ; ok        // for other definitions it "points" the correct handler
1071+ 683A             >                // Use of "; ok" to suppress "warning[fwdref]"
1071+ 683A             >
1071+ 683A             >last_NFA        defl    temp_NFA            // keep track of NFA saved above
1072+ 683A D9                           exx
1073+ 683B D1                           pop     de                    // de has u2 operand
1074+ 683C C1                           pop     bc                    // hl has u1 operand
1075+ 683D              //              push    bc                    // Save Instruction Pointer
1076+ 683D              //              ld      b, h
1077+ 683D              //              ld      c, l
1078+ 683D 21 00 00                     ld      hl, 0
1079+ 6840 3E 10                        ld      a, 16
1080+ 6842              UM_Mul_1:
1081+ 6842 29                               add     hl, hl
1082+ 6843 CB 13                            rl      e
1083+ 6845 CB 12                            rl      d
1084+ 6847 30 04                            jr      nc, UM_Mul_Carry
1085+ 6849 09                                   add     hl, bc
1086+ 684A 30 01                                jr      nc, UM_Mul_Carry
1087+ 684C 13                                       inc     de
1088+ 684D              UM_Mul_Carry:
1089+ 684D 3D                               dec     a
1090+ 684E 20 F2                            jr      nz, UM_Mul_1
1091+ 6850              //              ex      de, hl
1092+ 6850              //              pop     bc
1093+ 6850 E5                           push    hl
1094+ 6851 D5                           push    de
1095+ 6852 D9                           exx
1096+ 6853                              next
1096+ 6853 DD E9       >                jp      (ix)
1097+ 6855
1098+ 6855              //  ______________________________________________________________________
1099+ 6855              //
1100+ 6855              // um/mod      ud u1 -- q r
1101+ 6855              // divides ud into u1 giving quotient q and remainder r
1102+ 6855              // algorithm takes 16 bit at a time starting from msb
1103+ 6855              // DE grows from lsb upward with quotient result
1104+ 6855              // HL keeps the remainder at each stage of division
1105+ 6855              // each loop 'lowers' the next binary digit to form the current dividend
1106+ 6855                              New_Def UMDIVMOD, "UM/MOD", is_code, is_normal
1106+ 6855             >temp_NFA        defl    $                   // save this NFA address to temp_NFA
1106+ 6855             >
1106+ 6855             >                // dummy db directives used to calculate length of namec
1106+ 6855 55 4D 2F 4D >                db      "UM/MOD"
1106+ 6859 4F 44       >
1106+ 685B             >len_NFA         defl    $ - temp_NFA
1106+ 685B             >                org     $ - len_NFA         // rewind to temp_NFA and re-do NFA part
1106+ 6855             >
1106+ 6855 86          >                db      len_NFA | END_BIT | is_normal  // The start of NFA must have msb set to signal the beginning of the sounted string
1106+ 6856 55 4D 2F 4D >                db      "UM/MOD"               // name string in 7-bit ascii, but
1106+ 685A 4F 44       >
1106+ 685C             >                org     $-1                 // alter last byte of Name just above to set
1106+ 685B C4          >                db      {b $} | END_BIT     // msb as name end
1106+ 685C             >
1106+ 685C 34 68       >                dw      last_NFA            // Link to previous definition Name
1106+ 685E             >UMDIVMOD:          if is_code != 0 ; ok        // This is the start address of the direct jp(hl)
1106+ 685E ~           >                call    runcode ; ok        // for primitive definitions  actual code
1106+ 685E ~           >
1106+ 685E ~           >
1106+ 685E             >                endif           ; ok        // for other definitions it "points" the correct handler
1106+ 685E             >                // Use of "; ok" to suppress "warning[fwdref]"
1106+ 685E             >
1106+ 685E             >last_NFA        defl    temp_NFA            // keep track of NFA saved above
1107+ 685E D9                           exx
1108+ 685F C1                           pop     bc                      // divisor
1109+ 6860
1110+ 6860 E1                           pop     hl                      // < high part
1111+ 6861 D1                           pop     de                      // < low part and
1112+ 6862
1113+ 6862 7D                           ld      a, l                    // check without changing arguments
1114+ 6863 91                           sub     c                       // if divisor is greater than high part
1115+ 6864 7C                           ld      a, h                    // so quotient will be in range
1116+ 6865 98                           sbc     a, b
1117+ 6866 30 20                        jr      nc, Um_DivMod_OutOfRange
1118+ 6868 3E 10                            ld      a, 16
1119+ 686A              Um_DivMod_Loop:
1120+ 686A CB 23                                sla     e
1121+ 686C CB 12                                rl      d
1122+ 686E ED 6A                                adc     hl, hl
1123+ 6870 30 05                                jr      nc, Um_DivMod_Carry
1124+ 6872 A7                                       and     a
1125+ 6873 ED 42                                    sbc     hl, bc
1126+ 6875 18 07                                jr      Um_DivMod_Endif    // else
1127+ 6877              Um_DivMod_Carry:
1128+ 6877 A7                                       and     a
1129+ 6878 ED 42                                    sbc     hl, bc
1130+ 687A 30 02                                    jr      nc, Um_DivMod_Endif
1131+ 687C 09                                           add     hl, bc
1132+ 687D 1B                                           dec     de
1133+ 687E              Um_DivMod_Endif:                                   // endif
1134+ 687E 13                                   inc     de
1135+ 687F 3D                                   dec     a
1136+ 6880 20 E8                            jr      nz, Um_DivMod_Loop
1137+ 6882 EB                               ex      de, hl
1138+ 6883              Um_DivMod_Bailout:
1139+ 6883 D5                               push    de                  // de := remanider
1140+ 6884 E5                               push    hl                  // hl := quotient
1141+ 6885 D9                               exx
1142+ 6886                                  next
1142+ 6886 DD E9       >                jp      (ix)
1143+ 6888
1144+ 6888              Um_DivMod_OutOfRange:
1145+ 6888 21 FF FF                     ld      hl, -1
1146+ 688B 54                           ld      d, h
1147+ 688C 5D                           ld      e, l
1148+ 688D 18 F4                        jr      Um_DivMod_Bailout
1149+ 688F
1150+ 688F              //  ______________________________________________________________________
1151+ 688F              //
1152+ 688F              // and          n1 n2 -- n3
1153+ 688F              // bit logical AND. Returns n3 as n1 & n2
1154+ 688F                              New_Def AND_OP, "AND", is_code, is_normal
1154+ 688F             >temp_NFA        defl    $                   // save this NFA address to temp_NFA
1154+ 688F             >
1154+ 688F             >                // dummy db directives used to calculate length of namec
1154+ 688F 41 4E 44    >                db      "AND"
1154+ 6892             >len_NFA         defl    $ - temp_NFA
1154+ 6892             >                org     $ - len_NFA         // rewind to temp_NFA and re-do NFA part
1154+ 688F             >
1154+ 688F 83          >                db      len_NFA | END_BIT | is_normal  // The start of NFA must have msb set to signal the beginning of the sounted string
1154+ 6890 41 4E 44    >                db      "AND"               // name string in 7-bit ascii, but
1154+ 6893             >                org     $-1                 // alter last byte of Name just above to set
1154+ 6892 C4          >                db      {b $} | END_BIT     // msb as name end
1154+ 6893             >
1154+ 6893 55 68       >                dw      last_NFA            // Link to previous definition Name
1154+ 6895             >AND_OP:          if is_code != 0 ; ok        // This is the start address of the direct jp(hl)
1154+ 6895 ~           >                call    runcode ; ok        // for primitive definitions  actual code
1154+ 6895 ~           >
1154+ 6895 ~           >
1154+ 6895             >                endif           ; ok        // for other definitions it "points" the correct handler
1154+ 6895             >                // Use of "; ok" to suppress "warning[fwdref]"
1154+ 6895             >
1154+ 6895             >last_NFA        defl    temp_NFA            // keep track of NFA saved above
1155+ 6895 D9                           exx
1156+ 6896 D1                           pop     de
1157+ 6897 E1                           pop     hl
1158+ 6898 7B                           ld      a, e
1159+ 6899 A5                           and     l
1160+ 689A 6F                           ld      l, a
1161+ 689B 7A                           ld      a, d
1162+ 689C A4                           and     h
1163+ 689D              Boolean_exit:
1164+ 689D 67                           ld      h, a
1165+ 689E E5                           push    hl
1166+ 689F D9                           exx
1167+ 68A0                              next
1167+ 68A0 DD E9       >                jp      (ix)
1168+ 68A2
1169+ 68A2              //  ______________________________________________________________________
1170+ 68A2              //
1171+ 68A2              // or           n1 n2 -- n3
1172+ 68A2              // bit logical OR. Returns n3 as n1 | n2
1173+ 68A2                              New_Def OR_OP, "OR", is_code, is_normal
1173+ 68A2             >temp_NFA        defl    $                   // save this NFA address to temp_NFA
1173+ 68A2             >
1173+ 68A2             >                // dummy db directives used to calculate length of namec
1173+ 68A2 4F 52       >                db      "OR"
1173+ 68A4             >len_NFA         defl    $ - temp_NFA
1173+ 68A4             >                org     $ - len_NFA         // rewind to temp_NFA and re-do NFA part
1173+ 68A2             >
1173+ 68A2 82          >                db      len_NFA | END_BIT | is_normal  // The start of NFA must have msb set to signal the beginning of the sounted string
1173+ 68A3 4F 52       >                db      "OR"               // name string in 7-bit ascii, but
1173+ 68A5             >                org     $-1                 // alter last byte of Name just above to set
1173+ 68A4 D2          >                db      {b $} | END_BIT     // msb as name end
1173+ 68A5             >
1173+ 68A5 8F 68       >                dw      last_NFA            // Link to previous definition Name
1173+ 68A7             >OR_OP:          if is_code != 0 ; ok        // This is the start address of the direct jp(hl)
1173+ 68A7 ~           >                call    runcode ; ok        // for primitive definitions  actual code
1173+ 68A7 ~           >
1173+ 68A7 ~           >
1173+ 68A7             >                endif           ; ok        // for other definitions it "points" the correct handler
1173+ 68A7             >                // Use of "; ok" to suppress "warning[fwdref]"
1173+ 68A7             >
1173+ 68A7             >last_NFA        defl    temp_NFA            // keep track of NFA saved above
1174+ 68A7 D9                           exx
1175+ 68A8 D1                           pop     de
1176+ 68A9 E1                           pop     hl
1177+ 68AA 7B                           ld      a, e
1178+ 68AB B5                           or      l
1179+ 68AC 6F                           ld      l, a
1180+ 68AD 7A                           ld      a, d
1181+ 68AE B4                           or      h
1182+ 68AF 18 EC                        jr      Boolean_exit
1183+ 68B1              //              ld      h, a
1184+ 68B1              //              push    hl
1185+ 68B1              //              exx
1186+ 68B1              //              next
1187+ 68B1
1188+ 68B1              //  ______________________________________________________________________
1189+ 68B1              //
1190+ 68B1              // xor          n1 n2 -- n3
1191+ 68B1              // bit logical OR. Returns n3 as n1 ^ n2
1192+ 68B1                              New_Def XOR_OP, "XOR", is_code, is_normal
1192+ 68B1             >temp_NFA        defl    $                   // save this NFA address to temp_NFA
1192+ 68B1             >
1192+ 68B1             >                // dummy db directives used to calculate length of namec
1192+ 68B1 58 4F 52    >                db      "XOR"
1192+ 68B4             >len_NFA         defl    $ - temp_NFA
1192+ 68B4             >                org     $ - len_NFA         // rewind to temp_NFA and re-do NFA part
1192+ 68B1             >
1192+ 68B1 83          >                db      len_NFA | END_BIT | is_normal  // The start of NFA must have msb set to signal the beginning of the sounted string
1192+ 68B2 58 4F 52    >                db      "XOR"               // name string in 7-bit ascii, but
1192+ 68B5             >                org     $-1                 // alter last byte of Name just above to set
1192+ 68B4 D2          >                db      {b $} | END_BIT     // msb as name end
1192+ 68B5             >
1192+ 68B5 A2 68       >                dw      last_NFA            // Link to previous definition Name
1192+ 68B7             >XOR_OP:          if is_code != 0 ; ok        // This is the start address of the direct jp(hl)
1192+ 68B7 ~           >                call    runcode ; ok        // for primitive definitions  actual code
1192+ 68B7 ~           >
1192+ 68B7 ~           >
1192+ 68B7             >                endif           ; ok        // for other definitions it "points" the correct handler
1192+ 68B7             >                // Use of "; ok" to suppress "warning[fwdref]"
1192+ 68B7             >
1192+ 68B7             >last_NFA        defl    temp_NFA            // keep track of NFA saved above
1193+ 68B7 D9                           exx
1194+ 68B8 D1                           pop     de
1195+ 68B9 E1                           pop     hl
1196+ 68BA 7B                           ld      a, e
1197+ 68BB AD                           xor     l
1198+ 68BC 6F                           ld      l, a
1199+ 68BD 7A                           ld      a, d
1200+ 68BE AC                           xor     h
1201+ 68BF 18 DC                        jr      Boolean_exit
1202+ 68C1              //              ld      h, a
1203+ 68C1              //              push    hl
1204+ 68C1              //              exx
1205+ 68C1              //              next
1206+ 68C1
1207+ 68C1              //  ______________________________________________________________________
1208+ 68C1              //
1209+ 68C1              // sp@      -- a
1210+ 68C1              // returns on top of stack the value of SP before execution
1211+ 68C1                              New_Def SPFETCH, "SP@", is_code, is_normal
1211+ 68C1             >temp_NFA        defl    $                   // save this NFA address to temp_NFA
1211+ 68C1             >
1211+ 68C1             >                // dummy db directives used to calculate length of namec
1211+ 68C1 53 50 40    >                db      "SP@"
1211+ 68C4             >len_NFA         defl    $ - temp_NFA
1211+ 68C4             >                org     $ - len_NFA         // rewind to temp_NFA and re-do NFA part
1211+ 68C1             >
1211+ 68C1 83          >                db      len_NFA | END_BIT | is_normal  // The start of NFA must have msb set to signal the beginning of the sounted string
1211+ 68C2 53 50 40    >                db      "SP@"               // name string in 7-bit ascii, but
1211+ 68C5             >                org     $-1                 // alter last byte of Name just above to set
1211+ 68C4 C0          >                db      {b $} | END_BIT     // msb as name end
1211+ 68C5             >
1211+ 68C5 B1 68       >                dw      last_NFA            // Link to previous definition Name
1211+ 68C7             >SPFETCH:          if is_code != 0 ; ok        // This is the start address of the direct jp(hl)
1211+ 68C7 ~           >                call    runcode ; ok        // for primitive definitions  actual code
1211+ 68C7 ~           >
1211+ 68C7 ~           >
1211+ 68C7             >                endif           ; ok        // for other definitions it "points" the correct handler
1211+ 68C7             >                // Use of "; ok" to suppress "warning[fwdref]"
1211+ 68C7             >
1211+ 68C7             >last_NFA        defl    temp_NFA            // keep track of NFA saved above
1212+ 68C7
1213+ 68C7 21 00 00                     ld      hl, 0
1214+ 68CA 39                           add     hl, sp
1215+ 68CB
1216+ 68CB                              psh1
1216+ 68CB E5          >                push    hl
1216+ 68CC DD E9       >                jp      (ix)
1217+ 68CE
1218+ 68CE              //  ______________________________________________________________________
1219+ 68CE              //
1220+ 68CE              // sp!      a --
1221+ 68CE              // restore SP to the initial value passed
1222+ 68CE              // normally it is S0, i.e. the word at offset 6 and 7 of user variabiles area.
1223+ 68CE                              New_Def SPSTORE, "SP!", is_code, is_normal
1223+ 68CE             >temp_NFA        defl    $                   // save this NFA address to temp_NFA
1223+ 68CE             >
1223+ 68CE             >                // dummy db directives used to calculate length of namec
1223+ 68CE 53 50 21    >                db      "SP!"
1223+ 68D1             >len_NFA         defl    $ - temp_NFA
1223+ 68D1             >                org     $ - len_NFA         // rewind to temp_NFA and re-do NFA part
1223+ 68CE             >
1223+ 68CE 83          >                db      len_NFA | END_BIT | is_normal  // The start of NFA must have msb set to signal the beginning of the sounted string
1223+ 68CF 53 50 21    >                db      "SP!"               // name string in 7-bit ascii, but
1223+ 68D2             >                org     $-1                 // alter last byte of Name just above to set
1223+ 68D1 A1          >                db      {b $} | END_BIT     // msb as name end
1223+ 68D2             >
1223+ 68D2 C1 68       >                dw      last_NFA            // Link to previous definition Name
1223+ 68D4             >SPSTORE:          if is_code != 0 ; ok        // This is the start address of the direct jp(hl)
1223+ 68D4 ~           >                call    runcode ; ok        // for primitive definitions  actual code
1223+ 68D4 ~           >
1223+ 68D4 ~           >
1223+ 68D4             >                endif           ; ok        // for other definitions it "points" the correct handler
1223+ 68D4             >                // Use of "; ok" to suppress "warning[fwdref]"
1223+ 68D4             >
1223+ 68D4             >last_NFA        defl    temp_NFA            // keep track of NFA saved above
1224+ 68D4 E1                           pop     hl
1225+ 68D5 F9                           ld      sp, hl
1226+ 68D6
1227+ 68D6                              next
1227+ 68D6 DD E9       >                jp      (ix)
1228+ 68D8
1229+ 68D8              //  ______________________________________________________________________
1230+ 68D8              //
1231+ 68D8              // rp@      -- a
1232+ 68D8              // returns on top of stack the value of Return-Pointer
1233+ 68D8                              New_Def RPFETCH, "RP@", is_code, is_normal
1233+ 68D8             >temp_NFA        defl    $                   // save this NFA address to temp_NFA
1233+ 68D8             >
1233+ 68D8             >                // dummy db directives used to calculate length of namec
1233+ 68D8 52 50 40    >                db      "RP@"
1233+ 68DB             >len_NFA         defl    $ - temp_NFA
1233+ 68DB             >                org     $ - len_NFA         // rewind to temp_NFA and re-do NFA part
1233+ 68D8             >
1233+ 68D8 83          >                db      len_NFA | END_BIT | is_normal  // The start of NFA must have msb set to signal the beginning of the sounted string
1233+ 68D9 52 50 40    >                db      "RP@"               // name string in 7-bit ascii, but
1233+ 68DC             >                org     $-1                 // alter last byte of Name just above to set
1233+ 68DB C0          >                db      {b $} | END_BIT     // msb as name end
1233+ 68DC             >
1233+ 68DC CE 68       >                dw      last_NFA            // Link to previous definition Name
1233+ 68DE             >RPFETCH:          if is_code != 0 ; ok        // This is the start address of the direct jp(hl)
1233+ 68DE ~           >                call    runcode ; ok        // for primitive definitions  actual code
1233+ 68DE ~           >
1233+ 68DE ~           >
1233+ 68DE             >                endif           ; ok        // for other definitions it "points" the correct handler
1233+ 68DE             >                // Use of "; ok" to suppress "warning[fwdref]"
1233+ 68DE             >
1233+ 68DE             >last_NFA        defl    temp_NFA            // keep track of NFA saved above
1234+ 68DE
1235+ 68DE                              // *** ldhlrp
1236+ 68DE                              // *** ex      de, hl
1237+ 68DE D5                           push de
1238+ 68DF
1239+ 68DF                              next
1239+ 68DF DD E9       >                jp      (ix)
1240+ 68E1
1241+ 68E1              //  ______________________________________________________________________
1242+ 68E1              //
1243+ 68E1              // rp!      a --
1244+ 68E1              // restore RP to the initial value passed
1245+ 68E1              // normally it is R0 @, i.e. the word at offset 8 of user variabiles area.
1246+ 68E1                              New_Def RPSTORE, "RP!", is_code, is_normal
1246+ 68E1             >temp_NFA        defl    $                   // save this NFA address to temp_NFA
1246+ 68E1             >
1246+ 68E1             >                // dummy db directives used to calculate length of namec
1246+ 68E1 52 50 21    >                db      "RP!"
1246+ 68E4             >len_NFA         defl    $ - temp_NFA
1246+ 68E4             >                org     $ - len_NFA         // rewind to temp_NFA and re-do NFA part
1246+ 68E1             >
1246+ 68E1 83          >                db      len_NFA | END_BIT | is_normal  // The start of NFA must have msb set to signal the beginning of the sounted string
1246+ 68E2 52 50 21    >                db      "RP!"               // name string in 7-bit ascii, but
1246+ 68E5             >                org     $-1                 // alter last byte of Name just above to set
1246+ 68E4 A1          >                db      {b $} | END_BIT     // msb as name end
1246+ 68E5             >
1246+ 68E5 D8 68       >                dw      last_NFA            // Link to previous definition Name
1246+ 68E7             >RPSTORE:          if is_code != 0 ; ok        // This is the start address of the direct jp(hl)
1246+ 68E7 ~           >                call    runcode ; ok        // for primitive definitions  actual code
1246+ 68E7 ~           >
1246+ 68E7 ~           >
1246+ 68E7             >                endif           ; ok        // for other definitions it "points" the correct handler
1246+ 68E7             >                // Use of "; ok" to suppress "warning[fwdref]"
1246+ 68E7             >
1246+ 68E7             >last_NFA        defl    temp_NFA            // keep track of NFA saved above
1247+ 68E7 D1                           pop     de
1248+ 68E8                              // *** ex      de, hl
1249+ 68E8                              // *** ldrphl
1250+ 68E8
1251+ 68E8                              next
1251+ 68E8 DD E9       >                jp      (ix)
1252+ 68EA
1253+ 68EA              //  ______________________________________________________________________
1254+ 68EA              //
1255+ 68EA              // exit       --
1256+ 68EA              // exits back to the caller word
1257+ 68EA                              New_Def EXIT, "EXIT", is_code, is_normal
1257+ 68EA             >temp_NFA        defl    $                   // save this NFA address to temp_NFA
1257+ 68EA             >
1257+ 68EA             >                // dummy db directives used to calculate length of namec
1257+ 68EA 45 58 49 54 >                db      "EXIT"
1257+ 68EE             >len_NFA         defl    $ - temp_NFA
1257+ 68EE             >                org     $ - len_NFA         // rewind to temp_NFA and re-do NFA part
1257+ 68EA             >
1257+ 68EA 84          >                db      len_NFA | END_BIT | is_normal  // The start of NFA must have msb set to signal the beginning of the sounted string
1257+ 68EB 45 58 49 54 >                db      "EXIT"               // name string in 7-bit ascii, but
1257+ 68EF             >                org     $-1                 // alter last byte of Name just above to set
1257+ 68EE D4          >                db      {b $} | END_BIT     // msb as name end
1257+ 68EF             >
1257+ 68EF E1 68       >                dw      last_NFA            // Link to previous definition Name
1257+ 68F1             >EXIT:          if is_code != 0 ; ok        // This is the start address of the direct jp(hl)
1257+ 68F1 ~           >                call    runcode ; ok        // for primitive definitions  actual code
1257+ 68F1 ~           >
1257+ 68F1 ~           >
1257+ 68F1             >                endif           ; ok        // for other definitions it "points" the correct handler
1257+ 68F1             >                // Use of "; ok" to suppress "warning[fwdref]"
1257+ 68F1             >
1257+ 68F1             >last_NFA        defl    temp_NFA            // keep track of NFA saved above
1258+ 68F1 EB                           ex      de, hl
1259+ 68F2                              // *** ldhlrp                      // Get Return Stack Pointer
1260+ 68F2 4E                           ld      c, (hl)             // pop Instruction Pointer
1261+ 68F3 23                           inc     hl                  // from Return Stack
1262+ 68F4 46                           ld      b, (hl)
1263+ 68F5 23                           inc     hl
1264+ 68F6                              // *** ldrphl                      // Set Return Stack Pointer
1265+ 68F6 EB                           ex      de, hl
1266+ 68F7                              next
1266+ 68F7 DD E9       >                jp      (ix)
1267+ 68F9
1268+ 68F9              //  ______________________________________________________________________
1269+ 68F9              //
1270+ 68F9              // lastl      --
1271+ 68F9              // exits back to the caller word
1272+ 68F9              //              New_Def EXIT, "LASTL", is_code, is_normal
1273+ 68F9              //              push    de
1274+ 68F9              //              ex      de, hl //**
1275+ 68F9              //              // *** ldhlrp                      // Get Return Stack Pointer
1276+ 68F9              //              ld      e, (hl)             // pop Instruction Pointer
1277+ 68F9              //              inc     hl                  // from Return Stack
1278+ 68F9              //              ld      d, (hl)
1279+ 68F9              //              inc     hl
1280+ 68F9              //              ld      (hl), e
1281+ 68F9              //              inc     hl
1282+ 68F9              //              ld      (hl), d
1283+ 68F9              //              add     hl, -3
1284+ 68F9              //              pop     de
1285+ 68F9              //              next
1286+ 68F9
1287+ 68F9              //  ______________________________________________________________________
1288+ 68F9              //
1289+ 68F9              // >r      n --
1290+ 68F9              // pop from calculator-stack and push into return-stack
1291+ 68F9                              New_Def TO_R, ">R", is_code, is_normal
1291+ 68F9             >temp_NFA        defl    $                   // save this NFA address to temp_NFA
1291+ 68F9             >
1291+ 68F9             >                // dummy db directives used to calculate length of namec
1291+ 68F9 3E 52       >                db      ">R"
1291+ 68FB             >len_NFA         defl    $ - temp_NFA
1291+ 68FB             >                org     $ - len_NFA         // rewind to temp_NFA and re-do NFA part
1291+ 68F9             >
1291+ 68F9 82          >                db      len_NFA | END_BIT | is_normal  // The start of NFA must have msb set to signal the beginning of the sounted string
1291+ 68FA 3E 52       >                db      ">R"               // name string in 7-bit ascii, but
1291+ 68FC             >                org     $-1                 // alter last byte of Name just above to set
1291+ 68FB D2          >                db      {b $} | END_BIT     // msb as name end
1291+ 68FC             >
1291+ 68FC EA 68       >                dw      last_NFA            // Link to previous definition Name
1291+ 68FE             >TO_R:          if is_code != 0 ; ok        // This is the start address of the direct jp(hl)
1291+ 68FE ~           >                call    runcode ; ok        // for primitive definitions  actual code
1291+ 68FE ~           >
1291+ 68FE ~           >
1291+ 68FE             >                endif           ; ok        // for other definitions it "points" the correct handler
1291+ 68FE             >                // Use of "; ok" to suppress "warning[fwdref]"
1291+ 68FE             >
1291+ 68FE             >last_NFA        defl    temp_NFA            // keep track of NFA saved above
1292+ 68FE E1                           pop     hl
1293+ 68FF EB                           ex      de, hl //**
1294+ 6900                              // *** ldhlrp
1295+ 6900 2B                           dec     hl
1296+ 6901 72                           ld      (hl), d             // store current TOS
1297+ 6902 2B                           dec     hl                  // to Return Stack
1298+ 6903 73                           ld      (hl), e
1299+ 6904                              // *** ldrphl
1300+ 6904 EB                           ex      de, hl //**
1301+ 6905                              next
1301+ 6905 DD E9       >                jp      (ix)
1302+ 6907
1303+ 6907              //  ______________________________________________________________________
1304+ 6907              //
1305+ 6907              // r>      -- n
1306+ 6907              // pop from return-stack and push into calculator-stack
1307+ 6907                              New_Def R_TO, "R>", is_code, is_normal
1307+ 6907             >temp_NFA        defl    $                   // save this NFA address to temp_NFA
1307+ 6907             >
1307+ 6907             >                // dummy db directives used to calculate length of namec
1307+ 6907 52 3E       >                db      "R>"
1307+ 6909             >len_NFA         defl    $ - temp_NFA
1307+ 6909             >                org     $ - len_NFA         // rewind to temp_NFA and re-do NFA part
1307+ 6907             >
1307+ 6907 82          >                db      len_NFA | END_BIT | is_normal  // The start of NFA must have msb set to signal the beginning of the sounted string
1307+ 6908 52 3E       >                db      "R>"               // name string in 7-bit ascii, but
1307+ 690A             >                org     $-1                 // alter last byte of Name just above to set
1307+ 6909 BE          >                db      {b $} | END_BIT     // msb as name end
1307+ 690A             >
1307+ 690A F9 68       >                dw      last_NFA            // Link to previous definition Name
1307+ 690C             >R_TO:          if is_code != 0 ; ok        // This is the start address of the direct jp(hl)
1307+ 690C ~           >                call    runcode ; ok        // for primitive definitions  actual code
1307+ 690C ~           >
1307+ 690C ~           >
1307+ 690C             >                endif           ; ok        // for other definitions it "points" the correct handler
1307+ 690C             >                // Use of "; ok" to suppress "warning[fwdref]"
1307+ 690C             >
1307+ 690C             >last_NFA        defl    temp_NFA            // keep track of NFA saved above
1308+ 690C
1309+ 690C EB                           ex      de, hl //**
1310+ 690D                              // *** ldhlrp
1311+ 690D 5E                           ld      e, (hl)             // retrieve from Return Stack
1312+ 690E 23                           inc     hl
1313+ 690F 56                           ld      d, (hl)
1314+ 6910 23                           inc     hl
1315+ 6911                              // *** ldrphl
1316+ 6911 EB                           ex      de, hl //**
1317+ 6912 E5                           push    hl
1318+ 6913                              next
1318+ 6913 DD E9       >                jp      (ix)
1319+ 6915
1320+ 6915              //  ______________________________________________________________________
1321+ 6915              //
1322+ 6915              // r@           -- n
1323+ 6915              // return on top of stack the value of top of return-stack
1324+ 6915              // Since this is the same as I, we alter R's CFA to jump there
1325+ 6915                              New_Def R_OP, "R@", is_code, is_normal
1325+ 6915             >temp_NFA        defl    $                   // save this NFA address to temp_NFA
1325+ 6915             >
1325+ 6915             >                // dummy db directives used to calculate length of namec
1325+ 6915 52 40       >                db      "R@"
1325+ 6917             >len_NFA         defl    $ - temp_NFA
1325+ 6917             >                org     $ - len_NFA         // rewind to temp_NFA and re-do NFA part
1325+ 6915             >
1325+ 6915 82          >                db      len_NFA | END_BIT | is_normal  // The start of NFA must have msb set to signal the beginning of the sounted string
1325+ 6916 52 40       >                db      "R@"               // name string in 7-bit ascii, but
1325+ 6918             >                org     $-1                 // alter last byte of Name just above to set
1325+ 6917 C0          >                db      {b $} | END_BIT     // msb as name end
1325+ 6918             >
1325+ 6918 07 69       >                dw      last_NFA            // Link to previous definition Name
1325+ 691A             >R_OP:          if is_code != 0 ; ok        // This is the start address of the direct jp(hl)
1325+ 691A ~           >                call    runcode ; ok        // for primitive definitions  actual code
1325+ 691A ~           >
1325+ 691A ~           >
1325+ 691A             >                endif           ; ok        // for other definitions it "points" the correct handler
1325+ 691A             >                // Use of "; ok" to suppress "warning[fwdref]"
1325+ 691A             >
1325+ 691A             >last_NFA        defl    temp_NFA            // keep track of NFA saved above
1326+ 691A C3 10 65                     jp      I_Ptr
1327+ 691D
1328+ 691D              //  ______________________________________________________________________
1329+ 691D              //
1330+ 691D              // r            -- n
1331+ 691D              // return on top of stack the value of top of return-stack
1332+ 691D              // Since this is the same as I, we alter R's CFA to jump there
1333+ 691D              //              New_Def R_OLD, "R", is_code, is_normal
1334+ 691D              //              jp      I_Ptr
1335+ 691D
1336+ 691D              //  ______________________________________________________________________
1337+ 691D              //
1338+ 691D              // 0=           n -- f
1339+ 691D              // true (non zero) if n is zero, false (0) elsewere
1340+ 691D                              New_Def ZEQUAL, "0=", is_code, is_normal
1340+ 691D             >temp_NFA        defl    $                   // save this NFA address to temp_NFA
1340+ 691D             >
1340+ 691D             >                // dummy db directives used to calculate length of namec
1340+ 691D 30 3D       >                db      "0="
1340+ 691F             >len_NFA         defl    $ - temp_NFA
1340+ 691F             >                org     $ - len_NFA         // rewind to temp_NFA and re-do NFA part
1340+ 691D             >
1340+ 691D 82          >                db      len_NFA | END_BIT | is_normal  // The start of NFA must have msb set to signal the beginning of the sounted string
1340+ 691E 30 3D       >                db      "0="               // name string in 7-bit ascii, but
1340+ 6920             >                org     $-1                 // alter last byte of Name just above to set
1340+ 691F BD          >                db      {b $} | END_BIT     // msb as name end
1340+ 6920             >
1340+ 6920 15 69       >                dw      last_NFA            // Link to previous definition Name
1340+ 6922             >ZEQUAL:          if is_code != 0 ; ok        // This is the start address of the direct jp(hl)
1340+ 6922 ~           >                call    runcode ; ok        // for primitive definitions  actual code
1340+ 6922 ~           >
1340+ 6922 ~           >
1340+ 6922             >                endif           ; ok        // for other definitions it "points" the correct handler
1340+ 6922             >                // Use of "; ok" to suppress "warning[fwdref]"
1340+ 6922             >
1340+ 6922             >last_NFA        defl    temp_NFA            // keep track of NFA saved above
1341+ 6922              Zero_Equal:
1342+ 6922 E1                           pop     hl
1343+ 6923 7D                           ld      a, l
1344+ 6924 B4                           or      h
1345+ 6925 21 00 00                     ld      hl, FALSE_FLAG
1346+ 6928 20 01                        jr      nz, ZEqual_Skip
1347+ 692A 2B                               dec     hl
1348+ 692B              ZEqual_Skip:
1349+ 692B                              psh1
1349+ 692B E5          >                push    hl
1349+ 692C DD E9       >                jp      (ix)
1350+ 692E
1351+ 692E              //  ______________________________________________________________________
1352+ 692E              //
1353+ 692E              // not         a1 -- a2
1354+ 692E              // increment by 2 top of stack
1355+ 692E                              New_Def NOT_OP, "NOT", is_code, is_normal
1355+ 692E             >temp_NFA        defl    $                   // save this NFA address to temp_NFA
1355+ 692E             >
1355+ 692E             >                // dummy db directives used to calculate length of namec
1355+ 692E 4E 4F 54    >                db      "NOT"
1355+ 6931             >len_NFA         defl    $ - temp_NFA
1355+ 6931             >                org     $ - len_NFA         // rewind to temp_NFA and re-do NFA part
1355+ 692E             >
1355+ 692E 83          >                db      len_NFA | END_BIT | is_normal  // The start of NFA must have msb set to signal the beginning of the sounted string
1355+ 692F 4E 4F 54    >                db      "NOT"               // name string in 7-bit ascii, but
1355+ 6932             >                org     $-1                 // alter last byte of Name just above to set
1355+ 6931 D4          >                db      {b $} | END_BIT     // msb as name end
1355+ 6932             >
1355+ 6932 1D 69       >                dw      last_NFA            // Link to previous definition Name
1355+ 6934             >NOT_OP:          if is_code != 0 ; ok        // This is the start address of the direct jp(hl)
1355+ 6934 ~           >                call    runcode ; ok        // for primitive definitions  actual code
1355+ 6934 ~           >
1355+ 6934 ~           >
1355+ 6934             >                endif           ; ok        // for other definitions it "points" the correct handler
1355+ 6934             >                // Use of "; ok" to suppress "warning[fwdref]"
1355+ 6934             >
1355+ 6934             >last_NFA        defl    temp_NFA            // keep track of NFA saved above
1356+ 6934 C3 22 69                     jp      Zero_Equal
1357+ 6937
1358+ 6937              //  ______________________________________________________________________
1359+ 6937              //
1360+ 6937              // 0<           n -- f
1361+ 6937              // true (non zero) if n is less than zero, false (0) elsewere
1362+ 6937                              New_Def ZLESS, "0<", is_code, is_normal
1362+ 6937             >temp_NFA        defl    $                   // save this NFA address to temp_NFA
1362+ 6937             >
1362+ 6937             >                // dummy db directives used to calculate length of namec
1362+ 6937 30 3C       >                db      "0<"
1362+ 6939             >len_NFA         defl    $ - temp_NFA
1362+ 6939             >                org     $ - len_NFA         // rewind to temp_NFA and re-do NFA part
1362+ 6937             >
1362+ 6937 82          >                db      len_NFA | END_BIT | is_normal  // The start of NFA must have msb set to signal the beginning of the sounted string
1362+ 6938 30 3C       >                db      "0<"               // name string in 7-bit ascii, but
1362+ 693A             >                org     $-1                 // alter last byte of Name just above to set
1362+ 6939 BC          >                db      {b $} | END_BIT     // msb as name end
1362+ 693A             >
1362+ 693A 2E 69       >                dw      last_NFA            // Link to previous definition Name
1362+ 693C             >ZLESS:          if is_code != 0 ; ok        // This is the start address of the direct jp(hl)
1362+ 693C ~           >                call    runcode ; ok        // for primitive definitions  actual code
1362+ 693C ~           >
1362+ 693C ~           >
1362+ 693C             >                endif           ; ok        // for other definitions it "points" the correct handler
1362+ 693C             >                // Use of "; ok" to suppress "warning[fwdref]"
1362+ 693C             >
1362+ 693C             >last_NFA        defl    temp_NFA            // keep track of NFA saved above
1363+ 693C E1                           pop     hl
1364+ 693D 29                           add     hl, hl
1365+ 693E ED 62                        sbc     hl, hl
1366+ 6940                              psh1
1366+ 6940 E5          >                push    hl
1366+ 6941 DD E9       >                jp      (ix)
1367+ 6943
1368+ 6943              //  ______________________________________________________________________
1369+ 6943              //
1370+ 6943              // 0>           n -- f
1371+ 6943              // true (non zero) if n is less than zero, false (0) elsewere
1372+ 6943                              New_Def ZGREATER, "0>", is_code, is_normal
1372+ 6943             >temp_NFA        defl    $                   // save this NFA address to temp_NFA
1372+ 6943             >
1372+ 6943             >                // dummy db directives used to calculate length of namec
1372+ 6943 30 3E       >                db      "0>"
1372+ 6945             >len_NFA         defl    $ - temp_NFA
1372+ 6945             >                org     $ - len_NFA         // rewind to temp_NFA and re-do NFA part
1372+ 6943             >
1372+ 6943 82          >                db      len_NFA | END_BIT | is_normal  // The start of NFA must have msb set to signal the beginning of the sounted string
1372+ 6944 30 3E       >                db      "0>"               // name string in 7-bit ascii, but
1372+ 6946             >                org     $-1                 // alter last byte of Name just above to set
1372+ 6945 BE          >                db      {b $} | END_BIT     // msb as name end
1372+ 6946             >
1372+ 6946 37 69       >                dw      last_NFA            // Link to previous definition Name
1372+ 6948             >ZGREATER:          if is_code != 0 ; ok        // This is the start address of the direct jp(hl)
1372+ 6948 ~           >                call    runcode ; ok        // for primitive definitions  actual code
1372+ 6948 ~           >
1372+ 6948 ~           >
1372+ 6948             >                endif           ; ok        // for other definitions it "points" the correct handler
1372+ 6948             >                // Use of "; ok" to suppress "warning[fwdref]"
1372+ 6948             >
1372+ 6948             >last_NFA        defl    temp_NFA            // keep track of NFA saved above
1373+ 6948 E1                           pop     hl
1374+ 6949 7D                           ld      a, l
1375+ 694A B4                           or      h
1376+ 694B 29                           add     hl, hl
1377+ 694C 21 00 00                     ld      hl, FALSE_FLAG
1378+ 694F 38 04                        jr      c, ZGreater_Skip
1379+ 6951 A7                               and     a
1380+ 6952 28 01                            jr      z, ZGreater_Skip
1381+ 6954 2B                                   dec     hl
1382+ 6955              ZGreater_Skip:
1383+ 6955                              psh1
1383+ 6955 E5          >                push    hl
1383+ 6956 DD E9       >                jp      (ix)
1384+ 6958
1385+ 6958              //  ______________________________________________________________________
1386+ 6958              //
1387+ 6958              // +            n1 n2 -- n3
1388+ 6958              // returns the unsigned sum of two top values
1389+ 6958                              New_Def PLUS, "+", is_code, is_normal
1389+ 6958             >temp_NFA        defl    $                   // save this NFA address to temp_NFA
1389+ 6958             >
1389+ 6958             >                // dummy db directives used to calculate length of namec
1389+ 6958 2B          >                db      "+"
1389+ 6959             >len_NFA         defl    $ - temp_NFA
1389+ 6959             >                org     $ - len_NFA         // rewind to temp_NFA and re-do NFA part
1389+ 6958             >
1389+ 6958 81          >                db      len_NFA | END_BIT | is_normal  // The start of NFA must have msb set to signal the beginning of the sounted string
1389+ 6959 2B          >                db      "+"               // name string in 7-bit ascii, but
1389+ 695A             >                org     $-1                 // alter last byte of Name just above to set
1389+ 6959 AB          >                db      {b $} | END_BIT     // msb as name end
1389+ 695A             >
1389+ 695A 43 69       >                dw      last_NFA            // Link to previous definition Name
1389+ 695C             >PLUS:          if is_code != 0 ; ok        // This is the start address of the direct jp(hl)
1389+ 695C ~           >                call    runcode ; ok        // for primitive definitions  actual code
1389+ 695C ~           >
1389+ 695C ~           >
1389+ 695C             >                endif           ; ok        // for other definitions it "points" the correct handler
1389+ 695C             >                // Use of "; ok" to suppress "warning[fwdref]"
1389+ 695C             >
1389+ 695C             >last_NFA        defl    temp_NFA            // keep track of NFA saved above
1390+ 695C D9                           exx
1391+ 695D E1                           pop     hl
1392+ 695E D1                           pop     de
1393+ 695F 19                           add     hl, de
1394+ 6960 E5                           push    hl
1395+ 6961 D9                           exx
1396+ 6962                              next
1396+ 6962 DD E9       >                jp      (ix)
1397+ 6964
1398+ 6964
1399+ 6964              //  ______________________________________________________________________
1400+ 6964              //
1401+ 6964              // d+           d1 d2 -- d3
1402+ 6964              // returns the unsigned sum of two top double-numbers
1403+ 6964              //      d2  d1
1404+ 6964              //      h l h l
1405+ 6964              // SP   LHEDLHED
1406+ 6964              // SP  +01234567
1407+ 6964                              New_Def DPLUS, "D+", is_code, is_normal
1407+ 6964             >temp_NFA        defl    $                   // save this NFA address to temp_NFA
1407+ 6964             >
1407+ 6964             >                // dummy db directives used to calculate length of namec
1407+ 6964 44 2B       >                db      "D+"
1407+ 6966             >len_NFA         defl    $ - temp_NFA
1407+ 6966             >                org     $ - len_NFA         // rewind to temp_NFA and re-do NFA part
1407+ 6964             >
1407+ 6964 82          >                db      len_NFA | END_BIT | is_normal  // The start of NFA must have msb set to signal the beginning of the sounted string
1407+ 6965 44 2B       >                db      "D+"               // name string in 7-bit ascii, but
1407+ 6967             >                org     $-1                 // alter last byte of Name just above to set
1407+ 6966 AB          >                db      {b $} | END_BIT     // msb as name end
1407+ 6967             >
1407+ 6967 58 69       >                dw      last_NFA            // Link to previous definition Name
1407+ 6969             >DPLUS:          if is_code != 0 ; ok        // This is the start address of the direct jp(hl)
1407+ 6969 ~           >                call    runcode ; ok        // for primitive definitions  actual code
1407+ 6969 ~           >
1407+ 6969 ~           >
1407+ 6969             >                endif           ; ok        // for other definitions it "points" the correct handler
1407+ 6969             >                // Use of "; ok" to suppress "warning[fwdref]"
1407+ 6969             >
1407+ 6969             >last_NFA        defl    temp_NFA            // keep track of NFA saved above
1408+ 6969
1409+ 6969 D9                           exx
1410+ 696A C1                           pop     bc                  // bc := d2.H
1411+ 696B D1                           pop     de                  // hl := d2.L
1412+ 696C E1                           pop     hl                  // d1.H
1413+ 696D E3                           ex      (sp), hl            // d1.L
1414+ 696E 19                           add     hl, de              // hl := d2.L + d1.L
1415+ 696F E3                           ex      (sp), hl            // d1.H
1416+ 6970 ED 4A                        adc     hl, bc              // d1.H + d2.H
1417+ 6972 E5                           push    hl
1418+ 6973 D9                           exx
1419+ 6974                              next
1419+ 6974 DD E9       >                jp      (ix)
1420+ 6976
1421+ 6976              //  ______________________________________________________________________
1422+ 6976              //
1423+ 6976              // 1+           n1 -- n2
1424+ 6976              // increment by 1 top of stack
1425+ 6976                              New_Def ONE_PLUS, "1+", is_code, is_normal
1425+ 6976             >temp_NFA        defl    $                   // save this NFA address to temp_NFA
1425+ 6976             >
1425+ 6976             >                // dummy db directives used to calculate length of namec
1425+ 6976 31 2B       >                db      "1+"
1425+ 6978             >len_NFA         defl    $ - temp_NFA
1425+ 6978             >                org     $ - len_NFA         // rewind to temp_NFA and re-do NFA part
1425+ 6976             >
1425+ 6976 82          >                db      len_NFA | END_BIT | is_normal  // The start of NFA must have msb set to signal the beginning of the sounted string
1425+ 6977 31 2B       >                db      "1+"               // name string in 7-bit ascii, but
1425+ 6979             >                org     $-1                 // alter last byte of Name just above to set
1425+ 6978 AB          >                db      {b $} | END_BIT     // msb as name end
1425+ 6979             >
1425+ 6979 64 69       >                dw      last_NFA            // Link to previous definition Name
1425+ 697B             >ONE_PLUS:          if is_code != 0 ; ok        // This is the start address of the direct jp(hl)
1425+ 697B ~           >                call    runcode ; ok        // for primitive definitions  actual code
1425+ 697B ~           >
1425+ 697B ~           >
1425+ 697B             >                endif           ; ok        // for other definitions it "points" the correct handler
1425+ 697B             >                // Use of "; ok" to suppress "warning[fwdref]"
1425+ 697B             >
1425+ 697B             >last_NFA        defl    temp_NFA            // keep track of NFA saved above
1426+ 697B E1                           pop     hl
1427+ 697C 23                           inc     hl
1428+ 697D
1429+ 697D                              psh1
1429+ 697D E5          >                push    hl
1429+ 697E DD E9       >                jp      (ix)
1430+ 6980
1431+ 6980              //  ______________________________________________________________________
1432+ 6980              //
1433+ 6980              // 1-           n1 -- n2
1434+ 6980              // decrement by 1 top of stack
1435+ 6980                              New_Def ONE_SUBTRACT, "1-", is_code, is_normal
1435+ 6980             >temp_NFA        defl    $                   // save this NFA address to temp_NFA
1435+ 6980             >
1435+ 6980             >                // dummy db directives used to calculate length of namec
1435+ 6980 31 2D       >                db      "1-"
1435+ 6982             >len_NFA         defl    $ - temp_NFA
1435+ 6982             >                org     $ - len_NFA         // rewind to temp_NFA and re-do NFA part
1435+ 6980             >
1435+ 6980 82          >                db      len_NFA | END_BIT | is_normal  // The start of NFA must have msb set to signal the beginning of the sounted string
1435+ 6981 31 2D       >                db      "1-"               // name string in 7-bit ascii, but
1435+ 6983             >                org     $-1                 // alter last byte of Name just above to set
1435+ 6982 AD          >                db      {b $} | END_BIT     // msb as name end
1435+ 6983             >
1435+ 6983 76 69       >                dw      last_NFA            // Link to previous definition Name
1435+ 6985             >ONE_SUBTRACT:          if is_code != 0 ; ok        // This is the start address of the direct jp(hl)
1435+ 6985 ~           >                call    runcode ; ok        // for primitive definitions  actual code
1435+ 6985 ~           >
1435+ 6985 ~           >
1435+ 6985             >                endif           ; ok        // for other definitions it "points" the correct handler
1435+ 6985             >                // Use of "; ok" to suppress "warning[fwdref]"
1435+ 6985             >
1435+ 6985             >last_NFA        defl    temp_NFA            // keep track of NFA saved above
1436+ 6985 E1                           pop     hl
1437+ 6986 2B                           dec     hl
1438+ 6987
1439+ 6987                              psh1
1439+ 6987 E5          >                push    hl
1439+ 6988 DD E9       >                jp      (ix)
1440+ 698A
1441+ 698A              //  ______________________________________________________________________
1442+ 698A              //
1443+ 698A              // 2+           n1 -- n2
1444+ 698A              // increment by 2 top of stack
1445+ 698A                              New_Def TWO_PLUS, "2+", is_code, is_normal
1445+ 698A             >temp_NFA        defl    $                   // save this NFA address to temp_NFA
1445+ 698A             >
1445+ 698A             >                // dummy db directives used to calculate length of namec
1445+ 698A 32 2B       >                db      "2+"
1445+ 698C             >len_NFA         defl    $ - temp_NFA
1445+ 698C             >                org     $ - len_NFA         // rewind to temp_NFA and re-do NFA part
1445+ 698A             >
1445+ 698A 82          >                db      len_NFA | END_BIT | is_normal  // The start of NFA must have msb set to signal the beginning of the sounted string
1445+ 698B 32 2B       >                db      "2+"               // name string in 7-bit ascii, but
1445+ 698D             >                org     $-1                 // alter last byte of Name just above to set
1445+ 698C AB          >                db      {b $} | END_BIT     // msb as name end
1445+ 698D             >
1445+ 698D 80 69       >                dw      last_NFA            // Link to previous definition Name
1445+ 698F             >TWO_PLUS:          if is_code != 0 ; ok        // This is the start address of the direct jp(hl)
1445+ 698F ~           >                call    runcode ; ok        // for primitive definitions  actual code
1445+ 698F ~           >
1445+ 698F ~           >
1445+ 698F             >                endif           ; ok        // for other definitions it "points" the correct handler
1445+ 698F             >                // Use of "; ok" to suppress "warning[fwdref]"
1445+ 698F             >
1445+ 698F             >last_NFA        defl    temp_NFA            // keep track of NFA saved above
1446+ 698F              Two_Plus:
1447+ 698F E1                           pop     hl
1448+ 6990 23                           inc     hl
1449+ 6991 23                           inc     hl
1450+ 6992
1451+ 6992                              psh1
1451+ 6992 E5          >                push    hl
1451+ 6993 DD E9       >                jp      (ix)
1452+ 6995
1453+ 6995              //  ______________________________________________________________________
1454+ 6995              //
1455+ 6995              // cell+        a1 -- a2
1456+ 6995              // increment by 2 top of stack
1457+ 6995                              New_Def CELL_PLUS, "CELL+", is_code, is_normal
1457+ 6995             >temp_NFA        defl    $                   // save this NFA address to temp_NFA
1457+ 6995             >
1457+ 6995             >                // dummy db directives used to calculate length of namec
1457+ 6995 43 45 4C 4C >                db      "CELL+"
1457+ 6999 2B          >
1457+ 699A             >len_NFA         defl    $ - temp_NFA
1457+ 699A             >                org     $ - len_NFA         // rewind to temp_NFA and re-do NFA part
1457+ 6995             >
1457+ 6995 85          >                db      len_NFA | END_BIT | is_normal  // The start of NFA must have msb set to signal the beginning of the sounted string
1457+ 6996 43 45 4C 4C >                db      "CELL+"               // name string in 7-bit ascii, but
1457+ 699A 2B          >
1457+ 699B             >                org     $-1                 // alter last byte of Name just above to set
1457+ 699A AB          >                db      {b $} | END_BIT     // msb as name end
1457+ 699B             >
1457+ 699B 8A 69       >                dw      last_NFA            // Link to previous definition Name
1457+ 699D             >CELL_PLUS:          if is_code != 0 ; ok        // This is the start address of the direct jp(hl)
1457+ 699D ~           >                call    runcode ; ok        // for primitive definitions  actual code
1457+ 699D ~           >
1457+ 699D ~           >
1457+ 699D             >                endif           ; ok        // for other definitions it "points" the correct handler
1457+ 699D             >                // Use of "; ok" to suppress "warning[fwdref]"
1457+ 699D             >
1457+ 699D             >last_NFA        defl    temp_NFA            // keep track of NFA saved above
1458+ 699D 18 F0                        jr      Two_Plus
1459+ 699F
1460+ 699F              //  ______________________________________________________________________
1461+ 699F              //
1462+ 699F              // align        a1 -- a2
1463+ 699F              // align memory : not used
1464+ 699F              //              New_Def ALIGN_ADDR, "ALIGN", is_code, is_normal
1465+ 699F              //            next
1466+ 699F
1467+ 699F              //  ______________________________________________________________________
1468+ 699F              //
1469+ 699F              // cell-        a1 -- a2
1470+ 699F              // decrement by 2 top of stack
1471+ 699F                              New_Def CELL_MINUS, "CELL-", is_code, is_normal
1471+ 699F             >temp_NFA        defl    $                   // save this NFA address to temp_NFA
1471+ 699F             >
1471+ 699F             >                // dummy db directives used to calculate length of namec
1471+ 699F 43 45 4C 4C >                db      "CELL-"
1471+ 69A3 2D          >
1471+ 69A4             >len_NFA         defl    $ - temp_NFA
1471+ 69A4             >                org     $ - len_NFA         // rewind to temp_NFA and re-do NFA part
1471+ 699F             >
1471+ 699F 85          >                db      len_NFA | END_BIT | is_normal  // The start of NFA must have msb set to signal the beginning of the sounted string
1471+ 69A0 43 45 4C 4C >                db      "CELL-"               // name string in 7-bit ascii, but
1471+ 69A4 2D          >
1471+ 69A5             >                org     $-1                 // alter last byte of Name just above to set
1471+ 69A4 AD          >                db      {b $} | END_BIT     // msb as name end
1471+ 69A5             >
1471+ 69A5 95 69       >                dw      last_NFA            // Link to previous definition Name
1471+ 69A7             >CELL_MINUS:          if is_code != 0 ; ok        // This is the start address of the direct jp(hl)
1471+ 69A7 ~           >                call    runcode ; ok        // for primitive definitions  actual code
1471+ 69A7 ~           >
1471+ 69A7 ~           >
1471+ 69A7             >                endif           ; ok        // for other definitions it "points" the correct handler
1471+ 69A7             >                // Use of "; ok" to suppress "warning[fwdref]"
1471+ 69A7             >
1471+ 69A7             >last_NFA        defl    temp_NFA            // keep track of NFA saved above
1472+ 69A7              CellMinus:
1473+ 69A7 E1                           pop     hl
1474+ 69A8 2B                           dec     hl
1475+ 69A9 2B                           dec     hl
1476+ 69AA
1477+ 69AA                              psh1
1477+ 69AA E5          >                push    hl
1477+ 69AB DD E9       >                jp      (ix)
1478+ 69AD
1479+ 69AD              //  ______________________________________________________________________
1480+ 69AD              //
1481+ 69AD              // 2-           a1 -- a2
1482+ 69AD              // decrement by 2 top of stack
1483+ 69AD                              New_Def TWO_MINUS, "2-", is_code, is_normal
1483+ 69AD             >temp_NFA        defl    $                   // save this NFA address to temp_NFA
1483+ 69AD             >
1483+ 69AD             >                // dummy db directives used to calculate length of namec
1483+ 69AD 32 2D       >                db      "2-"
1483+ 69AF             >len_NFA         defl    $ - temp_NFA
1483+ 69AF             >                org     $ - len_NFA         // rewind to temp_NFA and re-do NFA part
1483+ 69AD             >
1483+ 69AD 82          >                db      len_NFA | END_BIT | is_normal  // The start of NFA must have msb set to signal the beginning of the sounted string
1483+ 69AE 32 2D       >                db      "2-"               // name string in 7-bit ascii, but
1483+ 69B0             >                org     $-1                 // alter last byte of Name just above to set
1483+ 69AF AD          >                db      {b $} | END_BIT     // msb as name end
1483+ 69B0             >
1483+ 69B0 9F 69       >                dw      last_NFA            // Link to previous definition Name
1483+ 69B2             >TWO_MINUS:          if is_code != 0 ; ok        // This is the start address of the direct jp(hl)
1483+ 69B2 ~           >                call    runcode ; ok        // for primitive definitions  actual code
1483+ 69B2 ~           >
1483+ 69B2 ~           >
1483+ 69B2             >                endif           ; ok        // for other definitions it "points" the correct handler
1483+ 69B2             >                // Use of "; ok" to suppress "warning[fwdref]"
1483+ 69B2             >
1483+ 69B2             >last_NFA        defl    temp_NFA            // keep track of NFA saved above
1484+ 69B2 C3 A7 69                     jp      CellMinus
1485+ 69B5
1486+ 69B5              //  ______________________________________________________________________
1487+ 69B5              //
1488+ 69B5              // negate       n1 -- n2
1489+ 69B5              // change the sign of number
1490+ 69B5                              New_Def MINUS, "NEGATE", is_code, is_normal
1490+ 69B5             >temp_NFA        defl    $                   // save this NFA address to temp_NFA
1490+ 69B5             >
1490+ 69B5             >                // dummy db directives used to calculate length of namec
1490+ 69B5 4E 45 47 41 >                db      "NEGATE"
1490+ 69B9 54 45       >
1490+ 69BB             >len_NFA         defl    $ - temp_NFA
1490+ 69BB             >                org     $ - len_NFA         // rewind to temp_NFA and re-do NFA part
1490+ 69B5             >
1490+ 69B5 86          >                db      len_NFA | END_BIT | is_normal  // The start of NFA must have msb set to signal the beginning of the sounted string
1490+ 69B6 4E 45 47 41 >                db      "NEGATE"               // name string in 7-bit ascii, but
1490+ 69BA 54 45       >
1490+ 69BC             >                org     $-1                 // alter last byte of Name just above to set
1490+ 69BB C5          >                db      {b $} | END_BIT     // msb as name end
1490+ 69BC             >
1490+ 69BC AD 69       >                dw      last_NFA            // Link to previous definition Name
1490+ 69BE             >MINUS:          if is_code != 0 ; ok        // This is the start address of the direct jp(hl)
1490+ 69BE ~           >                call    runcode ; ok        // for primitive definitions  actual code
1490+ 69BE ~           >
1490+ 69BE ~           >
1490+ 69BE             >                endif           ; ok        // for other definitions it "points" the correct handler
1490+ 69BE             >                // Use of "; ok" to suppress "warning[fwdref]"
1490+ 69BE             >
1490+ 69BE             >last_NFA        defl    temp_NFA            // keep track of NFA saved above
1491+ 69BE D9                           exx
1492+ 69BF D1                           pop     de
1493+ 69C0 AF                           xor     a
1494+ 69C1 67                           ld      h, a               // subtract from 0
1495+ 69C2 6F                           ld      l, a
1496+ 69C3 ED 52                        sbc     hl, de
1497+ 69C5 E5                           push    hl
1498+ 69C6 D9                           exx
1499+ 69C7                              next
1499+ 69C7 DD E9       >                jp      (ix)
1500+ 69C9
1501+ 69C9              //  ______________________________________________________________________
1502+ 69C9              //
1503+ 69C9              // dnegate      d1 -- d2
1504+ 69C9              // change the sign of a double number
1505+ 69C9                              New_Def DMINUS, "DNEGATE", is_code, is_normal
1505+ 69C9             >temp_NFA        defl    $                   // save this NFA address to temp_NFA
1505+ 69C9             >
1505+ 69C9             >                // dummy db directives used to calculate length of namec
1505+ 69C9 44 4E 45 47 >                db      "DNEGATE"
1505+ 69CD 41 54 45    >
1505+ 69D0             >len_NFA         defl    $ - temp_NFA
1505+ 69D0             >                org     $ - len_NFA         // rewind to temp_NFA and re-do NFA part
1505+ 69C9             >
1505+ 69C9 87          >                db      len_NFA | END_BIT | is_normal  // The start of NFA must have msb set to signal the beginning of the sounted string
1505+ 69CA 44 4E 45 47 >                db      "DNEGATE"               // name string in 7-bit ascii, but
1505+ 69CE 41 54 45    >
1505+ 69D1             >                org     $-1                 // alter last byte of Name just above to set
1505+ 69D0 C5          >                db      {b $} | END_BIT     // msb as name end
1505+ 69D1             >
1505+ 69D1 B5 69       >                dw      last_NFA            // Link to previous definition Name
1505+ 69D3             >DMINUS:          if is_code != 0 ; ok        // This is the start address of the direct jp(hl)
1505+ 69D3 ~           >                call    runcode ; ok        // for primitive definitions  actual code
1505+ 69D3 ~           >
1505+ 69D3 ~           >
1505+ 69D3             >                endif           ; ok        // for other definitions it "points" the correct handler
1505+ 69D3             >                // Use of "; ok" to suppress "warning[fwdref]"
1505+ 69D3             >
1505+ 69D3             >last_NFA        defl    temp_NFA            // keep track of NFA saved above
1506+ 69D3 D9                           exx
1507+ 69D4 C1                           pop     bc                  // d1.H
1508+ 69D5 D1                           pop     de                  // d1.L
1509+ 69D6 AF                           xor     a
1510+ 69D7 67                           ld      h, a
1511+ 69D8 6F                           ld      l, a
1512+ 69D9 ED 52                        sbc     hl, de              // subtact from zero
1513+ 69DB E5                           push    hl                  // > d2-L
1514+ 69DC 67                           ld      h, a
1515+ 69DD 6F                           ld      l, a
1516+ 69DE ED 42                        sbc     hl, bc              // subtract from zero with carry
1517+ 69E0                                                          // > d2-H
1518+ 69E0 E5                           push    hl
1519+ 69E1 D9                           exx
1520+ 69E2                              next
1520+ 69E2 DD E9       >                jp      (ix)
1521+ 69E4
1522+ 69E4              //  ______________________________________________________________________
1523+ 69E4              //
1524+ 69E4              // over         n1 n2 -- n1 n2 n1
1525+ 69E4              // copy the second value of stack and put it on top.
1526+ 69E4                              New_Def OVER, "OVER", is_code, is_normal
1526+ 69E4             >temp_NFA        defl    $                   // save this NFA address to temp_NFA
1526+ 69E4             >
1526+ 69E4             >                // dummy db directives used to calculate length of namec
1526+ 69E4 4F 56 45 52 >                db      "OVER"
1526+ 69E8             >len_NFA         defl    $ - temp_NFA
1526+ 69E8             >                org     $ - len_NFA         // rewind to temp_NFA and re-do NFA part
1526+ 69E4             >
1526+ 69E4 84          >                db      len_NFA | END_BIT | is_normal  // The start of NFA must have msb set to signal the beginning of the sounted string
1526+ 69E5 4F 56 45 52 >                db      "OVER"               // name string in 7-bit ascii, but
1526+ 69E9             >                org     $-1                 // alter last byte of Name just above to set
1526+ 69E8 D2          >                db      {b $} | END_BIT     // msb as name end
1526+ 69E9             >
1526+ 69E9 C9 69       >                dw      last_NFA            // Link to previous definition Name
1526+ 69EB             >OVER:          if is_code != 0 ; ok        // This is the start address of the direct jp(hl)
1526+ 69EB ~           >                call    runcode ; ok        // for primitive definitions  actual code
1526+ 69EB ~           >
1526+ 69EB ~           >
1526+ 69EB             >                endif           ; ok        // for other definitions it "points" the correct handler
1526+ 69EB             >                // Use of "; ok" to suppress "warning[fwdref]"
1526+ 69EB             >
1526+ 69EB             >last_NFA        defl    temp_NFA            // keep track of NFA saved above
1527+ 69EB                              // exx     // we can use af instead OPTIMIZATION possible
1528+ 69EB F1                           pop     af                  //   n2
1529+ 69EC E1                           pop     hl                  // < n1
1530+ 69ED E5                           push    hl                  // > n1
1531+ 69EE F5                           push    af                  // > n2
1532+ 69EF E5                           push    hl                  // > n1
1533+ 69F0                              // exx
1534+ 69F0                              next
1534+ 69F0 DD E9       >                jp      (ix)
1535+ 69F2
1536+ 69F2              //  ______________________________________________________________________
1537+ 69F2              //
1538+ 69F2              // drop         n1 --
1539+ 69F2              // drops the top of stack
1540+ 69F2                              New_Def DROP, "DROP", is_code, is_normal
1540+ 69F2             >temp_NFA        defl    $                   // save this NFA address to temp_NFA
1540+ 69F2             >
1540+ 69F2             >                // dummy db directives used to calculate length of namec
1540+ 69F2 44 52 4F 50 >                db      "DROP"
1540+ 69F6             >len_NFA         defl    $ - temp_NFA
1540+ 69F6             >                org     $ - len_NFA         // rewind to temp_NFA and re-do NFA part
1540+ 69F2             >
1540+ 69F2 84          >                db      len_NFA | END_BIT | is_normal  // The start of NFA must have msb set to signal the beginning of the sounted string
1540+ 69F3 44 52 4F 50 >                db      "DROP"               // name string in 7-bit ascii, but
1540+ 69F7             >                org     $-1                 // alter last byte of Name just above to set
1540+ 69F6 D0          >                db      {b $} | END_BIT     // msb as name end
1540+ 69F7             >
1540+ 69F7 E4 69       >                dw      last_NFA            // Link to previous definition Name
1540+ 69F9             >DROP:          if is_code != 0 ; ok        // This is the start address of the direct jp(hl)
1540+ 69F9 ~           >                call    runcode ; ok        // for primitive definitions  actual code
1540+ 69F9 ~           >
1540+ 69F9 ~           >
1540+ 69F9             >                endif           ; ok        // for other definitions it "points" the correct handler
1540+ 69F9             >                // Use of "; ok" to suppress "warning[fwdref]"
1540+ 69F9             >
1540+ 69F9             >last_NFA        defl    temp_NFA            // keep track of NFA saved above
1541+ 69F9 E1                           pop     hl                  // < n1 and discard previous TOS
1542+ 69FA                              next
1542+ 69FA DD E9       >                jp      (ix)
1543+ 69FC
1544+ 69FC              //  ______________________________________________________________________
1545+ 69FC              //
1546+ 69FC              // nip          n1 n2 -- n2
1547+ 69FC              // drops the second elemento on the stack
1548+ 69FC                              New_Def NIP, "NIP", is_code, is_normal
1548+ 69FC             >temp_NFA        defl    $                   // save this NFA address to temp_NFA
1548+ 69FC             >
1548+ 69FC             >                // dummy db directives used to calculate length of namec
1548+ 69FC 4E 49 50    >                db      "NIP"
1548+ 69FF             >len_NFA         defl    $ - temp_NFA
1548+ 69FF             >                org     $ - len_NFA         // rewind to temp_NFA and re-do NFA part
1548+ 69FC             >
1548+ 69FC 83          >                db      len_NFA | END_BIT | is_normal  // The start of NFA must have msb set to signal the beginning of the sounted string
1548+ 69FD 4E 49 50    >                db      "NIP"               // name string in 7-bit ascii, but
1548+ 6A00             >                org     $-1                 // alter last byte of Name just above to set
1548+ 69FF D0          >                db      {b $} | END_BIT     // msb as name end
1548+ 6A00             >
1548+ 6A00 F2 69       >                dw      last_NFA            // Link to previous definition Name
1548+ 6A02             >NIP:          if is_code != 0 ; ok        // This is the start address of the direct jp(hl)
1548+ 6A02 ~           >                call    runcode ; ok        // for primitive definitions  actual code
1548+ 6A02 ~           >
1548+ 6A02 ~           >
1548+ 6A02             >                endif           ; ok        // for other definitions it "points" the correct handler
1548+ 6A02             >                // Use of "; ok" to suppress "warning[fwdref]"
1548+ 6A02             >
1548+ 6A02             >last_NFA        defl    temp_NFA            // keep track of NFA saved above
1549+ 6A02
1550+ 6A02 E1                           pop     hl                  // < n1 discarded
1551+ 6A03 E3                           ex      (sp), hl
1552+ 6A04                              next
1552+ 6A04 DD E9       >                jp      (ix)
1553+ 6A06
1554+ 6A06              //  ______________________________________________________________________
1555+ 6A06              //
1556+ 6A06              // tuck         n1 n2 -- n2 n1 n2
1557+ 6A06              // copy the top element after the second.
1558+ 6A06                              New_Def TUCK, "TUCK", is_code, is_normal
1558+ 6A06             >temp_NFA        defl    $                   // save this NFA address to temp_NFA
1558+ 6A06             >
1558+ 6A06             >                // dummy db directives used to calculate length of namec
1558+ 6A06 54 55 43 4B >                db      "TUCK"
1558+ 6A0A             >len_NFA         defl    $ - temp_NFA
1558+ 6A0A             >                org     $ - len_NFA         // rewind to temp_NFA and re-do NFA part
1558+ 6A06             >
1558+ 6A06 84          >                db      len_NFA | END_BIT | is_normal  // The start of NFA must have msb set to signal the beginning of the sounted string
1558+ 6A07 54 55 43 4B >                db      "TUCK"               // name string in 7-bit ascii, but
1558+ 6A0B             >                org     $-1                 // alter last byte of Name just above to set
1558+ 6A0A CB          >                db      {b $} | END_BIT     // msb as name end
1558+ 6A0B             >
1558+ 6A0B FC 69       >                dw      last_NFA            // Link to previous definition Name
1558+ 6A0D             >TUCK:          if is_code != 0 ; ok        // This is the start address of the direct jp(hl)
1558+ 6A0D ~           >                call    runcode ; ok        // for primitive definitions  actual code
1558+ 6A0D ~           >
1558+ 6A0D ~           >
1558+ 6A0D             >                endif           ; ok        // for other definitions it "points" the correct handler
1558+ 6A0D             >                // Use of "; ok" to suppress "warning[fwdref]"
1558+ 6A0D             >
1558+ 6A0D             >last_NFA        defl    temp_NFA            // keep track of NFA saved above
1559+ 6A0D E1                           pop     hl
1560+ 6A0E F1                           pop     af                  // < n1
1561+ 6A0F E5                           push    hl                  // > n2  and TOS
1562+ 6A10 F5                           push    af                  // > n1
1563+ 6A11 E5                           push    hl
1564+ 6A12                              next
1564+ 6A12 DD E9       >                jp      (ix)
1565+ 6A14
1566+ 6A14              //  ______________________________________________________________________
1567+ 6A14              //
1568+ 6A14              // swap         n1 n2 -- n2 n1
1569+ 6A14              // swaps the two values on top of stack
1570+ 6A14                              New_Def SWAP, "SWAP", is_code, is_normal
1570+ 6A14             >temp_NFA        defl    $                   // save this NFA address to temp_NFA
1570+ 6A14             >
1570+ 6A14             >                // dummy db directives used to calculate length of namec
1570+ 6A14 53 57 41 50 >                db      "SWAP"
1570+ 6A18             >len_NFA         defl    $ - temp_NFA
1570+ 6A18             >                org     $ - len_NFA         // rewind to temp_NFA and re-do NFA part
1570+ 6A14             >
1570+ 6A14 84          >                db      len_NFA | END_BIT | is_normal  // The start of NFA must have msb set to signal the beginning of the sounted string
1570+ 6A15 53 57 41 50 >                db      "SWAP"               // name string in 7-bit ascii, but
1570+ 6A19             >                org     $-1                 // alter last byte of Name just above to set
1570+ 6A18 D0          >                db      {b $} | END_BIT     // msb as name end
1570+ 6A19             >
1570+ 6A19 06 6A       >                dw      last_NFA            // Link to previous definition Name
1570+ 6A1B             >SWAP:          if is_code != 0 ; ok        // This is the start address of the direct jp(hl)
1570+ 6A1B ~           >                call    runcode ; ok        // for primitive definitions  actual code
1570+ 6A1B ~           >
1570+ 6A1B ~           >
1570+ 6A1B             >                endif           ; ok        // for other definitions it "points" the correct handler
1570+ 6A1B             >                // Use of "; ok" to suppress "warning[fwdref]"
1570+ 6A1B             >
1570+ 6A1B             >last_NFA        defl    temp_NFA            // keep track of NFA saved above
1571+ 6A1B E1                           pop     hl                  // < n1
1572+ 6A1C E3                           ex      (sp),hl             // > n2
1573+ 6A1D E5                           push    hl                  // copy n1 to TOS
1574+ 6A1E                              next
1574+ 6A1E DD E9       >                jp      (ix)
1575+ 6A20
1576+ 6A20              //  ______________________________________________________________________
1577+ 6A20              //
1578+ 6A20              // dup         n -- n n
1579+ 6A20              // duplicates the top value of stack
1580+ 6A20                              New_Def DUP, "DUP", is_code, is_normal
1580+ 6A20             >temp_NFA        defl    $                   // save this NFA address to temp_NFA
1580+ 6A20             >
1580+ 6A20             >                // dummy db directives used to calculate length of namec
1580+ 6A20 44 55 50    >                db      "DUP"
1580+ 6A23             >len_NFA         defl    $ - temp_NFA
1580+ 6A23             >                org     $ - len_NFA         // rewind to temp_NFA and re-do NFA part
1580+ 6A20             >
1580+ 6A20 83          >                db      len_NFA | END_BIT | is_normal  // The start of NFA must have msb set to signal the beginning of the sounted string
1580+ 6A21 44 55 50    >                db      "DUP"               // name string in 7-bit ascii, but
1580+ 6A24             >                org     $-1                 // alter last byte of Name just above to set
1580+ 6A23 D0          >                db      {b $} | END_BIT     // msb as name end
1580+ 6A24             >
1580+ 6A24 14 6A       >                dw      last_NFA            // Link to previous definition Name
1580+ 6A26             >DUP:          if is_code != 0 ; ok        // This is the start address of the direct jp(hl)
1580+ 6A26 ~           >                call    runcode ; ok        // for primitive definitions  actual code
1580+ 6A26 ~           >
1580+ 6A26 ~           >
1580+ 6A26             >                endif           ; ok        // for other definitions it "points" the correct handler
1580+ 6A26             >                // Use of "; ok" to suppress "warning[fwdref]"
1580+ 6A26             >
1580+ 6A26             >last_NFA        defl    temp_NFA            // keep track of NFA saved above
1581+ 6A26 E1                           pop     hl
1582+ 6A27 E5                           push    hl                  // > n duplicate TOS
1583+ 6A28 E5                           push    hl
1584+ 6A29                              next
1584+ 6A29 DD E9       >                jp      (ix)
1585+ 6A2B
1586+ 6A2B              //  ______________________________________________________________________
1587+ 6A2B              //
1588+ 6A2B              // rot         n1 n2 n3 -- n2 n3 n1
1589+ 6A2B              // Rotates the 3 top values of stack by picking the 3rd in access-order
1590+ 6A2B              // and putting it on top. The other two are shifted down one place.
1591+ 6A2B                              New_Def ROT, "ROT", is_code, is_normal
1591+ 6A2B             >temp_NFA        defl    $                   // save this NFA address to temp_NFA
1591+ 6A2B             >
1591+ 6A2B             >                // dummy db directives used to calculate length of namec
1591+ 6A2B 52 4F 54    >                db      "ROT"
1591+ 6A2E             >len_NFA         defl    $ - temp_NFA
1591+ 6A2E             >                org     $ - len_NFA         // rewind to temp_NFA and re-do NFA part
1591+ 6A2B             >
1591+ 6A2B 83          >                db      len_NFA | END_BIT | is_normal  // The start of NFA must have msb set to signal the beginning of the sounted string
1591+ 6A2C 52 4F 54    >                db      "ROT"               // name string in 7-bit ascii, but
1591+ 6A2F             >                org     $-1                 // alter last byte of Name just above to set
1591+ 6A2E D4          >                db      {b $} | END_BIT     // msb as name end
1591+ 6A2F             >
1591+ 6A2F 20 6A       >                dw      last_NFA            // Link to previous definition Name
1591+ 6A31             >ROT:          if is_code != 0 ; ok        // This is the start address of the direct jp(hl)
1591+ 6A31 ~           >                call    runcode ; ok        // for primitive definitions  actual code
1591+ 6A31 ~           >
1591+ 6A31 ~           >
1591+ 6A31             >                endif           ; ok        // for other definitions it "points" the correct handler
1591+ 6A31             >                // Use of "; ok" to suppress "warning[fwdref]"
1591+ 6A31             >
1591+ 6A31             >last_NFA        defl    temp_NFA            // keep track of NFA saved above
1592+ 6A31              //              exx
1593+ 6A31 F1                           pop     af                  // < n3
1594+ 6A32 E1                           pop     hl                  // < n2
1595+ 6A33 E3                           ex      (sp),hl             // > n2 < n1
1596+ 6A34 F5                           push    af                  // > n3
1597+ 6A35 E5                           push    hl                  // copy n1 to TOS
1598+ 6A36              //              exx
1599+ 6A36                              next
1599+ 6A36 DD E9       >                jp      (ix)
1600+ 6A38
1601+ 6A38              //  ______________________________________________________________________
1602+ 6A38              //
1603+ 6A38              // -rot         n1 n2 n3 -- n3 n1 n2
1604+ 6A38              // Rotates the 3 top values of stack by picking the 1st in access-order
1605+ 6A38              // and putting back to 3rd place. The other two are shifted down one place.
1606+ 6A38                              New_Def DASH_ROT, "-ROT", is_code, is_normal
1606+ 6A38             >temp_NFA        defl    $                   // save this NFA address to temp_NFA
1606+ 6A38             >
1606+ 6A38             >                // dummy db directives used to calculate length of namec
1606+ 6A38 2D 52 4F 54 >                db      "-ROT"
1606+ 6A3C             >len_NFA         defl    $ - temp_NFA
1606+ 6A3C             >                org     $ - len_NFA         // rewind to temp_NFA and re-do NFA part
1606+ 6A38             >
1606+ 6A38 84          >                db      len_NFA | END_BIT | is_normal  // The start of NFA must have msb set to signal the beginning of the sounted string
1606+ 6A39 2D 52 4F 54 >                db      "-ROT"               // name string in 7-bit ascii, but
1606+ 6A3D             >                org     $-1                 // alter last byte of Name just above to set
1606+ 6A3C D4          >                db      {b $} | END_BIT     // msb as name end
1606+ 6A3D             >
1606+ 6A3D 2B 6A       >                dw      last_NFA            // Link to previous definition Name
1606+ 6A3F             >DASH_ROT:          if is_code != 0 ; ok        // This is the start address of the direct jp(hl)
1606+ 6A3F ~           >                call    runcode ; ok        // for primitive definitions  actual code
1606+ 6A3F ~           >
1606+ 6A3F ~           >
1606+ 6A3F             >                endif           ; ok        // for other definitions it "points" the correct handler
1606+ 6A3F             >                // Use of "; ok" to suppress "warning[fwdref]"
1606+ 6A3F             >
1606+ 6A3F             >last_NFA        defl    temp_NFA            // keep track of NFA saved above
1607+ 6A3F              //              exx
1608+ 6A3F E1                           pop     hl                  // < n3
1609+ 6A40 F1                           pop     af                  // < n2
1610+ 6A41 E3                           ex      (sp),hl             // > n3 < n1
1611+ 6A42 E5                           push    hl                  // > n1
1612+ 6A43 F5                           push    af                  // copy n3 to TOS
1613+ 6A44              //              exx
1614+ 6A44                              next
1614+ 6A44 DD E9       >                jp      (ix)
1615+ 6A46
1616+ 6A46              //  ______________________________________________________________________
1617+ 6A46              //
1618+ 6A46              // pick        n1 -- nx
1619+ 6A46              // picks the nth element from TOS
1620+ 6A46                              New_Def PICK, "PICK", is_code, is_normal
1620+ 6A46             >temp_NFA        defl    $                   // save this NFA address to temp_NFA
1620+ 6A46             >
1620+ 6A46             >                // dummy db directives used to calculate length of namec
1620+ 6A46 50 49 43 4B >                db      "PICK"
1620+ 6A4A             >len_NFA         defl    $ - temp_NFA
1620+ 6A4A             >                org     $ - len_NFA         // rewind to temp_NFA and re-do NFA part
1620+ 6A46             >
1620+ 6A46 84          >                db      len_NFA | END_BIT | is_normal  // The start of NFA must have msb set to signal the beginning of the sounted string
1620+ 6A47 50 49 43 4B >                db      "PICK"               // name string in 7-bit ascii, but
1620+ 6A4B             >                org     $-1                 // alter last byte of Name just above to set
1620+ 6A4A CB          >                db      {b $} | END_BIT     // msb as name end
1620+ 6A4B             >
1620+ 6A4B 38 6A       >                dw      last_NFA            // Link to previous definition Name
1620+ 6A4D             >PICK:          if is_code != 0 ; ok        // This is the start address of the direct jp(hl)
1620+ 6A4D ~           >                call    runcode ; ok        // for primitive definitions  actual code
1620+ 6A4D ~           >
1620+ 6A4D ~           >
1620+ 6A4D             >                endif           ; ok        // for other definitions it "points" the correct handler
1620+ 6A4D             >                // Use of "; ok" to suppress "warning[fwdref]"
1620+ 6A4D             >
1620+ 6A4D             >last_NFA        defl    temp_NFA            // keep track of NFA saved above
1621+ 6A4D E1                           pop     hl                  // take TOS as index
1622+ 6A4E 29                           add     hl, hl              // as cells
1623+ 6A4F 39                           add     hl, sp              // from Stack Pointer
1624+ 6A50 7E                           ld      a, (hl)             // replace TOS
1625+ 6A51 23                           inc     hl
1626+ 6A52 66                           ld      h, (hl)
1627+ 6A53 6F                           ld      l, a
1628+ 6A54 E5                           push    hl
1629+ 6A55                              next
1629+ 6A55 DD E9       >                jp      (ix)
1630+ 6A57
1631+ 6A57
1632+ 6A57              //  ______________________________________________________________________
1633+ 6A57              //
1634+ 6A57              // roll        n1 n2 n3 ... n -- n2 n3 ... n1
1635+ 6A57              // picks the nth element from TOS
1636+ 6A57                              New_Def ROLL, "ROLL", is_code, is_normal
1636+ 6A57             >temp_NFA        defl    $                   // save this NFA address to temp_NFA
1636+ 6A57             >
1636+ 6A57             >                // dummy db directives used to calculate length of namec
1636+ 6A57 52 4F 4C 4C >                db      "ROLL"
1636+ 6A5B             >len_NFA         defl    $ - temp_NFA
1636+ 6A5B             >                org     $ - len_NFA         // rewind to temp_NFA and re-do NFA part
1636+ 6A57             >
1636+ 6A57 84          >                db      len_NFA | END_BIT | is_normal  // The start of NFA must have msb set to signal the beginning of the sounted string
1636+ 6A58 52 4F 4C 4C >                db      "ROLL"               // name string in 7-bit ascii, but
1636+ 6A5C             >                org     $-1                 // alter last byte of Name just above to set
1636+ 6A5B CC          >                db      {b $} | END_BIT     // msb as name end
1636+ 6A5C             >
1636+ 6A5C 46 6A       >                dw      last_NFA            // Link to previous definition Name
1636+ 6A5E             >ROLL:          if is_code != 0 ; ok        // This is the start address of the direct jp(hl)
1636+ 6A5E ~           >                call    runcode ; ok        // for primitive definitions  actual code
1636+ 6A5E ~           >
1636+ 6A5E ~           >
1636+ 6A5E             >                endif           ; ok        // for other definitions it "points" the correct handler
1636+ 6A5E             >                // Use of "; ok" to suppress "warning[fwdref]"
1636+ 6A5E             >
1636+ 6A5E             >last_NFA        defl    temp_NFA            // keep track of NFA saved above
1637+ 6A5E D9                           exx                     // we need all registers free
1638+ 6A5F E1                           pop     hl              // number of cells to roll
1639+ 6A60 7C                           ld      a, h
1640+ 6A61 B5                           or       l
1641+ 6A62 28 13                        jr      z, Roll_Zero
1642+ 6A64 29                               add     hl, hl              // number of bytes to move
1643+ 6A65 44                               ld      b, h
1644+ 6A66 4D                               ld      c, l
1645+ 6A67 39                               add     hl, sp          // address of n1
1646+ 6A68 7E                               ld      a, (hl)         // take n1 into a and a,
1647+ 6A69 23                               inc     hl
1648+ 6A6A 08                               ex      af, af'
1649+ 6A6B 7E                               ld      a, (hl)         // take n1 into a and a,
1650+ 6A6C 54                               ld      d, h
1651+ 6A6D 5D                               ld      e, l
1652+ 6A6E 2B                               dec     hl
1653+ 6A6F 2B                               dec     hl
1654+ 6A70 ED B8                            lddr
1655+ 6A72 EB                               ex      de, hl
1656+ 6A73 77                               ld      (hl), a
1657+ 6A74 2B                               dec     hl
1658+ 6A75 08                               ex      af, af'
1659+ 6A76 77                               ld      (hl), a
1660+ 6A77              Roll_Zero:
1661+ 6A77 D9                           exx
1662+ 6A78                              next
1662+ 6A78 DD E9       >                jp      (ix)
1663+ 6A7A
1664+ 6A7A
1665+ 6A7A              //  ______________________________________________________________________
1666+ 6A7A              //
1667+ 6A7A              // 2over        d1 d2 -- d1 d2 d1
1668+ 6A7A              //              n1 n2 n3 n4 -- n1 n2 n3 n4 n1 n2
1669+ 6A7A              // copy the second double of stack and put on top.
1670+ 6A7A                              New_Def TWO_OVER, "2OVER", is_code, is_normal
1670+ 6A7A             >temp_NFA        defl    $                   // save this NFA address to temp_NFA
1670+ 6A7A             >
1670+ 6A7A             >                // dummy db directives used to calculate length of namec
1670+ 6A7A 32 4F 56 45 >                db      "2OVER"
1670+ 6A7E 52          >
1670+ 6A7F             >len_NFA         defl    $ - temp_NFA
1670+ 6A7F             >                org     $ - len_NFA         // rewind to temp_NFA and re-do NFA part
1670+ 6A7A             >
1670+ 6A7A 85          >                db      len_NFA | END_BIT | is_normal  // The start of NFA must have msb set to signal the beginning of the sounted string
1670+ 6A7B 32 4F 56 45 >                db      "2OVER"               // name string in 7-bit ascii, but
1670+ 6A7F 52          >
1670+ 6A80             >                org     $-1                 // alter last byte of Name just above to set
1670+ 6A7F D2          >                db      {b $} | END_BIT     // msb as name end
1670+ 6A80             >
1670+ 6A80 57 6A       >                dw      last_NFA            // Link to previous definition Name
1670+ 6A82             >TWO_OVER:          if is_code != 0 ; ok        // This is the start address of the direct jp(hl)
1670+ 6A82 ~           >                call    runcode ; ok        // for primitive definitions  actual code
1670+ 6A82 ~           >
1670+ 6A82 ~           >
1670+ 6A82             >                endif           ; ok        // for other definitions it "points" the correct handler
1670+ 6A82             >                // Use of "; ok" to suppress "warning[fwdref]"
1670+ 6A82             >
1670+ 6A82             >last_NFA        defl    temp_NFA            // keep track of NFA saved above
1671+ 6A82 D9                           exx
1672+ 6A83              //              ld      hl, 7
1673+ 6A83              //              add     hl, sp
1674+ 6A83              //              ld      d, (hl)
1675+ 6A83              //              dec     hl
1676+ 6A83              //              ld      e, (hl)             // d1-L
1677+ 6A83              //              push    de
1678+ 6A83              //              dec     hl
1679+ 6A83              //              ld      d, (hl)
1680+ 6A83              //              dec     hl
1681+ 6A83              //              ld      e, (hl)             // d1-H
1682+ 6A83              //              push    de
1683+ 6A83
1684+ 6A83 E1                           pop     hl      // 10
1685+ 6A84 D1                           pop     de      // 10
1686+ 6A85 C1                           pop     bc      // 10
1687+ 6A86 F1                           pop     af      // 10
1688+ 6A87 F5                           push    af      // 11
1689+ 6A88 C5                           push    bc      // 11
1690+ 6A89 D5                           push    de      // 11
1691+ 6A8A E5                           push    hl      // 11
1692+ 6A8B F5                           push    af      // 11
1693+ 6A8C C5                           push    bc      // 11
1694+ 6A8D
1695+ 6A8D D9                           exx
1696+ 6A8E                              next
1696+ 6A8E DD E9       >                jp      (ix)
1697+ 6A90
1698+ 6A90              //  ______________________________________________________________________
1699+ 6A90              //
1700+ 6A90              // 2drop        d --
1701+ 6A90              //              n1 n2 --
1702+ 6A90              // drops the top double from stack
1703+ 6A90                              New_Def TWO_DROP, "2DROP", is_code, is_normal
1703+ 6A90             >temp_NFA        defl    $                   // save this NFA address to temp_NFA
1703+ 6A90             >
1703+ 6A90             >                // dummy db directives used to calculate length of namec
1703+ 6A90 32 44 52 4F >                db      "2DROP"
1703+ 6A94 50          >
1703+ 6A95             >len_NFA         defl    $ - temp_NFA
1703+ 6A95             >                org     $ - len_NFA         // rewind to temp_NFA and re-do NFA part
1703+ 6A90             >
1703+ 6A90 85          >                db      len_NFA | END_BIT | is_normal  // The start of NFA must have msb set to signal the beginning of the sounted string
1703+ 6A91 32 44 52 4F >                db      "2DROP"               // name string in 7-bit ascii, but
1703+ 6A95 50          >
1703+ 6A96             >                org     $-1                 // alter last byte of Name just above to set
1703+ 6A95 D0          >                db      {b $} | END_BIT     // msb as name end
1703+ 6A96             >
1703+ 6A96 7A 6A       >                dw      last_NFA            // Link to previous definition Name
1703+ 6A98             >TWO_DROP:          if is_code != 0 ; ok        // This is the start address of the direct jp(hl)
1703+ 6A98 ~           >                call    runcode ; ok        // for primitive definitions  actual code
1703+ 6A98 ~           >
1703+ 6A98 ~           >
1703+ 6A98             >                endif           ; ok        // for other definitions it "points" the correct handler
1703+ 6A98             >                // Use of "; ok" to suppress "warning[fwdref]"
1703+ 6A98             >
1703+ 6A98             >last_NFA        defl    temp_NFA            // keep track of NFA saved above
1704+ 6A98 E1                           pop     hl
1705+ 6A99 E1                           pop     hl
1706+ 6A9A                              next
1706+ 6A9A DD E9       >                jp      (ix)
1707+ 6A9C
1708+ 6A9C              //  ______________________________________________________________________
1709+ 6A9C              //
1710+ 6A9C              // 2nip         d1 d2 -- d2
1711+ 6A9C              //              n1 n2 n3 n4 -- n3 n4
1712+ 6A9C              // drops the second double on the stack
1713+ 6A9C              //              New_Def TWO_NIP, 4, "2nip"
1714+ 6A9C              //              ...
1715+ 6A9C
1716+ 6A9C              //  ______________________________________________________________________
1717+ 6A9C              //
1718+ 6A9C              // 2tuck         d1 d2 -- d2 d1 d2
1719+ 6A9C              // copy the top element after the second.
1720+ 6A9C              //              New_Def TWO_TUCK, 5, "2tuck"
1721+ 6A9C              //              ...
1722+ 6A9C
1723+ 6A9C              //  ______________________________________________________________________
1724+ 6A9C              //
1725+ 6A9C              // 2swap         d1 d2 -- d2 d1
1726+ 6A9C              //               n1 n2 n3 n4 -- n3 n4 n1 n2
1727+ 6A9C              // swaps the two doubles on top of stack
1728+ 6A9C                              New_Def TWO_SWAP, "2SWAP", is_code, is_normal
1728+ 6A9C             >temp_NFA        defl    $                   // save this NFA address to temp_NFA
1728+ 6A9C             >
1728+ 6A9C             >                // dummy db directives used to calculate length of namec
1728+ 6A9C 32 53 57 41 >                db      "2SWAP"
1728+ 6AA0 50          >
1728+ 6AA1             >len_NFA         defl    $ - temp_NFA
1728+ 6AA1             >                org     $ - len_NFA         // rewind to temp_NFA and re-do NFA part
1728+ 6A9C             >
1728+ 6A9C 85          >                db      len_NFA | END_BIT | is_normal  // The start of NFA must have msb set to signal the beginning of the sounted string
1728+ 6A9D 32 53 57 41 >                db      "2SWAP"               // name string in 7-bit ascii, but
1728+ 6AA1 50          >
1728+ 6AA2             >                org     $-1                 // alter last byte of Name just above to set
1728+ 6AA1 D0          >                db      {b $} | END_BIT     // msb as name end
1728+ 6AA2             >
1728+ 6AA2 90 6A       >                dw      last_NFA            // Link to previous definition Name
1728+ 6AA4             >TWO_SWAP:          if is_code != 0 ; ok        // This is the start address of the direct jp(hl)
1728+ 6AA4 ~           >                call    runcode ; ok        // for primitive definitions  actual code
1728+ 6AA4 ~           >
1728+ 6AA4 ~           >
1728+ 6AA4             >                endif           ; ok        // for other definitions it "points" the correct handler
1728+ 6AA4             >                // Use of "; ok" to suppress "warning[fwdref]"
1728+ 6AA4             >
1728+ 6AA4             >last_NFA        defl    temp_NFA            // keep track of NFA saved above
1729+ 6AA4 D9                           exx
1730+ 6AA5 F1                           pop     af                  //   d2-H
1731+ 6AA6 E1                           pop     hl                  // < d2-L
1732+ 6AA7 D1                           pop     de                  // < d1-H
1733+ 6AA8 E3                           ex      (sp), hl            // < d1-L > d2-L
1734+ 6AA9 F5                           push    af                  // > d2-H
1735+ 6AAA E5                           push    hl                  // > d1-L
1736+ 6AAB D5                           push    de
1737+ 6AAC D9                           exx
1738+ 6AAD                              next
1738+ 6AAD DD E9       >                jp      (ix)
1739+ 6AAF
1740+ 6AAF              //  ______________________________________________________________________
1741+ 6AAF              //
1742+ 6AAF              // 2dup         d -- d d
1743+ 6AAF              //              n1 n2 -- n1 n2 n1 n2
1744+ 6AAF              // duplicates the top double of stack
1745+ 6AAF                              New_Def TWO_DUP, "2DUP", is_code, is_normal
1745+ 6AAF             >temp_NFA        defl    $                   // save this NFA address to temp_NFA
1745+ 6AAF             >
1745+ 6AAF             >                // dummy db directives used to calculate length of namec
1745+ 6AAF 32 44 55 50 >                db      "2DUP"
1745+ 6AB3             >len_NFA         defl    $ - temp_NFA
1745+ 6AB3             >                org     $ - len_NFA         // rewind to temp_NFA and re-do NFA part
1745+ 6AAF             >
1745+ 6AAF 84          >                db      len_NFA | END_BIT | is_normal  // The start of NFA must have msb set to signal the beginning of the sounted string
1745+ 6AB0 32 44 55 50 >                db      "2DUP"               // name string in 7-bit ascii, but
1745+ 6AB4             >                org     $-1                 // alter last byte of Name just above to set
1745+ 6AB3 D0          >                db      {b $} | END_BIT     // msb as name end
1745+ 6AB4             >
1745+ 6AB4 9C 6A       >                dw      last_NFA            // Link to previous definition Name
1745+ 6AB6             >TWO_DUP:          if is_code != 0 ; ok        // This is the start address of the direct jp(hl)
1745+ 6AB6 ~           >                call    runcode ; ok        // for primitive definitions  actual code
1745+ 6AB6 ~           >
1745+ 6AB6 ~           >
1745+ 6AB6             >                endif           ; ok        // for other definitions it "points" the correct handler
1745+ 6AB6             >                // Use of "; ok" to suppress "warning[fwdref]"
1745+ 6AB6             >
1745+ 6AB6             >last_NFA        defl    temp_NFA            // keep track of NFA saved above
1746+ 6AB6 E1                           pop     hl                  // < d-H
1747+ 6AB7 F1                           pop     af                  // < d-L
1748+ 6AB8 F5                           push    af                  // < d-L
1749+ 6AB9 E5                           push    hl                  // > d-H
1750+ 6ABA F5                           push    af                  // > d-L
1751+ 6ABB E5                           push    hl                  // > d-H
1752+ 6ABC                              next
1752+ 6ABC DD E9       >                jp      (ix)
1753+ 6ABE
1754+ 6ABE              //  ______________________________________________________________________
1755+ 6ABE              //
1756+ 6ABE              // 2rot         d1 d2 d3 -- d2 d3 d1
1757+ 6ABE              //              n1 n2 n3 n4 n5 n6 -- n3 n4 n5 n6 n1 n2
1758+ 6ABE              // Rotates the 3 top doubles of stack by picking the 3rd in access-order
1759+ 6ABE              // and putting it on top. The other two are shifted down one place.
1760+ 6ABE              //                New_Def TWO?ROT, 4, "2rot"
1761+ 6ABE              //                ...
1762+ 6ABE                              New_Def TWO_ROT, "2ROT", is_code, is_normal
1762+ 6ABE             >temp_NFA        defl    $                   // save this NFA address to temp_NFA
1762+ 6ABE             >
1762+ 6ABE             >                // dummy db directives used to calculate length of namec
1762+ 6ABE 32 52 4F 54 >                db      "2ROT"
1762+ 6AC2             >len_NFA         defl    $ - temp_NFA
1762+ 6AC2             >                org     $ - len_NFA         // rewind to temp_NFA and re-do NFA part
1762+ 6ABE             >
1762+ 6ABE 84          >                db      len_NFA | END_BIT | is_normal  // The start of NFA must have msb set to signal the beginning of the sounted string
1762+ 6ABF 32 52 4F 54 >                db      "2ROT"               // name string in 7-bit ascii, but
1762+ 6AC3             >                org     $-1                 // alter last byte of Name just above to set
1762+ 6AC2 D4          >                db      {b $} | END_BIT     // msb as name end
1762+ 6AC3             >
1762+ 6AC3 AF 6A       >                dw      last_NFA            // Link to previous definition Name
1762+ 6AC5             >TWO_ROT:          if is_code != 0 ; ok        // This is the start address of the direct jp(hl)
1762+ 6AC5 ~           >                call    runcode ; ok        // for primitive definitions  actual code
1762+ 6AC5 ~           >
1762+ 6AC5 ~           >
1762+ 6AC5             >                endif           ; ok        // for other definitions it "points" the correct handler
1762+ 6AC5             >                // Use of "; ok" to suppress "warning[fwdref]"
1762+ 6AC5             >
1762+ 6AC5             >last_NFA        defl    temp_NFA            // keep track of NFA saved above
1763+ 6AC5
1764+ 6AC5              //   ( n1 n2 n3 n4 n5 n6 -- n3 n4 n5 n6 n1 n2 )
1765+ 6AC5              // \      d3  |d2  |d1  |
1766+ 6AC5              // \      h l |h l |h l |
1767+ 6AC5              // \ SP   LHED|LHED|LHED|
1768+ 6AC5              // \ SP  +0123|4567|89ab|
1769+ 6AC5              // CODE 2rot  ( d1 d2 d3 -- d2 d3 d1 )
1770+ 6AC5              //
1771+ 6AC5 D9                           exx
1772+ 6AC6 E1                            pop     hl      ; d3
1773+ 6AC7 D1                            pop     de
1774+ 6AC8 C1                            pop     bc      ; d2
1775+ 6AC9 F1                            pop     af
1776+ 6ACA D9                           exx
1777+ 6ACB 08                           ex      af, af'
1778+ 6ACC E1                           pop     hl      ; d1
1779+ 6ACD F1                           pop     af
1780+ 6ACE 08                           ex      af, af'
1781+ 6ACF D9                           exx
1782+ 6AD0 F5                            push    af      ; d2
1783+ 6AD1 C5                            push    bc
1784+ 6AD2 D5                            push    de      ; d3
1785+ 6AD3 E5                            push    hl
1786+ 6AD4 D9                           exx
1787+ 6AD5 08                           ex      af, af'
1788+ 6AD6 F5                           push    af      ; d1
1789+ 6AD7 E5                           push    hl
1790+ 6AD8
1791+ 6AD8                              next
1791+ 6AD8 DD E9       >                jp      (ix)
1792+ 6ADA
1793+ 6ADA
1794+ 6ADA              //  ______________________________________________________________________
1795+ 6ADA              //
1796+ 6ADA              // +!           n a --
1797+ 6ADA              // Sums to the content of address a the number n.
1798+ 6ADA              // It is the same of  a @ n + a !
1799+ 6ADA                              New_Def PLUSSTORE, "+!", is_code, is_normal
1799+ 6ADA             >temp_NFA        defl    $                   // save this NFA address to temp_NFA
1799+ 6ADA             >
1799+ 6ADA             >                // dummy db directives used to calculate length of namec
1799+ 6ADA 2B 21       >                db      "+!"
1799+ 6ADC             >len_NFA         defl    $ - temp_NFA
1799+ 6ADC             >                org     $ - len_NFA         // rewind to temp_NFA and re-do NFA part
1799+ 6ADA             >
1799+ 6ADA 82          >                db      len_NFA | END_BIT | is_normal  // The start of NFA must have msb set to signal the beginning of the sounted string
1799+ 6ADB 2B 21       >                db      "+!"               // name string in 7-bit ascii, but
1799+ 6ADD             >                org     $-1                 // alter last byte of Name just above to set
1799+ 6ADC A1          >                db      {b $} | END_BIT     // msb as name end
1799+ 6ADD             >
1799+ 6ADD BE 6A       >                dw      last_NFA            // Link to previous definition Name
1799+ 6ADF             >PLUSSTORE:          if is_code != 0 ; ok        // This is the start address of the direct jp(hl)
1799+ 6ADF ~           >                call    runcode ; ok        // for primitive definitions  actual code
1799+ 6ADF ~           >
1799+ 6ADF ~           >
1799+ 6ADF             >                endif           ; ok        // for other definitions it "points" the correct handler
1799+ 6ADF             >                // Use of "; ok" to suppress "warning[fwdref]"
1799+ 6ADF             >
1799+ 6ADF             >last_NFA        defl    temp_NFA            // keep track of NFA saved above
1800+ 6ADF D9                           exx
1801+ 6AE0 E1                           pop     hl                  // hl is the address
1802+ 6AE1 D1                           pop     de                  // de is the number
1803+ 6AE2 7E                           ld      a, (hl)
1804+ 6AE3 83                           add     e
1805+ 6AE4 77                           ld      (hl), a
1806+ 6AE5 23                           inc     hl
1807+ 6AE6 7E                           ld      a, (hl)
1808+ 6AE7 8A                           adc     d
1809+ 6AE8 77                           ld      (hl), a
1810+ 6AE9 D9                           exx
1811+ 6AEA                              next
1811+ 6AEA DD E9       >                jp      (ix)
1812+ 6AEC
1813+ 6AEC              //  ______________________________________________________________________
1814+ 6AEC              //
1815+ 6AEC              // toggle       a n --
1816+ 6AEC              // Complements (xor) the byte at addrress  a  with the model n.
1817+ 6AEC                              New_Def TOGGLE, "TOGGLE", is_code, is_normal
1817+ 6AEC             >temp_NFA        defl    $                   // save this NFA address to temp_NFA
1817+ 6AEC             >
1817+ 6AEC             >                // dummy db directives used to calculate length of namec
1817+ 6AEC 54 4F 47 47 >                db      "TOGGLE"
1817+ 6AF0 4C 45       >
1817+ 6AF2             >len_NFA         defl    $ - temp_NFA
1817+ 6AF2             >                org     $ - len_NFA         // rewind to temp_NFA and re-do NFA part
1817+ 6AEC             >
1817+ 6AEC 86          >                db      len_NFA | END_BIT | is_normal  // The start of NFA must have msb set to signal the beginning of the sounted string
1817+ 6AED 54 4F 47 47 >                db      "TOGGLE"               // name string in 7-bit ascii, but
1817+ 6AF1 4C 45       >
1817+ 6AF3             >                org     $-1                 // alter last byte of Name just above to set
1817+ 6AF2 C5          >                db      {b $} | END_BIT     // msb as name end
1817+ 6AF3             >
1817+ 6AF3 DA 6A       >                dw      last_NFA            // Link to previous definition Name
1817+ 6AF5             >TOGGLE:          if is_code != 0 ; ok        // This is the start address of the direct jp(hl)
1817+ 6AF5 ~           >                call    runcode ; ok        // for primitive definitions  actual code
1817+ 6AF5 ~           >
1817+ 6AF5 ~           >
1817+ 6AF5             >                endif           ; ok        // for other definitions it "points" the correct handler
1817+ 6AF5             >                // Use of "; ok" to suppress "warning[fwdref]"
1817+ 6AF5             >
1817+ 6AF5             >last_NFA        defl    temp_NFA            // keep track of NFA saved above
1818+ 6AF5 E1                           pop     hl
1819+ 6AF6 7D                           ld      a, l
1820+ 6AF7 E1                           pop     hl
1821+ 6AF8 AE                           xor     (hl)
1822+ 6AF9 77                           ld      (hl), a
1823+ 6AFA
1824+ 6AFA                              next
1824+ 6AFA DD E9       >                jp      (ix)
1825+ 6AFC
1826+ 6AFC              //  ______________________________________________________________________
1827+ 6AFC              //
1828+ 6AFC              // @            a -- n
1829+ 6AFC              // fetch 16 bit number n from address a. Z80 keeps high byte is in high memory
1830+ 6AFC                              New_Def FETCH, "@", is_code, is_normal
1830+ 6AFC             >temp_NFA        defl    $                   // save this NFA address to temp_NFA
1830+ 6AFC             >
1830+ 6AFC             >                // dummy db directives used to calculate length of namec
1830+ 6AFC 40          >                db      "@"
1830+ 6AFD             >len_NFA         defl    $ - temp_NFA
1830+ 6AFD             >                org     $ - len_NFA         // rewind to temp_NFA and re-do NFA part
1830+ 6AFC             >
1830+ 6AFC 81          >                db      len_NFA | END_BIT | is_normal  // The start of NFA must have msb set to signal the beginning of the sounted string
1830+ 6AFD 40          >                db      "@"               // name string in 7-bit ascii, but
1830+ 6AFE             >                org     $-1                 // alter last byte of Name just above to set
1830+ 6AFD C0          >                db      {b $} | END_BIT     // msb as name end
1830+ 6AFE             >
1830+ 6AFE EC 6A       >                dw      last_NFA            // Link to previous definition Name
1830+ 6B00             >FETCH:          if is_code != 0 ; ok        // This is the start address of the direct jp(hl)
1830+ 6B00 ~           >                call    runcode ; ok        // for primitive definitions  actual code
1830+ 6B00 ~           >
1830+ 6B00 ~           >
1830+ 6B00             >                endif           ; ok        // for other definitions it "points" the correct handler
1830+ 6B00             >                // Use of "; ok" to suppress "warning[fwdref]"
1830+ 6B00             >
1830+ 6B00             >last_NFA        defl    temp_NFA            // keep track of NFA saved above
1831+ 6B00 E1                           pop     hl
1832+ 6B01 7E                           ld      a, (hl)             // low-byte
1833+ 6B02 23                           inc     hl
1834+ 6B03 66                           ld      h, (hl)             // high-byte
1835+ 6B04 6F                           ld      l, a
1836+ 6B05 E5                           push    hl
1837+ 6B06                              next
1837+ 6B06 DD E9       >                jp      (ix)
1838+ 6B08
1839+ 6B08              //  ______________________________________________________________________
1840+ 6B08              //
1841+ 6B08              // !            n a --
1842+ 6B08              // store 16 bit number n from address a. Z80 keeps high byte is in high memory
1843+ 6B08                              New_Def STORE, "!", is_code, is_normal
1843+ 6B08             >temp_NFA        defl    $                   // save this NFA address to temp_NFA
1843+ 6B08             >
1843+ 6B08             >                // dummy db directives used to calculate length of namec
1843+ 6B08 21          >                db      "!"
1843+ 6B09             >len_NFA         defl    $ - temp_NFA
1843+ 6B09             >                org     $ - len_NFA         // rewind to temp_NFA and re-do NFA part
1843+ 6B08             >
1843+ 6B08 81          >                db      len_NFA | END_BIT | is_normal  // The start of NFA must have msb set to signal the beginning of the sounted string
1843+ 6B09 21          >                db      "!"               // name string in 7-bit ascii, but
1843+ 6B0A             >                org     $-1                 // alter last byte of Name just above to set
1843+ 6B09 A1          >                db      {b $} | END_BIT     // msb as name end
1843+ 6B0A             >
1843+ 6B0A FC 6A       >                dw      last_NFA            // Link to previous definition Name
1843+ 6B0C             >STORE:          if is_code != 0 ; ok        // This is the start address of the direct jp(hl)
1843+ 6B0C ~           >                call    runcode ; ok        // for primitive definitions  actual code
1843+ 6B0C ~           >
1843+ 6B0C ~           >
1843+ 6B0C             >                endif           ; ok        // for other definitions it "points" the correct handler
1843+ 6B0C             >                // Use of "; ok" to suppress "warning[fwdref]"
1843+ 6B0C             >
1843+ 6B0C             >last_NFA        defl    temp_NFA            // keep track of NFA saved above
1844+ 6B0C D9                           exx
1845+ 6B0D E1                           pop     hl                  // address
1846+ 6B0E D1                           pop     de                  // < n
1847+ 6B0F 73                           ld      (hl), e             // low-byte
1848+ 6B10 23                           inc     hl
1849+ 6B11 72                           ld      (hl), d             // high-byte
1850+ 6B12 D9                           exx
1851+ 6B13                              next
1851+ 6B13 DD E9       >                jp      (ix)
1852+ 6B15
1853+ 6B15              //  ______________________________________________________________________
1854+ 6B15              //
1855+ 6B15              // c@           a -- c
1856+ 6B15              // fetch a character n from address a
1857+ 6B15                              New_Def CFETCH, "C@", is_code, is_normal
1857+ 6B15             >temp_NFA        defl    $                   // save this NFA address to temp_NFA
1857+ 6B15             >
1857+ 6B15             >                // dummy db directives used to calculate length of namec
1857+ 6B15 43 40       >                db      "C@"
1857+ 6B17             >len_NFA         defl    $ - temp_NFA
1857+ 6B17             >                org     $ - len_NFA         // rewind to temp_NFA and re-do NFA part
1857+ 6B15             >
1857+ 6B15 82          >                db      len_NFA | END_BIT | is_normal  // The start of NFA must have msb set to signal the beginning of the sounted string
1857+ 6B16 43 40       >                db      "C@"               // name string in 7-bit ascii, but
1857+ 6B18             >                org     $-1                 // alter last byte of Name just above to set
1857+ 6B17 C0          >                db      {b $} | END_BIT     // msb as name end
1857+ 6B18             >
1857+ 6B18 08 6B       >                dw      last_NFA            // Link to previous definition Name
1857+ 6B1A             >CFETCH:          if is_code != 0 ; ok        // This is the start address of the direct jp(hl)
1857+ 6B1A ~           >                call    runcode ; ok        // for primitive definitions  actual code
1857+ 6B1A ~           >
1857+ 6B1A ~           >
1857+ 6B1A             >                endif           ; ok        // for other definitions it "points" the correct handler
1857+ 6B1A             >                // Use of "; ok" to suppress "warning[fwdref]"
1857+ 6B1A             >
1857+ 6B1A             >last_NFA        defl    temp_NFA            // keep track of NFA saved above
1858+ 6B1A E1                           pop     hl
1859+ 6B1B 6E                           ld      l, (hl)             // low-byte
1860+ 6B1C 26 00                        ld      h, 0
1861+ 6B1E
1862+ 6B1E                              psh1
1862+ 6B1E E5          >                push    hl
1862+ 6B1F DD E9       >                jp      (ix)
1863+ 6B21
1864+ 6B21              //  ______________________________________________________________________
1865+ 6B21              //
1866+ 6B21              // c!           c a --
1867+ 6B21              // fetch 16 bit number n from address a. Z80 keeps high byte is in high memory
1868+ 6B21                              New_Def CSTORE, "C!", is_code, is_normal
1868+ 6B21             >temp_NFA        defl    $                   // save this NFA address to temp_NFA
1868+ 6B21             >
1868+ 6B21             >                // dummy db directives used to calculate length of namec
1868+ 6B21 43 21       >                db      "C!"
1868+ 6B23             >len_NFA         defl    $ - temp_NFA
1868+ 6B23             >                org     $ - len_NFA         // rewind to temp_NFA and re-do NFA part
1868+ 6B21             >
1868+ 6B21 82          >                db      len_NFA | END_BIT | is_normal  // The start of NFA must have msb set to signal the beginning of the sounted string
1868+ 6B22 43 21       >                db      "C!"               // name string in 7-bit ascii, but
1868+ 6B24             >                org     $-1                 // alter last byte of Name just above to set
1868+ 6B23 A1          >                db      {b $} | END_BIT     // msb as name end
1868+ 6B24             >
1868+ 6B24 15 6B       >                dw      last_NFA            // Link to previous definition Name
1868+ 6B26             >CSTORE:          if is_code != 0 ; ok        // This is the start address of the direct jp(hl)
1868+ 6B26 ~           >                call    runcode ; ok        // for primitive definitions  actual code
1868+ 6B26 ~           >
1868+ 6B26 ~           >
1868+ 6B26             >                endif           ; ok        // for other definitions it "points" the correct handler
1868+ 6B26             >                // Use of "; ok" to suppress "warning[fwdref]"
1868+ 6B26             >
1868+ 6B26             >last_NFA        defl    temp_NFA            // keep track of NFA saved above
1869+ 6B26 D9                           exx
1870+ 6B27 E1                           pop     hl                  // < address
1871+ 6B28 D1                           pop     de
1872+ 6B29 73                           ld      (hl), e             // low-byte
1873+ 6B2A D9                           exx
1874+ 6B2B                              next
1874+ 6B2B DD E9       >                jp      (ix)
1875+ 6B2D
1876+ 6B2D              //  ______________________________________________________________________
1877+ 6B2D              //
1878+ 6B2D              // 2@           a -- d
1879+ 6B2D              // fetch a 32 bits number d from address a and leaves it on top of the
1880+ 6B2D              // stack as two single numbers, high part as top of the stack.
1881+ 6B2D              // A double number is normally kept in CPU registers as HLDE.
1882+ 6B2D              // On stack a double number is treated as two single numbers
1883+ 6B2D              // where BC is on the top of the stack and HL is the second from top,
1884+ 6B2D              // so the sign of the number can be checked on top of stack
1885+ 6B2D              // and in the stack memory it appears as LHED.
1886+ 6B2D                              New_Def TWO_FETCH, "2@", is_code, is_normal
1886+ 6B2D             >temp_NFA        defl    $                   // save this NFA address to temp_NFA
1886+ 6B2D             >
1886+ 6B2D             >                // dummy db directives used to calculate length of namec
1886+ 6B2D 32 40       >                db      "2@"
1886+ 6B2F             >len_NFA         defl    $ - temp_NFA
1886+ 6B2F             >                org     $ - len_NFA         // rewind to temp_NFA and re-do NFA part
1886+ 6B2D             >
1886+ 6B2D 82          >                db      len_NFA | END_BIT | is_normal  // The start of NFA must have msb set to signal the beginning of the sounted string
1886+ 6B2E 32 40       >                db      "2@"               // name string in 7-bit ascii, but
1886+ 6B30             >                org     $-1                 // alter last byte of Name just above to set
1886+ 6B2F C0          >                db      {b $} | END_BIT     // msb as name end
1886+ 6B30             >
1886+ 6B30 21 6B       >                dw      last_NFA            // Link to previous definition Name
1886+ 6B32             >TWO_FETCH:          if is_code != 0 ; ok        // This is the start address of the direct jp(hl)
1886+ 6B32 ~           >                call    runcode ; ok        // for primitive definitions  actual code
1886+ 6B32 ~           >
1886+ 6B32 ~           >
1886+ 6B32             >                endif           ; ok        // for other definitions it "points" the correct handler
1886+ 6B32             >                // Use of "; ok" to suppress "warning[fwdref]"
1886+ 6B32             >
1886+ 6B32             >last_NFA        defl    temp_NFA            // keep track of NFA saved above
1887+ 6B32 D9                           exx
1888+ 6B33 E1                           pop     hl                  // address
1889+ 6B34 5E                           ld      e, (hl)             // low-byte
1890+ 6B35 23                           inc     hl
1891+ 6B36 56                           ld      d, (hl)             // high-byte
1892+ 6B37 23                           inc     hl
1893+ 6B38 4E                           ld      c, (hl)             // low-byte
1894+ 6B39 23                           inc     hl
1895+ 6B3A 46                           ld      b, (hl)             // high-byte
1896+ 6B3B C5                           push    bc
1897+ 6B3C D5                           push    de
1898+ 6B3D D9                           exx
1899+ 6B3E                              next
1899+ 6B3E DD E9       >                jp      (ix)
1900+ 6B40
1901+ 6B40              //  ______________________________________________________________________
1902+ 6B40              //
1903+ 6B40              // 2!           d a --
1904+ 6B40              // stores a 32 bits number d from address a and leaves it on top of the
1905+ 6B40              // stack as two single numbers, high part as top of the stack.
1906+ 6B40              // A double number is normally kept in CPU registers as HLDE.
1907+ 6B40              // On stack a double number is treated as two single numbers
1908+ 6B40              // where BC is on the top of the stack and HL is the second from top,
1909+ 6B40              // so the sign of the number can be checked on top of stack
1910+ 6B40              // and in the stack memory it appears as LHED.
1911+ 6B40                              New_Def TWO_STORE, "2!", is_code, is_normal
1911+ 6B40             >temp_NFA        defl    $                   // save this NFA address to temp_NFA
1911+ 6B40             >
1911+ 6B40             >                // dummy db directives used to calculate length of namec
1911+ 6B40 32 21       >                db      "2!"
1911+ 6B42             >len_NFA         defl    $ - temp_NFA
1911+ 6B42             >                org     $ - len_NFA         // rewind to temp_NFA and re-do NFA part
1911+ 6B40             >
1911+ 6B40 82          >                db      len_NFA | END_BIT | is_normal  // The start of NFA must have msb set to signal the beginning of the sounted string
1911+ 6B41 32 21       >                db      "2!"               // name string in 7-bit ascii, but
1911+ 6B43             >                org     $-1                 // alter last byte of Name just above to set
1911+ 6B42 A1          >                db      {b $} | END_BIT     // msb as name end
1911+ 6B43             >
1911+ 6B43 2D 6B       >                dw      last_NFA            // Link to previous definition Name
1911+ 6B45             >TWO_STORE:          if is_code != 0 ; ok        // This is the start address of the direct jp(hl)
1911+ 6B45 ~           >                call    runcode ; ok        // for primitive definitions  actual code
1911+ 6B45 ~           >
1911+ 6B45 ~           >
1911+ 6B45             >                endif           ; ok        // for other definitions it "points" the correct handler
1911+ 6B45             >                // Use of "; ok" to suppress "warning[fwdref]"
1911+ 6B45             >
1911+ 6B45             >last_NFA        defl    temp_NFA            // keep track of NFA saved above
1912+ 6B45 D9                           exx
1913+ 6B46 E1                           pop     hl                  // address
1914+ 6B47 C1                           pop     bc                  // < high-part
1915+ 6B48 D1                           pop     de                  // < low-part > Instruction Pointer
1916+ 6B49 71                           ld      (hl), c
1917+ 6B4A 23                           inc     hl
1918+ 6B4B 70                           ld      (hl), b
1919+ 6B4C 23                           inc     hl
1920+ 6B4D 73                           ld      (hl), e
1921+ 6B4E 23                           inc     hl
1922+ 6B4F 72                           ld      (hl), d
1923+ 6B50 D9                           exx
1924+ 6B51                              next
1924+ 6B51 DD E9       >                jp      (ix)
1925+ 6B53
1926+ 6B53              //  ______________________________________________________________________
1927+ 6B53              //
1928+ 6B53              // p@           a -- c
1929+ 6B53              // Read one byte from port a and leave the result on top of stack
1930+ 6B53                              New_Def PFETCH, "P@", is_code, is_normal
1930+ 6B53             >temp_NFA        defl    $                   // save this NFA address to temp_NFA
1930+ 6B53             >
1930+ 6B53             >                // dummy db directives used to calculate length of namec
1930+ 6B53 50 40       >                db      "P@"
1930+ 6B55             >len_NFA         defl    $ - temp_NFA
1930+ 6B55             >                org     $ - len_NFA         // rewind to temp_NFA and re-do NFA part
1930+ 6B53             >
1930+ 6B53 82          >                db      len_NFA | END_BIT | is_normal  // The start of NFA must have msb set to signal the beginning of the sounted string
1930+ 6B54 50 40       >                db      "P@"               // name string in 7-bit ascii, but
1930+ 6B56             >                org     $-1                 // alter last byte of Name just above to set
1930+ 6B55 C0          >                db      {b $} | END_BIT     // msb as name end
1930+ 6B56             >
1930+ 6B56 40 6B       >                dw      last_NFA            // Link to previous definition Name
1930+ 6B58             >PFETCH:          if is_code != 0 ; ok        // This is the start address of the direct jp(hl)
1930+ 6B58 ~           >                call    runcode ; ok        // for primitive definitions  actual code
1930+ 6B58 ~           >
1930+ 6B58 ~           >
1930+ 6B58             >                endif           ; ok        // for other definitions it "points" the correct handler
1930+ 6B58             >                // Use of "; ok" to suppress "warning[fwdref]"
1930+ 6B58             >
1930+ 6B58             >last_NFA        defl    temp_NFA            // keep track of NFA saved above
1931+ 6B58 D9                           exx
1932+ 6B59 C1                           pop     bc
1933+ 6B5A 26 00                        ld      h, 0
1934+ 6B5C ED 68                        in      l, (c)
1935+ 6B5E E5                           push    hl
1936+ 6B5F D9                           exx
1937+ 6B60                              next
1937+ 6B60 DD E9       >                jp      (ix)
1938+ 6B62
1939+ 6B62              //  ______________________________________________________________________
1940+ 6B62              //
1941+ 6B62              // p!           c a --
1942+ 6B62              // Send one byte (top of stack) to port a
1943+ 6B62                              New_Def PSTORE, "P!", is_code, is_normal
1943+ 6B62             >temp_NFA        defl    $                   // save this NFA address to temp_NFA
1943+ 6B62             >
1943+ 6B62             >                // dummy db directives used to calculate length of namec
1943+ 6B62 50 21       >                db      "P!"
1943+ 6B64             >len_NFA         defl    $ - temp_NFA
1943+ 6B64             >                org     $ - len_NFA         // rewind to temp_NFA and re-do NFA part
1943+ 6B62             >
1943+ 6B62 82          >                db      len_NFA | END_BIT | is_normal  // The start of NFA must have msb set to signal the beginning of the sounted string
1943+ 6B63 50 21       >                db      "P!"               // name string in 7-bit ascii, but
1943+ 6B65             >                org     $-1                 // alter last byte of Name just above to set
1943+ 6B64 A1          >                db      {b $} | END_BIT     // msb as name end
1943+ 6B65             >
1943+ 6B65 53 6B       >                dw      last_NFA            // Link to previous definition Name
1943+ 6B67             >PSTORE:          if is_code != 0 ; ok        // This is the start address of the direct jp(hl)
1943+ 6B67 ~           >                call    runcode ; ok        // for primitive definitions  actual code
1943+ 6B67 ~           >
1943+ 6B67 ~           >
1943+ 6B67             >                endif           ; ok        // for other definitions it "points" the correct handler
1943+ 6B67             >                // Use of "; ok" to suppress "warning[fwdref]"
1943+ 6B67             >
1943+ 6B67             >last_NFA        defl    temp_NFA            // keep track of NFA saved above
1944+ 6B67 D9                           exx
1945+ 6B68 C1                           pop     bc
1946+ 6B69 E1                           pop     hl                  // < c
1947+ 6B6A ED 69                        out     (c), l              // low-byte
1948+ 6B6C D9                           exx
1949+ 6B6D                              next
1949+ 6B6D DD E9       >                jp      (ix)
1950+ 6B6F
1951+ 6B6F
1952+ 6B6F              //  ______________________________________________________________________
1953+ 6B6F              //
1954+ 6B6F              // 2*           n1 -- n2
1955+ 6B6F              // doubles the number at top of stack
1956+ 6B6F                              New_Def TWO_MUL, "2*", is_code, is_normal
1956+ 6B6F             >temp_NFA        defl    $                   // save this NFA address to temp_NFA
1956+ 6B6F             >
1956+ 6B6F             >                // dummy db directives used to calculate length of namec
1956+ 6B6F 32 2A       >                db      "2*"
1956+ 6B71             >len_NFA         defl    $ - temp_NFA
1956+ 6B71             >                org     $ - len_NFA         // rewind to temp_NFA and re-do NFA part
1956+ 6B6F             >
1956+ 6B6F 82          >                db      len_NFA | END_BIT | is_normal  // The start of NFA must have msb set to signal the beginning of the sounted string
1956+ 6B70 32 2A       >                db      "2*"               // name string in 7-bit ascii, but
1956+ 6B72             >                org     $-1                 // alter last byte of Name just above to set
1956+ 6B71 AA          >                db      {b $} | END_BIT     // msb as name end
1956+ 6B72             >
1956+ 6B72 62 6B       >                dw      last_NFA            // Link to previous definition Name
1956+ 6B74             >TWO_MUL:          if is_code != 0 ; ok        // This is the start address of the direct jp(hl)
1956+ 6B74 ~           >                call    runcode ; ok        // for primitive definitions  actual code
1956+ 6B74 ~           >
1956+ 6B74 ~           >
1956+ 6B74             >                endif           ; ok        // for other definitions it "points" the correct handler
1956+ 6B74             >                // Use of "; ok" to suppress "warning[fwdref]"
1956+ 6B74             >
1956+ 6B74             >last_NFA        defl    temp_NFA            // keep track of NFA saved above
1957+ 6B74              Two_Mul_Ptr:
1958+ 6B74 E1                           pop     hl
1959+ 6B75 29                           add     hl, hl
1960+ 6B76
1961+ 6B76                              psh1
1961+ 6B76 E5          >                push    hl
1961+ 6B77 DD E9       >                jp      (ix)
1962+ 6B79
1963+ 6B79              //  ______________________________________________________________________
1964+ 6B79              //
1965+ 6B79              // 2/           n1 -- n2
1966+ 6B79              // halves the top of stack, sign is unchanged
1967+ 6B79                              New_Def TWO_DIV, "2/", is_code, is_normal
1967+ 6B79             >temp_NFA        defl    $                   // save this NFA address to temp_NFA
1967+ 6B79             >
1967+ 6B79             >                // dummy db directives used to calculate length of namec
1967+ 6B79 32 2F       >                db      "2/"
1967+ 6B7B             >len_NFA         defl    $ - temp_NFA
1967+ 6B7B             >                org     $ - len_NFA         // rewind to temp_NFA and re-do NFA part
1967+ 6B79             >
1967+ 6B79 82          >                db      len_NFA | END_BIT | is_normal  // The start of NFA must have msb set to signal the beginning of the sounted string
1967+ 6B7A 32 2F       >                db      "2/"               // name string in 7-bit ascii, but
1967+ 6B7C             >                org     $-1                 // alter last byte of Name just above to set
1967+ 6B7B AF          >                db      {b $} | END_BIT     // msb as name end
1967+ 6B7C             >
1967+ 6B7C 6F 6B       >                dw      last_NFA            // Link to previous definition Name
1967+ 6B7E             >TWO_DIV:          if is_code != 0 ; ok        // This is the start address of the direct jp(hl)
1967+ 6B7E ~           >                call    runcode ; ok        // for primitive definitions  actual code
1967+ 6B7E ~           >
1967+ 6B7E ~           >
1967+ 6B7E             >                endif           ; ok        // for other definitions it "points" the correct handler
1967+ 6B7E             >                // Use of "; ok" to suppress "warning[fwdref]"
1967+ 6B7E             >
1967+ 6B7E             >last_NFA        defl    temp_NFA            // keep track of NFA saved above
1968+ 6B7E E1                           pop     hl
1969+ 6B7F CB 2C                        sra     h
1970+ 6B81 CB 1D                        rr      l
1971+ 6B83
1972+ 6B83                              psh1
1972+ 6B83 E5          >                push    hl
1972+ 6B84 DD E9       >                jp      (ix)
1973+ 6B86
1974+ 6B86              //  ______________________________________________________________________
1975+ 6B86              //
1976+ 6B86              // lshift       n1 u -- n2
1977+ 6B86              // bit left shift of u bits
1978+ 6B86                              New_Def LSHIFT, "LSHIFT", is_code, is_normal
1978+ 6B86             >temp_NFA        defl    $                   // save this NFA address to temp_NFA
1978+ 6B86             >
1978+ 6B86             >                // dummy db directives used to calculate length of namec
1978+ 6B86 4C 53 48 49 >                db      "LSHIFT"
1978+ 6B8A 46 54       >
1978+ 6B8C             >len_NFA         defl    $ - temp_NFA
1978+ 6B8C             >                org     $ - len_NFA         // rewind to temp_NFA and re-do NFA part
1978+ 6B86             >
1978+ 6B86 86          >                db      len_NFA | END_BIT | is_normal  // The start of NFA must have msb set to signal the beginning of the sounted string
1978+ 6B87 4C 53 48 49 >                db      "LSHIFT"               // name string in 7-bit ascii, but
1978+ 6B8B 46 54       >
1978+ 6B8D             >                org     $-1                 // alter last byte of Name just above to set
1978+ 6B8C D4          >                db      {b $} | END_BIT     // msb as name end
1978+ 6B8D             >
1978+ 6B8D 79 6B       >                dw      last_NFA            // Link to previous definition Name
1978+ 6B8F             >LSHIFT:          if is_code != 0 ; ok        // This is the start address of the direct jp(hl)
1978+ 6B8F ~           >                call    runcode ; ok        // for primitive definitions  actual code
1978+ 6B8F ~           >
1978+ 6B8F ~           >
1978+ 6B8F             >                endif           ; ok        // for other definitions it "points" the correct handler
1978+ 6B8F             >                // Use of "; ok" to suppress "warning[fwdref]"
1978+ 6B8F             >
1978+ 6B8F             >last_NFA        defl    temp_NFA            // keep track of NFA saved above
1979+ 6B8F D9                           exx
1980+ 6B90 D1                           pop     de
1981+ 6B91 E1                           pop     hl
1982+ 6B92              Lshift_Loop:
1983+ 6B92 7A                           ld      a, d
1984+ 6B93 B3                           or      e
1985+ 6B94 28 04                            jr      z, Lshift_Zero
1986+ 6B96
1987+ 6B96 29                               add     hl, hl
1988+ 6B97 1B                               dec     de
1989+ 6B98 18 F8                            jr      Lshift_Loop
1990+ 6B9A
1991+ 6B9A              Lshift_Zero:
1992+ 6B9A E5                           push    hl
1993+ 6B9B D9                           exx
1994+ 6B9C                              next
1994+ 6B9C DD E9       >                jp      (ix)
1995+ 6B9E
1996+ 6B9E              //  ______________________________________________________________________
1997+ 6B9E              //
1998+ 6B9E              // rshift       n1 u -- n2
1999+ 6B9E              // bit right shift of u bits
2000+ 6B9E                              New_Def RSHIFT, "RSHIFT", is_code, is_normal
2000+ 6B9E             >temp_NFA        defl    $                   // save this NFA address to temp_NFA
2000+ 6B9E             >
2000+ 6B9E             >                // dummy db directives used to calculate length of namec
2000+ 6B9E 52 53 48 49 >                db      "RSHIFT"
2000+ 6BA2 46 54       >
2000+ 6BA4             >len_NFA         defl    $ - temp_NFA
2000+ 6BA4             >                org     $ - len_NFA         // rewind to temp_NFA and re-do NFA part
2000+ 6B9E             >
2000+ 6B9E 86          >                db      len_NFA | END_BIT | is_normal  // The start of NFA must have msb set to signal the beginning of the sounted string
2000+ 6B9F 52 53 48 49 >                db      "RSHIFT"               // name string in 7-bit ascii, but
2000+ 6BA3 46 54       >
2000+ 6BA5             >                org     $-1                 // alter last byte of Name just above to set
2000+ 6BA4 D4          >                db      {b $} | END_BIT     // msb as name end
2000+ 6BA5             >
2000+ 6BA5 86 6B       >                dw      last_NFA            // Link to previous definition Name
2000+ 6BA7             >RSHIFT:          if is_code != 0 ; ok        // This is the start address of the direct jp(hl)
2000+ 6BA7 ~           >                call    runcode ; ok        // for primitive definitions  actual code
2000+ 6BA7 ~           >
2000+ 6BA7 ~           >
2000+ 6BA7             >                endif           ; ok        // for other definitions it "points" the correct handler
2000+ 6BA7             >                // Use of "; ok" to suppress "warning[fwdref]"
2000+ 6BA7             >
2000+ 6BA7             >last_NFA        defl    temp_NFA            // keep track of NFA saved above
2001+ 6BA7 D9                           exx
2002+ 6BA8 D1                           pop     de
2003+ 6BA9 E1                           pop     hl
2004+ 6BAA              Rshift_Loop:
2005+ 6BAA 7B                           ld      a, e
2006+ 6BAB B2                           or      d
2007+ 6BAC 28 07                        jr      z, Rshift_Zero
2008+ 6BAE CB 3C                            srl     h
2009+ 6BB0 CB 1D                            rr      l
2010+ 6BB2 1B                               dec     de
2011+ 6BB3 18 F5                            jr      Rshift_Loop
2012+ 6BB5              Rshift_Zero:
2013+ 6BB5 E5                           push    hl
2014+ 6BB6 D9                           exx
2015+ 6BB7                              next
2015+ 6BB7 DD E9       >                jp      (ix)
2016+ 6BB9
2017+ 6BB9              //  ______________________________________________________________________
2018+ 6BB9              //
2019+ 6BB9              // cells        n1 -- n2
2020+ 6BB9              // decrement by 2 top of stack
2021+ 6BB9                              New_Def CELLS, "CELLS", is_code, is_normal
2021+ 6BB9             >temp_NFA        defl    $                   // save this NFA address to temp_NFA
2021+ 6BB9             >
2021+ 6BB9             >                // dummy db directives used to calculate length of namec
2021+ 6BB9 43 45 4C 4C >                db      "CELLS"
2021+ 6BBD 53          >
2021+ 6BBE             >len_NFA         defl    $ - temp_NFA
2021+ 6BBE             >                org     $ - len_NFA         // rewind to temp_NFA and re-do NFA part
2021+ 6BB9             >
2021+ 6BB9 85          >                db      len_NFA | END_BIT | is_normal  // The start of NFA must have msb set to signal the beginning of the sounted string
2021+ 6BBA 43 45 4C 4C >                db      "CELLS"               // name string in 7-bit ascii, but
2021+ 6BBE 53          >
2021+ 6BBF             >                org     $-1                 // alter last byte of Name just above to set
2021+ 6BBE D3          >                db      {b $} | END_BIT     // msb as name end
2021+ 6BBF             >
2021+ 6BBF 9E 6B       >                dw      last_NFA            // Link to previous definition Name
2021+ 6BC1             >CELLS:          if is_code != 0 ; ok        // This is the start address of the direct jp(hl)
2021+ 6BC1 ~           >                call    runcode ; ok        // for primitive definitions  actual code
2021+ 6BC1 ~           >
2021+ 6BC1 ~           >
2021+ 6BC1             >                endif           ; ok        // for other definitions it "points" the correct handler
2021+ 6BC1             >                // Use of "; ok" to suppress "warning[fwdref]"
2021+ 6BC1             >
2021+ 6BC1             >last_NFA        defl    temp_NFA            // keep track of NFA saved above
2022+ 6BC1 C3 74 6B                     jp      Two_Mul_Ptr
2023+ 6BC4
2024+ 6BC4
2025+ 6BC4              //  ______________________________________________________________________
2026+ 6BC4
# file closed: C:\Zx\CSpect\Projects\vForth16_MDR_MGT/source/L0.asm
 111  6BC4                              include "L1.asm"
# file opened: C:\Zx\CSpect\Projects\vForth16_MDR_MGT/source/L1.asm
   1+ 6BC4              //  ______________________________________________________________________
   2+ 6BC4              //
   3+ 6BC4              //  L1.asm
   4+ 6BC4              //
   5+ 6BC4              //  Level-1 definitions and derivate
   6+ 6BC4              //  ______________________________________________________________________
   7+ 6BC4
   8+ 6BC4              //  ______________________________________________________________________
   9+ 6BC4              //
  10+ 6BC4              // :            -- cccc     ( compile time )
  11+ 6BC4              //              i*x -- j*x  ( run time )
  12+ 6BC4              // Colon Definition
  13+ 6BC4                              Colon_Def COLON, ":", is_normal      // has forward-ref
  13+ 6BC4             >                New_Def  COLON, ":", Enter_Ptr, is_normal ; ok
  13+ 6BC4             >temp_NFA        defl    $                   // save this NFA address to temp_NFA
  13+ 6BC4             >
  13+ 6BC4             >                // dummy db directives used to calculate length of namec
  13+ 6BC4 3A          >                db      ":"
  13+ 6BC5             >len_NFA         defl    $ - temp_NFA
  13+ 6BC5             >                org     $ - len_NFA         // rewind to temp_NFA and re-do NFA part
  13+ 6BC4             >
  13+ 6BC4 81          >                db      len_NFA | END_BIT | is_normal  // The start of NFA must have msb set to signal the beginning of the sounted string
  13+ 6BC5 3A          >                db      ":"               // name string in 7-bit ascii, but
  13+ 6BC6             >                org     $-1                 // alter last byte of Name just above to set
  13+ 6BC5 BA          >                db      {b $} | END_BIT     // msb as name end
  13+ 6BC6             >
  13+ 6BC6 B9 6B       >                dw      last_NFA            // Link to previous definition Name
  13+ 6BC8             >COLON:          if Enter_Ptr != 0 ; ok        // This is the start address of the direct jp(hl)
  13+ 6BC8 CD DF 6B    >                call    Enter_Ptr ; ok        // for primitive definitions  actual code
  13+ 6BCB             >
  13+ 6BCB             >
  13+ 6BCB             >                endif           ; ok        // for other definitions it "points" the correct handler
  13+ 6BCB             >                // Use of "; ok" to suppress "warning[fwdref]"
  13+ 6BCB             >
  13+ 6BCB             >last_NFA        defl    temp_NFA            // keep track of NFA saved above
  14+ 6BCB
  15+ 6BCB 62 70                        dw      QEXEC                   // ?exec
  16+ 6BCD 1A 70                        dw      STORE_CSP               // !csp
  17+ 6BCF B4 6D 00 6B                  dw      CURRENT, FETCH          // current @
  18+ 6BD3 A6 6D 0C 6B                  dw      CONTEXT, STORE          // context !
  19+ 6BD7 68 77                        dw      CREATE                  // create  ( forward )
  20+ 6BD9 15 71                        dw      SMUDGE                  // dmudge
  21+ 6BDB FF 70                        dw      SQUARED_CLOSE           // ]
  22+ 6BDD 6F 71                        dw      C_SEMICOLON_CODE        // ;code ( change the 3-bytes CFA of defining word to call Enter_Ptr )
  23+ 6BDF                                                              // ... immediate
  24+ 6BDF              Enter_Ptr:
  25+ 6BDF                              // via call coded in CFA
  26+ 6BDF EB                           ex      de, hl //**
  27+ 6BE0                              // *** ldhlrp
  28+ 6BE0 2B                           dec     hl                  // push on Return-Stack current Instruction-Pointer
  29+ 6BE1 70                           ld      (hl), b
  30+ 6BE2 2B                           dec     hl
  31+ 6BE3 71                           ld      (hl), c
  32+ 6BE4                              // *** ldrphl
  33+ 6BE4 EB                           ex      de, hl //**
  34+ 6BE5
  35+ 6BE5
  36+ 6BE5 C1                           pop     bc                  // points to PFA of "this" word
  37+ 6BE6                              next
  37+ 6BE6 DD E9       >                jp      (ix)
  38+ 6BE8
  39+ 6BE8              //  ______________________________________________________________________
  40+ 6BE8              //
  41+ 6BE8              // ;            --
  42+ 6BE8              // Semicolon. End of Colon-Definition. Stack must be balanced.
  43+ 6BE8                              Colon_Def SEMICOLON, ";", is_immediate   // has forward-ref
  43+ 6BE8             >                New_Def  SEMICOLON, ";", Enter_Ptr, is_immediate ; ok
  43+ 6BE8             >temp_NFA        defl    $                   // save this NFA address to temp_NFA
  43+ 6BE8             >
  43+ 6BE8             >                // dummy db directives used to calculate length of namec
  43+ 6BE8 3B          >                db      ";"
  43+ 6BE9             >len_NFA         defl    $ - temp_NFA
  43+ 6BE9             >                org     $ - len_NFA         // rewind to temp_NFA and re-do NFA part
  43+ 6BE8             >
  43+ 6BE8 C1          >                db      len_NFA | END_BIT | is_immediate  // The start of NFA must have msb set to signal the beginning of the sounted string
  43+ 6BE9 3B          >                db      ";"               // name string in 7-bit ascii, but
  43+ 6BEA             >                org     $-1                 // alter last byte of Name just above to set
  43+ 6BE9 BB          >                db      {b $} | END_BIT     // msb as name end
  43+ 6BEA             >
  43+ 6BEA C4 6B       >                dw      last_NFA            // Link to previous definition Name
  43+ 6BEC             >SEMICOLON:          if Enter_Ptr != 0 ; ok        // This is the start address of the direct jp(hl)
  43+ 6BEC CD DF 6B    >                call    Enter_Ptr ; ok        // for primitive definitions  actual code
  43+ 6BEF             >
  43+ 6BEF             >
  43+ 6BEF             >                endif           ; ok        // for other definitions it "points" the correct handler
  43+ 6BEF             >                // Use of "; ok" to suppress "warning[fwdref]"
  43+ 6BEF             >
  43+ 6BEF             >last_NFA        defl    temp_NFA            // keep track of NFA saved above
  44+ 6BEF
  45+ 6BEF 8E 70                        dw      QCSP                    // ?csp
  46+ 6BF1 C7 70 F1 68                  dw      COMPILE, EXIT           // [compile] ;s
  47+ 6BF5 15 71                        dw      SMUDGE                  // smudge
  48+ 6BF7 F0 70                        dw      SQUARED_OPEN            // [
  49+ 6BF9 F1 68                        dw      EXIT                    // ; immediate
  50+ 6BFB
  51+ 6BFB              //  ______________________________________________________________________
  52+ 6BFB              //
  53+ 6BFB              // noop         --
  54+ 6BFB
  55+ 6BFB                              New_Def NOOP, "NOOP", is_code, is_normal
  55+ 6BFB             >temp_NFA        defl    $                   // save this NFA address to temp_NFA
  55+ 6BFB             >
  55+ 6BFB             >                // dummy db directives used to calculate length of namec
  55+ 6BFB 4E 4F 4F 50 >                db      "NOOP"
  55+ 6BFF             >len_NFA         defl    $ - temp_NFA
  55+ 6BFF             >                org     $ - len_NFA         // rewind to temp_NFA and re-do NFA part
  55+ 6BFB             >
  55+ 6BFB 84          >                db      len_NFA | END_BIT | is_normal  // The start of NFA must have msb set to signal the beginning of the sounted string
  55+ 6BFC 4E 4F 4F 50 >                db      "NOOP"               // name string in 7-bit ascii, but
  55+ 6C00             >                org     $-1                 // alter last byte of Name just above to set
  55+ 6BFF D0          >                db      {b $} | END_BIT     // msb as name end
  55+ 6C00             >
  55+ 6C00 E8 6B       >                dw      last_NFA            // Link to previous definition Name
  55+ 6C02             >NOOP:          if is_code != 0 ; ok        // This is the start address of the direct jp(hl)
  55+ 6C02 ~           >                call    runcode ; ok        // for primitive definitions  actual code
  55+ 6C02 ~           >
  55+ 6C02 ~           >
  55+ 6C02             >                endif           ; ok        // for other definitions it "points" the correct handler
  55+ 6C02             >                // Use of "; ok" to suppress "warning[fwdref]"
  55+ 6C02             >
  55+ 6C02             >last_NFA        defl    temp_NFA            // keep track of NFA saved above
  56+ 6C02                              next
  56+ 6C02 DD E9       >                jp      (ix)
  57+ 6C04
  58+ 6C04              //  ______________________________________________________________________
  59+ 6C04              //
  60+ 6C04              // constant     n -- cccc     ( compile time )
  61+ 6C04              //              -- n          ( run time )
  62+ 6C04              // Constant definition.
  63+ 6C04                              Colon_Def CONSTANT, "CONSTANT", is_normal   // has forward-ref
  63+ 6C04             >                New_Def  CONSTANT, "CONSTANT", Enter_Ptr, is_normal ; ok
  63+ 6C04             >temp_NFA        defl    $                   // save this NFA address to temp_NFA
  63+ 6C04             >
  63+ 6C04             >                // dummy db directives used to calculate length of namec
  63+ 6C04 43 4F 4E 53 >                db      "CONSTANT"
  63+ 6C08 54 41 4E 54 >
  63+ 6C0C             >len_NFA         defl    $ - temp_NFA
  63+ 6C0C             >                org     $ - len_NFA         // rewind to temp_NFA and re-do NFA part
  63+ 6C04             >
  63+ 6C04 88          >                db      len_NFA | END_BIT | is_normal  // The start of NFA must have msb set to signal the beginning of the sounted string
  63+ 6C05 43 4F 4E 53 >                db      "CONSTANT"               // name string in 7-bit ascii, but
  63+ 6C09 54 41 4E 54 >
  63+ 6C0D             >                org     $-1                 // alter last byte of Name just above to set
  63+ 6C0C D4          >                db      {b $} | END_BIT     // msb as name end
  63+ 6C0D             >
  63+ 6C0D FB 6B       >                dw      last_NFA            // Link to previous definition Name
  63+ 6C0F             >CONSTANT:          if Enter_Ptr != 0 ; ok        // This is the start address of the direct jp(hl)
  63+ 6C0F CD DF 6B    >                call    Enter_Ptr ; ok        // for primitive definitions  actual code
  63+ 6C12             >
  63+ 6C12             >
  63+ 6C12             >                endif           ; ok        // for other definitions it "points" the correct handler
  63+ 6C12             >                // Use of "; ok" to suppress "warning[fwdref]"
  63+ 6C12             >
  63+ 6C12             >last_NFA        defl    temp_NFA            // keep track of NFA saved above
  64+ 6C12
  65+ 6C12 68 77                        dw      CREATE                  // create
  66+ 6C14 82 6E                        dw      COMMA                   // ,    ( at PFA then, store the value )
  67+ 6C16 6F 71                        dw      C_SEMICOLON_CODE        // ;code (  changes the 3-bytes CFA to call Constant_Ptr )
  68+ 6C18              Constant_Ptr:
  69+ 6C18
  70+ 6C18
  71+ 6C18 E1                           pop     hl
  72+ 6C19
  73+ 6C19 7E                           ld      a, (hl)
  74+ 6C1A 23                           inc     hl
  75+ 6C1B 66                           ld      h, (hl)
  76+ 6C1C 6F                           ld      l, a
  77+ 6C1D E5                           push    hl
  78+ 6C1E                              next
  78+ 6C1E DD E9       >                jp      (ix)
  79+ 6C20
  80+ 6C20              //  ______________________________________________________________________
  81+ 6C20              //
  82+ 6C20              // variable     n -- cccc     ( compile time )
  83+ 6C20              //              -- a          ( run time )
  84+ 6C20              // Variable definition, n is the initial value.
  85+ 6C20                              Colon_Def VARIABLE, "VARIABLE", is_normal   // has forward-ref
  85+ 6C20             >                New_Def  VARIABLE, "VARIABLE", Enter_Ptr, is_normal ; ok
  85+ 6C20             >temp_NFA        defl    $                   // save this NFA address to temp_NFA
  85+ 6C20             >
  85+ 6C20             >                // dummy db directives used to calculate length of namec
  85+ 6C20 56 41 52 49 >                db      "VARIABLE"
  85+ 6C24 41 42 4C 45 >
  85+ 6C28             >len_NFA         defl    $ - temp_NFA
  85+ 6C28             >                org     $ - len_NFA         // rewind to temp_NFA and re-do NFA part
  85+ 6C20             >
  85+ 6C20 88          >                db      len_NFA | END_BIT | is_normal  // The start of NFA must have msb set to signal the beginning of the sounted string
  85+ 6C21 56 41 52 49 >                db      "VARIABLE"               // name string in 7-bit ascii, but
  85+ 6C25 41 42 4C 45 >
  85+ 6C29             >                org     $-1                 // alter last byte of Name just above to set
  85+ 6C28 C5          >                db      {b $} | END_BIT     // msb as name end
  85+ 6C29             >
  85+ 6C29 04 6C       >                dw      last_NFA            // Link to previous definition Name
  85+ 6C2B             >VARIABLE:          if Enter_Ptr != 0 ; ok        // This is the start address of the direct jp(hl)
  85+ 6C2B CD DF 6B    >                call    Enter_Ptr ; ok        // for primitive definitions  actual code
  85+ 6C2E             >
  85+ 6C2E             >
  85+ 6C2E             >                endif           ; ok        // for other definitions it "points" the correct handler
  85+ 6C2E             >                // Use of "; ok" to suppress "warning[fwdref]"
  85+ 6C2E             >
  85+ 6C2E             >last_NFA        defl    temp_NFA            // keep track of NFA saved above
  86+ 6C2E
  87+ 6C2E 57 6C                        dw      ZERO
  88+ 6C30 0F 6C                        dw      CONSTANT                // constant
  89+ 6C32 6F 71                        dw      C_SEMICOLON_CODE        // ;code ( changes the 3-bytes CFA to call Variable_Ptr )
  90+ 6C34              Variable_Ptr:
  91+ 6C34
  92+ 6C34
  93+ 6C34
  94+ 6C34
  95+ 6C34                              next
  95+ 6C34 DD E9       >                jp      (ix)
  96+ 6C36
  97+ 6C36              //  ______________________________________________________________________
  98+ 6C36              //
  99+ 6C36              // user         b -- cccc     ( compile time )
 100+ 6C36              //              -- a          ( run time )
 101+ 6C36              // User variable definition
 102+ 6C36                              Colon_Def USER, "USER", is_normal
 102+ 6C36             >                New_Def  USER, "USER", Enter_Ptr, is_normal ; ok
 102+ 6C36             >temp_NFA        defl    $                   // save this NFA address to temp_NFA
 102+ 6C36             >
 102+ 6C36             >                // dummy db directives used to calculate length of namec
 102+ 6C36 55 53 45 52 >                db      "USER"
 102+ 6C3A             >len_NFA         defl    $ - temp_NFA
 102+ 6C3A             >                org     $ - len_NFA         // rewind to temp_NFA and re-do NFA part
 102+ 6C36             >
 102+ 6C36 84          >                db      len_NFA | END_BIT | is_normal  // The start of NFA must have msb set to signal the beginning of the sounted string
 102+ 6C37 55 53 45 52 >                db      "USER"               // name string in 7-bit ascii, but
 102+ 6C3B             >                org     $-1                 // alter last byte of Name just above to set
 102+ 6C3A D2          >                db      {b $} | END_BIT     // msb as name end
 102+ 6C3B             >
 102+ 6C3B 20 6C       >                dw      last_NFA            // Link to previous definition Name
 102+ 6C3D             >USER:          if Enter_Ptr != 0 ; ok        // This is the start address of the direct jp(hl)
 102+ 6C3D CD DF 6B    >                call    Enter_Ptr ; ok        // for primitive definitions  actual code
 102+ 6C40             >
 102+ 6C40             >
 102+ 6C40             >                endif           ; ok        // for other definitions it "points" the correct handler
 102+ 6C40             >                // Use of "; ok" to suppress "warning[fwdref]"
 102+ 6C40             >
 102+ 6C40             >last_NFA        defl    temp_NFA            // keep track of NFA saved above
 103+ 6C40
 104+ 6C40 68 77                        dw      CREATE                  // create
 105+ 6C42 94 6E                        dw      CCOMMA                  // c,
 106+ 6C44 6F 71                        dw      C_SEMICOLON_CODE        // ;code () changes the 3-bytes CFA to call User_Ptr )
 107+ 6C46
 108+ 6C46
 109+ 6C46              User_Ptr:
 110+ 6C46                              // via call coded in CFA
 111+ 6C46 D9                           exx
 112+ 6C47 E1                           pop     hl
 113+ 6C48 5E                           ld      e, (hl)
 114+ 6C49 16 00                        ld      d, 0
 115+ 6C4B 2A 2E 64                     ld      hl, (USER_Pointer)
 116+ 6C4E 19                           add     hl, de
 117+ 6C4F E5                           push    hl
 118+ 6C50 D9                           exx
 119+ 6C51                              next
 119+ 6C51 DD E9       >                jp      (ix)
 120+ 6C53
 121+ 6C53              //  ______________________________________________________________________
 122+ 6C53              //
 123+ 6C53                              Constant_Def ZERO       ,   "0"     ,   0
 123+ 6C53             >                New_Def  ZERO, "0", Constant_Ptr, is_normal
 123+ 6C53             >temp_NFA        defl    $                   // save this NFA address to temp_NFA
 123+ 6C53             >
 123+ 6C53             >                // dummy db directives used to calculate length of namec
 123+ 6C53 30          >                db      "0"
 123+ 6C54             >len_NFA         defl    $ - temp_NFA
 123+ 6C54             >                org     $ - len_NFA         // rewind to temp_NFA and re-do NFA part
 123+ 6C53             >
 123+ 6C53 81          >                db      len_NFA | END_BIT | is_normal  // The start of NFA must have msb set to signal the beginning of the sounted string
 123+ 6C54 30          >                db      "0"               // name string in 7-bit ascii, but
 123+ 6C55             >                org     $-1                 // alter last byte of Name just above to set
 123+ 6C54 B0          >                db      {b $} | END_BIT     // msb as name end
 123+ 6C55             >
 123+ 6C55 36 6C       >                dw      last_NFA            // Link to previous definition Name
 123+ 6C57             >ZERO:          if Constant_Ptr != 0 ; ok        // This is the start address of the direct jp(hl)
 123+ 6C57 CD 18 6C    >                call    Constant_Ptr ; ok        // for primitive definitions  actual code
 123+ 6C5A             >
 123+ 6C5A             >
 123+ 6C5A             >                endif           ; ok        // for other definitions it "points" the correct handler
 123+ 6C5A             >                // Use of "; ok" to suppress "warning[fwdref]"
 123+ 6C5A             >
 123+ 6C5A             >last_NFA        defl    temp_NFA            // keep track of NFA saved above
 123+ 6C5A 00 00       >                dw      0
 124+ 6C5C                              Constant_Def ONE        ,   "1"     ,   1
 124+ 6C5C             >                New_Def  ONE, "1", Constant_Ptr, is_normal
 124+ 6C5C             >temp_NFA        defl    $                   // save this NFA address to temp_NFA
 124+ 6C5C             >
 124+ 6C5C             >                // dummy db directives used to calculate length of namec
 124+ 6C5C 31          >                db      "1"
 124+ 6C5D             >len_NFA         defl    $ - temp_NFA
 124+ 6C5D             >                org     $ - len_NFA         // rewind to temp_NFA and re-do NFA part
 124+ 6C5C             >
 124+ 6C5C 81          >                db      len_NFA | END_BIT | is_normal  // The start of NFA must have msb set to signal the beginning of the sounted string
 124+ 6C5D 31          >                db      "1"               // name string in 7-bit ascii, but
 124+ 6C5E             >                org     $-1                 // alter last byte of Name just above to set
 124+ 6C5D B1          >                db      {b $} | END_BIT     // msb as name end
 124+ 6C5E             >
 124+ 6C5E 53 6C       >                dw      last_NFA            // Link to previous definition Name
 124+ 6C60             >ONE:          if Constant_Ptr != 0 ; ok        // This is the start address of the direct jp(hl)
 124+ 6C60 CD 18 6C    >                call    Constant_Ptr ; ok        // for primitive definitions  actual code
 124+ 6C63             >
 124+ 6C63             >
 124+ 6C63             >                endif           ; ok        // for other definitions it "points" the correct handler
 124+ 6C63             >                // Use of "; ok" to suppress "warning[fwdref]"
 124+ 6C63             >
 124+ 6C63             >last_NFA        defl    temp_NFA            // keep track of NFA saved above
 124+ 6C63 01 00       >                dw      1
 125+ 6C65                              Constant_Def TWO        ,   "2"     ,   2
 125+ 6C65             >                New_Def  TWO, "2", Constant_Ptr, is_normal
 125+ 6C65             >temp_NFA        defl    $                   // save this NFA address to temp_NFA
 125+ 6C65             >
 125+ 6C65             >                // dummy db directives used to calculate length of namec
 125+ 6C65 32          >                db      "2"
 125+ 6C66             >len_NFA         defl    $ - temp_NFA
 125+ 6C66             >                org     $ - len_NFA         // rewind to temp_NFA and re-do NFA part
 125+ 6C65             >
 125+ 6C65 81          >                db      len_NFA | END_BIT | is_normal  // The start of NFA must have msb set to signal the beginning of the sounted string
 125+ 6C66 32          >                db      "2"               // name string in 7-bit ascii, but
 125+ 6C67             >                org     $-1                 // alter last byte of Name just above to set
 125+ 6C66 B2          >                db      {b $} | END_BIT     // msb as name end
 125+ 6C67             >
 125+ 6C67 5C 6C       >                dw      last_NFA            // Link to previous definition Name
 125+ 6C69             >TWO:          if Constant_Ptr != 0 ; ok        // This is the start address of the direct jp(hl)
 125+ 6C69 CD 18 6C    >                call    Constant_Ptr ; ok        // for primitive definitions  actual code
 125+ 6C6C             >
 125+ 6C6C             >
 125+ 6C6C             >                endif           ; ok        // for other definitions it "points" the correct handler
 125+ 6C6C             >                // Use of "; ok" to suppress "warning[fwdref]"
 125+ 6C6C             >
 125+ 6C6C             >last_NFA        defl    temp_NFA            // keep track of NFA saved above
 125+ 6C6C 02 00       >                dw      2
 126+ 6C6E                              Constant_Def THREE      ,   "3"     ,   3
 126+ 6C6E             >                New_Def  THREE, "3", Constant_Ptr, is_normal
 126+ 6C6E             >temp_NFA        defl    $                   // save this NFA address to temp_NFA
 126+ 6C6E             >
 126+ 6C6E             >                // dummy db directives used to calculate length of namec
 126+ 6C6E 33          >                db      "3"
 126+ 6C6F             >len_NFA         defl    $ - temp_NFA
 126+ 6C6F             >                org     $ - len_NFA         // rewind to temp_NFA and re-do NFA part
 126+ 6C6E             >
 126+ 6C6E 81          >                db      len_NFA | END_BIT | is_normal  // The start of NFA must have msb set to signal the beginning of the sounted string
 126+ 6C6F 33          >                db      "3"               // name string in 7-bit ascii, but
 126+ 6C70             >                org     $-1                 // alter last byte of Name just above to set
 126+ 6C6F B3          >                db      {b $} | END_BIT     // msb as name end
 126+ 6C70             >
 126+ 6C70 65 6C       >                dw      last_NFA            // Link to previous definition Name
 126+ 6C72             >THREE:          if Constant_Ptr != 0 ; ok        // This is the start address of the direct jp(hl)
 126+ 6C72 CD 18 6C    >                call    Constant_Ptr ; ok        // for primitive definitions  actual code
 126+ 6C75             >
 126+ 6C75             >
 126+ 6C75             >                endif           ; ok        // for other definitions it "points" the correct handler
 126+ 6C75             >                // Use of "; ok" to suppress "warning[fwdref]"
 126+ 6C75             >
 126+ 6C75             >last_NFA        defl    temp_NFA            // keep track of NFA saved above
 126+ 6C75 03 00       >                dw      3
 127+ 6C77                              Constant_Def NEG_ONE    ,   "-1"    ,  -1
 127+ 6C77             >                New_Def  NEG_ONE, "-1", Constant_Ptr, is_normal
 127+ 6C77             >temp_NFA        defl    $                   // save this NFA address to temp_NFA
 127+ 6C77             >
 127+ 6C77             >                // dummy db directives used to calculate length of namec
 127+ 6C77 2D 31       >                db      "-1"
 127+ 6C79             >len_NFA         defl    $ - temp_NFA
 127+ 6C79             >                org     $ - len_NFA         // rewind to temp_NFA and re-do NFA part
 127+ 6C77             >
 127+ 6C77 82          >                db      len_NFA | END_BIT | is_normal  // The start of NFA must have msb set to signal the beginning of the sounted string
 127+ 6C78 2D 31       >                db      "-1"               // name string in 7-bit ascii, but
 127+ 6C7A             >                org     $-1                 // alter last byte of Name just above to set
 127+ 6C79 B1          >                db      {b $} | END_BIT     // msb as name end
 127+ 6C7A             >
 127+ 6C7A 6E 6C       >                dw      last_NFA            // Link to previous definition Name
 127+ 6C7C             >NEG_ONE:          if Constant_Ptr != 0 ; ok        // This is the start address of the direct jp(hl)
 127+ 6C7C CD 18 6C    >                call    Constant_Ptr ; ok        // for primitive definitions  actual code
 127+ 6C7F             >
 127+ 6C7F             >
 127+ 6C7F             >                endif           ; ok        // for other definitions it "points" the correct handler
 127+ 6C7F             >                // Use of "; ok" to suppress "warning[fwdref]"
 127+ 6C7F             >
 127+ 6C7F             >last_NFA        defl    temp_NFA            // keep track of NFA saved above
 127+ 6C7F FF FF       >                dw      -1
 128+ 6C81                              Constant_Def BL         ,   "BL"    , $20
 128+ 6C81             >                New_Def  BL, "BL", Constant_Ptr, is_normal
 128+ 6C81             >temp_NFA        defl    $                   // save this NFA address to temp_NFA
 128+ 6C81             >
 128+ 6C81             >                // dummy db directives used to calculate length of namec
 128+ 6C81 42 4C       >                db      "BL"
 128+ 6C83             >len_NFA         defl    $ - temp_NFA
 128+ 6C83             >                org     $ - len_NFA         // rewind to temp_NFA and re-do NFA part
 128+ 6C81             >
 128+ 6C81 82          >                db      len_NFA | END_BIT | is_normal  // The start of NFA must have msb set to signal the beginning of the sounted string
 128+ 6C82 42 4C       >                db      "BL"               // name string in 7-bit ascii, but
 128+ 6C84             >                org     $-1                 // alter last byte of Name just above to set
 128+ 6C83 CC          >                db      {b $} | END_BIT     // msb as name end
 128+ 6C84             >
 128+ 6C84 77 6C       >                dw      last_NFA            // Link to previous definition Name
 128+ 6C86             >BL:          if Constant_Ptr != 0 ; ok        // This is the start address of the direct jp(hl)
 128+ 6C86 CD 18 6C    >                call    Constant_Ptr ; ok        // for primitive definitions  actual code
 128+ 6C89             >
 128+ 6C89             >
 128+ 6C89             >                endif           ; ok        // for other definitions it "points" the correct handler
 128+ 6C89             >                // Use of "; ok" to suppress "warning[fwdref]"
 128+ 6C89             >
 128+ 6C89             >last_NFA        defl    temp_NFA            // keep track of NFA saved above
 128+ 6C89 20 00       >                dw      $20
 129+ 6C8B                              Constant_Def CL         ,   "C/L"   ,  32
 129+ 6C8B             >                New_Def  CL, "C/L", Constant_Ptr, is_normal
 129+ 6C8B             >temp_NFA        defl    $                   // save this NFA address to temp_NFA
 129+ 6C8B             >
 129+ 6C8B             >                // dummy db directives used to calculate length of namec
 129+ 6C8B 43 2F 4C    >                db      "C/L"
 129+ 6C8E             >len_NFA         defl    $ - temp_NFA
 129+ 6C8E             >                org     $ - len_NFA         // rewind to temp_NFA and re-do NFA part
 129+ 6C8B             >
 129+ 6C8B 83          >                db      len_NFA | END_BIT | is_normal  // The start of NFA must have msb set to signal the beginning of the sounted string
 129+ 6C8C 43 2F 4C    >                db      "C/L"               // name string in 7-bit ascii, but
 129+ 6C8F             >                org     $-1                 // alter last byte of Name just above to set
 129+ 6C8E CC          >                db      {b $} | END_BIT     // msb as name end
 129+ 6C8F             >
 129+ 6C8F 81 6C       >                dw      last_NFA            // Link to previous definition Name
 129+ 6C91             >CL:          if Constant_Ptr != 0 ; ok        // This is the start address of the direct jp(hl)
 129+ 6C91 CD 18 6C    >                call    Constant_Ptr ; ok        // for primitive definitions  actual code
 129+ 6C94             >
 129+ 6C94             >
 129+ 6C94             >                endif           ; ok        // for other definitions it "points" the correct handler
 129+ 6C94             >                // Use of "; ok" to suppress "warning[fwdref]"
 129+ 6C94             >
 129+ 6C94             >last_NFA        defl    temp_NFA            // keep track of NFA saved above
 129+ 6C94 20 00       >                dw      32
 130+ 6C96                              Constant_Def BBUF       ,   "B/BUF" , 512
 130+ 6C96             >                New_Def  BBUF, "B/BUF", Constant_Ptr, is_normal
 130+ 6C96             >temp_NFA        defl    $                   // save this NFA address to temp_NFA
 130+ 6C96             >
 130+ 6C96             >                // dummy db directives used to calculate length of namec
 130+ 6C96 42 2F 42 55 >                db      "B/BUF"
 130+ 6C9A 46          >
 130+ 6C9B             >len_NFA         defl    $ - temp_NFA
 130+ 6C9B             >                org     $ - len_NFA         // rewind to temp_NFA and re-do NFA part
 130+ 6C96             >
 130+ 6C96 85          >                db      len_NFA | END_BIT | is_normal  // The start of NFA must have msb set to signal the beginning of the sounted string
 130+ 6C97 42 2F 42 55 >                db      "B/BUF"               // name string in 7-bit ascii, but
 130+ 6C9B 46          >
 130+ 6C9C             >                org     $-1                 // alter last byte of Name just above to set
 130+ 6C9B C6          >                db      {b $} | END_BIT     // msb as name end
 130+ 6C9C             >
 130+ 6C9C 8B 6C       >                dw      last_NFA            // Link to previous definition Name
 130+ 6C9E             >BBUF:          if Constant_Ptr != 0 ; ok        // This is the start address of the direct jp(hl)
 130+ 6C9E CD 18 6C    >                call    Constant_Ptr ; ok        // for primitive definitions  actual code
 130+ 6CA1             >
 130+ 6CA1             >
 130+ 6CA1             >                endif           ; ok        // for other definitions it "points" the correct handler
 130+ 6CA1             >                // Use of "; ok" to suppress "warning[fwdref]"
 130+ 6CA1             >
 130+ 6CA1             >last_NFA        defl    temp_NFA            // keep track of NFA saved above
 130+ 6CA1 00 02       >                dw      512
 131+ 6CA3                              Constant_Def BSCR       ,   "B/SCR" ,   1
 131+ 6CA3             >                New_Def  BSCR, "B/SCR", Constant_Ptr, is_normal
 131+ 6CA3             >temp_NFA        defl    $                   // save this NFA address to temp_NFA
 131+ 6CA3             >
 131+ 6CA3             >                // dummy db directives used to calculate length of namec
 131+ 6CA3 42 2F 53 43 >                db      "B/SCR"
 131+ 6CA7 52          >
 131+ 6CA8             >len_NFA         defl    $ - temp_NFA
 131+ 6CA8             >                org     $ - len_NFA         // rewind to temp_NFA and re-do NFA part
 131+ 6CA3             >
 131+ 6CA3 85          >                db      len_NFA | END_BIT | is_normal  // The start of NFA must have msb set to signal the beginning of the sounted string
 131+ 6CA4 42 2F 53 43 >                db      "B/SCR"               // name string in 7-bit ascii, but
 131+ 6CA8 52          >
 131+ 6CA9             >                org     $-1                 // alter last byte of Name just above to set
 131+ 6CA8 D2          >                db      {b $} | END_BIT     // msb as name end
 131+ 6CA9             >
 131+ 6CA9 96 6C       >                dw      last_NFA            // Link to previous definition Name
 131+ 6CAB             >BSCR:          if Constant_Ptr != 0 ; ok        // This is the start address of the direct jp(hl)
 131+ 6CAB CD 18 6C    >                call    Constant_Ptr ; ok        // for primitive definitions  actual code
 131+ 6CAE             >
 131+ 6CAE             >
 131+ 6CAE             >                endif           ; ok        // for other definitions it "points" the correct handler
 131+ 6CAE             >                // Use of "; ok" to suppress "warning[fwdref]"
 131+ 6CAE             >
 131+ 6CAE             >last_NFA        defl    temp_NFA            // keep track of NFA saved above
 131+ 6CAE 01 00       >                dw      1
 132+ 6CB0                              Constant_Def LSCR       ,   "L/SCR" ,  16
 132+ 6CB0             >                New_Def  LSCR, "L/SCR", Constant_Ptr, is_normal
 132+ 6CB0             >temp_NFA        defl    $                   // save this NFA address to temp_NFA
 132+ 6CB0             >
 132+ 6CB0             >                // dummy db directives used to calculate length of namec
 132+ 6CB0 4C 2F 53 43 >                db      "L/SCR"
 132+ 6CB4 52          >
 132+ 6CB5             >len_NFA         defl    $ - temp_NFA
 132+ 6CB5             >                org     $ - len_NFA         // rewind to temp_NFA and re-do NFA part
 132+ 6CB0             >
 132+ 6CB0 85          >                db      len_NFA | END_BIT | is_normal  // The start of NFA must have msb set to signal the beginning of the sounted string
 132+ 6CB1 4C 2F 53 43 >                db      "L/SCR"               // name string in 7-bit ascii, but
 132+ 6CB5 52          >
 132+ 6CB6             >                org     $-1                 // alter last byte of Name just above to set
 132+ 6CB5 D2          >                db      {b $} | END_BIT     // msb as name end
 132+ 6CB6             >
 132+ 6CB6 A3 6C       >                dw      last_NFA            // Link to previous definition Name
 132+ 6CB8             >LSCR:          if Constant_Ptr != 0 ; ok        // This is the start address of the direct jp(hl)
 132+ 6CB8 CD 18 6C    >                call    Constant_Ptr ; ok        // for primitive definitions  actual code
 132+ 6CBB             >
 132+ 6CBB             >
 132+ 6CBB             >                endif           ; ok        // for other definitions it "points" the correct handler
 132+ 6CBB             >                // Use of "; ok" to suppress "warning[fwdref]"
 132+ 6CBB             >
 132+ 6CBB             >last_NFA        defl    temp_NFA            // keep track of NFA saved above
 132+ 6CBB 10 00       >                dw      16
 133+ 6CBD
 134+ 6CBD              //  ______________________________________________________________________
 135+ 6CBD              //
 136+ 6CBD              // +origin         --
 137+ 6CBD              //              Colon_Def PLUS_ORIGIN, "+ORIGIN", is_normal
 138+ 6CBD              //              dw      LIT, Cold_origin        // [ hex 6366 ] literal
 139+ 6CBD              //              dw      PLUS                    // +
 140+ 6CBD              //              dw      EXIT                    // ;
 141+ 6CBD                              New_Def  PLUS_ORIGIN, "+ORIGIN", is_code, is_normal
 141+ 6CBD             >temp_NFA        defl    $                   // save this NFA address to temp_NFA
 141+ 6CBD             >
 141+ 6CBD             >                // dummy db directives used to calculate length of namec
 141+ 6CBD 2B 4F 52 49 >                db      "+ORIGIN"
 141+ 6CC1 47 49 4E    >
 141+ 6CC4             >len_NFA         defl    $ - temp_NFA
 141+ 6CC4             >                org     $ - len_NFA         // rewind to temp_NFA and re-do NFA part
 141+ 6CBD             >
 141+ 6CBD 87          >                db      len_NFA | END_BIT | is_normal  // The start of NFA must have msb set to signal the beginning of the sounted string
 141+ 6CBE 2B 4F 52 49 >                db      "+ORIGIN"               // name string in 7-bit ascii, but
 141+ 6CC2 47 49 4E    >
 141+ 6CC5             >                org     $-1                 // alter last byte of Name just above to set
 141+ 6CC4 CE          >                db      {b $} | END_BIT     // msb as name end
 141+ 6CC5             >
 141+ 6CC5 B0 6C       >                dw      last_NFA            // Link to previous definition Name
 141+ 6CC7             >PLUS_ORIGIN:          if is_code != 0 ; ok        // This is the start address of the direct jp(hl)
 141+ 6CC7 ~           >                call    runcode ; ok        // for primitive definitions  actual code
 141+ 6CC7 ~           >
 141+ 6CC7 ~           >
 141+ 6CC7             >                endif           ; ok        // for other definitions it "points" the correct handler
 141+ 6CC7             >                // Use of "; ok" to suppress "warning[fwdref]"
 141+ 6CC7             >
 141+ 6CC7             >last_NFA        defl    temp_NFA            // keep track of NFA saved above
 142+ 6CC7 D9                           exx
 143+ 6CC8 E1                           pop     hl
 144+ 6CC9 11 00 64                     ld      de, Cold_origin
 145+ 6CCC 19                           add     hl, de
 146+ 6CCD E5                           push    hl
 147+ 6CCE D9                           exx
 148+ 6CCF                              next
 148+ 6CCF DD E9       >                jp      (ix)
 149+ 6CD1
 150+ 6CD1
 151+ 6CD1              //  ______________________________________________________________________
 152+ 6CD1              //
 153+ 6CD1                              Constant_Def CNEXT      ,   "(NEXT)", Next_Ptr
 153+ 6CD1             >                New_Def  CNEXT, "(NEXT)", Constant_Ptr, is_normal
 153+ 6CD1             >temp_NFA        defl    $                   // save this NFA address to temp_NFA
 153+ 6CD1             >
 153+ 6CD1             >                // dummy db directives used to calculate length of namec
 153+ 6CD1 28 4E 45 58 >                db      "(NEXT)"
 153+ 6CD5 54 29       >
 153+ 6CD7             >len_NFA         defl    $ - temp_NFA
 153+ 6CD7             >                org     $ - len_NFA         // rewind to temp_NFA and re-do NFA part
 153+ 6CD1             >
 153+ 6CD1 86          >                db      len_NFA | END_BIT | is_normal  // The start of NFA must have msb set to signal the beginning of the sounted string
 153+ 6CD2 28 4E 45 58 >                db      "(NEXT)"               // name string in 7-bit ascii, but
 153+ 6CD6 54 29       >
 153+ 6CD8             >                org     $-1                 // alter last byte of Name just above to set
 153+ 6CD7 A9          >                db      {b $} | END_BIT     // msb as name end
 153+ 6CD8             >
 153+ 6CD8 BD 6C       >                dw      last_NFA            // Link to previous definition Name
 153+ 6CDA             >CNEXT:          if Constant_Ptr != 0 ; ok        // This is the start address of the direct jp(hl)
 153+ 6CDA CD 18 6C    >                call    Constant_Ptr ; ok        // for primitive definitions  actual code
 153+ 6CDD             >
 153+ 6CDD             >
 153+ 6CDD             >                endif           ; ok        // for other definitions it "points" the correct handler
 153+ 6CDD             >                // Use of "; ok" to suppress "warning[fwdref]"
 153+ 6CDD             >
 153+ 6CDD             >last_NFA        defl    temp_NFA            // keep track of NFA saved above
 153+ 6CDD 32 64       >                dw      Next_Ptr
 154+ 6CDF
 155+ 6CDF              //  ______________________________________________________________________
 156+ 6CDF              //
 157+ 6CDF
 158+ 6CDF                              User_Def S0         , "S0"        , 06 // starting value of Stack-Pointer
 158+ 6CDF             >                New_Def  S0, "S0", User_Ptr, is_normal
 158+ 6CDF             >temp_NFA        defl    $                   // save this NFA address to temp_NFA
 158+ 6CDF             >
 158+ 6CDF             >                // dummy db directives used to calculate length of namec
 158+ 6CDF 53 30       >                db      "S0"
 158+ 6CE1             >len_NFA         defl    $ - temp_NFA
 158+ 6CE1             >                org     $ - len_NFA         // rewind to temp_NFA and re-do NFA part
 158+ 6CDF             >
 158+ 6CDF 82          >                db      len_NFA | END_BIT | is_normal  // The start of NFA must have msb set to signal the beginning of the sounted string
 158+ 6CE0 53 30       >                db      "S0"               // name string in 7-bit ascii, but
 158+ 6CE2             >                org     $-1                 // alter last byte of Name just above to set
 158+ 6CE1 B0          >                db      {b $} | END_BIT     // msb as name end
 158+ 6CE2             >
 158+ 6CE2 D1 6C       >                dw      last_NFA            // Link to previous definition Name
 158+ 6CE4             >S0:          if User_Ptr != 0 ; ok        // This is the start address of the direct jp(hl)
 158+ 6CE4 CD 46 6C    >                call    User_Ptr ; ok        // for primitive definitions  actual code
 158+ 6CE7             >
 158+ 6CE7             >
 158+ 6CE7             >                endif           ; ok        // for other definitions it "points" the correct handler
 158+ 6CE7             >                // Use of "; ok" to suppress "warning[fwdref]"
 158+ 6CE7             >
 158+ 6CE7             >last_NFA        defl    temp_NFA            // keep track of NFA saved above
 158+ 6CE7 06          >                db      06
 159+ 6CE8                              User_Def R0         , "R0"        , 08 // starting value of Return-Pointer
 159+ 6CE8             >                New_Def  R0, "R0", User_Ptr, is_normal
 159+ 6CE8             >temp_NFA        defl    $                   // save this NFA address to temp_NFA
 159+ 6CE8             >
 159+ 6CE8             >                // dummy db directives used to calculate length of namec
 159+ 6CE8 52 30       >                db      "R0"
 159+ 6CEA             >len_NFA         defl    $ - temp_NFA
 159+ 6CEA             >                org     $ - len_NFA         // rewind to temp_NFA and re-do NFA part
 159+ 6CE8             >
 159+ 6CE8 82          >                db      len_NFA | END_BIT | is_normal  // The start of NFA must have msb set to signal the beginning of the sounted string
 159+ 6CE9 52 30       >                db      "R0"               // name string in 7-bit ascii, but
 159+ 6CEB             >                org     $-1                 // alter last byte of Name just above to set
 159+ 6CEA B0          >                db      {b $} | END_BIT     // msb as name end
 159+ 6CEB             >
 159+ 6CEB DF 6C       >                dw      last_NFA            // Link to previous definition Name
 159+ 6CED             >R0:          if User_Ptr != 0 ; ok        // This is the start address of the direct jp(hl)
 159+ 6CED CD 46 6C    >                call    User_Ptr ; ok        // for primitive definitions  actual code
 159+ 6CF0             >
 159+ 6CF0             >
 159+ 6CF0             >                endif           ; ok        // for other definitions it "points" the correct handler
 159+ 6CF0             >                // Use of "; ok" to suppress "warning[fwdref]"
 159+ 6CF0             >
 159+ 6CF0             >last_NFA        defl    temp_NFA            // keep track of NFA saved above
 159+ 6CF0 08          >                db      08
 160+ 6CF1                              User_Def TIB        , "TIB"       , 10 // input terminal buffer address
 160+ 6CF1             >                New_Def  TIB, "TIB", User_Ptr, is_normal
 160+ 6CF1             >temp_NFA        defl    $                   // save this NFA address to temp_NFA
 160+ 6CF1             >
 160+ 6CF1             >                // dummy db directives used to calculate length of namec
 160+ 6CF1 54 49 42    >                db      "TIB"
 160+ 6CF4             >len_NFA         defl    $ - temp_NFA
 160+ 6CF4             >                org     $ - len_NFA         // rewind to temp_NFA and re-do NFA part
 160+ 6CF1             >
 160+ 6CF1 83          >                db      len_NFA | END_BIT | is_normal  // The start of NFA must have msb set to signal the beginning of the sounted string
 160+ 6CF2 54 49 42    >                db      "TIB"               // name string in 7-bit ascii, but
 160+ 6CF5             >                org     $-1                 // alter last byte of Name just above to set
 160+ 6CF4 C2          >                db      {b $} | END_BIT     // msb as name end
 160+ 6CF5             >
 160+ 6CF5 E8 6C       >                dw      last_NFA            // Link to previous definition Name
 160+ 6CF7             >TIB:          if User_Ptr != 0 ; ok        // This is the start address of the direct jp(hl)
 160+ 6CF7 CD 46 6C    >                call    User_Ptr ; ok        // for primitive definitions  actual code
 160+ 6CFA             >
 160+ 6CFA             >
 160+ 6CFA             >                endif           ; ok        // for other definitions it "points" the correct handler
 160+ 6CFA             >                // Use of "; ok" to suppress "warning[fwdref]"
 160+ 6CFA             >
 160+ 6CFA             >last_NFA        defl    temp_NFA            // keep track of NFA saved above
 160+ 6CFA 0A          >                db      10
 161+ 6CFB                              User_Def WIDTH      , "WIDTH"     , 12 // maximum number of characters for a word name
 161+ 6CFB             >                New_Def  WIDTH, "WIDTH", User_Ptr, is_normal
 161+ 6CFB             >temp_NFA        defl    $                   // save this NFA address to temp_NFA
 161+ 6CFB             >
 161+ 6CFB             >                // dummy db directives used to calculate length of namec
 161+ 6CFB 57 49 44 54 >                db      "WIDTH"
 161+ 6CFF 48          >
 161+ 6D00             >len_NFA         defl    $ - temp_NFA
 161+ 6D00             >                org     $ - len_NFA         // rewind to temp_NFA and re-do NFA part
 161+ 6CFB             >
 161+ 6CFB 85          >                db      len_NFA | END_BIT | is_normal  // The start of NFA must have msb set to signal the beginning of the sounted string
 161+ 6CFC 57 49 44 54 >                db      "WIDTH"               // name string in 7-bit ascii, but
 161+ 6D00 48          >
 161+ 6D01             >                org     $-1                 // alter last byte of Name just above to set
 161+ 6D00 C8          >                db      {b $} | END_BIT     // msb as name end
 161+ 6D01             >
 161+ 6D01 F1 6C       >                dw      last_NFA            // Link to previous definition Name
 161+ 6D03             >WIDTH:          if User_Ptr != 0 ; ok        // This is the start address of the direct jp(hl)
 161+ 6D03 CD 46 6C    >                call    User_Ptr ; ok        // for primitive definitions  actual code
 161+ 6D06             >
 161+ 6D06             >
 161+ 6D06             >                endif           ; ok        // for other definitions it "points" the correct handler
 161+ 6D06             >                // Use of "; ok" to suppress "warning[fwdref]"
 161+ 6D06             >
 161+ 6D06             >last_NFA        defl    temp_NFA            // keep track of NFA saved above
 161+ 6D06 0C          >                db      12
 162+ 6D07                              User_Def WARNING    , "WARNING"   , 14 // error reporting method: 0 base, 1 verbose
 162+ 6D07             >                New_Def  WARNING, "WARNING", User_Ptr, is_normal
 162+ 6D07             >temp_NFA        defl    $                   // save this NFA address to temp_NFA
 162+ 6D07             >
 162+ 6D07             >                // dummy db directives used to calculate length of namec
 162+ 6D07 57 41 52 4E >                db      "WARNING"
 162+ 6D0B 49 4E 47    >
 162+ 6D0E             >len_NFA         defl    $ - temp_NFA
 162+ 6D0E             >                org     $ - len_NFA         // rewind to temp_NFA and re-do NFA part
 162+ 6D07             >
 162+ 6D07 87          >                db      len_NFA | END_BIT | is_normal  // The start of NFA must have msb set to signal the beginning of the sounted string
 162+ 6D08 57 41 52 4E >                db      "WARNING"               // name string in 7-bit ascii, but
 162+ 6D0C 49 4E 47    >
 162+ 6D0F             >                org     $-1                 // alter last byte of Name just above to set
 162+ 6D0E C7          >                db      {b $} | END_BIT     // msb as name end
 162+ 6D0F             >
 162+ 6D0F FB 6C       >                dw      last_NFA            // Link to previous definition Name
 162+ 6D11             >WARNING:          if User_Ptr != 0 ; ok        // This is the start address of the direct jp(hl)
 162+ 6D11 CD 46 6C    >                call    User_Ptr ; ok        // for primitive definitions  actual code
 162+ 6D14             >
 162+ 6D14             >
 162+ 6D14             >                endif           ; ok        // for other definitions it "points" the correct handler
 162+ 6D14             >                // Use of "; ok" to suppress "warning[fwdref]"
 162+ 6D14             >
 162+ 6D14             >last_NFA        defl    temp_NFA            // keep track of NFA saved above
 162+ 6D14 0E          >                db      14
 163+ 6D15                              User_Def FENCE      , "FENCE"     , 16 // minimum address where FORGET can work
 163+ 6D15             >                New_Def  FENCE, "FENCE", User_Ptr, is_normal
 163+ 6D15             >temp_NFA        defl    $                   // save this NFA address to temp_NFA
 163+ 6D15             >
 163+ 6D15             >                // dummy db directives used to calculate length of namec
 163+ 6D15 46 45 4E 43 >                db      "FENCE"
 163+ 6D19 45          >
 163+ 6D1A             >len_NFA         defl    $ - temp_NFA
 163+ 6D1A             >                org     $ - len_NFA         // rewind to temp_NFA and re-do NFA part
 163+ 6D15             >
 163+ 6D15 85          >                db      len_NFA | END_BIT | is_normal  // The start of NFA must have msb set to signal the beginning of the sounted string
 163+ 6D16 46 45 4E 43 >                db      "FENCE"               // name string in 7-bit ascii, but
 163+ 6D1A 45          >
 163+ 6D1B             >                org     $-1                 // alter last byte of Name just above to set
 163+ 6D1A C5          >                db      {b $} | END_BIT     // msb as name end
 163+ 6D1B             >
 163+ 6D1B 07 6D       >                dw      last_NFA            // Link to previous definition Name
 163+ 6D1D             >FENCE:          if User_Ptr != 0 ; ok        // This is the start address of the direct jp(hl)
 163+ 6D1D CD 46 6C    >                call    User_Ptr ; ok        // for primitive definitions  actual code
 163+ 6D20             >
 163+ 6D20             >
 163+ 6D20             >                endif           ; ok        // for other definitions it "points" the correct handler
 163+ 6D20             >                // Use of "; ok" to suppress "warning[fwdref]"
 163+ 6D20             >
 163+ 6D20             >last_NFA        defl    temp_NFA            // keep track of NFA saved above
 163+ 6D20 10          >                db      16
 164+ 6D21                              User_Def DP         , "DP"        , 18 // Dictionary Pointer
 164+ 6D21             >                New_Def  DP, "DP", User_Ptr, is_normal
 164+ 6D21             >temp_NFA        defl    $                   // save this NFA address to temp_NFA
 164+ 6D21             >
 164+ 6D21             >                // dummy db directives used to calculate length of namec
 164+ 6D21 44 50       >                db      "DP"
 164+ 6D23             >len_NFA         defl    $ - temp_NFA
 164+ 6D23             >                org     $ - len_NFA         // rewind to temp_NFA and re-do NFA part
 164+ 6D21             >
 164+ 6D21 82          >                db      len_NFA | END_BIT | is_normal  // The start of NFA must have msb set to signal the beginning of the sounted string
 164+ 6D22 44 50       >                db      "DP"               // name string in 7-bit ascii, but
 164+ 6D24             >                org     $-1                 // alter last byte of Name just above to set
 164+ 6D23 D0          >                db      {b $} | END_BIT     // msb as name end
 164+ 6D24             >
 164+ 6D24 15 6D       >                dw      last_NFA            // Link to previous definition Name
 164+ 6D26             >DP:          if User_Ptr != 0 ; ok        // This is the start address of the direct jp(hl)
 164+ 6D26 CD 46 6C    >                call    User_Ptr ; ok        // for primitive definitions  actual code
 164+ 6D29             >
 164+ 6D29             >
 164+ 6D29             >                endif           ; ok        // for other definitions it "points" the correct handler
 164+ 6D29             >                // Use of "; ok" to suppress "warning[fwdref]"
 164+ 6D29             >
 164+ 6D29             >last_NFA        defl    temp_NFA            // keep track of NFA saved above
 164+ 6D29 12          >                db      18
 165+ 6D2A                              User_Def VOC_LINK   , "VOC-LINK"  , 20 // pointer to the latest vocabulary
 165+ 6D2A             >                New_Def  VOC_LINK, "VOC-LINK", User_Ptr, is_normal
 165+ 6D2A             >temp_NFA        defl    $                   // save this NFA address to temp_NFA
 165+ 6D2A             >
 165+ 6D2A             >                // dummy db directives used to calculate length of namec
 165+ 6D2A 56 4F 43 2D >                db      "VOC-LINK"
 165+ 6D2E 4C 49 4E 4B >
 165+ 6D32             >len_NFA         defl    $ - temp_NFA
 165+ 6D32             >                org     $ - len_NFA         // rewind to temp_NFA and re-do NFA part
 165+ 6D2A             >
 165+ 6D2A 88          >                db      len_NFA | END_BIT | is_normal  // The start of NFA must have msb set to signal the beginning of the sounted string
 165+ 6D2B 56 4F 43 2D >                db      "VOC-LINK"               // name string in 7-bit ascii, but
 165+ 6D2F 4C 49 4E 4B >
 165+ 6D33             >                org     $-1                 // alter last byte of Name just above to set
 165+ 6D32 CB          >                db      {b $} | END_BIT     // msb as name end
 165+ 6D33             >
 165+ 6D33 21 6D       >                dw      last_NFA            // Link to previous definition Name
 165+ 6D35             >VOC_LINK:          if User_Ptr != 0 ; ok        // This is the start address of the direct jp(hl)
 165+ 6D35 CD 46 6C    >                call    User_Ptr ; ok        // for primitive definitions  actual code
 165+ 6D38             >
 165+ 6D38             >
 165+ 6D38             >                endif           ; ok        // for other definitions it "points" the correct handler
 165+ 6D38             >                // Use of "; ok" to suppress "warning[fwdref]"
 165+ 6D38             >
 165+ 6D38             >last_NFA        defl    temp_NFA            // keep track of NFA saved above
 165+ 6D38 14          >                db      20
 166+ 6D39                              User_Def FIRST      , "FIRST"     , 22 // address of first buffer
 166+ 6D39             >                New_Def  FIRST, "FIRST", User_Ptr, is_normal
 166+ 6D39             >temp_NFA        defl    $                   // save this NFA address to temp_NFA
 166+ 6D39             >
 166+ 6D39             >                // dummy db directives used to calculate length of namec
 166+ 6D39 46 49 52 53 >                db      "FIRST"
 166+ 6D3D 54          >
 166+ 6D3E             >len_NFA         defl    $ - temp_NFA
 166+ 6D3E             >                org     $ - len_NFA         // rewind to temp_NFA and re-do NFA part
 166+ 6D39             >
 166+ 6D39 85          >                db      len_NFA | END_BIT | is_normal  // The start of NFA must have msb set to signal the beginning of the sounted string
 166+ 6D3A 46 49 52 53 >                db      "FIRST"               // name string in 7-bit ascii, but
 166+ 6D3E 54          >
 166+ 6D3F             >                org     $-1                 // alter last byte of Name just above to set
 166+ 6D3E D4          >                db      {b $} | END_BIT     // msb as name end
 166+ 6D3F             >
 166+ 6D3F 2A 6D       >                dw      last_NFA            // Link to previous definition Name
 166+ 6D41             >FIRST:          if User_Ptr != 0 ; ok        // This is the start address of the direct jp(hl)
 166+ 6D41 CD 46 6C    >                call    User_Ptr ; ok        // for primitive definitions  actual code
 166+ 6D44             >
 166+ 6D44             >
 166+ 6D44             >                endif           ; ok        // for other definitions it "points" the correct handler
 166+ 6D44             >                // Use of "; ok" to suppress "warning[fwdref]"
 166+ 6D44             >
 166+ 6D44             >last_NFA        defl    temp_NFA            // keep track of NFA saved above
 166+ 6D44 16          >                db      22
 167+ 6D45                              User_Def LIMIT      , "LIMIT"     , 24 // address of last buffer
 167+ 6D45             >                New_Def  LIMIT, "LIMIT", User_Ptr, is_normal
 167+ 6D45             >temp_NFA        defl    $                   // save this NFA address to temp_NFA
 167+ 6D45             >
 167+ 6D45             >                // dummy db directives used to calculate length of namec
 167+ 6D45 4C 49 4D 49 >                db      "LIMIT"
 167+ 6D49 54          >
 167+ 6D4A             >len_NFA         defl    $ - temp_NFA
 167+ 6D4A             >                org     $ - len_NFA         // rewind to temp_NFA and re-do NFA part
 167+ 6D45             >
 167+ 6D45 85          >                db      len_NFA | END_BIT | is_normal  // The start of NFA must have msb set to signal the beginning of the sounted string
 167+ 6D46 4C 49 4D 49 >                db      "LIMIT"               // name string in 7-bit ascii, but
 167+ 6D4A 54          >
 167+ 6D4B             >                org     $-1                 // alter last byte of Name just above to set
 167+ 6D4A D4          >                db      {b $} | END_BIT     // msb as name end
 167+ 6D4B             >
 167+ 6D4B 39 6D       >                dw      last_NFA            // Link to previous definition Name
 167+ 6D4D             >LIMIT:          if User_Ptr != 0 ; ok        // This is the start address of the direct jp(hl)
 167+ 6D4D CD 46 6C    >                call    User_Ptr ; ok        // for primitive definitions  actual code
 167+ 6D50             >
 167+ 6D50             >
 167+ 6D50             >                endif           ; ok        // for other definitions it "points" the correct handler
 167+ 6D50             >                // Use of "; ok" to suppress "warning[fwdref]"
 167+ 6D50             >
 167+ 6D50             >last_NFA        defl    temp_NFA            // keep track of NFA saved above
 167+ 6D50 18          >                db      24
 168+ 6D51                              User_Def EXP        , "EXP"       , 26 // keeps the exponent in number conversion
 168+ 6D51             >                New_Def  EXP, "EXP", User_Ptr, is_normal
 168+ 6D51             >temp_NFA        defl    $                   // save this NFA address to temp_NFA
 168+ 6D51             >
 168+ 6D51             >                // dummy db directives used to calculate length of namec
 168+ 6D51 45 58 50    >                db      "EXP"
 168+ 6D54             >len_NFA         defl    $ - temp_NFA
 168+ 6D54             >                org     $ - len_NFA         // rewind to temp_NFA and re-do NFA part
 168+ 6D51             >
 168+ 6D51 83          >                db      len_NFA | END_BIT | is_normal  // The start of NFA must have msb set to signal the beginning of the sounted string
 168+ 6D52 45 58 50    >                db      "EXP"               // name string in 7-bit ascii, but
 168+ 6D55             >                org     $-1                 // alter last byte of Name just above to set
 168+ 6D54 D0          >                db      {b $} | END_BIT     // msb as name end
 168+ 6D55             >
 168+ 6D55 45 6D       >                dw      last_NFA            // Link to previous definition Name
 168+ 6D57             >EXP:          if User_Ptr != 0 ; ok        // This is the start address of the direct jp(hl)
 168+ 6D57 CD 46 6C    >                call    User_Ptr ; ok        // for primitive definitions  actual code
 168+ 6D5A             >
 168+ 6D5A             >
 168+ 6D5A             >                endif           ; ok        // for other definitions it "points" the correct handler
 168+ 6D5A             >                // Use of "; ok" to suppress "warning[fwdref]"
 168+ 6D5A             >
 168+ 6D5A             >last_NFA        defl    temp_NFA            // keep track of NFA saved above
 168+ 6D5A 1A          >                db      26
 169+ 6D5B                              User_Def NMODE      , "NMODE"     , 28 // number mode: 0 integer, 1 floating point
 169+ 6D5B             >                New_Def  NMODE, "NMODE", User_Ptr, is_normal
 169+ 6D5B             >temp_NFA        defl    $                   // save this NFA address to temp_NFA
 169+ 6D5B             >
 169+ 6D5B             >                // dummy db directives used to calculate length of namec
 169+ 6D5B 4E 4D 4F 44 >                db      "NMODE"
 169+ 6D5F 45          >
 169+ 6D60             >len_NFA         defl    $ - temp_NFA
 169+ 6D60             >                org     $ - len_NFA         // rewind to temp_NFA and re-do NFA part
 169+ 6D5B             >
 169+ 6D5B 85          >                db      len_NFA | END_BIT | is_normal  // The start of NFA must have msb set to signal the beginning of the sounted string
 169+ 6D5C 4E 4D 4F 44 >                db      "NMODE"               // name string in 7-bit ascii, but
 169+ 6D60 45          >
 169+ 6D61             >                org     $-1                 // alter last byte of Name just above to set
 169+ 6D60 C5          >                db      {b $} | END_BIT     // msb as name end
 169+ 6D61             >
 169+ 6D61 51 6D       >                dw      last_NFA            // Link to previous definition Name
 169+ 6D63             >NMODE:          if User_Ptr != 0 ; ok        // This is the start address of the direct jp(hl)
 169+ 6D63 CD 46 6C    >                call    User_Ptr ; ok        // for primitive definitions  actual code
 169+ 6D66             >
 169+ 6D66             >
 169+ 6D66             >                endif           ; ok        // for other definitions it "points" the correct handler
 169+ 6D66             >                // Use of "; ok" to suppress "warning[fwdref]"
 169+ 6D66             >
 169+ 6D66             >last_NFA        defl    temp_NFA            // keep track of NFA saved above
 169+ 6D66 1C          >                db      28
 170+ 6D67                              User_Def BLK        , "BLK"       , 30 // block number to be interpreted. 0 for terminal
 170+ 6D67             >                New_Def  BLK, "BLK", User_Ptr, is_normal
 170+ 6D67             >temp_NFA        defl    $                   // save this NFA address to temp_NFA
 170+ 6D67             >
 170+ 6D67             >                // dummy db directives used to calculate length of namec
 170+ 6D67 42 4C 4B    >                db      "BLK"
 170+ 6D6A             >len_NFA         defl    $ - temp_NFA
 170+ 6D6A             >                org     $ - len_NFA         // rewind to temp_NFA and re-do NFA part
 170+ 6D67             >
 170+ 6D67 83          >                db      len_NFA | END_BIT | is_normal  // The start of NFA must have msb set to signal the beginning of the sounted string
 170+ 6D68 42 4C 4B    >                db      "BLK"               // name string in 7-bit ascii, but
 170+ 6D6B             >                org     $-1                 // alter last byte of Name just above to set
 170+ 6D6A CB          >                db      {b $} | END_BIT     // msb as name end
 170+ 6D6B             >
 170+ 6D6B 5B 6D       >                dw      last_NFA            // Link to previous definition Name
 170+ 6D6D             >BLK:          if User_Ptr != 0 ; ok        // This is the start address of the direct jp(hl)
 170+ 6D6D CD 46 6C    >                call    User_Ptr ; ok        // for primitive definitions  actual code
 170+ 6D70             >
 170+ 6D70             >
 170+ 6D70             >                endif           ; ok        // for other definitions it "points" the correct handler
 170+ 6D70             >                // Use of "; ok" to suppress "warning[fwdref]"
 170+ 6D70             >
 170+ 6D70             >last_NFA        defl    temp_NFA            // keep track of NFA saved above
 170+ 6D70 1E          >                db      30
 171+ 6D71                              User_Def TO_IN      , ">IN"       , 32 // incremented when consuming input buffer
 171+ 6D71             >                New_Def  TO_IN, ">IN", User_Ptr, is_normal
 171+ 6D71             >temp_NFA        defl    $                   // save this NFA address to temp_NFA
 171+ 6D71             >
 171+ 6D71             >                // dummy db directives used to calculate length of namec
 171+ 6D71 3E 49 4E    >                db      ">IN"
 171+ 6D74             >len_NFA         defl    $ - temp_NFA
 171+ 6D74             >                org     $ - len_NFA         // rewind to temp_NFA and re-do NFA part
 171+ 6D71             >
 171+ 6D71 83          >                db      len_NFA | END_BIT | is_normal  // The start of NFA must have msb set to signal the beginning of the sounted string
 171+ 6D72 3E 49 4E    >                db      ">IN"               // name string in 7-bit ascii, but
 171+ 6D75             >                org     $-1                 // alter last byte of Name just above to set
 171+ 6D74 CE          >                db      {b $} | END_BIT     // msb as name end
 171+ 6D75             >
 171+ 6D75 67 6D       >                dw      last_NFA            // Link to previous definition Name
 171+ 6D77             >TO_IN:          if User_Ptr != 0 ; ok        // This is the start address of the direct jp(hl)
 171+ 6D77 CD 46 6C    >                call    User_Ptr ; ok        // for primitive definitions  actual code
 171+ 6D7A             >
 171+ 6D7A             >
 171+ 6D7A             >                endif           ; ok        // for other definitions it "points" the correct handler
 171+ 6D7A             >                // Use of "; ok" to suppress "warning[fwdref]"
 171+ 6D7A             >
 171+ 6D7A             >last_NFA        defl    temp_NFA            // keep track of NFA saved above
 171+ 6D7A 20          >                db      32
 172+ 6D7B                              User_Def OUT        , "OUT"       , 34 // incremented when sending to output
 172+ 6D7B             >                New_Def  OUT, "OUT", User_Ptr, is_normal
 172+ 6D7B             >temp_NFA        defl    $                   // save this NFA address to temp_NFA
 172+ 6D7B             >
 172+ 6D7B             >                // dummy db directives used to calculate length of namec
 172+ 6D7B 4F 55 54    >                db      "OUT"
 172+ 6D7E             >len_NFA         defl    $ - temp_NFA
 172+ 6D7E             >                org     $ - len_NFA         // rewind to temp_NFA and re-do NFA part
 172+ 6D7B             >
 172+ 6D7B 83          >                db      len_NFA | END_BIT | is_normal  // The start of NFA must have msb set to signal the beginning of the sounted string
 172+ 6D7C 4F 55 54    >                db      "OUT"               // name string in 7-bit ascii, but
 172+ 6D7F             >                org     $-1                 // alter last byte of Name just above to set
 172+ 6D7E D4          >                db      {b $} | END_BIT     // msb as name end
 172+ 6D7F             >
 172+ 6D7F 71 6D       >                dw      last_NFA            // Link to previous definition Name
 172+ 6D81             >OUT:          if User_Ptr != 0 ; ok        // This is the start address of the direct jp(hl)
 172+ 6D81 CD 46 6C    >                call    User_Ptr ; ok        // for primitive definitions  actual code
 172+ 6D84             >
 172+ 6D84             >
 172+ 6D84             >                endif           ; ok        // for other definitions it "points" the correct handler
 172+ 6D84             >                // Use of "; ok" to suppress "warning[fwdref]"
 172+ 6D84             >
 172+ 6D84             >last_NFA        defl    temp_NFA            // keep track of NFA saved above
 172+ 6D84 22          >                db      34
 173+ 6D85                              User_Def SCR        , "SCR"       , 36 // latest screen retreieved by LIST
 173+ 6D85             >                New_Def  SCR, "SCR", User_Ptr, is_normal
 173+ 6D85             >temp_NFA        defl    $                   // save this NFA address to temp_NFA
 173+ 6D85             >
 173+ 6D85             >                // dummy db directives used to calculate length of namec
 173+ 6D85 53 43 52    >                db      "SCR"
 173+ 6D88             >len_NFA         defl    $ - temp_NFA
 173+ 6D88             >                org     $ - len_NFA         // rewind to temp_NFA and re-do NFA part
 173+ 6D85             >
 173+ 6D85 83          >                db      len_NFA | END_BIT | is_normal  // The start of NFA must have msb set to signal the beginning of the sounted string
 173+ 6D86 53 43 52    >                db      "SCR"               // name string in 7-bit ascii, but
 173+ 6D89             >                org     $-1                 // alter last byte of Name just above to set
 173+ 6D88 D2          >                db      {b $} | END_BIT     // msb as name end
 173+ 6D89             >
 173+ 6D89 7B 6D       >                dw      last_NFA            // Link to previous definition Name
 173+ 6D8B             >SCR:          if User_Ptr != 0 ; ok        // This is the start address of the direct jp(hl)
 173+ 6D8B CD 46 6C    >                call    User_Ptr ; ok        // for primitive definitions  actual code
 173+ 6D8E             >
 173+ 6D8E             >
 173+ 6D8E             >                endif           ; ok        // for other definitions it "points" the correct handler
 173+ 6D8E             >                // Use of "; ok" to suppress "warning[fwdref]"
 173+ 6D8E             >
 173+ 6D8E             >last_NFA        defl    temp_NFA            // keep track of NFA saved above
 173+ 6D8E 24          >                db      36
 174+ 6D8F                              User_Def OFFSET     , "OFFSET"    , 38 //
 174+ 6D8F             >                New_Def  OFFSET, "OFFSET", User_Ptr, is_normal
 174+ 6D8F             >temp_NFA        defl    $                   // save this NFA address to temp_NFA
 174+ 6D8F             >
 174+ 6D8F             >                // dummy db directives used to calculate length of namec
 174+ 6D8F 4F 46 46 53 >                db      "OFFSET"
 174+ 6D93 45 54       >
 174+ 6D95             >len_NFA         defl    $ - temp_NFA
 174+ 6D95             >                org     $ - len_NFA         // rewind to temp_NFA and re-do NFA part
 174+ 6D8F             >
 174+ 6D8F 86          >                db      len_NFA | END_BIT | is_normal  // The start of NFA must have msb set to signal the beginning of the sounted string
 174+ 6D90 4F 46 46 53 >                db      "OFFSET"               // name string in 7-bit ascii, but
 174+ 6D94 45 54       >
 174+ 6D96             >                org     $-1                 // alter last byte of Name just above to set
 174+ 6D95 D4          >                db      {b $} | END_BIT     // msb as name end
 174+ 6D96             >
 174+ 6D96 85 6D       >                dw      last_NFA            // Link to previous definition Name
 174+ 6D98             >OFFSET:          if User_Ptr != 0 ; ok        // This is the start address of the direct jp(hl)
 174+ 6D98 CD 46 6C    >                call    User_Ptr ; ok        // for primitive definitions  actual code
 174+ 6D9B             >
 174+ 6D9B             >
 174+ 6D9B             >                endif           ; ok        // for other definitions it "points" the correct handler
 174+ 6D9B             >                // Use of "; ok" to suppress "warning[fwdref]"
 174+ 6D9B             >
 174+ 6D9B             >last_NFA        defl    temp_NFA            // keep track of NFA saved above
 174+ 6D9B 26          >                db      38
 175+ 6D9C                              User_Def CONTEXT    , "CONTEXT"   , 40 // pointer to the vocabulary where search begins
 175+ 6D9C             >                New_Def  CONTEXT, "CONTEXT", User_Ptr, is_normal
 175+ 6D9C             >temp_NFA        defl    $                   // save this NFA address to temp_NFA
 175+ 6D9C             >
 175+ 6D9C             >                // dummy db directives used to calculate length of namec
 175+ 6D9C 43 4F 4E 54 >                db      "CONTEXT"
 175+ 6DA0 45 58 54    >
 175+ 6DA3             >len_NFA         defl    $ - temp_NFA
 175+ 6DA3             >                org     $ - len_NFA         // rewind to temp_NFA and re-do NFA part
 175+ 6D9C             >
 175+ 6D9C 87          >                db      len_NFA | END_BIT | is_normal  // The start of NFA must have msb set to signal the beginning of the sounted string
 175+ 6D9D 43 4F 4E 54 >                db      "CONTEXT"               // name string in 7-bit ascii, but
 175+ 6DA1 45 58 54    >
 175+ 6DA4             >                org     $-1                 // alter last byte of Name just above to set
 175+ 6DA3 D4          >                db      {b $} | END_BIT     // msb as name end
 175+ 6DA4             >
 175+ 6DA4 8F 6D       >                dw      last_NFA            // Link to previous definition Name
 175+ 6DA6             >CONTEXT:          if User_Ptr != 0 ; ok        // This is the start address of the direct jp(hl)
 175+ 6DA6 CD 46 6C    >                call    User_Ptr ; ok        // for primitive definitions  actual code
 175+ 6DA9             >
 175+ 6DA9             >
 175+ 6DA9             >                endif           ; ok        // for other definitions it "points" the correct handler
 175+ 6DA9             >                // Use of "; ok" to suppress "warning[fwdref]"
 175+ 6DA9             >
 175+ 6DA9             >last_NFA        defl    temp_NFA            // keep track of NFA saved above
 175+ 6DA9 28          >                db      40
 176+ 6DAA                              User_Def CURRENT    , "CURRENT"   , 42 // pointer to the vocabulary where search continues
 176+ 6DAA             >                New_Def  CURRENT, "CURRENT", User_Ptr, is_normal
 176+ 6DAA             >temp_NFA        defl    $                   // save this NFA address to temp_NFA
 176+ 6DAA             >
 176+ 6DAA             >                // dummy db directives used to calculate length of namec
 176+ 6DAA 43 55 52 52 >                db      "CURRENT"
 176+ 6DAE 45 4E 54    >
 176+ 6DB1             >len_NFA         defl    $ - temp_NFA
 176+ 6DB1             >                org     $ - len_NFA         // rewind to temp_NFA and re-do NFA part
 176+ 6DAA             >
 176+ 6DAA 87          >                db      len_NFA | END_BIT | is_normal  // The start of NFA must have msb set to signal the beginning of the sounted string
 176+ 6DAB 43 55 52 52 >                db      "CURRENT"               // name string in 7-bit ascii, but
 176+ 6DAF 45 4E 54    >
 176+ 6DB2             >                org     $-1                 // alter last byte of Name just above to set
 176+ 6DB1 D4          >                db      {b $} | END_BIT     // msb as name end
 176+ 6DB2             >
 176+ 6DB2 9C 6D       >                dw      last_NFA            // Link to previous definition Name
 176+ 6DB4             >CURRENT:          if User_Ptr != 0 ; ok        // This is the start address of the direct jp(hl)
 176+ 6DB4 CD 46 6C    >                call    User_Ptr ; ok        // for primitive definitions  actual code
 176+ 6DB7             >
 176+ 6DB7             >
 176+ 6DB7             >                endif           ; ok        // for other definitions it "points" the correct handler
 176+ 6DB7             >                // Use of "; ok" to suppress "warning[fwdref]"
 176+ 6DB7             >
 176+ 6DB7             >last_NFA        defl    temp_NFA            // keep track of NFA saved above
 176+ 6DB7 2A          >                db      42
 177+ 6DB8                              User_Def STATE      , "STATE"     , 44 // compilation status. 0 interpreting.
 177+ 6DB8             >                New_Def  STATE, "STATE", User_Ptr, is_normal
 177+ 6DB8             >temp_NFA        defl    $                   // save this NFA address to temp_NFA
 177+ 6DB8             >
 177+ 6DB8             >                // dummy db directives used to calculate length of namec
 177+ 6DB8 53 54 41 54 >                db      "STATE"
 177+ 6DBC 45          >
 177+ 6DBD             >len_NFA         defl    $ - temp_NFA
 177+ 6DBD             >                org     $ - len_NFA         // rewind to temp_NFA and re-do NFA part
 177+ 6DB8             >
 177+ 6DB8 85          >                db      len_NFA | END_BIT | is_normal  // The start of NFA must have msb set to signal the beginning of the sounted string
 177+ 6DB9 53 54 41 54 >                db      "STATE"               // name string in 7-bit ascii, but
 177+ 6DBD 45          >
 177+ 6DBE             >                org     $-1                 // alter last byte of Name just above to set
 177+ 6DBD C5          >                db      {b $} | END_BIT     // msb as name end
 177+ 6DBE             >
 177+ 6DBE AA 6D       >                dw      last_NFA            // Link to previous definition Name
 177+ 6DC0             >STATE:          if User_Ptr != 0 ; ok        // This is the start address of the direct jp(hl)
 177+ 6DC0 CD 46 6C    >                call    User_Ptr ; ok        // for primitive definitions  actual code
 177+ 6DC3             >
 177+ 6DC3             >
 177+ 6DC3             >                endif           ; ok        // for other definitions it "points" the correct handler
 177+ 6DC3             >                // Use of "; ok" to suppress "warning[fwdref]"
 177+ 6DC3             >
 177+ 6DC3             >last_NFA        defl    temp_NFA            // keep track of NFA saved above
 177+ 6DC3 2C          >                db      44
 178+ 6DC4                              User_Def BASE       , "BASE"      , 46 //
 178+ 6DC4             >                New_Def  BASE, "BASE", User_Ptr, is_normal
 178+ 6DC4             >temp_NFA        defl    $                   // save this NFA address to temp_NFA
 178+ 6DC4             >
 178+ 6DC4             >                // dummy db directives used to calculate length of namec
 178+ 6DC4 42 41 53 45 >                db      "BASE"
 178+ 6DC8             >len_NFA         defl    $ - temp_NFA
 178+ 6DC8             >                org     $ - len_NFA         // rewind to temp_NFA and re-do NFA part
 178+ 6DC4             >
 178+ 6DC4 84          >                db      len_NFA | END_BIT | is_normal  // The start of NFA must have msb set to signal the beginning of the sounted string
 178+ 6DC5 42 41 53 45 >                db      "BASE"               // name string in 7-bit ascii, but
 178+ 6DC9             >                org     $-1                 // alter last byte of Name just above to set
 178+ 6DC8 C5          >                db      {b $} | END_BIT     // msb as name end
 178+ 6DC9             >
 178+ 6DC9 B8 6D       >                dw      last_NFA            // Link to previous definition Name
 178+ 6DCB             >BASE:          if User_Ptr != 0 ; ok        // This is the start address of the direct jp(hl)
 178+ 6DCB CD 46 6C    >                call    User_Ptr ; ok        // for primitive definitions  actual code
 178+ 6DCE             >
 178+ 6DCE             >
 178+ 6DCE             >                endif           ; ok        // for other definitions it "points" the correct handler
 178+ 6DCE             >                // Use of "; ok" to suppress "warning[fwdref]"
 178+ 6DCE             >
 178+ 6DCE             >last_NFA        defl    temp_NFA            // keep track of NFA saved above
 178+ 6DCE 2E          >                db      46
 179+ 6DCF                              User_Def DPL        , "DPL"       , 48 // number of digits after decimal point in conversion
 179+ 6DCF             >                New_Def  DPL, "DPL", User_Ptr, is_normal
 179+ 6DCF             >temp_NFA        defl    $                   // save this NFA address to temp_NFA
 179+ 6DCF             >
 179+ 6DCF             >                // dummy db directives used to calculate length of namec
 179+ 6DCF 44 50 4C    >                db      "DPL"
 179+ 6DD2             >len_NFA         defl    $ - temp_NFA
 179+ 6DD2             >                org     $ - len_NFA         // rewind to temp_NFA and re-do NFA part
 179+ 6DCF             >
 179+ 6DCF 83          >                db      len_NFA | END_BIT | is_normal  // The start of NFA must have msb set to signal the beginning of the sounted string
 179+ 6DD0 44 50 4C    >                db      "DPL"               // name string in 7-bit ascii, but
 179+ 6DD3             >                org     $-1                 // alter last byte of Name just above to set
 179+ 6DD2 CC          >                db      {b $} | END_BIT     // msb as name end
 179+ 6DD3             >
 179+ 6DD3 C4 6D       >                dw      last_NFA            // Link to previous definition Name
 179+ 6DD5             >DPL:          if User_Ptr != 0 ; ok        // This is the start address of the direct jp(hl)
 179+ 6DD5 CD 46 6C    >                call    User_Ptr ; ok        // for primitive definitions  actual code
 179+ 6DD8             >
 179+ 6DD8             >
 179+ 6DD8             >                endif           ; ok        // for other definitions it "points" the correct handler
 179+ 6DD8             >                // Use of "; ok" to suppress "warning[fwdref]"
 179+ 6DD8             >
 179+ 6DD8             >last_NFA        defl    temp_NFA            // keep track of NFA saved above
 179+ 6DD8 30          >                db      48
 180+ 6DD9                              User_Def FLD        , "FLD"       , 50 // output field width
 180+ 6DD9             >                New_Def  FLD, "FLD", User_Ptr, is_normal
 180+ 6DD9             >temp_NFA        defl    $                   // save this NFA address to temp_NFA
 180+ 6DD9             >
 180+ 6DD9             >                // dummy db directives used to calculate length of namec
 180+ 6DD9 46 4C 44    >                db      "FLD"
 180+ 6DDC             >len_NFA         defl    $ - temp_NFA
 180+ 6DDC             >                org     $ - len_NFA         // rewind to temp_NFA and re-do NFA part
 180+ 6DD9             >
 180+ 6DD9 83          >                db      len_NFA | END_BIT | is_normal  // The start of NFA must have msb set to signal the beginning of the sounted string
 180+ 6DDA 46 4C 44    >                db      "FLD"               // name string in 7-bit ascii, but
 180+ 6DDD             >                org     $-1                 // alter last byte of Name just above to set
 180+ 6DDC C4          >                db      {b $} | END_BIT     // msb as name end
 180+ 6DDD             >
 180+ 6DDD CF 6D       >                dw      last_NFA            // Link to previous definition Name
 180+ 6DDF             >FLD:          if User_Ptr != 0 ; ok        // This is the start address of the direct jp(hl)
 180+ 6DDF CD 46 6C    >                call    User_Ptr ; ok        // for primitive definitions  actual code
 180+ 6DE2             >
 180+ 6DE2             >
 180+ 6DE2             >                endif           ; ok        // for other definitions it "points" the correct handler
 180+ 6DE2             >                // Use of "; ok" to suppress "warning[fwdref]"
 180+ 6DE2             >
 180+ 6DE2             >last_NFA        defl    temp_NFA            // keep track of NFA saved above
 180+ 6DE2 32          >                db      50
 181+ 6DE3                              User_Def CSP        , "CSP"       , 52 // used to temporary store Stack-Pointer value
 181+ 6DE3             >                New_Def  CSP, "CSP", User_Ptr, is_normal
 181+ 6DE3             >temp_NFA        defl    $                   // save this NFA address to temp_NFA
 181+ 6DE3             >
 181+ 6DE3             >                // dummy db directives used to calculate length of namec
 181+ 6DE3 43 53 50    >                db      "CSP"
 181+ 6DE6             >len_NFA         defl    $ - temp_NFA
 181+ 6DE6             >                org     $ - len_NFA         // rewind to temp_NFA and re-do NFA part
 181+ 6DE3             >
 181+ 6DE3 83          >                db      len_NFA | END_BIT | is_normal  // The start of NFA must have msb set to signal the beginning of the sounted string
 181+ 6DE4 43 53 50    >                db      "CSP"               // name string in 7-bit ascii, but
 181+ 6DE7             >                org     $-1                 // alter last byte of Name just above to set
 181+ 6DE6 D0          >                db      {b $} | END_BIT     // msb as name end
 181+ 6DE7             >
 181+ 6DE7 D9 6D       >                dw      last_NFA            // Link to previous definition Name
 181+ 6DE9             >CSP:          if User_Ptr != 0 ; ok        // This is the start address of the direct jp(hl)
 181+ 6DE9 CD 46 6C    >                call    User_Ptr ; ok        // for primitive definitions  actual code
 181+ 6DEC             >
 181+ 6DEC             >
 181+ 6DEC             >                endif           ; ok        // for other definitions it "points" the correct handler
 181+ 6DEC             >                // Use of "; ok" to suppress "warning[fwdref]"
 181+ 6DEC             >
 181+ 6DEC             >last_NFA        defl    temp_NFA            // keep track of NFA saved above
 181+ 6DEC 34          >                db      52
 182+ 6DED                              User_Def RSHARP     , "R#"        , 54 // location of editing cursor
 182+ 6DED             >                New_Def  RSHARP, "R#", User_Ptr, is_normal
 182+ 6DED             >temp_NFA        defl    $                   // save this NFA address to temp_NFA
 182+ 6DED             >
 182+ 6DED             >                // dummy db directives used to calculate length of namec
 182+ 6DED 52 23       >                db      "R#"
 182+ 6DEF             >len_NFA         defl    $ - temp_NFA
 182+ 6DEF             >                org     $ - len_NFA         // rewind to temp_NFA and re-do NFA part
 182+ 6DED             >
 182+ 6DED 82          >                db      len_NFA | END_BIT | is_normal  // The start of NFA must have msb set to signal the beginning of the sounted string
 182+ 6DEE 52 23       >                db      "R#"               // name string in 7-bit ascii, but
 182+ 6DF0             >                org     $-1                 // alter last byte of Name just above to set
 182+ 6DEF A3          >                db      {b $} | END_BIT     // msb as name end
 182+ 6DF0             >
 182+ 6DF0 E3 6D       >                dw      last_NFA            // Link to previous definition Name
 182+ 6DF2             >RSHARP:          if User_Ptr != 0 ; ok        // This is the start address of the direct jp(hl)
 182+ 6DF2 CD 46 6C    >                call    User_Ptr ; ok        // for primitive definitions  actual code
 182+ 6DF5             >
 182+ 6DF5             >
 182+ 6DF5             >                endif           ; ok        // for other definitions it "points" the correct handler
 182+ 6DF5             >                // Use of "; ok" to suppress "warning[fwdref]"
 182+ 6DF5             >
 182+ 6DF5             >last_NFA        defl    temp_NFA            // keep track of NFA saved above
 182+ 6DF5 36          >                db      54
 183+ 6DF6                              User_Def HLD        , "HLD"       , 56 // last character during a number conversion output
 183+ 6DF6             >                New_Def  HLD, "HLD", User_Ptr, is_normal
 183+ 6DF6             >temp_NFA        defl    $                   // save this NFA address to temp_NFA
 183+ 6DF6             >
 183+ 6DF6             >                // dummy db directives used to calculate length of namec
 183+ 6DF6 48 4C 44    >                db      "HLD"
 183+ 6DF9             >len_NFA         defl    $ - temp_NFA
 183+ 6DF9             >                org     $ - len_NFA         // rewind to temp_NFA and re-do NFA part
 183+ 6DF6             >
 183+ 6DF6 83          >                db      len_NFA | END_BIT | is_normal  // The start of NFA must have msb set to signal the beginning of the sounted string
 183+ 6DF7 48 4C 44    >                db      "HLD"               // name string in 7-bit ascii, but
 183+ 6DFA             >                org     $-1                 // alter last byte of Name just above to set
 183+ 6DF9 C4          >                db      {b $} | END_BIT     // msb as name end
 183+ 6DFA             >
 183+ 6DFA ED 6D       >                dw      last_NFA            // Link to previous definition Name
 183+ 6DFC             >HLD:          if User_Ptr != 0 ; ok        // This is the start address of the direct jp(hl)
 183+ 6DFC CD 46 6C    >                call    User_Ptr ; ok        // for primitive definitions  actual code
 183+ 6DFF             >
 183+ 6DFF             >
 183+ 6DFF             >                endif           ; ok        // for other definitions it "points" the correct handler
 183+ 6DFF             >                // Use of "; ok" to suppress "warning[fwdref]"
 183+ 6DFF             >
 183+ 6DFF             >last_NFA        defl    temp_NFA            // keep track of NFA saved above
 183+ 6DFF 38          >                db      56
 184+ 6E00                              User_Def USED       , "USED"      , 58 // address of last used block
 184+ 6E00             >                New_Def  USED, "USED", User_Ptr, is_normal
 184+ 6E00             >temp_NFA        defl    $                   // save this NFA address to temp_NFA
 184+ 6E00             >
 184+ 6E00             >                // dummy db directives used to calculate length of namec
 184+ 6E00 55 53 45 44 >                db      "USED"
 184+ 6E04             >len_NFA         defl    $ - temp_NFA
 184+ 6E04             >                org     $ - len_NFA         // rewind to temp_NFA and re-do NFA part
 184+ 6E00             >
 184+ 6E00 84          >                db      len_NFA | END_BIT | is_normal  // The start of NFA must have msb set to signal the beginning of the sounted string
 184+ 6E01 55 53 45 44 >                db      "USED"               // name string in 7-bit ascii, but
 184+ 6E05             >                org     $-1                 // alter last byte of Name just above to set
 184+ 6E04 C4          >                db      {b $} | END_BIT     // msb as name end
 184+ 6E05             >
 184+ 6E05 F6 6D       >                dw      last_NFA            // Link to previous definition Name
 184+ 6E07             >USED:          if User_Ptr != 0 ; ok        // This is the start address of the direct jp(hl)
 184+ 6E07 CD 46 6C    >                call    User_Ptr ; ok        // for primitive definitions  actual code
 184+ 6E0A             >
 184+ 6E0A             >
 184+ 6E0A             >                endif           ; ok        // for other definitions it "points" the correct handler
 184+ 6E0A             >                // Use of "; ok" to suppress "warning[fwdref]"
 184+ 6E0A             >
 184+ 6E0A             >last_NFA        defl    temp_NFA            // keep track of NFA saved above
 184+ 6E0A 3A          >                db      58
 185+ 6E0B                              User_Def PREV       , "PREV"      , 60 // address of previous used block
 185+ 6E0B             >                New_Def  PREV, "PREV", User_Ptr, is_normal
 185+ 6E0B             >temp_NFA        defl    $                   // save this NFA address to temp_NFA
 185+ 6E0B             >
 185+ 6E0B             >                // dummy db directives used to calculate length of namec
 185+ 6E0B 50 52 45 56 >                db      "PREV"
 185+ 6E0F             >len_NFA         defl    $ - temp_NFA
 185+ 6E0F             >                org     $ - len_NFA         // rewind to temp_NFA and re-do NFA part
 185+ 6E0B             >
 185+ 6E0B 84          >                db      len_NFA | END_BIT | is_normal  // The start of NFA must have msb set to signal the beginning of the sounted string
 185+ 6E0C 50 52 45 56 >                db      "PREV"               // name string in 7-bit ascii, but
 185+ 6E10             >                org     $-1                 // alter last byte of Name just above to set
 185+ 6E0F D6          >                db      {b $} | END_BIT     // msb as name end
 185+ 6E10             >
 185+ 6E10 00 6E       >                dw      last_NFA            // Link to previous definition Name
 185+ 6E12             >PREV:          if User_Ptr != 0 ; ok        // This is the start address of the direct jp(hl)
 185+ 6E12 CD 46 6C    >                call    User_Ptr ; ok        // for primitive definitions  actual code
 185+ 6E15             >
 185+ 6E15             >
 185+ 6E15             >                endif           ; ok        // for other definitions it "points" the correct handler
 185+ 6E15             >                // Use of "; ok" to suppress "warning[fwdref]"
 185+ 6E15             >
 185+ 6E15             >last_NFA        defl    temp_NFA            // keep track of NFA saved above
 185+ 6E15 3C          >                db      60
 186+ 6E16                              User_Def LP         , "LP"        , 62 // line printer (not used)
 186+ 6E16             >                New_Def  LP, "LP", User_Ptr, is_normal
 186+ 6E16             >temp_NFA        defl    $                   // save this NFA address to temp_NFA
 186+ 6E16             >
 186+ 6E16             >                // dummy db directives used to calculate length of namec
 186+ 6E16 4C 50       >                db      "LP"
 186+ 6E18             >len_NFA         defl    $ - temp_NFA
 186+ 6E18             >                org     $ - len_NFA         // rewind to temp_NFA and re-do NFA part
 186+ 6E16             >
 186+ 6E16 82          >                db      len_NFA | END_BIT | is_normal  // The start of NFA must have msb set to signal the beginning of the sounted string
 186+ 6E17 4C 50       >                db      "LP"               // name string in 7-bit ascii, but
 186+ 6E19             >                org     $-1                 // alter last byte of Name just above to set
 186+ 6E18 D0          >                db      {b $} | END_BIT     // msb as name end
 186+ 6E19             >
 186+ 6E19 0B 6E       >                dw      last_NFA            // Link to previous definition Name
 186+ 6E1B             >LP:          if User_Ptr != 0 ; ok        // This is the start address of the direct jp(hl)
 186+ 6E1B CD 46 6C    >                call    User_Ptr ; ok        // for primitive definitions  actual code
 186+ 6E1E             >
 186+ 6E1E             >
 186+ 6E1E             >                endif           ; ok        // for other definitions it "points" the correct handler
 186+ 6E1E             >                // Use of "; ok" to suppress "warning[fwdref]"
 186+ 6E1E             >
 186+ 6E1E             >last_NFA        defl    temp_NFA            // keep track of NFA saved above
 186+ 6E1E 3E          >                db      62
 187+ 6E1F                              User_Def PLACE      , "PLACE"     , 64 // number of digits after decimal point in output
 187+ 6E1F             >                New_Def  PLACE, "PLACE", User_Ptr, is_normal
 187+ 6E1F             >temp_NFA        defl    $                   // save this NFA address to temp_NFA
 187+ 6E1F             >
 187+ 6E1F             >                // dummy db directives used to calculate length of namec
 187+ 6E1F 50 4C 41 43 >                db      "PLACE"
 187+ 6E23 45          >
 187+ 6E24             >len_NFA         defl    $ - temp_NFA
 187+ 6E24             >                org     $ - len_NFA         // rewind to temp_NFA and re-do NFA part
 187+ 6E1F             >
 187+ 6E1F 85          >                db      len_NFA | END_BIT | is_normal  // The start of NFA must have msb set to signal the beginning of the sounted string
 187+ 6E20 50 4C 41 43 >                db      "PLACE"               // name string in 7-bit ascii, but
 187+ 6E24 45          >
 187+ 6E25             >                org     $-1                 // alter last byte of Name just above to set
 187+ 6E24 C5          >                db      {b $} | END_BIT     // msb as name end
 187+ 6E25             >
 187+ 6E25 16 6E       >                dw      last_NFA            // Link to previous definition Name
 187+ 6E27             >PLACE:          if User_Ptr != 0 ; ok        // This is the start address of the direct jp(hl)
 187+ 6E27 CD 46 6C    >                call    User_Ptr ; ok        // for primitive definitions  actual code
 187+ 6E2A             >
 187+ 6E2A             >
 187+ 6E2A             >                endif           ; ok        // for other definitions it "points" the correct handler
 187+ 6E2A             >                // Use of "; ok" to suppress "warning[fwdref]"
 187+ 6E2A             >
 187+ 6E2A             >last_NFA        defl    temp_NFA            // keep track of NFA saved above
 187+ 6E2A 40          >                db      64
 188+ 6E2B                              User_Def SOURCE_ID  , "SOURCE-ID" , 66 // data-stream number in INCLUDE and LOAD-
 188+ 6E2B             >                New_Def  SOURCE_ID, "SOURCE-ID", User_Ptr, is_normal
 188+ 6E2B             >temp_NFA        defl    $                   // save this NFA address to temp_NFA
 188+ 6E2B             >
 188+ 6E2B             >                // dummy db directives used to calculate length of namec
 188+ 6E2B 53 4F 55 52 >                db      "SOURCE-ID"
 188+ 6E2F 43 45 2D 49 >
 188+ 6E33 44          >
 188+ 6E34             >len_NFA         defl    $ - temp_NFA
 188+ 6E34             >                org     $ - len_NFA         // rewind to temp_NFA and re-do NFA part
 188+ 6E2B             >
 188+ 6E2B 89          >                db      len_NFA | END_BIT | is_normal  // The start of NFA must have msb set to signal the beginning of the sounted string
 188+ 6E2C 53 4F 55 52 >                db      "SOURCE-ID"               // name string in 7-bit ascii, but
 188+ 6E30 43 45 2D 49 >
 188+ 6E34 44          >
 188+ 6E35             >                org     $-1                 // alter last byte of Name just above to set
 188+ 6E34 C4          >                db      {b $} | END_BIT     // msb as name end
 188+ 6E35             >
 188+ 6E35 1F 6E       >                dw      last_NFA            // Link to previous definition Name
 188+ 6E37             >SOURCE_ID:          if User_Ptr != 0 ; ok        // This is the start address of the direct jp(hl)
 188+ 6E37 CD 46 6C    >                call    User_Ptr ; ok        // for primitive definitions  actual code
 188+ 6E3A             >
 188+ 6E3A             >
 188+ 6E3A             >                endif           ; ok        // for other definitions it "points" the correct handler
 188+ 6E3A             >                // Use of "; ok" to suppress "warning[fwdref]"
 188+ 6E3A             >
 188+ 6E3A             >last_NFA        defl    temp_NFA            // keep track of NFA saved above
 188+ 6E3A 42          >                db      66
 189+ 6E3B                              User_Def SPAN       , "SPAN"      , 68 // number of character of last EXPECT
 189+ 6E3B             >                New_Def  SPAN, "SPAN", User_Ptr, is_normal
 189+ 6E3B             >temp_NFA        defl    $                   // save this NFA address to temp_NFA
 189+ 6E3B             >
 189+ 6E3B             >                // dummy db directives used to calculate length of namec
 189+ 6E3B 53 50 41 4E >                db      "SPAN"
 189+ 6E3F             >len_NFA         defl    $ - temp_NFA
 189+ 6E3F             >                org     $ - len_NFA         // rewind to temp_NFA and re-do NFA part
 189+ 6E3B             >
 189+ 6E3B 84          >                db      len_NFA | END_BIT | is_normal  // The start of NFA must have msb set to signal the beginning of the sounted string
 189+ 6E3C 53 50 41 4E >                db      "SPAN"               // name string in 7-bit ascii, but
 189+ 6E40             >                org     $-1                 // alter last byte of Name just above to set
 189+ 6E3F CE          >                db      {b $} | END_BIT     // msb as name end
 189+ 6E40             >
 189+ 6E40 2B 6E       >                dw      last_NFA            // Link to previous definition Name
 189+ 6E42             >SPAN:          if User_Ptr != 0 ; ok        // This is the start address of the direct jp(hl)
 189+ 6E42 CD 46 6C    >                call    User_Ptr ; ok        // for primitive definitions  actual code
 189+ 6E45             >
 189+ 6E45             >
 189+ 6E45             >                endif           ; ok        // for other definitions it "points" the correct handler
 189+ 6E45             >                // Use of "; ok" to suppress "warning[fwdref]"
 189+ 6E45             >
 189+ 6E45             >last_NFA        defl    temp_NFA            // keep track of NFA saved above
 189+ 6E45 44          >                db      68
 190+ 6E46                              User_Def HANDLER    , "HANDLER"   , 70 // Used by THROW-CATCH
 190+ 6E46             >                New_Def  HANDLER, "HANDLER", User_Ptr, is_normal
 190+ 6E46             >temp_NFA        defl    $                   // save this NFA address to temp_NFA
 190+ 6E46             >
 190+ 6E46             >                // dummy db directives used to calculate length of namec
 190+ 6E46 48 41 4E 44 >                db      "HANDLER"
 190+ 6E4A 4C 45 52    >
 190+ 6E4D             >len_NFA         defl    $ - temp_NFA
 190+ 6E4D             >                org     $ - len_NFA         // rewind to temp_NFA and re-do NFA part
 190+ 6E46             >
 190+ 6E46 87          >                db      len_NFA | END_BIT | is_normal  // The start of NFA must have msb set to signal the beginning of the sounted string
 190+ 6E47 48 41 4E 44 >                db      "HANDLER"               // name string in 7-bit ascii, but
 190+ 6E4B 4C 45 52    >
 190+ 6E4E             >                org     $-1                 // alter last byte of Name just above to set
 190+ 6E4D D2          >                db      {b $} | END_BIT     // msb as name end
 190+ 6E4E             >
 190+ 6E4E 3B 6E       >                dw      last_NFA            // Link to previous definition Name
 190+ 6E50             >HANDLER:          if User_Ptr != 0 ; ok        // This is the start address of the direct jp(hl)
 190+ 6E50 CD 46 6C    >                call    User_Ptr ; ok        // for primitive definitions  actual code
 190+ 6E53             >
 190+ 6E53             >
 190+ 6E53             >                endif           ; ok        // for other definitions it "points" the correct handler
 190+ 6E53             >                // Use of "; ok" to suppress "warning[fwdref]"
 190+ 6E53             >
 190+ 6E53             >last_NFA        defl    temp_NFA            // keep track of NFA saved above
 190+ 6E53 46          >                db      70
 191+ 6E54                              User_Def HP         , "HP"        , 72 // heap-pointer address
 191+ 6E54             >                New_Def  HP, "HP", User_Ptr, is_normal
 191+ 6E54             >temp_NFA        defl    $                   // save this NFA address to temp_NFA
 191+ 6E54             >
 191+ 6E54             >                // dummy db directives used to calculate length of namec
 191+ 6E54 48 50       >                db      "HP"
 191+ 6E56             >len_NFA         defl    $ - temp_NFA
 191+ 6E56             >                org     $ - len_NFA         // rewind to temp_NFA and re-do NFA part
 191+ 6E54             >
 191+ 6E54 82          >                db      len_NFA | END_BIT | is_normal  // The start of NFA must have msb set to signal the beginning of the sounted string
 191+ 6E55 48 50       >                db      "HP"               // name string in 7-bit ascii, but
 191+ 6E57             >                org     $-1                 // alter last byte of Name just above to set
 191+ 6E56 D0          >                db      {b $} | END_BIT     // msb as name end
 191+ 6E57             >
 191+ 6E57 46 6E       >                dw      last_NFA            // Link to previous definition Name
 191+ 6E59             >HP:          if User_Ptr != 0 ; ok        // This is the start address of the direct jp(hl)
 191+ 6E59 CD 46 6C    >                call    User_Ptr ; ok        // for primitive definitions  actual code
 191+ 6E5C             >
 191+ 6E5C             >
 191+ 6E5C             >                endif           ; ok        // for other definitions it "points" the correct handler
 191+ 6E5C             >                // Use of "; ok" to suppress "warning[fwdref]"
 191+ 6E5C             >
 191+ 6E5C             >last_NFA        defl    temp_NFA            // keep track of NFA saved above
 191+ 6E5C 48          >                db      72
 192+ 6E5D
 193+ 6E5D              //  ______________________________________________________________________
 194+ 6E5D              //
 195+ 6E5D              // here         -- a
 196+ 6E5D                              Colon_Def HERE, "HERE", is_normal
 196+ 6E5D             >                New_Def  HERE, "HERE", Enter_Ptr, is_normal ; ok
 196+ 6E5D             >temp_NFA        defl    $                   // save this NFA address to temp_NFA
 196+ 6E5D             >
 196+ 6E5D             >                // dummy db directives used to calculate length of namec
 196+ 6E5D 48 45 52 45 >                db      "HERE"
 196+ 6E61             >len_NFA         defl    $ - temp_NFA
 196+ 6E61             >                org     $ - len_NFA         // rewind to temp_NFA and re-do NFA part
 196+ 6E5D             >
 196+ 6E5D 84          >                db      len_NFA | END_BIT | is_normal  // The start of NFA must have msb set to signal the beginning of the sounted string
 196+ 6E5E 48 45 52 45 >                db      "HERE"               // name string in 7-bit ascii, but
 196+ 6E62             >                org     $-1                 // alter last byte of Name just above to set
 196+ 6E61 C5          >                db      {b $} | END_BIT     // msb as name end
 196+ 6E62             >
 196+ 6E62 54 6E       >                dw      last_NFA            // Link to previous definition Name
 196+ 6E64             >HERE:          if Enter_Ptr != 0 ; ok        // This is the start address of the direct jp(hl)
 196+ 6E64 CD DF 6B    >                call    Enter_Ptr ; ok        // for primitive definitions  actual code
 196+ 6E67             >
 196+ 6E67             >
 196+ 6E67             >                endif           ; ok        // for other definitions it "points" the correct handler
 196+ 6E67             >                // Use of "; ok" to suppress "warning[fwdref]"
 196+ 6E67             >
 196+ 6E67             >last_NFA        defl    temp_NFA            // keep track of NFA saved above
 197+ 6E67 26 6D 00 6B                  dw      DP, FETCH               // dp @
 198+ 6E6B F1 68                        dw      EXIT                    // ;
 199+ 6E6D
 200+ 6E6D              //  ______________________________________________________________________
 201+ 6E6D              //
 202+ 6E6D              // allot        n --
 203+ 6E6D                              Colon_Def ALLOT, "ALLOT", is_normal
 203+ 6E6D             >                New_Def  ALLOT, "ALLOT", Enter_Ptr, is_normal ; ok
 203+ 6E6D             >temp_NFA        defl    $                   // save this NFA address to temp_NFA
 203+ 6E6D             >
 203+ 6E6D             >                // dummy db directives used to calculate length of namec
 203+ 6E6D 41 4C 4C 4F >                db      "ALLOT"
 203+ 6E71 54          >
 203+ 6E72             >len_NFA         defl    $ - temp_NFA
 203+ 6E72             >                org     $ - len_NFA         // rewind to temp_NFA and re-do NFA part
 203+ 6E6D             >
 203+ 6E6D 85          >                db      len_NFA | END_BIT | is_normal  // The start of NFA must have msb set to signal the beginning of the sounted string
 203+ 6E6E 41 4C 4C 4F >                db      "ALLOT"               // name string in 7-bit ascii, but
 203+ 6E72 54          >
 203+ 6E73             >                org     $-1                 // alter last byte of Name just above to set
 203+ 6E72 D4          >                db      {b $} | END_BIT     // msb as name end
 203+ 6E73             >
 203+ 6E73 5D 6E       >                dw      last_NFA            // Link to previous definition Name
 203+ 6E75             >ALLOT:          if Enter_Ptr != 0 ; ok        // This is the start address of the direct jp(hl)
 203+ 6E75 CD DF 6B    >                call    Enter_Ptr ; ok        // for primitive definitions  actual code
 203+ 6E78             >
 203+ 6E78             >
 203+ 6E78             >                endif           ; ok        // for other definitions it "points" the correct handler
 203+ 6E78             >                // Use of "; ok" to suppress "warning[fwdref]"
 203+ 6E78             >
 203+ 6E78             >last_NFA        defl    temp_NFA            // keep track of NFA saved above
 204+ 6E78 26 6D DF 6A                  dw      DP,  PLUSSTORE          // dp +!
 205+ 6E7C F1 68                        dw      EXIT                    // ;
 206+ 6E7E
 207+ 6E7E              //  ______________________________________________________________________
 208+ 6E7E              //
 209+ 6E7E              // comma        n --
 210+ 6E7E                              Colon_Def COMMA, ",", is_normal
 210+ 6E7E             >                New_Def  COMMA, ",", Enter_Ptr, is_normal ; ok
 210+ 6E7E             >temp_NFA        defl    $                   // save this NFA address to temp_NFA
 210+ 6E7E             >
 210+ 6E7E             >                // dummy db directives used to calculate length of namec
 210+ 6E7E 2C          >                db      ","
 210+ 6E7F             >len_NFA         defl    $ - temp_NFA
 210+ 6E7F             >                org     $ - len_NFA         // rewind to temp_NFA and re-do NFA part
 210+ 6E7E             >
 210+ 6E7E 81          >                db      len_NFA | END_BIT | is_normal  // The start of NFA must have msb set to signal the beginning of the sounted string
 210+ 6E7F 2C          >                db      ","               // name string in 7-bit ascii, but
 210+ 6E80             >                org     $-1                 // alter last byte of Name just above to set
 210+ 6E7F AC          >                db      {b $} | END_BIT     // msb as name end
 210+ 6E80             >
 210+ 6E80 6D 6E       >                dw      last_NFA            // Link to previous definition Name
 210+ 6E82             >COMMA:          if Enter_Ptr != 0 ; ok        // This is the start address of the direct jp(hl)
 210+ 6E82 CD DF 6B    >                call    Enter_Ptr ; ok        // for primitive definitions  actual code
 210+ 6E85             >
 210+ 6E85             >
 210+ 6E85             >                endif           ; ok        // for other definitions it "points" the correct handler
 210+ 6E85             >                // Use of "; ok" to suppress "warning[fwdref]"
 210+ 6E85             >
 210+ 6E85             >last_NFA        defl    temp_NFA            // keep track of NFA saved above
 211+ 6E85 64 6E 0C 6B                  dw      HERE, STORE             // here !
 212+ 6E89 69 6C 75 6E                  dw      TWO, ALLOT              // 2 allot
 213+ 6E8D F1 68                        dw      EXIT                    // ;
 214+ 6E8F
 215+ 6E8F              //  ______________________________________________________________________
 216+ 6E8F              //
 217+ 6E8F              // ccomma       c --
 218+ 6E8F                              Colon_Def CCOMMA, "C,", is_normal
 218+ 6E8F             >                New_Def  CCOMMA, "C,", Enter_Ptr, is_normal ; ok
 218+ 6E8F             >temp_NFA        defl    $                   // save this NFA address to temp_NFA
 218+ 6E8F             >
 218+ 6E8F             >                // dummy db directives used to calculate length of namec
 218+ 6E8F 43 2C       >                db      "C,"
 218+ 6E91             >len_NFA         defl    $ - temp_NFA
 218+ 6E91             >                org     $ - len_NFA         // rewind to temp_NFA and re-do NFA part
 218+ 6E8F             >
 218+ 6E8F 82          >                db      len_NFA | END_BIT | is_normal  // The start of NFA must have msb set to signal the beginning of the sounted string
 218+ 6E90 43 2C       >                db      "C,"               // name string in 7-bit ascii, but
 218+ 6E92             >                org     $-1                 // alter last byte of Name just above to set
 218+ 6E91 AC          >                db      {b $} | END_BIT     // msb as name end
 218+ 6E92             >
 218+ 6E92 7E 6E       >                dw      last_NFA            // Link to previous definition Name
 218+ 6E94             >CCOMMA:          if Enter_Ptr != 0 ; ok        // This is the start address of the direct jp(hl)
 218+ 6E94 CD DF 6B    >                call    Enter_Ptr ; ok        // for primitive definitions  actual code
 218+ 6E97             >
 218+ 6E97             >
 218+ 6E97             >                endif           ; ok        // for other definitions it "points" the correct handler
 218+ 6E97             >                // Use of "; ok" to suppress "warning[fwdref]"
 218+ 6E97             >
 218+ 6E97             >last_NFA        defl    temp_NFA            // keep track of NFA saved above
 219+ 6E97 64 6E 26 6B                  dw      HERE, CSTORE            // here c!
 220+ 6E9B 60 6C 75 6E                  dw      ONE, ALLOT              // 1 allot
 221+ 6E9F F1 68                        dw      EXIT                    // ;
 222+ 6EA1
 223+ 6EA1              //  ______________________________________________________________________
 224+ 6EA1              //
 225+ 6EA1              // s>d          n -- d
 226+ 6EA1              // converts a single precision integer in a double precision
 227+ 6EA1                              New_Def S_TO_D, "S>D", is_code, is_normal
 227+ 6EA1             >temp_NFA        defl    $                   // save this NFA address to temp_NFA
 227+ 6EA1             >
 227+ 6EA1             >                // dummy db directives used to calculate length of namec
 227+ 6EA1 53 3E 44    >                db      "S>D"
 227+ 6EA4             >len_NFA         defl    $ - temp_NFA
 227+ 6EA4             >                org     $ - len_NFA         // rewind to temp_NFA and re-do NFA part
 227+ 6EA1             >
 227+ 6EA1 83          >                db      len_NFA | END_BIT | is_normal  // The start of NFA must have msb set to signal the beginning of the sounted string
 227+ 6EA2 53 3E 44    >                db      "S>D"               // name string in 7-bit ascii, but
 227+ 6EA5             >                org     $-1                 // alter last byte of Name just above to set
 227+ 6EA4 C4          >                db      {b $} | END_BIT     // msb as name end
 227+ 6EA5             >
 227+ 6EA5 8F 6E       >                dw      last_NFA            // Link to previous definition Name
 227+ 6EA7             >S_TO_D:          if is_code != 0 ; ok        // This is the start address of the direct jp(hl)
 227+ 6EA7 ~           >                call    runcode ; ok        // for primitive definitions  actual code
 227+ 6EA7 ~           >
 227+ 6EA7 ~           >
 227+ 6EA7             >                endif           ; ok        // for other definitions it "points" the correct handler
 227+ 6EA7             >                // Use of "; ok" to suppress "warning[fwdref]"
 227+ 6EA7             >
 227+ 6EA7             >last_NFA        defl    temp_NFA            // keep track of NFA saved above
 228+ 6EA7 E1                           pop     hl
 229+ 6EA8 7C                           ld      a, h
 230+ 6EA9 E5                           push    hl
 231+ 6EAA 17                           rla
 232+ 6EAB ED 62                        sbc     hl, hl
 233+ 6EAD E5                           push    hl
 234+ 6EAE                              next
 234+ 6EAE DD E9       >                jp      (ix)
 235+ 6EB0
 236+ 6EB0              //  ______________________________________________________________________
 237+ 6EB0              //
 238+ 6EB0              // -            n1 n2 -- n3
 239+ 6EB0              // subtraction
 240+ 6EB0                              New_Def SUBTRACT, "-", is_code, is_normal
 240+ 6EB0             >temp_NFA        defl    $                   // save this NFA address to temp_NFA
 240+ 6EB0             >
 240+ 6EB0             >                // dummy db directives used to calculate length of namec
 240+ 6EB0 2D          >                db      "-"
 240+ 6EB1             >len_NFA         defl    $ - temp_NFA
 240+ 6EB1             >                org     $ - len_NFA         // rewind to temp_NFA and re-do NFA part
 240+ 6EB0             >
 240+ 6EB0 81          >                db      len_NFA | END_BIT | is_normal  // The start of NFA must have msb set to signal the beginning of the sounted string
 240+ 6EB1 2D          >                db      "-"               // name string in 7-bit ascii, but
 240+ 6EB2             >                org     $-1                 // alter last byte of Name just above to set
 240+ 6EB1 AD          >                db      {b $} | END_BIT     // msb as name end
 240+ 6EB2             >
 240+ 6EB2 A1 6E       >                dw      last_NFA            // Link to previous definition Name
 240+ 6EB4             >SUBTRACT:          if is_code != 0 ; ok        // This is the start address of the direct jp(hl)
 240+ 6EB4 ~           >                call    runcode ; ok        // for primitive definitions  actual code
 240+ 6EB4 ~           >
 240+ 6EB4 ~           >
 240+ 6EB4             >                endif           ; ok        // for other definitions it "points" the correct handler
 240+ 6EB4             >                // Use of "; ok" to suppress "warning[fwdref]"
 240+ 6EB4             >
 240+ 6EB4             >last_NFA        defl    temp_NFA            // keep track of NFA saved above
 241+ 6EB4 D9                           exx
 242+ 6EB5 D1                           pop     de
 243+ 6EB6 E1                           pop     hl
 244+ 6EB7 A7                           and     a
 245+ 6EB8 ED 52                        sbc     hl, de
 246+ 6EBA E5                           push    hl
 247+ 6EBB D9                           exx
 248+ 6EBC                              next
 248+ 6EBC DD E9       >                jp      (ix)
 249+ 6EBE
 250+ 6EBE
 251+ 6EBE              //  ______________________________________________________________________
 252+ 6EBE              //
 253+ 6EBE              // =            n1 n2 -- n3
 254+ 6EBE              // equals
 255+ 6EBE                              Colon_Def EQUALS, "=", is_normal
 255+ 6EBE             >                New_Def  EQUALS, "=", Enter_Ptr, is_normal ; ok
 255+ 6EBE             >temp_NFA        defl    $                   // save this NFA address to temp_NFA
 255+ 6EBE             >
 255+ 6EBE             >                // dummy db directives used to calculate length of namec
 255+ 6EBE 3D          >                db      "="
 255+ 6EBF             >len_NFA         defl    $ - temp_NFA
 255+ 6EBF             >                org     $ - len_NFA         // rewind to temp_NFA and re-do NFA part
 255+ 6EBE             >
 255+ 6EBE 81          >                db      len_NFA | END_BIT | is_normal  // The start of NFA must have msb set to signal the beginning of the sounted string
 255+ 6EBF 3D          >                db      "="               // name string in 7-bit ascii, but
 255+ 6EC0             >                org     $-1                 // alter last byte of Name just above to set
 255+ 6EBF BD          >                db      {b $} | END_BIT     // msb as name end
 255+ 6EC0             >
 255+ 6EC0 B0 6E       >                dw      last_NFA            // Link to previous definition Name
 255+ 6EC2             >EQUALS:          if Enter_Ptr != 0 ; ok        // This is the start address of the direct jp(hl)
 255+ 6EC2 CD DF 6B    >                call    Enter_Ptr ; ok        // for primitive definitions  actual code
 255+ 6EC5             >
 255+ 6EC5             >
 255+ 6EC5             >                endif           ; ok        // for other definitions it "points" the correct handler
 255+ 6EC5             >                // Use of "; ok" to suppress "warning[fwdref]"
 255+ 6EC5             >
 255+ 6EC5             >last_NFA        defl    temp_NFA            // keep track of NFA saved above
 256+ 6EC5 B4 6E 22 69                  dw      SUBTRACT, ZEQUAL        // - 0=
 257+ 6EC9 F1 68                        dw      EXIT                    // ;
 258+ 6ECB
 259+ 6ECB              //  ______________________________________________________________________
 260+ 6ECB              //
 261+ 6ECB              // u<           u1 u2 -- u3
 262+ 6ECB              // unsigned less-than
 263+ 6ECB                              New_Def ULESS, "U<", is_code, is_normal
 263+ 6ECB             >temp_NFA        defl    $                   // save this NFA address to temp_NFA
 263+ 6ECB             >
 263+ 6ECB             >                // dummy db directives used to calculate length of namec
 263+ 6ECB 55 3C       >                db      "U<"
 263+ 6ECD             >len_NFA         defl    $ - temp_NFA
 263+ 6ECD             >                org     $ - len_NFA         // rewind to temp_NFA and re-do NFA part
 263+ 6ECB             >
 263+ 6ECB 82          >                db      len_NFA | END_BIT | is_normal  // The start of NFA must have msb set to signal the beginning of the sounted string
 263+ 6ECC 55 3C       >                db      "U<"               // name string in 7-bit ascii, but
 263+ 6ECE             >                org     $-1                 // alter last byte of Name just above to set
 263+ 6ECD BC          >                db      {b $} | END_BIT     // msb as name end
 263+ 6ECE             >
 263+ 6ECE BE 6E       >                dw      last_NFA            // Link to previous definition Name
 263+ 6ED0             >ULESS:          if is_code != 0 ; ok        // This is the start address of the direct jp(hl)
 263+ 6ED0 ~           >                call    runcode ; ok        // for primitive definitions  actual code
 263+ 6ED0 ~           >
 263+ 6ED0 ~           >
 263+ 6ED0             >                endif           ; ok        // for other definitions it "points" the correct handler
 263+ 6ED0             >                // Use of "; ok" to suppress "warning[fwdref]"
 263+ 6ED0             >
 263+ 6ED0             >last_NFA        defl    temp_NFA            // keep track of NFA saved above
 264+ 6ED0 D9                           exx
 265+ 6ED1 D1                           pop     de
 266+ 6ED2 E1                           pop     hl
 267+ 6ED3              Unsigned_Less_Exit:
 268+ 6ED3 A7                           and     a
 269+ 6ED4 ED 52                        sbc     hl, de
 270+ 6ED6 ED 62                        sbc     hl, hl
 271+ 6ED8 E5                           push    hl
 272+ 6ED9 D9                           exx
 273+ 6EDA                              next
 273+ 6EDA DD E9       >                jp      (ix)
 274+ 6EDC
 275+ 6EDC              //  ______________________________________________________________________
 276+ 6EDC              //
 277+ 6EDC              // <           n1 n2 -- n3
 278+ 6EDC              // less-than
 279+ 6EDC                              New_Def LESS, "<", is_code, is_normal
 279+ 6EDC             >temp_NFA        defl    $                   // save this NFA address to temp_NFA
 279+ 6EDC             >
 279+ 6EDC             >                // dummy db directives used to calculate length of namec
 279+ 6EDC 3C          >                db      "<"
 279+ 6EDD             >len_NFA         defl    $ - temp_NFA
 279+ 6EDD             >                org     $ - len_NFA         // rewind to temp_NFA and re-do NFA part
 279+ 6EDC             >
 279+ 6EDC 81          >                db      len_NFA | END_BIT | is_normal  // The start of NFA must have msb set to signal the beginning of the sounted string
 279+ 6EDD 3C          >                db      "<"               // name string in 7-bit ascii, but
 279+ 6EDE             >                org     $-1                 // alter last byte of Name just above to set
 279+ 6EDD BC          >                db      {b $} | END_BIT     // msb as name end
 279+ 6EDE             >
 279+ 6EDE CB 6E       >                dw      last_NFA            // Link to previous definition Name
 279+ 6EE0             >LESS:          if is_code != 0 ; ok        // This is the start address of the direct jp(hl)
 279+ 6EE0 ~           >                call    runcode ; ok        // for primitive definitions  actual code
 279+ 6EE0 ~           >
 279+ 6EE0 ~           >
 279+ 6EE0             >                endif           ; ok        // for other definitions it "points" the correct handler
 279+ 6EE0             >                // Use of "; ok" to suppress "warning[fwdref]"
 279+ 6EE0             >
 279+ 6EE0             >last_NFA        defl    temp_NFA            // keep track of NFA saved above
 280+ 6EE0 D9                           exx
 281+ 6EE1 E1                           pop     hl
 282+ 6EE2 D1                           pop     de
 283+ 6EE3 01 00 80                     ld      bc, $8000
 284+ 6EE6 09                           add     hl, bc
 285+ 6EE7 EB                           ex      de, hl
 286+ 6EE8 09                           add     hl, bc
 287+ 6EE9 18 E8                        jr      Unsigned_Less_Exit
 288+ 6EEB              //              and     a
 289+ 6EEB              //              sbc     hl, de
 290+ 6EEB              //              sbc     hl, hl
 291+ 6EEB              //              push    hl
 292+ 6EEB              //              exx
 293+ 6EEB              //              next
 294+ 6EEB
 295+ 6EEB              //  ______________________________________________________________________
 296+ 6EEB              //
 297+ 6EEB              // >            n1 n2 -- n3
 298+ 6EEB              // greater than
 299+ 6EEB                              Colon_Def GREATER, ">", is_normal
 299+ 6EEB             >                New_Def  GREATER, ">", Enter_Ptr, is_normal ; ok
 299+ 6EEB             >temp_NFA        defl    $                   // save this NFA address to temp_NFA
 299+ 6EEB             >
 299+ 6EEB             >                // dummy db directives used to calculate length of namec
 299+ 6EEB 3E          >                db      ">"
 299+ 6EEC             >len_NFA         defl    $ - temp_NFA
 299+ 6EEC             >                org     $ - len_NFA         // rewind to temp_NFA and re-do NFA part
 299+ 6EEB             >
 299+ 6EEB 81          >                db      len_NFA | END_BIT | is_normal  // The start of NFA must have msb set to signal the beginning of the sounted string
 299+ 6EEC 3E          >                db      ">"               // name string in 7-bit ascii, but
 299+ 6EED             >                org     $-1                 // alter last byte of Name just above to set
 299+ 6EEC BE          >                db      {b $} | END_BIT     // msb as name end
 299+ 6EED             >
 299+ 6EED DC 6E       >                dw      last_NFA            // Link to previous definition Name
 299+ 6EEF             >GREATER:          if Enter_Ptr != 0 ; ok        // This is the start address of the direct jp(hl)
 299+ 6EEF CD DF 6B    >                call    Enter_Ptr ; ok        // for primitive definitions  actual code
 299+ 6EF2             >
 299+ 6EF2             >
 299+ 6EF2             >                endif           ; ok        // for other definitions it "points" the correct handler
 299+ 6EF2             >                // Use of "; ok" to suppress "warning[fwdref]"
 299+ 6EF2             >
 299+ 6EF2             >last_NFA        defl    temp_NFA            // keep track of NFA saved above
 300+ 6EF2 1B 6A E0 6E                  dw      SWAP, LESS              // swap <
 301+ 6EF6 F1 68                        dw      EXIT                    // ;
 302+ 6EF8              //  ______________________________________________________________________
 303+ 6EF8              //
 304+ 6EF8              // min          n1 n2 -- n3
 305+ 6EF8              // minimum between n1 and n2
 306+ 6EF8                              Colon_Def MIN, "MIN" , is_normal
 306+ 6EF8             >                New_Def  MIN, "MIN", Enter_Ptr, is_normal ; ok
 306+ 6EF8             >temp_NFA        defl    $                   // save this NFA address to temp_NFA
 306+ 6EF8             >
 306+ 6EF8             >                // dummy db directives used to calculate length of namec
 306+ 6EF8 4D 49 4E    >                db      "MIN"
 306+ 6EFB             >len_NFA         defl    $ - temp_NFA
 306+ 6EFB             >                org     $ - len_NFA         // rewind to temp_NFA and re-do NFA part
 306+ 6EF8             >
 306+ 6EF8 83          >                db      len_NFA | END_BIT | is_normal  // The start of NFA must have msb set to signal the beginning of the sounted string
 306+ 6EF9 4D 49 4E    >                db      "MIN"               // name string in 7-bit ascii, but
 306+ 6EFC             >                org     $-1                 // alter last byte of Name just above to set
 306+ 6EFB CE          >                db      {b $} | END_BIT     // msb as name end
 306+ 6EFC             >
 306+ 6EFC EB 6E       >                dw      last_NFA            // Link to previous definition Name
 306+ 6EFE             >MIN:          if Enter_Ptr != 0 ; ok        // This is the start address of the direct jp(hl)
 306+ 6EFE CD DF 6B    >                call    Enter_Ptr ; ok        // for primitive definitions  actual code
 306+ 6F01             >
 306+ 6F01             >
 306+ 6F01             >                endif           ; ok        // for other definitions it "points" the correct handler
 306+ 6F01             >                // Use of "; ok" to suppress "warning[fwdref]"
 306+ 6F01             >
 306+ 6F01             >last_NFA        defl    temp_NFA            // keep track of NFA saved above
 307+ 6F01 B6 6A                        dw      TWO_DUP                 // 2dup
 308+ 6F03 EF 6E                        dw      GREATER                 // >
 309+ 6F05 B7 64                        dw      ZBRANCH
 310+ 6F07 04 00                        dw      Min_Skip - $   // if
 311+ 6F09 1B 6A                        dw          SWAP                //      swap
 312+ 6F0B              Min_Skip:                                       // endif
 313+ 6F0B F9 69                        dw      DROP                    // drop
 314+ 6F0D F1 68                        dw      EXIT                    // ;
 315+ 6F0F
 316+ 6F0F              //  ______________________________________________________________________
 317+ 6F0F              //
 318+ 6F0F              // max          n1 n2 -- n3
 319+ 6F0F              // maximum between n1 and n2
 320+ 6F0F                              Colon_Def MAX, "MAX", is_normal
 320+ 6F0F             >                New_Def  MAX, "MAX", Enter_Ptr, is_normal ; ok
 320+ 6F0F             >temp_NFA        defl    $                   // save this NFA address to temp_NFA
 320+ 6F0F             >
 320+ 6F0F             >                // dummy db directives used to calculate length of namec
 320+ 6F0F 4D 41 58    >                db      "MAX"
 320+ 6F12             >len_NFA         defl    $ - temp_NFA
 320+ 6F12             >                org     $ - len_NFA         // rewind to temp_NFA and re-do NFA part
 320+ 6F0F             >
 320+ 6F0F 83          >                db      len_NFA | END_BIT | is_normal  // The start of NFA must have msb set to signal the beginning of the sounted string
 320+ 6F10 4D 41 58    >                db      "MAX"               // name string in 7-bit ascii, but
 320+ 6F13             >                org     $-1                 // alter last byte of Name just above to set
 320+ 6F12 D8          >                db      {b $} | END_BIT     // msb as name end
 320+ 6F13             >
 320+ 6F13 F8 6E       >                dw      last_NFA            // Link to previous definition Name
 320+ 6F15             >MAX:          if Enter_Ptr != 0 ; ok        // This is the start address of the direct jp(hl)
 320+ 6F15 CD DF 6B    >                call    Enter_Ptr ; ok        // for primitive definitions  actual code
 320+ 6F18             >
 320+ 6F18             >
 320+ 6F18             >                endif           ; ok        // for other definitions it "points" the correct handler
 320+ 6F18             >                // Use of "; ok" to suppress "warning[fwdref]"
 320+ 6F18             >
 320+ 6F18             >last_NFA        defl    temp_NFA            // keep track of NFA saved above
 321+ 6F18 B6 6A                        dw      TWO_DUP                 // 2dup
 322+ 6F1A E0 6E                        dw      LESS                    // <
 323+ 6F1C B7 64                        dw      ZBRANCH
 324+ 6F1E 04 00                        dw      Max_Skip - $   // if
 325+ 6F20 1B 6A                        dw          SWAP                //      swap
 326+ 6F22              Max_Skip:                                       // endif
 327+ 6F22 F9 69                        dw      DROP                    // drop
 328+ 6F24 F1 68                        dw      EXIT                    // ;
 329+ 6F26
 330+ 6F26              //  ______________________________________________________________________
 331+ 6F26              //
 332+ 6F26              // ?dup         n -- 0 | n n
 333+ 6F26              // duplicate if not zero
 334+ 6F26                              New_Def QDUP, "?DUP", is_code, is_normal
 334+ 6F26             >temp_NFA        defl    $                   // save this NFA address to temp_NFA
 334+ 6F26             >
 334+ 6F26             >                // dummy db directives used to calculate length of namec
 334+ 6F26 3F 44 55 50 >                db      "?DUP"
 334+ 6F2A             >len_NFA         defl    $ - temp_NFA
 334+ 6F2A             >                org     $ - len_NFA         // rewind to temp_NFA and re-do NFA part
 334+ 6F26             >
 334+ 6F26 84          >                db      len_NFA | END_BIT | is_normal  // The start of NFA must have msb set to signal the beginning of the sounted string
 334+ 6F27 3F 44 55 50 >                db      "?DUP"               // name string in 7-bit ascii, but
 334+ 6F2B             >                org     $-1                 // alter last byte of Name just above to set
 334+ 6F2A D0          >                db      {b $} | END_BIT     // msb as name end
 334+ 6F2B             >
 334+ 6F2B 0F 6F       >                dw      last_NFA            // Link to previous definition Name
 334+ 6F2D             >QDUP:          if is_code != 0 ; ok        // This is the start address of the direct jp(hl)
 334+ 6F2D ~           >                call    runcode ; ok        // for primitive definitions  actual code
 334+ 6F2D ~           >
 334+ 6F2D ~           >
 334+ 6F2D             >                endif           ; ok        // for other definitions it "points" the correct handler
 334+ 6F2D             >                // Use of "; ok" to suppress "warning[fwdref]"
 334+ 6F2D             >
 334+ 6F2D             >last_NFA        defl    temp_NFA            // keep track of NFA saved above
 335+ 6F2D              QDup_Ptr:
 336+ 6F2D E1                           pop     hl
 337+ 6F2E 7C                           ld      a, h
 338+ 6F2F B5                           or      l
 339+ 6F30 28 01                        jr      z, QDup_Skip
 340+ 6F32 E5                               push    hl
 341+ 6F33              QDup_Skip:
 342+ 6F33                              psh1
 342+ 6F33 E5          >                push    hl
 342+ 6F34 DD E9       >                jp      (ix)
 343+ 6F36
 344+ 6F36              //  ______________________________________________________________________
 345+ 6F36              //
 346+ 6F36              // -dup         n -- 0 | n n
 347+ 6F36              // duplicate if not zero
 348+ 6F36                              New_Def LDUP, "-DUP", is_code, is_normal
 348+ 6F36             >temp_NFA        defl    $                   // save this NFA address to temp_NFA
 348+ 6F36             >
 348+ 6F36             >                // dummy db directives used to calculate length of namec
 348+ 6F36 2D 44 55 50 >                db      "-DUP"
 348+ 6F3A             >len_NFA         defl    $ - temp_NFA
 348+ 6F3A             >                org     $ - len_NFA         // rewind to temp_NFA and re-do NFA part
 348+ 6F36             >
 348+ 6F36 84          >                db      len_NFA | END_BIT | is_normal  // The start of NFA must have msb set to signal the beginning of the sounted string
 348+ 6F37 2D 44 55 50 >                db      "-DUP"               // name string in 7-bit ascii, but
 348+ 6F3B             >                org     $-1                 // alter last byte of Name just above to set
 348+ 6F3A D0          >                db      {b $} | END_BIT     // msb as name end
 348+ 6F3B             >
 348+ 6F3B 26 6F       >                dw      last_NFA            // Link to previous definition Name
 348+ 6F3D             >LDUP:          if is_code != 0 ; ok        // This is the start address of the direct jp(hl)
 348+ 6F3D ~           >                call    runcode ; ok        // for primitive definitions  actual code
 348+ 6F3D ~           >
 348+ 6F3D ~           >
 348+ 6F3D             >                endif           ; ok        // for other definitions it "points" the correct handler
 348+ 6F3D             >                // Use of "; ok" to suppress "warning[fwdref]"
 348+ 6F3D             >
 348+ 6F3D             >last_NFA        defl    temp_NFA            // keep track of NFA saved above
 349+ 6F3D C3 2D 6F                     jp      QDup_Ptr
 350+ 6F40
 351+ 6F40              //  ______________________________________________________________________
 352+ 6F40              //
 353+ 6F40              // emit         c --
 354+ 6F40                              Colon_Def EMIT, "EMIT", is_normal
 354+ 6F40             >                New_Def  EMIT, "EMIT", Enter_Ptr, is_normal ; ok
 354+ 6F40             >temp_NFA        defl    $                   // save this NFA address to temp_NFA
 354+ 6F40             >
 354+ 6F40             >                // dummy db directives used to calculate length of namec
 354+ 6F40 45 4D 49 54 >                db      "EMIT"
 354+ 6F44             >len_NFA         defl    $ - temp_NFA
 354+ 6F44             >                org     $ - len_NFA         // rewind to temp_NFA and re-do NFA part
 354+ 6F40             >
 354+ 6F40 84          >                db      len_NFA | END_BIT | is_normal  // The start of NFA must have msb set to signal the beginning of the sounted string
 354+ 6F41 45 4D 49 54 >                db      "EMIT"               // name string in 7-bit ascii, but
 354+ 6F45             >                org     $-1                 // alter last byte of Name just above to set
 354+ 6F44 D4          >                db      {b $} | END_BIT     // msb as name end
 354+ 6F45             >
 354+ 6F45 36 6F       >                dw      last_NFA            // Link to previous definition Name
 354+ 6F47             >EMIT:          if Enter_Ptr != 0 ; ok        // This is the start address of the direct jp(hl)
 354+ 6F47 CD DF 6B    >                call    Enter_Ptr ; ok        // for primitive definitions  actual code
 354+ 6F4A             >
 354+ 6F4A             >
 354+ 6F4A             >                endif           ; ok        // for other definitions it "points" the correct handler
 354+ 6F4A             >                // Use of "; ok" to suppress "warning[fwdref]"
 354+ 6F4A             >
 354+ 6F4A             >last_NFA        defl    temp_NFA            // keep track of NFA saved above
 355+ 6F4A BE 66                        dw      C_EMIT                      // (?emit)
 356+ 6F4C 2D 6F                        dw      QDUP                        // ?dup
 357+ 6F4E                                                                  // if
 358+ 6F4E B7 64                        dw      ZBRANCH
 359+ 6F50 0A 00                        dw      Emit_Skip - $
 360+ 6F52 81 66                        dw          EMITC                   //      emitc
 361+ 6F54 60 6C                        dw          ONE                     //      1
 362+ 6F56 81 6D DF 6A                  dw          OUT, PLUSSTORE        //      out +!
 363+ 6F5A              Emit_Skip:                                          // endif
 364+ 6F5A F1 68                        dw      EXIT                        // ;
 365+ 6F5C
 366+ 6F5C              //  ______________________________________________________________________
 367+ 6F5C              //
 368+ 6F5C              // space        --
 369+ 6F5C                              Colon_Def SPACE, "SPACE", is_normal
 369+ 6F5C             >                New_Def  SPACE, "SPACE", Enter_Ptr, is_normal ; ok
 369+ 6F5C             >temp_NFA        defl    $                   // save this NFA address to temp_NFA
 369+ 6F5C             >
 369+ 6F5C             >                // dummy db directives used to calculate length of namec
 369+ 6F5C 53 50 41 43 >                db      "SPACE"
 369+ 6F60 45          >
 369+ 6F61             >len_NFA         defl    $ - temp_NFA
 369+ 6F61             >                org     $ - len_NFA         // rewind to temp_NFA and re-do NFA part
 369+ 6F5C             >
 369+ 6F5C 85          >                db      len_NFA | END_BIT | is_normal  // The start of NFA must have msb set to signal the beginning of the sounted string
 369+ 6F5D 53 50 41 43 >                db      "SPACE"               // name string in 7-bit ascii, but
 369+ 6F61 45          >
 369+ 6F62             >                org     $-1                 // alter last byte of Name just above to set
 369+ 6F61 C5          >                db      {b $} | END_BIT     // msb as name end
 369+ 6F62             >
 369+ 6F62 40 6F       >                dw      last_NFA            // Link to previous definition Name
 369+ 6F64             >SPACE:          if Enter_Ptr != 0 ; ok        // This is the start address of the direct jp(hl)
 369+ 6F64 CD DF 6B    >                call    Enter_Ptr ; ok        // for primitive definitions  actual code
 369+ 6F67             >
 369+ 6F67             >
 369+ 6F67             >                endif           ; ok        // for other definitions it "points" the correct handler
 369+ 6F67             >                // Use of "; ok" to suppress "warning[fwdref]"
 369+ 6F67             >
 369+ 6F67             >last_NFA        defl    temp_NFA            // keep track of NFA saved above
 370+ 6F67 86 6C 47 6F                  dw      BL, EMIT                // bl emit
 371+ 6F6B F1 68                        dw      EXIT                    // ;
 372+ 6F6D
 373+ 6F6D              //  ______________________________________________________________________
 374+ 6F6D              //
 375+ 6F6D              // traverse     a n -- a
 376+ 6F6D              // A dictionary entry is structured as follows
 377+ 6F6D              // NFA: +0   one byte of word-length (n<32) | some flags (immediate, smudge) | $80
 378+ 6F6D              //      +1   word name, last character is toggled with $80
 379+ 6F6D              // LFA: +1+n link to NFA ofprevious  dictionary entry.
 380+ 6F6D              // CFA: +3+n routine address. Colon definitions here have a CALL aa
 381+ 6F6D              // PFA: +6+n "is_code", definitions have no PFA. // +5
 382+ 6F6D              //
 383+ 6F6D                              Colon_Def TRAVERSE, "TRAVERSE", is_normal
 383+ 6F6D             >                New_Def  TRAVERSE, "TRAVERSE", Enter_Ptr, is_normal ; ok
 383+ 6F6D             >temp_NFA        defl    $                   // save this NFA address to temp_NFA
 383+ 6F6D             >
 383+ 6F6D             >                // dummy db directives used to calculate length of namec
 383+ 6F6D 54 52 41 56 >                db      "TRAVERSE"
 383+ 6F71 45 52 53 45 >
 383+ 6F75             >len_NFA         defl    $ - temp_NFA
 383+ 6F75             >                org     $ - len_NFA         // rewind to temp_NFA and re-do NFA part
 383+ 6F6D             >
 383+ 6F6D 88          >                db      len_NFA | END_BIT | is_normal  // The start of NFA must have msb set to signal the beginning of the sounted string
 383+ 6F6E 54 52 41 56 >                db      "TRAVERSE"               // name string in 7-bit ascii, but
 383+ 6F72 45 52 53 45 >
 383+ 6F76             >                org     $-1                 // alter last byte of Name just above to set
 383+ 6F75 C5          >                db      {b $} | END_BIT     // msb as name end
 383+ 6F76             >
 383+ 6F76 5C 6F       >                dw      last_NFA            // Link to previous definition Name
 383+ 6F78             >TRAVERSE:          if Enter_Ptr != 0 ; ok        // This is the start address of the direct jp(hl)
 383+ 6F78 CD DF 6B    >                call    Enter_Ptr ; ok        // for primitive definitions  actual code
 383+ 6F7B             >
 383+ 6F7B             >
 383+ 6F7B             >                endif           ; ok        // for other definitions it "points" the correct handler
 383+ 6F7B             >                // Use of "; ok" to suppress "warning[fwdref]"
 383+ 6F7B             >
 383+ 6F7B             >last_NFA        defl    temp_NFA            // keep track of NFA saved above
 384+ 6F7B 1B 6A                        dw      SWAP                    // swap
 385+ 6F7D              Traverse_Begin:                                 // begin
 386+ 6F7D EB 69 5C 69                  dw          OVER, PLUS          //      over +
 387+ 6F81 3F 64 7F 00                  dw          LIT, 127            //      127
 388+ 6F85 EB 69 1A 6B                  dw          OVER, CFETCH        //      over @
 389+ 6F89 E0 6E                        dw          LESS                //      <
 390+ 6F8B                                                              // until
 391+ 6F8B B7 64                        dw      ZBRANCH
 392+ 6F8D F0 FF                        dw      Traverse_Begin - $
 393+ 6F8F 02 6A                        dw      NIP                     //  nip
 394+ 6F91 F1 68                        dw      EXIT                    //  ;
 395+ 6F93
 396+ 6F93              //  ______________________________________________________________________
 397+ 6F93              //
 398+ 6F93              // latest       -- nfa
 399+ 6F93                              Colon_Def LATEST, "LATEST", is_normal
 399+ 6F93             >                New_Def  LATEST, "LATEST", Enter_Ptr, is_normal ; ok
 399+ 6F93             >temp_NFA        defl    $                   // save this NFA address to temp_NFA
 399+ 6F93             >
 399+ 6F93             >                // dummy db directives used to calculate length of namec
 399+ 6F93 4C 41 54 45 >                db      "LATEST"
 399+ 6F97 53 54       >
 399+ 6F99             >len_NFA         defl    $ - temp_NFA
 399+ 6F99             >                org     $ - len_NFA         // rewind to temp_NFA and re-do NFA part
 399+ 6F93             >
 399+ 6F93 86          >                db      len_NFA | END_BIT | is_normal  // The start of NFA must have msb set to signal the beginning of the sounted string
 399+ 6F94 4C 41 54 45 >                db      "LATEST"               // name string in 7-bit ascii, but
 399+ 6F98 53 54       >
 399+ 6F9A             >                org     $-1                 // alter last byte of Name just above to set
 399+ 6F99 D4          >                db      {b $} | END_BIT     // msb as name end
 399+ 6F9A             >
 399+ 6F9A 6D 6F       >                dw      last_NFA            // Link to previous definition Name
 399+ 6F9C             >LATEST:          if Enter_Ptr != 0 ; ok        // This is the start address of the direct jp(hl)
 399+ 6F9C CD DF 6B    >                call    Enter_Ptr ; ok        // for primitive definitions  actual code
 399+ 6F9F             >
 399+ 6F9F             >
 399+ 6F9F             >                endif           ; ok        // for other definitions it "points" the correct handler
 399+ 6F9F             >                // Use of "; ok" to suppress "warning[fwdref]"
 399+ 6F9F             >
 399+ 6F9F             >last_NFA        defl    temp_NFA            // keep track of NFA saved above
 400+ 6F9F B4 6D                        dw      CURRENT                 // current
 401+ 6FA1 00 6B 00 6B                  dw      FETCH, FETCH            // @ @
 402+ 6FA5 F1 68                        dw      EXIT                    // ;
 403+ 6FA7
 404+ 6FA7              //  ______________________________________________________________________
 405+ 6FA7              //
 406+ 6FA7              // lfa          pfa -- lfa
 407+ 6FA7                              Colon_Def LFA, "LFA", is_normal
 407+ 6FA7             >                New_Def  LFA, "LFA", Enter_Ptr, is_normal ; ok
 407+ 6FA7             >temp_NFA        defl    $                   // save this NFA address to temp_NFA
 407+ 6FA7             >
 407+ 6FA7             >                // dummy db directives used to calculate length of namec
 407+ 6FA7 4C 46 41    >                db      "LFA"
 407+ 6FAA             >len_NFA         defl    $ - temp_NFA
 407+ 6FAA             >                org     $ - len_NFA         // rewind to temp_NFA and re-do NFA part
 407+ 6FA7             >
 407+ 6FA7 83          >                db      len_NFA | END_BIT | is_normal  // The start of NFA must have msb set to signal the beginning of the sounted string
 407+ 6FA8 4C 46 41    >                db      "LFA"               // name string in 7-bit ascii, but
 407+ 6FAB             >                org     $-1                 // alter last byte of Name just above to set
 407+ 6FAA C1          >                db      {b $} | END_BIT     // msb as name end
 407+ 6FAB             >
 407+ 6FAB 93 6F       >                dw      last_NFA            // Link to previous definition Name
 407+ 6FAD             >LFA:          if Enter_Ptr != 0 ; ok        // This is the start address of the direct jp(hl)
 407+ 6FAD CD DF 6B    >                call    Enter_Ptr ; ok        // for primitive definitions  actual code
 407+ 6FB0             >
 407+ 6FB0             >
 407+ 6FB0             >                endif           ; ok        // for other definitions it "points" the correct handler
 407+ 6FB0             >                // Use of "; ok" to suppress "warning[fwdref]"
 407+ 6FB0             >
 407+ 6FB0             >last_NFA        defl    temp_NFA            // keep track of NFA saved above
 408+ 6FB0 3F 64 05 00                  dw      LIT, 5                  // cell- --> 5
 409+ 6FB4 B4 6E                        dw      SUBTRACT                // cell- --> -
 410+ 6FB6 F1 68                        dw      EXIT                    // ;
 411+ 6FB8
 412+ 6FB8              //  ______________________________________________________________________
 413+ 6FB8              //
 414+ 6FB8              // cfa          pfa -- cfa
 415+ 6FB8                              Colon_Def CFA, "CFA", is_normal
 415+ 6FB8             >                New_Def  CFA, "CFA", Enter_Ptr, is_normal ; ok
 415+ 6FB8             >temp_NFA        defl    $                   // save this NFA address to temp_NFA
 415+ 6FB8             >
 415+ 6FB8             >                // dummy db directives used to calculate length of namec
 415+ 6FB8 43 46 41    >                db      "CFA"
 415+ 6FBB             >len_NFA         defl    $ - temp_NFA
 415+ 6FBB             >                org     $ - len_NFA         // rewind to temp_NFA and re-do NFA part
 415+ 6FB8             >
 415+ 6FB8 83          >                db      len_NFA | END_BIT | is_normal  // The start of NFA must have msb set to signal the beginning of the sounted string
 415+ 6FB9 43 46 41    >                db      "CFA"               // name string in 7-bit ascii, but
 415+ 6FBC             >                org     $-1                 // alter last byte of Name just above to set
 415+ 6FBB C1          >                db      {b $} | END_BIT     // msb as name end
 415+ 6FBC             >
 415+ 6FBC A7 6F       >                dw      last_NFA            // Link to previous definition Name
 415+ 6FBE             >CFA:          if Enter_Ptr != 0 ; ok        // This is the start address of the direct jp(hl)
 415+ 6FBE CD DF 6B    >                call    Enter_Ptr ; ok        // for primitive definitions  actual code
 415+ 6FC1             >
 415+ 6FC1             >
 415+ 6FC1             >                endif           ; ok        // for other definitions it "points" the correct handler
 415+ 6FC1             >                // Use of "; ok" to suppress "warning[fwdref]"
 415+ 6FC1             >
 415+ 6FC1             >last_NFA        defl    temp_NFA            // keep track of NFA saved above
 416+ 6FC1              //              dw      CELL_MINUS              // cell-
 417+ 6FC1 72 6C B4 6E                  dw      THREE, SUBTRACT         // 3 -
 418+ 6FC5 F1 68                        dw      EXIT                    // ;
 419+ 6FC7
 420+ 6FC7              //  ______________________________________________________________________
 421+ 6FC7              //
 422+ 6FC7              // nfa          pfa -- nfa
 423+ 6FC7                              Colon_Def NFA, "NFA", is_normal
 423+ 6FC7             >                New_Def  NFA, "NFA", Enter_Ptr, is_normal ; ok
 423+ 6FC7             >temp_NFA        defl    $                   // save this NFA address to temp_NFA
 423+ 6FC7             >
 423+ 6FC7             >                // dummy db directives used to calculate length of namec
 423+ 6FC7 4E 46 41    >                db      "NFA"
 423+ 6FCA             >len_NFA         defl    $ - temp_NFA
 423+ 6FCA             >                org     $ - len_NFA         // rewind to temp_NFA and re-do NFA part
 423+ 6FC7             >
 423+ 6FC7 83          >                db      len_NFA | END_BIT | is_normal  // The start of NFA must have msb set to signal the beginning of the sounted string
 423+ 6FC8 4E 46 41    >                db      "NFA"               // name string in 7-bit ascii, but
 423+ 6FCB             >                org     $-1                 // alter last byte of Name just above to set
 423+ 6FCA C1          >                db      {b $} | END_BIT     // msb as name end
 423+ 6FCB             >
 423+ 6FCB B8 6F       >                dw      last_NFA            // Link to previous definition Name
 423+ 6FCD             >NFA:          if Enter_Ptr != 0 ; ok        // This is the start address of the direct jp(hl)
 423+ 6FCD CD DF 6B    >                call    Enter_Ptr ; ok        // for primitive definitions  actual code
 423+ 6FD0             >
 423+ 6FD0             >
 423+ 6FD0             >                endif           ; ok        // for other definitions it "points" the correct handler
 423+ 6FD0             >                // Use of "; ok" to suppress "warning[fwdref]"
 423+ 6FD0             >
 423+ 6FD0             >last_NFA        defl    temp_NFA            // keep track of NFA saved above
 424+ 6FD0 3F 64 06 00                  dw      LIT, 6                  // 5 --> 6
 425+ 6FD4 B4 6E                        dw      SUBTRACT                // -
 426+ 6FD6 7C 6C                        dw      NEG_ONE                 // -1
 427+ 6FD8 78 6F                        dw      TRAVERSE                // traverse
 428+ 6FDA F1 68                        dw      EXIT                    // ;
 429+ 6FDC
 430+ 6FDC              //  ______________________________________________________________________
 431+ 6FDC              //
 432+ 6FDC              // pfa          nfa -- pfa
 433+ 6FDC                              Colon_Def PFA, "PFA", is_normal
 433+ 6FDC             >                New_Def  PFA, "PFA", Enter_Ptr, is_normal ; ok
 433+ 6FDC             >temp_NFA        defl    $                   // save this NFA address to temp_NFA
 433+ 6FDC             >
 433+ 6FDC             >                // dummy db directives used to calculate length of namec
 433+ 6FDC 50 46 41    >                db      "PFA"
 433+ 6FDF             >len_NFA         defl    $ - temp_NFA
 433+ 6FDF             >                org     $ - len_NFA         // rewind to temp_NFA and re-do NFA part
 433+ 6FDC             >
 433+ 6FDC 83          >                db      len_NFA | END_BIT | is_normal  // The start of NFA must have msb set to signal the beginning of the sounted string
 433+ 6FDD 50 46 41    >                db      "PFA"               // name string in 7-bit ascii, but
 433+ 6FE0             >                org     $-1                 // alter last byte of Name just above to set
 433+ 6FDF C1          >                db      {b $} | END_BIT     // msb as name end
 433+ 6FE0             >
 433+ 6FE0 C7 6F       >                dw      last_NFA            // Link to previous definition Name
 433+ 6FE2             >PFA:          if Enter_Ptr != 0 ; ok        // This is the start address of the direct jp(hl)
 433+ 6FE2 CD DF 6B    >                call    Enter_Ptr ; ok        // for primitive definitions  actual code
 433+ 6FE5             >
 433+ 6FE5             >
 433+ 6FE5             >                endif           ; ok        // for other definitions it "points" the correct handler
 433+ 6FE5             >                // Use of "; ok" to suppress "warning[fwdref]"
 433+ 6FE5             >
 433+ 6FE5             >last_NFA        defl    temp_NFA            // keep track of NFA saved above
 434+ 6FE5 60 6C                        dw      ONE                     // 1
 435+ 6FE7 78 6F                        dw      TRAVERSE                // traverse
 436+ 6FE9 3F 64 06 00                  dw      LIT, 6                  // 5 --> 6
 437+ 6FED 5C 69                        dw      PLUS                    // +
 438+ 6FEF F1 68                        dw      EXIT                    // ;
 439+ 6FF1
 440+ 6FF1              //  ______________________________________________________________________
 441+ 6FF1              //
 442+ 6FF1              // >body        cfa -- pfa
 443+ 6FF1                              Colon_Def TO_BODY, ">BODY", is_normal
 443+ 6FF1             >                New_Def  TO_BODY, ">BODY", Enter_Ptr, is_normal ; ok
 443+ 6FF1             >temp_NFA        defl    $                   // save this NFA address to temp_NFA
 443+ 6FF1             >
 443+ 6FF1             >                // dummy db directives used to calculate length of namec
 443+ 6FF1 3E 42 4F 44 >                db      ">BODY"
 443+ 6FF5 59          >
 443+ 6FF6             >len_NFA         defl    $ - temp_NFA
 443+ 6FF6             >                org     $ - len_NFA         // rewind to temp_NFA and re-do NFA part
 443+ 6FF1             >
 443+ 6FF1 85          >                db      len_NFA | END_BIT | is_normal  // The start of NFA must have msb set to signal the beginning of the sounted string
 443+ 6FF2 3E 42 4F 44 >                db      ">BODY"               // name string in 7-bit ascii, but
 443+ 6FF6 59          >
 443+ 6FF7             >                org     $-1                 // alter last byte of Name just above to set
 443+ 6FF6 D9          >                db      {b $} | END_BIT     // msb as name end
 443+ 6FF7             >
 443+ 6FF7 DC 6F       >                dw      last_NFA            // Link to previous definition Name
 443+ 6FF9             >TO_BODY:          if Enter_Ptr != 0 ; ok        // This is the start address of the direct jp(hl)
 443+ 6FF9 CD DF 6B    >                call    Enter_Ptr ; ok        // for primitive definitions  actual code
 443+ 6FFC             >
 443+ 6FFC             >
 443+ 6FFC             >                endif           ; ok        // for other definitions it "points" the correct handler
 443+ 6FFC             >                // Use of "; ok" to suppress "warning[fwdref]"
 443+ 6FFC             >
 443+ 6FFC             >last_NFA        defl    temp_NFA            // keep track of NFA saved above
 444+ 6FFC 72 6C 5C 69                  dw      THREE, PLUS             // cell+ --> 3 +
 445+ 7000 F1 68                        dw      EXIT                    // ;
 446+ 7002
 447+ 7002              //  ______________________________________________________________________
 448+ 7002              //
 449+ 7002              // <name        cfa -- nfa
 450+ 7002                              Colon_Def TO_NAME, "<NAME", is_normal
 450+ 7002             >                New_Def  TO_NAME, "<NAME", Enter_Ptr, is_normal ; ok
 450+ 7002             >temp_NFA        defl    $                   // save this NFA address to temp_NFA
 450+ 7002             >
 450+ 7002             >                // dummy db directives used to calculate length of namec
 450+ 7002 3C 4E 41 4D >                db      "<NAME"
 450+ 7006 45          >
 450+ 7007             >len_NFA         defl    $ - temp_NFA
 450+ 7007             >                org     $ - len_NFA         // rewind to temp_NFA and re-do NFA part
 450+ 7002             >
 450+ 7002 85          >                db      len_NFA | END_BIT | is_normal  // The start of NFA must have msb set to signal the beginning of the sounted string
 450+ 7003 3C 4E 41 4D >                db      "<NAME"               // name string in 7-bit ascii, but
 450+ 7007 45          >
 450+ 7008             >                org     $-1                 // alter last byte of Name just above to set
 450+ 7007 C5          >                db      {b $} | END_BIT     // msb as name end
 450+ 7008             >
 450+ 7008 F1 6F       >                dw      last_NFA            // Link to previous definition Name
 450+ 700A             >TO_NAME:          if Enter_Ptr != 0 ; ok        // This is the start address of the direct jp(hl)
 450+ 700A CD DF 6B    >                call    Enter_Ptr ; ok        // for primitive definitions  actual code
 450+ 700D             >
 450+ 700D             >
 450+ 700D             >                endif           ; ok        // for other definitions it "points" the correct handler
 450+ 700D             >                // Use of "; ok" to suppress "warning[fwdref]"
 450+ 700D             >
 450+ 700D             >last_NFA        defl    temp_NFA            // keep track of NFA saved above
 451+ 700D F9 6F                        dw      TO_BODY                 // >body
 452+ 700F CD 6F                        dw      NFA                     // nfa
 453+ 7011 F1 68                        dw      EXIT                    // ;
 454+ 7013
 455+ 7013              //  ______________________________________________________________________
 456+ 7013              //
 457+ 7013              // !csp         --
 458+ 7013              // store in user variable CSP current value of SP. Used at compile-time for syntax checkng
 459+ 7013                              Colon_Def STORE_CSP, "!CSP", is_normal
 459+ 7013             >                New_Def  STORE_CSP, "!CSP", Enter_Ptr, is_normal ; ok
 459+ 7013             >temp_NFA        defl    $                   // save this NFA address to temp_NFA
 459+ 7013             >
 459+ 7013             >                // dummy db directives used to calculate length of namec
 459+ 7013 21 43 53 50 >                db      "!CSP"
 459+ 7017             >len_NFA         defl    $ - temp_NFA
 459+ 7017             >                org     $ - len_NFA         // rewind to temp_NFA and re-do NFA part
 459+ 7013             >
 459+ 7013 84          >                db      len_NFA | END_BIT | is_normal  // The start of NFA must have msb set to signal the beginning of the sounted string
 459+ 7014 21 43 53 50 >                db      "!CSP"               // name string in 7-bit ascii, but
 459+ 7018             >                org     $-1                 // alter last byte of Name just above to set
 459+ 7017 D0          >                db      {b $} | END_BIT     // msb as name end
 459+ 7018             >
 459+ 7018 02 70       >                dw      last_NFA            // Link to previous definition Name
 459+ 701A             >STORE_CSP:          if Enter_Ptr != 0 ; ok        // This is the start address of the direct jp(hl)
 459+ 701A CD DF 6B    >                call    Enter_Ptr ; ok        // for primitive definitions  actual code
 459+ 701D             >
 459+ 701D             >
 459+ 701D             >                endif           ; ok        // for other definitions it "points" the correct handler
 459+ 701D             >                // Use of "; ok" to suppress "warning[fwdref]"
 459+ 701D             >
 459+ 701D             >last_NFA        defl    temp_NFA            // keep track of NFA saved above
 460+ 701D C7 68                        dw      SPFETCH                 // sp@
 461+ 701F E9 6D 0C 6B                  dw      CSP, STORE              // csp !
 462+ 7023 F1 68                        dw      EXIT                    // ;
 463+ 7025
 464+ 7025              //  ______________________________________________________________________
 465+ 7025              //
 466+ 7025              // ?error       f n --
 467+ 7025              // raise error n if flag f it true
 468+ 7025                              Colon_Def QERROR, "?ERROR", is_normal
 468+ 7025             >                New_Def  QERROR, "?ERROR", Enter_Ptr, is_normal ; ok
 468+ 7025             >temp_NFA        defl    $                   // save this NFA address to temp_NFA
 468+ 7025             >
 468+ 7025             >                // dummy db directives used to calculate length of namec
 468+ 7025 3F 45 52 52 >                db      "?ERROR"
 468+ 7029 4F 52       >
 468+ 702B             >len_NFA         defl    $ - temp_NFA
 468+ 702B             >                org     $ - len_NFA         // rewind to temp_NFA and re-do NFA part
 468+ 7025             >
 468+ 7025 86          >                db      len_NFA | END_BIT | is_normal  // The start of NFA must have msb set to signal the beginning of the sounted string
 468+ 7026 3F 45 52 52 >                db      "?ERROR"               // name string in 7-bit ascii, but
 468+ 702A 4F 52       >
 468+ 702C             >                org     $-1                 // alter last byte of Name just above to set
 468+ 702B D2          >                db      {b $} | END_BIT     // msb as name end
 468+ 702C             >
 468+ 702C 13 70       >                dw      last_NFA            // Link to previous definition Name
 468+ 702E             >QERROR:          if Enter_Ptr != 0 ; ok        // This is the start address of the direct jp(hl)
 468+ 702E CD DF 6B    >                call    Enter_Ptr ; ok        // for primitive definitions  actual code
 468+ 7031             >
 468+ 7031             >
 468+ 7031             >                endif           ; ok        // for other definitions it "points" the correct handler
 468+ 7031             >                // Use of "; ok" to suppress "warning[fwdref]"
 468+ 7031             >
 468+ 7031             >last_NFA        defl    temp_NFA            // keep track of NFA saved above
 469+ 7031 1B 6A                        dw      SWAP                    // swap
 470+ 7033                                                              // if
 471+ 7033 B7 64                        dw      ZBRANCH
 472+ 7035 08 00                        dw      QError_Else - $
 473+ 7037 A8 76                        dw          ERROR               //      error  ( is a forward-ref )
 474+ 7039                                                              // else
 475+ 7039 A2 64                        dw      BRANCH
 476+ 703B 04 00                        dw      QError_Endif - $
 477+ 703D              QError_Else:
 478+ 703D F9 69                        dw          DROP                //      drop
 479+ 703F              QError_Endif:                                   // endif
 480+ 703F F1 68                        dw      EXIT                    // ;
 481+ 7041
 482+ 7041              //  ______________________________________________________________________
 483+ 7041              //
 484+ 7041              // ?comp       --
 485+ 7041              // raise msg #17 if not compiling
 486+ 7041                              Colon_Def QCOMP, "?COMP", is_normal
 486+ 7041             >                New_Def  QCOMP, "?COMP", Enter_Ptr, is_normal ; ok
 486+ 7041             >temp_NFA        defl    $                   // save this NFA address to temp_NFA
 486+ 7041             >
 486+ 7041             >                // dummy db directives used to calculate length of namec
 486+ 7041 3F 43 4F 4D >                db      "?COMP"
 486+ 7045 50          >
 486+ 7046             >len_NFA         defl    $ - temp_NFA
 486+ 7046             >                org     $ - len_NFA         // rewind to temp_NFA and re-do NFA part
 486+ 7041             >
 486+ 7041 85          >                db      len_NFA | END_BIT | is_normal  // The start of NFA must have msb set to signal the beginning of the sounted string
 486+ 7042 3F 43 4F 4D >                db      "?COMP"               // name string in 7-bit ascii, but
 486+ 7046 50          >
 486+ 7047             >                org     $-1                 // alter last byte of Name just above to set
 486+ 7046 D0          >                db      {b $} | END_BIT     // msb as name end
 486+ 7047             >
 486+ 7047 25 70       >                dw      last_NFA            // Link to previous definition Name
 486+ 7049             >QCOMP:          if Enter_Ptr != 0 ; ok        // This is the start address of the direct jp(hl)
 486+ 7049 CD DF 6B    >                call    Enter_Ptr ; ok        // for primitive definitions  actual code
 486+ 704C             >
 486+ 704C             >
 486+ 704C             >                endif           ; ok        // for other definitions it "points" the correct handler
 486+ 704C             >                // Use of "; ok" to suppress "warning[fwdref]"
 486+ 704C             >
 486+ 704C             >last_NFA        defl    temp_NFA            // keep track of NFA saved above
 487+ 704C C0 6D 00 6B                  dw      STATE, FETCH            // state @
 488+ 7050 22 69                        dw      ZEQUAL                  // 0=
 489+ 7052 3F 64 11 00                  dw      LIT, 17                 // 17  ( can't be executed )
 490+ 7056 2E 70                        dw      QERROR                  // ?error
 491+ 7058 F1 68                        dw      EXIT                    // ;
 492+ 705A
 493+ 705A              //  ______________________________________________________________________
 494+ 705A              //
 495+ 705A              // ?exec       --
 496+ 705A              // raise msg #18 if compiling
 497+ 705A                              Colon_Def QEXEC, "?EXEC", is_normal
 497+ 705A             >                New_Def  QEXEC, "?EXEC", Enter_Ptr, is_normal ; ok
 497+ 705A             >temp_NFA        defl    $                   // save this NFA address to temp_NFA
 497+ 705A             >
 497+ 705A             >                // dummy db directives used to calculate length of namec
 497+ 705A 3F 45 58 45 >                db      "?EXEC"
 497+ 705E 43          >
 497+ 705F             >len_NFA         defl    $ - temp_NFA
 497+ 705F             >                org     $ - len_NFA         // rewind to temp_NFA and re-do NFA part
 497+ 705A             >
 497+ 705A 85          >                db      len_NFA | END_BIT | is_normal  // The start of NFA must have msb set to signal the beginning of the sounted string
 497+ 705B 3F 45 58 45 >                db      "?EXEC"               // name string in 7-bit ascii, but
 497+ 705F 43          >
 497+ 7060             >                org     $-1                 // alter last byte of Name just above to set
 497+ 705F C3          >                db      {b $} | END_BIT     // msb as name end
 497+ 7060             >
 497+ 7060 41 70       >                dw      last_NFA            // Link to previous definition Name
 497+ 7062             >QEXEC:          if Enter_Ptr != 0 ; ok        // This is the start address of the direct jp(hl)
 497+ 7062 CD DF 6B    >                call    Enter_Ptr ; ok        // for primitive definitions  actual code
 497+ 7065             >
 497+ 7065             >
 497+ 7065             >                endif           ; ok        // for other definitions it "points" the correct handler
 497+ 7065             >                // Use of "; ok" to suppress "warning[fwdref]"
 497+ 7065             >
 497+ 7065             >last_NFA        defl    temp_NFA            // keep track of NFA saved above
 498+ 7065 C0 6D 00 6B                  dw      STATE, FETCH            // state @
 499+ 7069 3F 64 12 00                  dw      LIT, 18                 // 18  ( can't be compiled )
 500+ 706D 2E 70                        dw      QERROR                  // ?error
 501+ 706F F1 68                        dw      EXIT                    // ;
 502+ 7071
 503+ 7071              //  ______________________________________________________________________
 504+ 7071              //
 505+ 7071              // ?pairs       n1 n2 --
 506+ 7071              // raise msg #19 if n1 != n2. Compiler pushes some placeholder to stack for syntax checking
 507+ 7071                              Colon_Def QPAIRS, "?PAIRS", is_normal
 507+ 7071             >                New_Def  QPAIRS, "?PAIRS", Enter_Ptr, is_normal ; ok
 507+ 7071             >temp_NFA        defl    $                   // save this NFA address to temp_NFA
 507+ 7071             >
 507+ 7071             >                // dummy db directives used to calculate length of namec
 507+ 7071 3F 50 41 49 >                db      "?PAIRS"
 507+ 7075 52 53       >
 507+ 7077             >len_NFA         defl    $ - temp_NFA
 507+ 7077             >                org     $ - len_NFA         // rewind to temp_NFA and re-do NFA part
 507+ 7071             >
 507+ 7071 86          >                db      len_NFA | END_BIT | is_normal  // The start of NFA must have msb set to signal the beginning of the sounted string
 507+ 7072 3F 50 41 49 >                db      "?PAIRS"               // name string in 7-bit ascii, but
 507+ 7076 52 53       >
 507+ 7078             >                org     $-1                 // alter last byte of Name just above to set
 507+ 7077 D3          >                db      {b $} | END_BIT     // msb as name end
 507+ 7078             >
 507+ 7078 5A 70       >                dw      last_NFA            // Link to previous definition Name
 507+ 707A             >QPAIRS:          if Enter_Ptr != 0 ; ok        // This is the start address of the direct jp(hl)
 507+ 707A CD DF 6B    >                call    Enter_Ptr ; ok        // for primitive definitions  actual code
 507+ 707D             >
 507+ 707D             >
 507+ 707D             >                endif           ; ok        // for other definitions it "points" the correct handler
 507+ 707D             >                // Use of "; ok" to suppress "warning[fwdref]"
 507+ 707D             >
 507+ 707D             >last_NFA        defl    temp_NFA            // keep track of NFA saved above
 508+ 707D B4 6E                        dw      SUBTRACT                // -
 509+ 707F 3F 64 13 00                  dw      LIT, 19                 // 18  ( syntax error )
 510+ 7083 2E 70                        dw      QERROR                  // ?error
 511+ 7085 F1 68                        dw      EXIT                    // ;
 512+ 7087
 513+ 7087              //  ______________________________________________________________________
 514+ 7087              //
 515+ 7087              // ?csp       --
 516+ 7087              // raise msg #20 if surrent SP in not what previously saved in CSP.
 517+ 7087              // Compiler relies on that for  syntax checking of structures
 518+ 7087                              Colon_Def QCSP, "?CSP", is_normal
 518+ 7087             >                New_Def  QCSP, "?CSP", Enter_Ptr, is_normal ; ok
 518+ 7087             >temp_NFA        defl    $                   // save this NFA address to temp_NFA
 518+ 7087             >
 518+ 7087             >                // dummy db directives used to calculate length of namec
 518+ 7087 3F 43 53 50 >                db      "?CSP"
 518+ 708B             >len_NFA         defl    $ - temp_NFA
 518+ 708B             >                org     $ - len_NFA         // rewind to temp_NFA and re-do NFA part
 518+ 7087             >
 518+ 7087 84          >                db      len_NFA | END_BIT | is_normal  // The start of NFA must have msb set to signal the beginning of the sounted string
 518+ 7088 3F 43 53 50 >                db      "?CSP"               // name string in 7-bit ascii, but
 518+ 708C             >                org     $-1                 // alter last byte of Name just above to set
 518+ 708B D0          >                db      {b $} | END_BIT     // msb as name end
 518+ 708C             >
 518+ 708C 71 70       >                dw      last_NFA            // Link to previous definition Name
 518+ 708E             >QCSP:          if Enter_Ptr != 0 ; ok        // This is the start address of the direct jp(hl)
 518+ 708E CD DF 6B    >                call    Enter_Ptr ; ok        // for primitive definitions  actual code
 518+ 7091             >
 518+ 7091             >
 518+ 7091             >                endif           ; ok        // for other definitions it "points" the correct handler
 518+ 7091             >                // Use of "; ok" to suppress "warning[fwdref]"
 518+ 7091             >
 518+ 7091             >last_NFA        defl    temp_NFA            // keep track of NFA saved above
 519+ 7091 C7 68                        dw      SPFETCH                 // sp@
 520+ 7093 E9 6D 00 6B                  dw      CSP, FETCH              // csp @
 521+ 7097 B4 6E                        dw      SUBTRACT                // -
 522+ 7099 3F 64 14 00                  dw      LIT, 20                 // 20  ( bad definition end )
 523+ 709D 2E 70                        dw      QERROR                  // ?error
 524+ 709F F1 68                        dw      EXIT                    // ;
 525+ 70A1
 526+ 70A1              //  ______________________________________________________________________
 527+ 70A1              //
 528+ 70A1              // ?loading      --
 529+ 70A1              // raise msg #22 if not loading
 530+ 70A1                              Colon_Def QLOADING, "?LOADING", is_normal
 530+ 70A1             >                New_Def  QLOADING, "?LOADING", Enter_Ptr, is_normal ; ok
 530+ 70A1             >temp_NFA        defl    $                   // save this NFA address to temp_NFA
 530+ 70A1             >
 530+ 70A1             >                // dummy db directives used to calculate length of namec
 530+ 70A1 3F 4C 4F 41 >                db      "?LOADING"
 530+ 70A5 44 49 4E 47 >
 530+ 70A9             >len_NFA         defl    $ - temp_NFA
 530+ 70A9             >                org     $ - len_NFA         // rewind to temp_NFA and re-do NFA part
 530+ 70A1             >
 530+ 70A1 88          >                db      len_NFA | END_BIT | is_normal  // The start of NFA must have msb set to signal the beginning of the sounted string
 530+ 70A2 3F 4C 4F 41 >                db      "?LOADING"               // name string in 7-bit ascii, but
 530+ 70A6 44 49 4E 47 >
 530+ 70AA             >                org     $-1                 // alter last byte of Name just above to set
 530+ 70A9 C7          >                db      {b $} | END_BIT     // msb as name end
 530+ 70AA             >
 530+ 70AA 87 70       >                dw      last_NFA            // Link to previous definition Name
 530+ 70AC             >QLOADING:          if Enter_Ptr != 0 ; ok        // This is the start address of the direct jp(hl)
 530+ 70AC CD DF 6B    >                call    Enter_Ptr ; ok        // for primitive definitions  actual code
 530+ 70AF             >
 530+ 70AF             >
 530+ 70AF             >                endif           ; ok        // for other definitions it "points" the correct handler
 530+ 70AF             >                // Use of "; ok" to suppress "warning[fwdref]"
 530+ 70AF             >
 530+ 70AF             >last_NFA        defl    temp_NFA            // keep track of NFA saved above
 531+ 70AF 6D 6D 00 6B                  dw      BLK, FETCH              // blk @
 532+ 70B3 22 69                        dw      ZEQUAL                  // 0=
 533+ 70B5 3F 64 16 00                  dw      LIT, 22                 // 22  ( aren't loading now )
 534+ 70B9 2E 70                        dw      QERROR                  // ?error
 535+ 70BB F1 68                        dw      EXIT                    // ;
 536+ 70BD
 537+ 70BD              //  ______________________________________________________________________
 538+ 70BD              //
 539+ 70BD              // compile      --
 540+ 70BD              // compiles the following word
 541+ 70BD                              Colon_Def COMPILE, "COMPILE", is_normal
 541+ 70BD             >                New_Def  COMPILE, "COMPILE", Enter_Ptr, is_normal ; ok
 541+ 70BD             >temp_NFA        defl    $                   // save this NFA address to temp_NFA
 541+ 70BD             >
 541+ 70BD             >                // dummy db directives used to calculate length of namec
 541+ 70BD 43 4F 4D 50 >                db      "COMPILE"
 541+ 70C1 49 4C 45    >
 541+ 70C4             >len_NFA         defl    $ - temp_NFA
 541+ 70C4             >                org     $ - len_NFA         // rewind to temp_NFA and re-do NFA part
 541+ 70BD             >
 541+ 70BD 87          >                db      len_NFA | END_BIT | is_normal  // The start of NFA must have msb set to signal the beginning of the sounted string
 541+ 70BE 43 4F 4D 50 >                db      "COMPILE"               // name string in 7-bit ascii, but
 541+ 70C2 49 4C 45    >
 541+ 70C5             >                org     $-1                 // alter last byte of Name just above to set
 541+ 70C4 C5          >                db      {b $} | END_BIT     // msb as name end
 541+ 70C5             >
 541+ 70C5 A1 70       >                dw      last_NFA            // Link to previous definition Name
 541+ 70C7             >COMPILE:          if Enter_Ptr != 0 ; ok        // This is the start address of the direct jp(hl)
 541+ 70C7 CD DF 6B    >                call    Enter_Ptr ; ok        // for primitive definitions  actual code
 541+ 70CA             >
 541+ 70CA             >
 541+ 70CA             >                endif           ; ok        // for other definitions it "points" the correct handler
 541+ 70CA             >                // Use of "; ok" to suppress "warning[fwdref]"
 541+ 70CA             >
 541+ 70CA             >last_NFA        defl    temp_NFA            // keep track of NFA saved above
 542+ 70CA 49 70                        dw      QCOMP                   // ?comp
 543+ 70CC 0C 69                        dw      R_TO                    // r>
 544+ 70CE 26 6A 9D 69                  dw      DUP, CELL_PLUS          // dup, cell+
 545+ 70D2 FE 68                        dw      TO_R                    // >r
 546+ 70D4 00 6B 82 6E                  dw      FETCH, COMMA            // @ ,
 547+ 70D8 F1 68                        dw      EXIT                    // ;
 548+ 70DA
 549+ 70DA              //  ______________________________________________________________________
 550+ 70DA              //
 551+ 70DA              // compile,     --
 552+ 70DA              // compiles the following word
 553+ 70DA                              Colon_Def COMPILE_XT, "COMPILE,", is_normal
 553+ 70DA             >                New_Def  COMPILE_XT, "COMPILE,", Enter_Ptr, is_normal ; ok
 553+ 70DA             >temp_NFA        defl    $                   // save this NFA address to temp_NFA
 553+ 70DA             >
 553+ 70DA             >                // dummy db directives used to calculate length of namec
 553+ 70DA 43 4F 4D 50 >                db      "COMPILE,"
 553+ 70DE 49 4C 45 2C >
 553+ 70E2             >len_NFA         defl    $ - temp_NFA
 553+ 70E2             >                org     $ - len_NFA         // rewind to temp_NFA and re-do NFA part
 553+ 70DA             >
 553+ 70DA 88          >                db      len_NFA | END_BIT | is_normal  // The start of NFA must have msb set to signal the beginning of the sounted string
 553+ 70DB 43 4F 4D 50 >                db      "COMPILE,"               // name string in 7-bit ascii, but
 553+ 70DF 49 4C 45 2C >
 553+ 70E3             >                org     $-1                 // alter last byte of Name just above to set
 553+ 70E2 AC          >                db      {b $} | END_BIT     // msb as name end
 553+ 70E3             >
 553+ 70E3 BD 70       >                dw      last_NFA            // Link to previous definition Name
 553+ 70E5             >COMPILE_XT:          if Enter_Ptr != 0 ; ok        // This is the start address of the direct jp(hl)
 553+ 70E5 CD DF 6B    >                call    Enter_Ptr ; ok        // for primitive definitions  actual code
 553+ 70E8             >
 553+ 70E8             >
 553+ 70E8             >                endif           ; ok        // for other definitions it "points" the correct handler
 553+ 70E8             >                // Use of "; ok" to suppress "warning[fwdref]"
 553+ 70E8             >
 553+ 70E8             >last_NFA        defl    temp_NFA            // keep track of NFA saved above
 554+ 70E8              //              dw      QCOMP                   // ?comp
 555+ 70E8 82 6E                        dw      COMMA                   // ,
 556+ 70EA F1 68                        dw      EXIT                    // ;
 557+ 70EC
 558+ 70EC              //  ______________________________________________________________________
 559+ 70EC              //
 560+ 70EC              // [            --
 561+ 70EC              // stop compilation
 562+ 70EC                              Colon_Def SQUARED_OPEN, "[", is_immediate
 562+ 70EC             >                New_Def  SQUARED_OPEN, "[", Enter_Ptr, is_immediate ; ok
 562+ 70EC             >temp_NFA        defl    $                   // save this NFA address to temp_NFA
 562+ 70EC             >
 562+ 70EC             >                // dummy db directives used to calculate length of namec
 562+ 70EC 5B          >                db      "["
 562+ 70ED             >len_NFA         defl    $ - temp_NFA
 562+ 70ED             >                org     $ - len_NFA         // rewind to temp_NFA and re-do NFA part
 562+ 70EC             >
 562+ 70EC C1          >                db      len_NFA | END_BIT | is_immediate  // The start of NFA must have msb set to signal the beginning of the sounted string
 562+ 70ED 5B          >                db      "["               // name string in 7-bit ascii, but
 562+ 70EE             >                org     $-1                 // alter last byte of Name just above to set
 562+ 70ED DB          >                db      {b $} | END_BIT     // msb as name end
 562+ 70EE             >
 562+ 70EE DA 70       >                dw      last_NFA            // Link to previous definition Name
 562+ 70F0             >SQUARED_OPEN:          if Enter_Ptr != 0 ; ok        // This is the start address of the direct jp(hl)
 562+ 70F0 CD DF 6B    >                call    Enter_Ptr ; ok        // for primitive definitions  actual code
 562+ 70F3             >
 562+ 70F3             >
 562+ 70F3             >                endif           ; ok        // for other definitions it "points" the correct handler
 562+ 70F3             >                // Use of "; ok" to suppress "warning[fwdref]"
 562+ 70F3             >
 562+ 70F3             >last_NFA        defl    temp_NFA            // keep track of NFA saved above
 563+ 70F3 57 6C                        dw      ZERO                    // 0
 564+ 70F5 C0 6D 0C 6B                  dw      STATE, STORE            // state !
 565+ 70F9 F1 68                        dw      EXIT                    // ; immediate
 566+ 70FB
 567+ 70FB              //  ______________________________________________________________________
 568+ 70FB              //
 569+ 70FB              // ]            --
 570+ 70FB              // start compilation
 571+ 70FB                              Colon_Def SQUARED_CLOSE, "]", is_normal
 571+ 70FB             >                New_Def  SQUARED_CLOSE, "]", Enter_Ptr, is_normal ; ok
 571+ 70FB             >temp_NFA        defl    $                   // save this NFA address to temp_NFA
 571+ 70FB             >
 571+ 70FB             >                // dummy db directives used to calculate length of namec
 571+ 70FB 5D          >                db      "]"
 571+ 70FC             >len_NFA         defl    $ - temp_NFA
 571+ 70FC             >                org     $ - len_NFA         // rewind to temp_NFA and re-do NFA part
 571+ 70FB             >
 571+ 70FB 81          >                db      len_NFA | END_BIT | is_normal  // The start of NFA must have msb set to signal the beginning of the sounted string
 571+ 70FC 5D          >                db      "]"               // name string in 7-bit ascii, but
 571+ 70FD             >                org     $-1                 // alter last byte of Name just above to set
 571+ 70FC DD          >                db      {b $} | END_BIT     // msb as name end
 571+ 70FD             >
 571+ 70FD EC 70       >                dw      last_NFA            // Link to previous definition Name
 571+ 70FF             >SQUARED_CLOSE:          if Enter_Ptr != 0 ; ok        // This is the start address of the direct jp(hl)
 571+ 70FF CD DF 6B    >                call    Enter_Ptr ; ok        // for primitive definitions  actual code
 571+ 7102             >
 571+ 7102             >
 571+ 7102             >                endif           ; ok        // for other definitions it "points" the correct handler
 571+ 7102             >                // Use of "; ok" to suppress "warning[fwdref]"
 571+ 7102             >
 571+ 7102             >last_NFA        defl    temp_NFA            // keep track of NFA saved above
 572+ 7102 3F 64 C0 00                  dw      LIT, $C0                // 192
 573+ 7106 C0 6D 0C 6B                  dw      STATE, STORE            // state !
 574+ 710A F1 68                        dw      EXIT                    // ;
 575+ 710C
 576+ 710C              //  ______________________________________________________________________
 577+ 710C              //
 578+ 710C              // smudge       --
 579+ 710C              // toggle smudge bit of latest definition
 580+ 710C                              Colon_Def SMUDGE, "SMUDGE", is_normal
 580+ 710C             >                New_Def  SMUDGE, "SMUDGE", Enter_Ptr, is_normal ; ok
 580+ 710C             >temp_NFA        defl    $                   // save this NFA address to temp_NFA
 580+ 710C             >
 580+ 710C             >                // dummy db directives used to calculate length of namec
 580+ 710C 53 4D 55 44 >                db      "SMUDGE"
 580+ 7110 47 45       >
 580+ 7112             >len_NFA         defl    $ - temp_NFA
 580+ 7112             >                org     $ - len_NFA         // rewind to temp_NFA and re-do NFA part
 580+ 710C             >
 580+ 710C 86          >                db      len_NFA | END_BIT | is_normal  // The start of NFA must have msb set to signal the beginning of the sounted string
 580+ 710D 53 4D 55 44 >                db      "SMUDGE"               // name string in 7-bit ascii, but
 580+ 7111 47 45       >
 580+ 7113             >                org     $-1                 // alter last byte of Name just above to set
 580+ 7112 C5          >                db      {b $} | END_BIT     // msb as name end
 580+ 7113             >
 580+ 7113 FB 70       >                dw      last_NFA            // Link to previous definition Name
 580+ 7115             >SMUDGE:          if Enter_Ptr != 0 ; ok        // This is the start address of the direct jp(hl)
 580+ 7115 CD DF 6B    >                call    Enter_Ptr ; ok        // for primitive definitions  actual code
 580+ 7118             >
 580+ 7118             >
 580+ 7118             >                endif           ; ok        // for other definitions it "points" the correct handler
 580+ 7118             >                // Use of "; ok" to suppress "warning[fwdref]"
 580+ 7118             >
 580+ 7118             >last_NFA        defl    temp_NFA            // keep track of NFA saved above
 581+ 7118 9C 6F                        dw      LATEST                  // latest
 582+ 711A 3F 64 20 00                  dw      LIT, SMUDGE_BIT         // 32
 583+ 711E F5 6A                        dw      TOGGLE                  // toggle
 584+ 7120 F1 68                        dw      EXIT                    // ;
 585+ 7122
 586+ 7122              //  ______________________________________________________________________
 587+ 7122              //
 588+ 7122              // immediate    --
 589+ 7122              // make immediate the latest definition
 590+ 7122                              Colon_Def IMMEDIATE, "IMMEDIATE", is_normal
 590+ 7122             >                New_Def  IMMEDIATE, "IMMEDIATE", Enter_Ptr, is_normal ; ok
 590+ 7122             >temp_NFA        defl    $                   // save this NFA address to temp_NFA
 590+ 7122             >
 590+ 7122             >                // dummy db directives used to calculate length of namec
 590+ 7122 49 4D 4D 45 >                db      "IMMEDIATE"
 590+ 7126 44 49 41 54 >
 590+ 712A 45          >
 590+ 712B             >len_NFA         defl    $ - temp_NFA
 590+ 712B             >                org     $ - len_NFA         // rewind to temp_NFA and re-do NFA part
 590+ 7122             >
 590+ 7122 89          >                db      len_NFA | END_BIT | is_normal  // The start of NFA must have msb set to signal the beginning of the sounted string
 590+ 7123 49 4D 4D 45 >                db      "IMMEDIATE"               // name string in 7-bit ascii, but
 590+ 7127 44 49 41 54 >
 590+ 712B 45          >
 590+ 712C             >                org     $-1                 // alter last byte of Name just above to set
 590+ 712B C5          >                db      {b $} | END_BIT     // msb as name end
 590+ 712C             >
 590+ 712C 0C 71       >                dw      last_NFA            // Link to previous definition Name
 590+ 712E             >IMMEDIATE:          if Enter_Ptr != 0 ; ok        // This is the start address of the direct jp(hl)
 590+ 712E CD DF 6B    >                call    Enter_Ptr ; ok        // for primitive definitions  actual code
 590+ 7131             >
 590+ 7131             >
 590+ 7131             >                endif           ; ok        // for other definitions it "points" the correct handler
 590+ 7131             >                // Use of "; ok" to suppress "warning[fwdref]"
 590+ 7131             >
 590+ 7131             >last_NFA        defl    temp_NFA            // keep track of NFA saved above
 591+ 7131 9C 6F                        dw      LATEST                  // latest
 592+ 7133 3F 64 40 00                  dw      LIT, IMMEDIATE_BIT      // 64
 593+ 7137 F5 6A                        dw      TOGGLE                  // toggle
 594+ 7139 F1 68                        dw      EXIT                    // ;
 595+ 713B
 596+ 713B              //  ______________________________________________________________________
 597+ 713B              //
 598+ 713B              // hex          --
 599+ 713B              // change numeration base
 600+ 713B                              Colon_Def HEX, "HEX", is_normal
 600+ 713B             >                New_Def  HEX, "HEX", Enter_Ptr, is_normal ; ok
 600+ 713B             >temp_NFA        defl    $                   // save this NFA address to temp_NFA
 600+ 713B             >
 600+ 713B             >                // dummy db directives used to calculate length of namec
 600+ 713B 48 45 58    >                db      "HEX"
 600+ 713E             >len_NFA         defl    $ - temp_NFA
 600+ 713E             >                org     $ - len_NFA         // rewind to temp_NFA and re-do NFA part
 600+ 713B             >
 600+ 713B 83          >                db      len_NFA | END_BIT | is_normal  // The start of NFA must have msb set to signal the beginning of the sounted string
 600+ 713C 48 45 58    >                db      "HEX"               // name string in 7-bit ascii, but
 600+ 713F             >                org     $-1                 // alter last byte of Name just above to set
 600+ 713E D8          >                db      {b $} | END_BIT     // msb as name end
 600+ 713F             >
 600+ 713F 22 71       >                dw      last_NFA            // Link to previous definition Name
 600+ 7141             >HEX:          if Enter_Ptr != 0 ; ok        // This is the start address of the direct jp(hl)
 600+ 7141 CD DF 6B    >                call    Enter_Ptr ; ok        // for primitive definitions  actual code
 600+ 7144             >
 600+ 7144             >
 600+ 7144             >                endif           ; ok        // for other definitions it "points" the correct handler
 600+ 7144             >                // Use of "; ok" to suppress "warning[fwdref]"
 600+ 7144             >
 600+ 7144             >last_NFA        defl    temp_NFA            // keep track of NFA saved above
 601+ 7144 3F 64 10 00                  dw      LIT, 16                 // 16
 602+ 7148 CB 6D 0C 6B                  dw      BASE, STORE             // base !
 603+ 714C F1 68                        dw      EXIT                    // ;
 604+ 714E
 605+ 714E              //  ______________________________________________________________________
 606+ 714E              //
 607+ 714E              // decimal      --
 608+ 714E              // change numeration base
 609+ 714E                              Colon_Def DECIMAL, "DECIMAL", is_normal
 609+ 714E             >                New_Def  DECIMAL, "DECIMAL", Enter_Ptr, is_normal ; ok
 609+ 714E             >temp_NFA        defl    $                   // save this NFA address to temp_NFA
 609+ 714E             >
 609+ 714E             >                // dummy db directives used to calculate length of namec
 609+ 714E 44 45 43 49 >                db      "DECIMAL"
 609+ 7152 4D 41 4C    >
 609+ 7155             >len_NFA         defl    $ - temp_NFA
 609+ 7155             >                org     $ - len_NFA         // rewind to temp_NFA and re-do NFA part
 609+ 714E             >
 609+ 714E 87          >                db      len_NFA | END_BIT | is_normal  // The start of NFA must have msb set to signal the beginning of the sounted string
 609+ 714F 44 45 43 49 >                db      "DECIMAL"               // name string in 7-bit ascii, but
 609+ 7153 4D 41 4C    >
 609+ 7156             >                org     $-1                 // alter last byte of Name just above to set
 609+ 7155 CC          >                db      {b $} | END_BIT     // msb as name end
 609+ 7156             >
 609+ 7156 3B 71       >                dw      last_NFA            // Link to previous definition Name
 609+ 7158             >DECIMAL:          if Enter_Ptr != 0 ; ok        // This is the start address of the direct jp(hl)
 609+ 7158 CD DF 6B    >                call    Enter_Ptr ; ok        // for primitive definitions  actual code
 609+ 715B             >
 609+ 715B             >
 609+ 715B             >                endif           ; ok        // for other definitions it "points" the correct handler
 609+ 715B             >                // Use of "; ok" to suppress "warning[fwdref]"
 609+ 715B             >
 609+ 715B             >last_NFA        defl    temp_NFA            // keep track of NFA saved above
 610+ 715B 3F 64 0A 00                  dw      LIT, 10                 // 10
 611+ 715F CB 6D 0C 6B                  dw      BASE, STORE             // base !
 612+ 7163 F1 68                        dw      EXIT                    // ;
 613+ 7165
 614+ 7165              //  ______________________________________________________________________
 615+ 7165              //
 616+ 7165              // (;code)       --
 617+ 7165              // patch to CFA to call/jump to the "following code"
 618+ 7165                              Colon_Def C_SEMICOLON_CODE, "(;CODE)", is_normal
 618+ 7165             >                New_Def  C_SEMICOLON_CODE, "(;CODE)", Enter_Ptr, is_normal ; ok
 618+ 7165             >temp_NFA        defl    $                   // save this NFA address to temp_NFA
 618+ 7165             >
 618+ 7165             >                // dummy db directives used to calculate length of namec
 618+ 7165 28 3B 43 4F >                db      "(;CODE)"
 618+ 7169 44 45 29    >
 618+ 716C             >len_NFA         defl    $ - temp_NFA
 618+ 716C             >                org     $ - len_NFA         // rewind to temp_NFA and re-do NFA part
 618+ 7165             >
 618+ 7165 87          >                db      len_NFA | END_BIT | is_normal  // The start of NFA must have msb set to signal the beginning of the sounted string
 618+ 7166 28 3B 43 4F >                db      "(;CODE)"               // name string in 7-bit ascii, but
 618+ 716A 44 45 29    >
 618+ 716D             >                org     $-1                 // alter last byte of Name just above to set
 618+ 716C A9          >                db      {b $} | END_BIT     // msb as name end
 618+ 716D             >
 618+ 716D 4E 71       >                dw      last_NFA            // Link to previous definition Name
 618+ 716F             >C_SEMICOLON_CODE:          if Enter_Ptr != 0 ; ok        // This is the start address of the direct jp(hl)
 618+ 716F CD DF 6B    >                call    Enter_Ptr ; ok        // for primitive definitions  actual code
 618+ 7172             >
 618+ 7172             >
 618+ 7172             >                endif           ; ok        // for other definitions it "points" the correct handler
 618+ 7172             >                // Use of "; ok" to suppress "warning[fwdref]"
 618+ 7172             >
 618+ 7172             >last_NFA        defl    temp_NFA            // keep track of NFA saved above
 619+ 7172 0C 69                        dw      R_TO                    // r>       ( Return Stack has IP to caller's next cell )
 620+ 7174 9C 6F                        dw      LATEST                  // latest   ( Word being defined in this moment )
 621+ 7176 E2 6F BE 6F                  dw      PFA, CFA                // pfa cfa  ( cfa of latest word )
 622+ 717A
 623+ 717A 3F 64 CD 00                  dw      LIT, $CD                // $CD      ( At Latest CFA put "call" op-code )
 624+ 717E EB 69 26 6B                  dw      OVER, CSTORE            // over c!  ( why can't use comma? because CFA was already ALLOTted by create? )
 625+ 7182 7B 69                        dw      ONE_PLUS                // 1+       ( At Latest CFA+1 put address for call. )
 626+ 7184
 627+ 7184 0C 6B                        dw      STORE                   // !
 628+ 7186 F1 68                        dw      EXIT                    // ;
 629+ 7188
 630+ 7188              //  ______________________________________________________________________
 631+ 7188              //
 632+ 7188              // ;code        --
 633+ 7188                              Colon_Def SEMICOLON_CODE, ";CODE", is_immediate
 633+ 7188             >                New_Def  SEMICOLON_CODE, ";CODE", Enter_Ptr, is_immediate ; ok
 633+ 7188             >temp_NFA        defl    $                   // save this NFA address to temp_NFA
 633+ 7188             >
 633+ 7188             >                // dummy db directives used to calculate length of namec
 633+ 7188 3B 43 4F 44 >                db      ";CODE"
 633+ 718C 45          >
 633+ 718D             >len_NFA         defl    $ - temp_NFA
 633+ 718D             >                org     $ - len_NFA         // rewind to temp_NFA and re-do NFA part
 633+ 7188             >
 633+ 7188 C5          >                db      len_NFA | END_BIT | is_immediate  // The start of NFA must have msb set to signal the beginning of the sounted string
 633+ 7189 3B 43 4F 44 >                db      ";CODE"               // name string in 7-bit ascii, but
 633+ 718D 45          >
 633+ 718E             >                org     $-1                 // alter last byte of Name just above to set
 633+ 718D C5          >                db      {b $} | END_BIT     // msb as name end
 633+ 718E             >
 633+ 718E 65 71       >                dw      last_NFA            // Link to previous definition Name
 633+ 7190             >SEMICOLON_CODE:          if Enter_Ptr != 0 ; ok        // This is the start address of the direct jp(hl)
 633+ 7190 CD DF 6B    >                call    Enter_Ptr ; ok        // for primitive definitions  actual code
 633+ 7193             >
 633+ 7193             >
 633+ 7193             >                endif           ; ok        // for other definitions it "points" the correct handler
 633+ 7193             >                // Use of "; ok" to suppress "warning[fwdref]"
 633+ 7193             >
 633+ 7193             >last_NFA        defl    temp_NFA            // keep track of NFA saved above
 634+ 7193 8E 70                        dw      QCSP                    // ?csp
 635+ 7195 C7 70                        dw      COMPILE                 // compile
 636+ 7197 6F 71                        dw      C_SEMICOLON_CODE        // (;code)
 637+ 7199 F0 70                        dw      SQUARED_OPEN            // [
 638+ 719B 02 6C                        dw      NOOP                    // noop () can be patched later to ASSEMBLER... )
 639+ 719D F1 68                        dw      EXIT                    // ; immediate
 640+ 719F
 641+ 719F              //  ______________________________________________________________________
 642+ 719F              //
 643+ 719F              // <builds      --
 644+ 719F                              Colon_Def CBUILDS, "<BUILDS", is_normal
 644+ 719F             >                New_Def  CBUILDS, "<BUILDS", Enter_Ptr, is_normal ; ok
 644+ 719F             >temp_NFA        defl    $                   // save this NFA address to temp_NFA
 644+ 719F             >
 644+ 719F             >                // dummy db directives used to calculate length of namec
 644+ 719F 3C 42 55 49 >                db      "<BUILDS"
 644+ 71A3 4C 44 53    >
 644+ 71A6             >len_NFA         defl    $ - temp_NFA
 644+ 71A6             >                org     $ - len_NFA         // rewind to temp_NFA and re-do NFA part
 644+ 719F             >
 644+ 719F 87          >                db      len_NFA | END_BIT | is_normal  // The start of NFA must have msb set to signal the beginning of the sounted string
 644+ 71A0 3C 42 55 49 >                db      "<BUILDS"               // name string in 7-bit ascii, but
 644+ 71A4 4C 44 53    >
 644+ 71A7             >                org     $-1                 // alter last byte of Name just above to set
 644+ 71A6 D3          >                db      {b $} | END_BIT     // msb as name end
 644+ 71A7             >
 644+ 71A7 88 71       >                dw      last_NFA            // Link to previous definition Name
 644+ 71A9             >CBUILDS:          if Enter_Ptr != 0 ; ok        // This is the start address of the direct jp(hl)
 644+ 71A9 CD DF 6B    >                call    Enter_Ptr ; ok        // for primitive definitions  actual code
 644+ 71AC             >
 644+ 71AC             >
 644+ 71AC             >                endif           ; ok        // for other definitions it "points" the correct handler
 644+ 71AC             >                // Use of "; ok" to suppress "warning[fwdref]"
 644+ 71AC             >
 644+ 71AC             >last_NFA        defl    temp_NFA            // keep track of NFA saved above
 645+ 71AC 57 6C                        dw      ZERO                    // 0
 646+ 71AE 0F 6C                        dw      CONSTANT                // constant
 647+ 71B0 F1 68                        dw      EXIT                    // ;
 648+ 71B2
 649+ 71B2              //  ______________________________________________________________________
 650+ 71B2              //
 651+ 71B2              // recurse      --
 652+ 71B2              //              Colon_Def RECURSE, "RECURSE", is_immediate
 653+ 71B2              //              dw      QCOMP                   // ?comp
 654+ 71B2              //              dw      LATEST                  // latest
 655+ 71B2              //              dw      PFA, CFA                // pfa cfa
 656+ 71B2              //              dw      COMMA                   // ,
 657+ 71B2              //              dw      EXIT                    // ; immediate
 658+ 71B2
 659+ 71B2              //  ______________________________________________________________________
 660+ 71B2              //
 661+ 71B2              // does>     --
 662+ 71B2                              Colon_Def DOES_TO, "DOES>", is_normal
 662+ 71B2             >                New_Def  DOES_TO, "DOES>", Enter_Ptr, is_normal ; ok
 662+ 71B2             >temp_NFA        defl    $                   // save this NFA address to temp_NFA
 662+ 71B2             >
 662+ 71B2             >                // dummy db directives used to calculate length of namec
 662+ 71B2 44 4F 45 53 >                db      "DOES>"
 662+ 71B6 3E          >
 662+ 71B7             >len_NFA         defl    $ - temp_NFA
 662+ 71B7             >                org     $ - len_NFA         // rewind to temp_NFA and re-do NFA part
 662+ 71B2             >
 662+ 71B2 85          >                db      len_NFA | END_BIT | is_normal  // The start of NFA must have msb set to signal the beginning of the sounted string
 662+ 71B3 44 4F 45 53 >                db      "DOES>"               // name string in 7-bit ascii, but
 662+ 71B7 3E          >
 662+ 71B8             >                org     $-1                 // alter last byte of Name just above to set
 662+ 71B7 BE          >                db      {b $} | END_BIT     // msb as name end
 662+ 71B8             >
 662+ 71B8 9F 71       >                dw      last_NFA            // Link to previous definition Name
 662+ 71BA             >DOES_TO:          if Enter_Ptr != 0 ; ok        // This is the start address of the direct jp(hl)
 662+ 71BA CD DF 6B    >                call    Enter_Ptr ; ok        // for primitive definitions  actual code
 662+ 71BD             >
 662+ 71BD             >
 662+ 71BD             >                endif           ; ok        // for other definitions it "points" the correct handler
 662+ 71BD             >                // Use of "; ok" to suppress "warning[fwdref]"
 662+ 71BD             >
 662+ 71BD             >last_NFA        defl    temp_NFA            // keep track of NFA saved above
 663+ 71BD 0C 69                        dw      R_TO                    // r>
 664+ 71BF 9C 6F                        dw      LATEST                  // latest
 665+ 71C1 E2 6F                        dw      PFA                     // pfa
 666+ 71C3 0C 6B                        dw      STORE                   // !
 667+ 71C5 6F 71                        dw      C_SEMICOLON_CODE        // ;code
 668+ 71C7              Does_Ptr:
 669+ 71C7                              // via call coded in CFA
 670+ 71C7 EB                           ex      de, hl //**
 671+ 71C8                              // *** ldhlrp
 672+ 71C8 2B                           dec     hl                  // push on Return-Stack current Instruction-Pointer
 673+ 71C9 70                           ld      (hl), b
 674+ 71CA 2B                           dec     hl
 675+ 71CB 71                           ld      (hl), c
 676+ 71CC                              // *** ldrphl
 677+ 71CC EB                           ex      de, hl //**
 678+ 71CD E1                           pop     hl                  // CFA has a call to this, so PFA -> IP
 679+ 71CE
 680+ 71CE 4E                           ld      c, (hl)
 681+ 71CF 23                           inc     hl
 682+ 71D0 46                           ld      b, (hl)
 683+ 71D1 23                           inc     hl
 684+ 71D2
 685+ 71D2                              psh1
 685+ 71D2 E5          >                push    hl
 685+ 71D3 DD E9       >                jp      (ix)
 686+ 71D5                              // SMUDGE !
 687+ 71D5
 688+ 71D5              //  ______________________________________________________________________
 689+ 71D5              //
 690+ 71D5              // count        a -- a2 n
 691+ 71D5              // expects a counted string at address a, returns string address and counter
 692+ 71D5                              New_Def COUNT, "COUNT", is_code, is_normal
 692+ 71D5             >temp_NFA        defl    $                   // save this NFA address to temp_NFA
 692+ 71D5             >
 692+ 71D5             >                // dummy db directives used to calculate length of namec
 692+ 71D5 43 4F 55 4E >                db      "COUNT"
 692+ 71D9 54          >
 692+ 71DA             >len_NFA         defl    $ - temp_NFA
 692+ 71DA             >                org     $ - len_NFA         // rewind to temp_NFA and re-do NFA part
 692+ 71D5             >
 692+ 71D5 85          >                db      len_NFA | END_BIT | is_normal  // The start of NFA must have msb set to signal the beginning of the sounted string
 692+ 71D6 43 4F 55 4E >                db      "COUNT"               // name string in 7-bit ascii, but
 692+ 71DA 54          >
 692+ 71DB             >                org     $-1                 // alter last byte of Name just above to set
 692+ 71DA D4          >                db      {b $} | END_BIT     // msb as name end
 692+ 71DB             >
 692+ 71DB B2 71       >                dw      last_NFA            // Link to previous definition Name
 692+ 71DD             >COUNT:          if is_code != 0 ; ok        // This is the start address of the direct jp(hl)
 692+ 71DD ~           >                call    runcode ; ok        // for primitive definitions  actual code
 692+ 71DD ~           >
 692+ 71DD ~           >
 692+ 71DD             >                endif           ; ok        // for other definitions it "points" the correct handler
 692+ 71DD             >                // Use of "; ok" to suppress "warning[fwdref]"
 692+ 71DD             >
 692+ 71DD             >last_NFA        defl    temp_NFA            // keep track of NFA saved above
 693+ 71DD D9                           exx
 694+ 71DE E1                           pop     hl
 695+ 71DF 5E                           ld      e, (hl)
 696+ 71E0 16 00                        ld      d, 0
 697+ 71E2 23                           inc     hl
 698+ 71E3              Count_Here:
 699+ 71E3 E5                           push    hl
 700+ 71E4 D5                           push    de
 701+ 71E5 D9                           exx
 702+ 71E6                              next
 702+ 71E6 DD E9       >                jp      (ix)
 703+ 71E8              //                pop     hl
 704+ 71E8              //                ld      a, (hl)
 705+ 71E8              //                inc     hl
 706+ 71E8              //                push    hl
 707+ 71E8              //                ld      h, 0
 708+ 71E8              //                ld      l, a
 709+ 71E8              //                push    hl
 710+ 71E8              //                next
 711+ 71E8
 712+ 71E8              //  ______________________________________________________________________
 713+ 71E8              //
 714+ 71E8              // bounds       a n -- a+n n
 715+ 71E8              // given an address and a length ( a n ) calculate the bound addresses
 716+ 71E8              // suitable for DO-LOOP
 717+ 71E8                              New_Def BOUNDS, "BOUNDS", is_code, is_normal
 717+ 71E8             >temp_NFA        defl    $                   // save this NFA address to temp_NFA
 717+ 71E8             >
 717+ 71E8             >                // dummy db directives used to calculate length of namec
 717+ 71E8 42 4F 55 4E >                db      "BOUNDS"
 717+ 71EC 44 53       >
 717+ 71EE             >len_NFA         defl    $ - temp_NFA
 717+ 71EE             >                org     $ - len_NFA         // rewind to temp_NFA and re-do NFA part
 717+ 71E8             >
 717+ 71E8 86          >                db      len_NFA | END_BIT | is_normal  // The start of NFA must have msb set to signal the beginning of the sounted string
 717+ 71E9 42 4F 55 4E >                db      "BOUNDS"               // name string in 7-bit ascii, but
 717+ 71ED 44 53       >
 717+ 71EF             >                org     $-1                 // alter last byte of Name just above to set
 717+ 71EE D3          >                db      {b $} | END_BIT     // msb as name end
 717+ 71EF             >
 717+ 71EF D5 71       >                dw      last_NFA            // Link to previous definition Name
 717+ 71F1             >BOUNDS:          if is_code != 0 ; ok        // This is the start address of the direct jp(hl)
 717+ 71F1 ~           >                call    runcode ; ok        // for primitive definitions  actual code
 717+ 71F1 ~           >
 717+ 71F1 ~           >
 717+ 71F1             >                endif           ; ok        // for other definitions it "points" the correct handler
 717+ 71F1             >                // Use of "; ok" to suppress "warning[fwdref]"
 717+ 71F1             >
 717+ 71F1             >last_NFA        defl    temp_NFA            // keep track of NFA saved above
 718+ 71F1 D9                           exx
 719+ 71F2 E1                           pop     hl
 720+ 71F3 D1                           pop     de
 721+ 71F4 19                           add     hl, de
 722+ 71F5 18 EC                        jr      Count_Here
 723+ 71F7                              // push    hl
 724+ 71F7                              // push    de
 725+ 71F7                              // exx
 726+ 71F7                              // next
 727+ 71F7
 728+ 71F7              //  ______________________________________________________________________
 729+ 71F7              //
 730+ 71F7              // leave        --
 731+ 71F7              // Compile (leave) to leave current LOOP and jump just after it
 732+ 71F7                              Colon_Def LEAVE, "LEAVE", is_immediate
 732+ 71F7             >                New_Def  LEAVE, "LEAVE", Enter_Ptr, is_immediate ; ok
 732+ 71F7             >temp_NFA        defl    $                   // save this NFA address to temp_NFA
 732+ 71F7             >
 732+ 71F7             >                // dummy db directives used to calculate length of namec
 732+ 71F7 4C 45 41 56 >                db      "LEAVE"
 732+ 71FB 45          >
 732+ 71FC             >len_NFA         defl    $ - temp_NFA
 732+ 71FC             >                org     $ - len_NFA         // rewind to temp_NFA and re-do NFA part
 732+ 71F7             >
 732+ 71F7 C5          >                db      len_NFA | END_BIT | is_immediate  // The start of NFA must have msb set to signal the beginning of the sounted string
 732+ 71F8 4C 45 41 56 >                db      "LEAVE"               // name string in 7-bit ascii, but
 732+ 71FC 45          >
 732+ 71FD             >                org     $-1                 // alter last byte of Name just above to set
 732+ 71FC C5          >                db      {b $} | END_BIT     // msb as name end
 732+ 71FD             >
 732+ 71FD E8 71       >                dw      last_NFA            // Link to previous definition Name
 732+ 71FF             >LEAVE:          if Enter_Ptr != 0 ; ok        // This is the start address of the direct jp(hl)
 732+ 71FF CD DF 6B    >                call    Enter_Ptr ; ok        // for primitive definitions  actual code
 732+ 7202             >
 732+ 7202             >
 732+ 7202             >                endif           ; ok        // for other definitions it "points" the correct handler
 732+ 7202             >                // Use of "; ok" to suppress "warning[fwdref]"
 732+ 7202             >
 732+ 7202             >last_NFA        defl    temp_NFA            // keep track of NFA saved above
 733+ 7202 C7 70 CA 64                  dw      COMPILE, C_LEAVE       // compile (leave)     \ unloop and branch
 734+ 7206 64 6E FE 68                  dw      HERE, TO_R, ZERO, COMMA // here >r 0 ,
 734+ 720A 57 6C 82 6E
 735+ 720E 57 6C 57 6C                  dw      ZERO, ZERO
 736+ 7212 C7 68 26 6A                  dw      SPFETCH, DUP
 737+ 7216 9D 69 9D 69                  dw      CELL_PLUS, CELL_PLUS
 738+ 721A 0D 6A                        dw      TUCK
 739+ 721C E9 6D 00 6B                  dw      CSP, FETCH
 740+ 7220 1B 6A B4 6E                  dw      SWAP, SUBTRACT
 741+ 7224 0B 68                        dw      CMOVE
 742+ 7226 E9 6D 00 6B                  dw      CSP, FETCH, CELL_MINUS
 742+ 722A A7 69
 743+ 722C 0C 69 EB 69                  dw      R_TO, OVER, STORE
 743+ 7230 0C 6B
 744+ 7232 A7 69 57 6C                  dw      CELL_MINUS, ZERO
 745+ 7236 1B 6A 0C 6B                  dw      SWAP, STORE
 746+ 723A F1 68                        dw      EXIT                    // ;
 747+ 723C
 748+ 723C              //  ______________________________________________________________________
 749+ 723C              //
 750+ 723C              // type         a n --
 751+ 723C              // Sends to current output channel n characters starting at address a.
 752+ 723C                              Colon_Def TYPE, "TYPE", is_normal
 752+ 723C             >                New_Def  TYPE, "TYPE", Enter_Ptr, is_normal ; ok
 752+ 723C             >temp_NFA        defl    $                   // save this NFA address to temp_NFA
 752+ 723C             >
 752+ 723C             >                // dummy db directives used to calculate length of namec
 752+ 723C 54 59 50 45 >                db      "TYPE"
 752+ 7240             >len_NFA         defl    $ - temp_NFA
 752+ 7240             >                org     $ - len_NFA         // rewind to temp_NFA and re-do NFA part
 752+ 723C             >
 752+ 723C 84          >                db      len_NFA | END_BIT | is_normal  // The start of NFA must have msb set to signal the beginning of the sounted string
 752+ 723D 54 59 50 45 >                db      "TYPE"               // name string in 7-bit ascii, but
 752+ 7241             >                org     $-1                 // alter last byte of Name just above to set
 752+ 7240 C5          >                db      {b $} | END_BIT     // msb as name end
 752+ 7241             >
 752+ 7241 F7 71       >                dw      last_NFA            // Link to previous definition Name
 752+ 7243             >TYPE:          if Enter_Ptr != 0 ; ok        // This is the start address of the direct jp(hl)
 752+ 7243 CD DF 6B    >                call    Enter_Ptr ; ok        // for primitive definitions  actual code
 752+ 7246             >
 752+ 7246             >
 752+ 7246             >                endif           ; ok        // for other definitions it "points" the correct handler
 752+ 7246             >                // Use of "; ok" to suppress "warning[fwdref]"
 752+ 7246             >
 752+ 7246             >last_NFA        defl    temp_NFA            // keep track of NFA saved above
 753+ 7246 F1 71                        dw      BOUNDS                  // bounds
 754+ 7248 DB 64                        dw      C_Q_DO                  // ?do
 755+ 724A 0C 00                        dw      Type_Skip - $
 756+ 724C              Type_Loop:
 757+ 724C 10 65 1A 6B                  dw          I, CFETCH           //      i c@
 758+ 7250 47 6F                        dw          EMIT                //      emit
 759+ 7252 93 64                        dw      C_LOOP                  // loop
 760+ 7254 F8 FF                        dw      Type_Loop - $
 761+ 7256              Type_Skip:
 762+ 7256 F1 68                        dw      EXIT                    // ;
 763+ 7258
 764+ 7258              //  ______________________________________________________________________
 765+ 7258              //
 766+ 7258              // -trailing    a n1 -- a n2
 767+ 7258              // Assumes that an n1 bytes-long string is stored at address a
 768+ 7258              // and the string contains a space delimited word,
 769+ 7258              // Finds n2 as the position of the first character after the word.
 770+ 7258                              Colon_Def LTRAILING, "-TRAILING", is_normal
 770+ 7258             >                New_Def  LTRAILING, "-TRAILING", Enter_Ptr, is_normal ; ok
 770+ 7258             >temp_NFA        defl    $                   // save this NFA address to temp_NFA
 770+ 7258             >
 770+ 7258             >                // dummy db directives used to calculate length of namec
 770+ 7258 2D 54 52 41 >                db      "-TRAILING"
 770+ 725C 49 4C 49 4E >
 770+ 7260 47          >
 770+ 7261             >len_NFA         defl    $ - temp_NFA
 770+ 7261             >                org     $ - len_NFA         // rewind to temp_NFA and re-do NFA part
 770+ 7258             >
 770+ 7258 89          >                db      len_NFA | END_BIT | is_normal  // The start of NFA must have msb set to signal the beginning of the sounted string
 770+ 7259 2D 54 52 41 >                db      "-TRAILING"               // name string in 7-bit ascii, but
 770+ 725D 49 4C 49 4E >
 770+ 7261 47          >
 770+ 7262             >                org     $-1                 // alter last byte of Name just above to set
 770+ 7261 C7          >                db      {b $} | END_BIT     // msb as name end
 770+ 7262             >
 770+ 7262 3C 72       >                dw      last_NFA            // Link to previous definition Name
 770+ 7264             >LTRAILING:          if Enter_Ptr != 0 ; ok        // This is the start address of the direct jp(hl)
 770+ 7264 CD DF 6B    >                call    Enter_Ptr ; ok        // for primitive definitions  actual code
 770+ 7267             >
 770+ 7267             >
 770+ 7267             >                endif           ; ok        // for other definitions it "points" the correct handler
 770+ 7267             >                // Use of "; ok" to suppress "warning[fwdref]"
 770+ 7267             >
 770+ 7267             >last_NFA        defl    temp_NFA            // keep track of NFA saved above
 771+ 7267 26 6A 57 6C                  dw      DUP, ZERO               // dup 0
 772+ 726B                                                              // do
 773+ 726B DB 64                        dw      C_Q_DO
 774+ 726D 20 00                        dw      LTrailing_Leave - $
 775+ 726F              LTrailing_Loop:
 776+ 726F B6 6A 5C 69                  dw          TWO_DUP, PLUS       //      2dup +
 777+ 7273 85 69                        dw          ONE_SUBTRACT        //      1-
 778+ 7275 1A 6B                        dw          CFETCH              //      c@
 779+ 7277 86 6C B4 6E                  dw          BL, SUBTRACT        //      bl -
 780+ 727B                                                              //      if
 781+ 727B B7 64                        dw          ZBRANCH
 782+ 727D 0A 00                        dw          LTrailing_Else - $
 783+ 727F CA 64                        dw              C_LEAVE         //          leave
 784+ 7281 0C 00                        dw              LTrailing_Leave - $
 785+ 7283 A2 64                        dw          BRANCH              //      else
 786+ 7285 04 00                        dw          LTrailing_Endif - $
 787+ 7287              LTrailing_Else:
 788+ 7287 85 69                        dw              ONE_SUBTRACT    //          1-
 789+ 7289              LTrailing_Endif:                                //      endif
 790+ 7289                                                              // loop
 791+ 7289 93 64                        dw      C_LOOP
 792+ 728B E4 FF                        dw      LTrailing_Loop - $
 793+ 728D              LTrailing_Leave:
 794+ 728D F1 68                        dw      EXIT                    // ;
 795+ 728F
 796+ 728F              //  ______________________________________________________________________
 797+ 728F              //
 798+ 728F              // accept       a n1 -- n2
 799+ 728F              // Accepts at most n1 characters from terminal and stores them at address a
 800+ 728F              // CR stops input. A 'nul' is added as trailer.
 801+ 728F              // n2 is the string length. n2 is kept in span user variable also.
 802+ 728F                              Colon_Def ACCEPT, "ACCEPT", is_normal
 802+ 728F             >                New_Def  ACCEPT, "ACCEPT", Enter_Ptr, is_normal ; ok
 802+ 728F             >temp_NFA        defl    $                   // save this NFA address to temp_NFA
 802+ 728F             >
 802+ 728F             >                // dummy db directives used to calculate length of namec
 802+ 728F 41 43 43 45 >                db      "ACCEPT"
 802+ 7293 50 54       >
 802+ 7295             >len_NFA         defl    $ - temp_NFA
 802+ 7295             >                org     $ - len_NFA         // rewind to temp_NFA and re-do NFA part
 802+ 728F             >
 802+ 728F 86          >                db      len_NFA | END_BIT | is_normal  // The start of NFA must have msb set to signal the beginning of the sounted string
 802+ 7290 41 43 43 45 >                db      "ACCEPT"               // name string in 7-bit ascii, but
 802+ 7294 50 54       >
 802+ 7296             >                org     $-1                 // alter last byte of Name just above to set
 802+ 7295 D4          >                db      {b $} | END_BIT     // msb as name end
 802+ 7296             >
 802+ 7296 58 72       >                dw      last_NFA            // Link to previous definition Name
 802+ 7298             >ACCEPT:          if Enter_Ptr != 0 ; ok        // This is the start address of the direct jp(hl)
 802+ 7298 CD DF 6B    >                call    Enter_Ptr ; ok        // for primitive definitions  actual code
 802+ 729B             >
 802+ 729B             >
 802+ 729B             >                endif           ; ok        // for other definitions it "points" the correct handler
 802+ 729B             >                // Use of "; ok" to suppress "warning[fwdref]"
 802+ 729B             >
 802+ 729B             >last_NFA        defl    temp_NFA            // keep track of NFA saved above
 803+ 729B EB 69 5C 69                  dw      OVER, PLUS, OVER        //                      ( a  n1+a  a )
 803+ 729F EB 69
 804+ 72A1 57 6C 3F 6A                  dw      ZERO, DASH_ROT          //                      ( a  0     a+n1  a )
 805+ 72A5                                                              // do
 806+ 72A5 DB 64                        dw      C_Q_DO
 807+ 72A7 8C 00                        dw      Accept_Leave - $
 808+ 72A9              Accept_Loop:
 809+ 72A9 21 67                        dw          CUR                 //      cur             ( a  0 )
 810+ 72AB F9 69 6D 67                  dw          DROP, KEY           //      drop key        ( a  c )
 811+ 72AF 26 6A                        dw          DUP                 //      dup             ( a  c  c )
 812+ 72B1 3F 64 0E 00                  dw          LIT, $0E            //      0E
 813+ 72B5 C7 6C                        dw          PLUS_ORIGIN         //      +origin
 814+ 72B7 00 6B                        dw          FETCH               //      @               ( a  c  c  del )
 815+ 72B9 C2 6E                        dw          EQUALS              //      =               ( a  c  c==del )
 816+ 72BB                                                              //      if
 817+ 72BB B7 64                        dw          ZBRANCH
 818+ 72BD 2C 00                        dw          Accept_Else_0 - $
 819+ 72BF F9 69                        dw              DROP            //          drop        ( a  )
 820+ 72C1 26 6A 10 65                  dw              DUP, I, EQUALS  //          dup i =     ( a  a==i )
 820+ 72C5 C2 6E
 821+ 72C7 60 6C 95 68                  dw              ONE, AND_OP     //          1 and
 822+ 72CB 26 6A                        dw              DUP             //          dup         ( a  a==i  a==i )
 823+ 72CD 0C 69                        dw              R_TO            //          r> 2 - + r>
 824+ 72CF B2 69 5C 69                  dw              TWO_MINUS, PLUS //      ( decrement index by 1 or 2 )
 825+ 72D3 FE 68                        dw              TO_R            //
 826+ 72D5                                                              //          if
 827+ 72D5 B7 64                        dw              ZBRANCH
 828+ 72D7 0A 00                        dw              Accept_Else_1 - $
 829+ 72D9 3F 64 07 00                  dw                  LIT, 7      //              7       ( a  7 )
 830+ 72DD                                                              //          else
 831+ 72DD A2 64                        dw              BRANCH
 832+ 72DF 06 00                        dw              Accept_Endif_1 - $
 833+ 72E1              Accept_Else_1:
 834+ 72E1 3F 64 08 00                  dw                  LIT, 8      //              8       ( a  8 )
 835+ 72E5              Accept_Endif_1:                                 //          endif
 836+ 72E5 A2 64                        dw          BRANCH
 837+ 72E7 2E 00                        dw          Accept_Endif_0 - $
 838+ 72E9              Accept_Else_0:                                  //      else
 839+ 72E9 26 6A                        dw              DUP             //          dup         ( a  c  c )
 840+ 72EB 3F 64 0D 00                  dw              LIT, 13         //          13
 841+ 72EF C2 6E                        dw              EQUALS          //          =           ( a  c  c==CR )
 842+ 72F1                                                              //          if
 843+ 72F1 B7 64                        dw              ZBRANCH
 844+ 72F3 0C 00                        dw              Accept_Else_2 - $
 845+ 72F5 F9 69 86 6C                  dw                  DROP, BL    //              drop bl ( a  bl )
 846+ 72F9 57 6C                        dw                  ZERO        //              0       ( a  c  0 )
 847+ 72FB                                                              //          else
 848+ 72FB A2 64                        dw              BRANCH
 849+ 72FD 04 00                        dw              Accept_Endif_2 - $
 850+ 72FF              Accept_Else_2:
 851+ 72FF 26 6A                        dw                  DUP         //              dup     ( a  c  c )
 852+ 7301                                                              //          endif
 853+ 7301              Accept_Endif_2:
 854+ 7301 10 65 26 6B                  dw              I, CSTORE       //          i           ( a  c )
 855+ 7305 26 6A 86 6C                  dw              DUP, BL, LESS   //          dup bl <    ( a  c  c<BL )
 855+ 7309 E0 6E
 856+ 730B                                                              //          if
 857+ 730B B7 64                        dw              ZBRANCH
 858+ 730D 08 00                        dw              Accept_Endif_3 - $
 859+ 730F 0C 69                        dw                  R_TO        //              r>
 860+ 7311 85 69                        dw                  ONE_SUBTRACT//              1-
 861+ 7313 FE 68                        dw                  TO_R        //              >r
 862+ 7315                                                              //          endif
 863+ 7315              Accept_Endif_3:
 864+ 7315              Accept_Endif_0:                                 //      endif
 865+ 7315 47 6F                        dw          EMIT                //      emit            ( a )
 866+ 7317
 867+ 7317 57 6C 10 65                  dw          ZERO, I, ONE_PLUS   //      0 i 1+ !
 867+ 731B 7B 69
 868+ 731D 0C 6B                        dw          STORE               //          ( zero pad )
 869+ 731F 10 65                        dw          I                   //      i
 870+ 7321 10 65 1A 6B                  dw          I, CFETCH, ZEQUAL   //      i c@ 0= if
 870+ 7325 22 69
 871+ 7327 B7 64                        dw          ZBRANCH             //
 872+ 7329 06 00                        dw              Accept_Endif_4 - $
 873+ 732B CA 64                        dw                  C_LEAVE     //              leave
 874+ 732D 06 00                        dw                  Accept_Leave - $
 875+ 732F              Accept_Endif_4:                                 //      endif
 876+ 732F                                                              // loop
 877+ 732F 93 64                        dw      C_LOOP
 878+ 7331 78 FF                        dw      Accept_Loop - $
 879+ 7333              Accept_Leave:
 880+ 7333 1B 6A B4 6E                  dw      SWAP, SUBTRACT          // swap -
 881+ 7337 7B 69                        dw      ONE_PLUS                // 1+
 882+ 7339 26 6A 42 6E                  dw      DUP, SPAN, STORE        // dup span !
 882+ 733D 0C 6B
 883+ 733F F1 68                        dw      EXIT                    // ;
 884+ 7341
 885+ 7341              //  ______________________________________________________________________
 886+ 7341              //
 887+ 7341              // expect      a n --
 888+ 7341              // Accepts at most n1 characters from terminal and stores them at address a
 889+ 7341              // CR stops input. A 'nul' is added as trailer.
 890+ 7341              // n2 is the string length. n2 is kept in span user variable also.
 891+ 7341              //              Colon_Def EXPECT, "EXPECT", is_normal
 892+ 7341              //              dw      ACCEPT, DROP            // accept drop
 893+ 7341              //              dw      EXIT                    // ;
 894+ 7341
 895+ 7341              //  ______________________________________________________________________
 896+ 7341              //
 897+ 7341              // query        --
 898+ 7341              // Accept at most 80 character from console. CR stops.
 899+ 7341              // Text is stored in TIB. Variable IN is zeroed.
 900+ 7341                              Colon_Def QUERY, "QUERY", is_normal
 900+ 7341             >                New_Def  QUERY, "QUERY", Enter_Ptr, is_normal ; ok
 900+ 7341             >temp_NFA        defl    $                   // save this NFA address to temp_NFA
 900+ 7341             >
 900+ 7341             >                // dummy db directives used to calculate length of namec
 900+ 7341 51 55 45 52 >                db      "QUERY"
 900+ 7345 59          >
 900+ 7346             >len_NFA         defl    $ - temp_NFA
 900+ 7346             >                org     $ - len_NFA         // rewind to temp_NFA and re-do NFA part
 900+ 7341             >
 900+ 7341 85          >                db      len_NFA | END_BIT | is_normal  // The start of NFA must have msb set to signal the beginning of the sounted string
 900+ 7342 51 55 45 52 >                db      "QUERY"               // name string in 7-bit ascii, but
 900+ 7346 59          >
 900+ 7347             >                org     $-1                 // alter last byte of Name just above to set
 900+ 7346 D9          >                db      {b $} | END_BIT     // msb as name end
 900+ 7347             >
 900+ 7347 8F 72       >                dw      last_NFA            // Link to previous definition Name
 900+ 7349             >QUERY:          if Enter_Ptr != 0 ; ok        // This is the start address of the direct jp(hl)
 900+ 7349 CD DF 6B    >                call    Enter_Ptr ; ok        // for primitive definitions  actual code
 900+ 734C             >
 900+ 734C             >
 900+ 734C             >                endif           ; ok        // for other definitions it "points" the correct handler
 900+ 734C             >                // Use of "; ok" to suppress "warning[fwdref]"
 900+ 734C             >
 900+ 734C             >last_NFA        defl    temp_NFA            // keep track of NFA saved above
 901+ 734C F7 6C 00 6B                  dw      TIB, FETCH              // tib @
 902+ 7350 3F 64 50 00                  dw      LIT, 80                 // 80
 903+ 7354 98 72 F9 69                  dw      ACCEPT, DROP            // accept drop
 904+ 7358 57 6C 77 6D                  dw      ZERO, TO_IN, STORE      // 0 >in !
 904+ 735C 0C 6B
 905+ 735E F1 68                        dw      EXIT                    // ;
 906+ 7360
 907+ 7360              //  ______________________________________________________________________
 908+ 7360              //
 909+ 7360              // fill        a n c --
 910+ 7360              // If n > 0, fills n locations starting from address a with the value c.
 911+ 7360                              New_Def FILL, "FILL", is_code, is_normal
 911+ 7360             >temp_NFA        defl    $                   // save this NFA address to temp_NFA
 911+ 7360             >
 911+ 7360             >                // dummy db directives used to calculate length of namec
 911+ 7360 46 49 4C 4C >                db      "FILL"
 911+ 7364             >len_NFA         defl    $ - temp_NFA
 911+ 7364             >                org     $ - len_NFA         // rewind to temp_NFA and re-do NFA part
 911+ 7360             >
 911+ 7360 84          >                db      len_NFA | END_BIT | is_normal  // The start of NFA must have msb set to signal the beginning of the sounted string
 911+ 7361 46 49 4C 4C >                db      "FILL"               // name string in 7-bit ascii, but
 911+ 7365             >                org     $-1                 // alter last byte of Name just above to set
 911+ 7364 CC          >                db      {b $} | END_BIT     // msb as name end
 911+ 7365             >
 911+ 7365 41 73       >                dw      last_NFA            // Link to previous definition Name
 911+ 7367             >FILL:          if is_code != 0 ; ok        // This is the start address of the direct jp(hl)
 911+ 7367 ~           >                call    runcode ; ok        // for primitive definitions  actual code
 911+ 7367 ~           >
 911+ 7367 ~           >
 911+ 7367             >                endif           ; ok        // for other definitions it "points" the correct handler
 911+ 7367             >                // Use of "; ok" to suppress "warning[fwdref]"
 911+ 7367             >
 911+ 7367             >last_NFA        defl    temp_NFA            // keep track of NFA saved above
 912+ 7367 D9                           exx
 913+ 7368 D1                           pop     de                  // de has character
 914+ 7369 C1                           pop     bc                  // bc has counter
 915+ 736A E1                           pop     hl                  // hl has address, save Instruction Pointer
 916+ 736B              Fill_Loop:
 917+ 736B 78                               ld      a, b
 918+ 736C B1                               or      c
 919+ 736D 28 05                        jr      z, Fill_While_End
 920+ 736F 73                               ld      (hl), e
 921+ 7370 0B                               dec     bc
 922+ 7371 23                               inc     hl
 923+ 7372 18 F7                        jr      Fill_Loop
 924+ 7374              Fill_While_End:
 925+ 7374 D9                           exx
 926+ 7375                              next
 926+ 7375 DD E9       >                jp      (ix)
 927+ 7377
 928+ 7377              //  ______________________________________________________________________
 929+ 7377              //
 930+ 7377              // erase        a n --
 931+ 7377              // If n > 0, fills n locations starting from address a with 'nul' characters.
 932+ 7377                              Colon_Def ERASE, "ERASE", is_normal
 932+ 7377             >                New_Def  ERASE, "ERASE", Enter_Ptr, is_normal ; ok
 932+ 7377             >temp_NFA        defl    $                   // save this NFA address to temp_NFA
 932+ 7377             >
 932+ 7377             >                // dummy db directives used to calculate length of namec
 932+ 7377 45 52 41 53 >                db      "ERASE"
 932+ 737B 45          >
 932+ 737C             >len_NFA         defl    $ - temp_NFA
 932+ 737C             >                org     $ - len_NFA         // rewind to temp_NFA and re-do NFA part
 932+ 7377             >
 932+ 7377 85          >                db      len_NFA | END_BIT | is_normal  // The start of NFA must have msb set to signal the beginning of the sounted string
 932+ 7378 45 52 41 53 >                db      "ERASE"               // name string in 7-bit ascii, but
 932+ 737C 45          >
 932+ 737D             >                org     $-1                 // alter last byte of Name just above to set
 932+ 737C C5          >                db      {b $} | END_BIT     // msb as name end
 932+ 737D             >
 932+ 737D 60 73       >                dw      last_NFA            // Link to previous definition Name
 932+ 737F             >ERASE:          if Enter_Ptr != 0 ; ok        // This is the start address of the direct jp(hl)
 932+ 737F CD DF 6B    >                call    Enter_Ptr ; ok        // for primitive definitions  actual code
 932+ 7382             >
 932+ 7382             >
 932+ 7382             >                endif           ; ok        // for other definitions it "points" the correct handler
 932+ 7382             >                // Use of "; ok" to suppress "warning[fwdref]"
 932+ 7382             >
 932+ 7382             >last_NFA        defl    temp_NFA            // keep track of NFA saved above
 933+ 7382 57 6C 67 73                  dw      ZERO, FILL              // 0 fill
 934+ 7386 F1 68                        dw      EXIT                    // ;
 935+ 7388
 936+ 7388              //  ______________________________________________________________________
 937+ 7388              //
 938+ 7388              // blank        a n --
 939+ 7388              // If n > 0, fills n locations starting from address a with 'nul' characters.
 940+ 7388                              Colon_Def BLANK, "BLANK", is_normal
 940+ 7388             >                New_Def  BLANK, "BLANK", Enter_Ptr, is_normal ; ok
 940+ 7388             >temp_NFA        defl    $                   // save this NFA address to temp_NFA
 940+ 7388             >
 940+ 7388             >                // dummy db directives used to calculate length of namec
 940+ 7388 42 4C 41 4E >                db      "BLANK"
 940+ 738C 4B          >
 940+ 738D             >len_NFA         defl    $ - temp_NFA
 940+ 738D             >                org     $ - len_NFA         // rewind to temp_NFA and re-do NFA part
 940+ 7388             >
 940+ 7388 85          >                db      len_NFA | END_BIT | is_normal  // The start of NFA must have msb set to signal the beginning of the sounted string
 940+ 7389 42 4C 41 4E >                db      "BLANK"               // name string in 7-bit ascii, but
 940+ 738D 4B          >
 940+ 738E             >                org     $-1                 // alter last byte of Name just above to set
 940+ 738D CB          >                db      {b $} | END_BIT     // msb as name end
 940+ 738E             >
 940+ 738E 77 73       >                dw      last_NFA            // Link to previous definition Name
 940+ 7390             >BLANK:          if Enter_Ptr != 0 ; ok        // This is the start address of the direct jp(hl)
 940+ 7390 CD DF 6B    >                call    Enter_Ptr ; ok        // for primitive definitions  actual code
 940+ 7393             >
 940+ 7393             >
 940+ 7393             >                endif           ; ok        // for other definitions it "points" the correct handler
 940+ 7393             >                // Use of "; ok" to suppress "warning[fwdref]"
 940+ 7393             >
 940+ 7393             >last_NFA        defl    temp_NFA            // keep track of NFA saved above
 941+ 7393 86 6C 67 73                  dw      BL, FILL                // bl fill
 942+ 7397 F1 68                        dw      EXIT                    // ;
 943+ 7399
 944+ 7399              //  ______________________________________________________________________
 945+ 7399              //
 946+ 7399              // hold         c --
 947+ 7399              // Used between <# and #> to insert a character c in numeric formatting.
 948+ 7399                              Colon_Def HOLD, "HOLD", is_normal
 948+ 7399             >                New_Def  HOLD, "HOLD", Enter_Ptr, is_normal ; ok
 948+ 7399             >temp_NFA        defl    $                   // save this NFA address to temp_NFA
 948+ 7399             >
 948+ 7399             >                // dummy db directives used to calculate length of namec
 948+ 7399 48 4F 4C 44 >                db      "HOLD"
 948+ 739D             >len_NFA         defl    $ - temp_NFA
 948+ 739D             >                org     $ - len_NFA         // rewind to temp_NFA and re-do NFA part
 948+ 7399             >
 948+ 7399 84          >                db      len_NFA | END_BIT | is_normal  // The start of NFA must have msb set to signal the beginning of the sounted string
 948+ 739A 48 4F 4C 44 >                db      "HOLD"               // name string in 7-bit ascii, but
 948+ 739E             >                org     $-1                 // alter last byte of Name just above to set
 948+ 739D C4          >                db      {b $} | END_BIT     // msb as name end
 948+ 739E             >
 948+ 739E 88 73       >                dw      last_NFA            // Link to previous definition Name
 948+ 73A0             >HOLD:          if Enter_Ptr != 0 ; ok        // This is the start address of the direct jp(hl)
 948+ 73A0 CD DF 6B    >                call    Enter_Ptr ; ok        // for primitive definitions  actual code
 948+ 73A3             >
 948+ 73A3             >
 948+ 73A3             >                endif           ; ok        // for other definitions it "points" the correct handler
 948+ 73A3             >                // Use of "; ok" to suppress "warning[fwdref]"
 948+ 73A3             >
 948+ 73A3             >last_NFA        defl    temp_NFA            // keep track of NFA saved above
 949+ 73A3 7C 6C                        dw      NEG_ONE                 // -1
 950+ 73A5 FC 6D DF 6A                  dw      HLD, PLUSSTORE          // hld +!
 951+ 73A9 FC 6D 00 6B                  dw      HLD, FETCH, CSTORE      // hld @ c!
 951+ 73AD 26 6B
 952+ 73AF F1 68                        dw      EXIT                    // ;
 953+ 73B1
 954+ 73B1              //  ______________________________________________________________________
 955+ 73B1              //
 956+ 73B1              // pad         -- a
 957+ 73B1              // leaves the buffer text address. This is at a fixed distance over HERE.
 958+ 73B1                              Colon_Def PAD, "PAD", is_normal
 958+ 73B1             >                New_Def  PAD, "PAD", Enter_Ptr, is_normal ; ok
 958+ 73B1             >temp_NFA        defl    $                   // save this NFA address to temp_NFA
 958+ 73B1             >
 958+ 73B1             >                // dummy db directives used to calculate length of namec
 958+ 73B1 50 41 44    >                db      "PAD"
 958+ 73B4             >len_NFA         defl    $ - temp_NFA
 958+ 73B4             >                org     $ - len_NFA         // rewind to temp_NFA and re-do NFA part
 958+ 73B1             >
 958+ 73B1 83          >                db      len_NFA | END_BIT | is_normal  // The start of NFA must have msb set to signal the beginning of the sounted string
 958+ 73B2 50 41 44    >                db      "PAD"               // name string in 7-bit ascii, but
 958+ 73B5             >                org     $-1                 // alter last byte of Name just above to set
 958+ 73B4 C4          >                db      {b $} | END_BIT     // msb as name end
 958+ 73B5             >
 958+ 73B5 99 73       >                dw      last_NFA            // Link to previous definition Name
 958+ 73B7             >PAD:          if Enter_Ptr != 0 ; ok        // This is the start address of the direct jp(hl)
 958+ 73B7 CD DF 6B    >                call    Enter_Ptr ; ok        // for primitive definitions  actual code
 958+ 73BA             >
 958+ 73BA             >
 958+ 73BA             >                endif           ; ok        // for other definitions it "points" the correct handler
 958+ 73BA             >                // Use of "; ok" to suppress "warning[fwdref]"
 958+ 73BA             >
 958+ 73BA             >last_NFA        defl    temp_NFA            // keep track of NFA saved above
 959+ 73BA 64 6E                        dw      HERE                    // here
 960+ 73BC 3F 64 44 00                  dw      LIT, 68                 // 68
 961+ 73C0 5C 69                        dw      PLUS                    // +
 962+ 73C2 F1 68                        dw      EXIT                    // ;
 963+ 73C4
 964+ 73C4              //  ______________________________________________________________________
 965+ 73C4              //
 966+ 73C4              // word         c -- a
 967+ 73C4              // reads characters from input streams until it encouners a c delimiter.
 968+ 73C4              // Stores that packet so it starts from HERE
 969+ 73C4              // WORD leaves a counter as first byte and ends the packet with two spaces.
 970+ 73C4              // Other occurrences of c are ignored.
 971+ 73C4              // If BLK is zero, text is taken from terminal buffer TIB.
 972+ 73C4              // Otherwise text is taken from the disk-block given by BLK.
 973+ 73C4              // "in" variable is incremented of the number of character read.
 974+ 73C4              // The number of characters read is given by ENCLOSE.
 975+ 73C4                              Colon_Def WORD, "WORD", is_normal
 975+ 73C4             >                New_Def  WORD, "WORD", Enter_Ptr, is_normal ; ok
 975+ 73C4             >temp_NFA        defl    $                   // save this NFA address to temp_NFA
 975+ 73C4             >
 975+ 73C4             >                // dummy db directives used to calculate length of namec
 975+ 73C4 57 4F 52 44 >                db      "WORD"
 975+ 73C8             >len_NFA         defl    $ - temp_NFA
 975+ 73C8             >                org     $ - len_NFA         // rewind to temp_NFA and re-do NFA part
 975+ 73C4             >
 975+ 73C4 84          >                db      len_NFA | END_BIT | is_normal  // The start of NFA must have msb set to signal the beginning of the sounted string
 975+ 73C5 57 4F 52 44 >                db      "WORD"               // name string in 7-bit ascii, but
 975+ 73C9             >                org     $-1                 // alter last byte of Name just above to set
 975+ 73C8 C4          >                db      {b $} | END_BIT     // msb as name end
 975+ 73C9             >
 975+ 73C9 B1 73       >                dw      last_NFA            // Link to previous definition Name
 975+ 73CB             >WORD:          if Enter_Ptr != 0 ; ok        // This is the start address of the direct jp(hl)
 975+ 73CB CD DF 6B    >                call    Enter_Ptr ; ok        // for primitive definitions  actual code
 975+ 73CE             >
 975+ 73CE             >
 975+ 73CE             >                endif           ; ok        // for other definitions it "points" the correct handler
 975+ 73CE             >                // Use of "; ok" to suppress "warning[fwdref]"
 975+ 73CE             >
 975+ 73CE             >last_NFA        defl    temp_NFA            // keep track of NFA saved above
 976+ 73CE 6D 6D 00 6B                  dw      BLK, FETCH              // blk @
 977+ 73D2                                                              // if
 978+ 73D2 B7 64                        dw      ZBRANCH
 979+ 73D4 0C 00                        dw      Word_Else - $
 980+ 73D6 6D 6D 00 6B                  dw          BLK, FETCH          //      blk @
 981+ 73DA A0 7F                        dw          BLOCK               //      block ( forward )
 982+ 73DC                                                              // else
 983+ 73DC A2 64                        dw      BRANCH
 984+ 73DE 06 00                        dw      Word_Endif - $
 985+ 73E0              Word_Else:
 986+ 73E0 F7 6C 00 6B                  dw         TIB, FETCH           //      tib @
 987+ 73E4              Word_Endif:                                     // endif
 988+ 73E4 77 6D 00 6B                  dw      TO_IN, FETCH, PLUS      // >in @ +
 988+ 73E8 5C 69
 989+ 73EA 1B 6A F2 65                  dw      SWAP, ENCLOSE           // swap enclose
 990+ 73EE 64 6E 3F 64                  dw      HERE, LIT, 34, BLANK    // here 34 blank
 990+ 73F2 22 00 90 73
 991+ 73F6 77 6D DF 6A                  dw      TO_IN, PLUSSTORE        // >in @ +
 992+ 73FA EB 69 B4 6E                  dw      OVER, SUBTRACT, TO_R    // over - >r
 992+ 73FE FE 68
 993+ 7400 1A 69 64 6E                  dw      R_OP, HERE, CSTORE      // r here c!
 993+ 7404 26 6B
 994+ 7406 5C 69                        dw      PLUS                    // +
 995+ 7408 64 6E 7B 69                  dw      HERE, ONE_PLUS, R_TO    // here 1+ r>
 995+ 740C 0C 69
 996+ 740E 0B 68                        dw      CMOVE                   // cmove
 997+ 7410 64 6E                        dw      HERE                    // here
 998+ 7412 F1 68                        dw      EXIT                    // ;
 999+ 7414
1000+ 7414              //  ______________________________________________________________________
1001+ 7414              //
1002+ 7414              // (.")         --
1003+ 7414              // Direct procedure compiled by ." and  .(  It executes TYPE.
1004+ 7414                              Colon_Def C_DOT_QUOTE, '(.")', is_normal
1004+ 7414             >                New_Def  C_DOT_QUOTE, '(.")', Enter_Ptr, is_normal ; ok
1004+ 7414             >temp_NFA        defl    $                   // save this NFA address to temp_NFA
1004+ 7414             >
1004+ 7414             >                // dummy db directives used to calculate length of namec
1004+ 7414 28 2E 22 29 >                db      '(.")'
1004+ 7418             >len_NFA         defl    $ - temp_NFA
1004+ 7418             >                org     $ - len_NFA         // rewind to temp_NFA and re-do NFA part
1004+ 7414             >
1004+ 7414 84          >                db      len_NFA | END_BIT | is_normal  // The start of NFA must have msb set to signal the beginning of the sounted string
1004+ 7415 28 2E 22 29 >                db      '(.")'               // name string in 7-bit ascii, but
1004+ 7419             >                org     $-1                 // alter last byte of Name just above to set
1004+ 7418 A9          >                db      {b $} | END_BIT     // msb as name end
1004+ 7419             >
1004+ 7419 C4 73       >                dw      last_NFA            // Link to previous definition Name
1004+ 741B             >C_DOT_QUOTE:          if Enter_Ptr != 0 ; ok        // This is the start address of the direct jp(hl)
1004+ 741B CD DF 6B    >                call    Enter_Ptr ; ok        // for primitive definitions  actual code
1004+ 741E             >
1004+ 741E             >
1004+ 741E             >                endif           ; ok        // for other definitions it "points" the correct handler
1004+ 741E             >                // Use of "; ok" to suppress "warning[fwdref]"
1004+ 741E             >
1004+ 741E             >last_NFA        defl    temp_NFA            // keep track of NFA saved above
1005+ 741E 1A 69 DD 71                  dw      R_OP, COUNT             // r count
1006+ 7422 26 6A 7B 69                  dw      DUP, ONE_PLUS           // dup 1+
1007+ 7426 0C 69 5C 69                  dw      R_TO, PLUS, TO_R        // r> + >r  ( advance IP )
1007+ 742A FE 68
1008+ 742C 43 72                        dw      TYPE                    // type
1009+ 742E F1 68                        dw      EXIT                    // ;
1010+ 7430
1011+ 7430              //  ______________________________________________________________________
1012+ 7430              //
1013+ 7430              // char         -- c
1014+ 7430              // get first character from next input word
1015+ 7430                              Colon_Def CHAR,  "CHAR", is_normal
1015+ 7430             >                New_Def  CHAR, "CHAR", Enter_Ptr, is_normal ; ok
1015+ 7430             >temp_NFA        defl    $                   // save this NFA address to temp_NFA
1015+ 7430             >
1015+ 7430             >                // dummy db directives used to calculate length of namec
1015+ 7430 43 48 41 52 >                db      "CHAR"
1015+ 7434             >len_NFA         defl    $ - temp_NFA
1015+ 7434             >                org     $ - len_NFA         // rewind to temp_NFA and re-do NFA part
1015+ 7430             >
1015+ 7430 84          >                db      len_NFA | END_BIT | is_normal  // The start of NFA must have msb set to signal the beginning of the sounted string
1015+ 7431 43 48 41 52 >                db      "CHAR"               // name string in 7-bit ascii, but
1015+ 7435             >                org     $-1                 // alter last byte of Name just above to set
1015+ 7434 D2          >                db      {b $} | END_BIT     // msb as name end
1015+ 7435             >
1015+ 7435 14 74       >                dw      last_NFA            // Link to previous definition Name
1015+ 7437             >CHAR:          if Enter_Ptr != 0 ; ok        // This is the start address of the direct jp(hl)
1015+ 7437 CD DF 6B    >                call    Enter_Ptr ; ok        // for primitive definitions  actual code
1015+ 743A             >
1015+ 743A             >
1015+ 743A             >                endif           ; ok        // for other definitions it "points" the correct handler
1015+ 743A             >                // Use of "; ok" to suppress "warning[fwdref]"
1015+ 743A             >
1015+ 743A             >last_NFA        defl    temp_NFA            // keep track of NFA saved above
1016+ 743A 86 6C CB 73                  dw      BL, WORD                // bl word
1017+ 743E 7B 69 1A 6B                  dw      ONE_PLUS, CFETCH        // 1+ c@
1018+ 7442 F1 68                        dw      EXIT                    // ;
1019+ 7444
1020+ 7444              //  ______________________________________________________________________
1021+ 7444              //
1022+ 7444              // ,"           --
1023+ 7444              // compiles a string terminated by " as a counted string from next input stream
1024+ 7444                              Colon_Def COMMA_QUOTE,  ',"', is_normal
1024+ 7444             >                New_Def  COMMA_QUOTE, ',"', Enter_Ptr, is_normal ; ok
1024+ 7444             >temp_NFA        defl    $                   // save this NFA address to temp_NFA
1024+ 7444             >
1024+ 7444             >                // dummy db directives used to calculate length of namec
1024+ 7444 2C 22       >                db      ',"'
1024+ 7446             >len_NFA         defl    $ - temp_NFA
1024+ 7446             >                org     $ - len_NFA         // rewind to temp_NFA and re-do NFA part
1024+ 7444             >
1024+ 7444 82          >                db      len_NFA | END_BIT | is_normal  // The start of NFA must have msb set to signal the beginning of the sounted string
1024+ 7445 2C 22       >                db      ',"'               // name string in 7-bit ascii, but
1024+ 7447             >                org     $-1                 // alter last byte of Name just above to set
1024+ 7446 A2          >                db      {b $} | END_BIT     // msb as name end
1024+ 7447             >
1024+ 7447 30 74       >                dw      last_NFA            // Link to previous definition Name
1024+ 7449             >COMMA_QUOTE:          if Enter_Ptr != 0 ; ok        // This is the start address of the direct jp(hl)
1024+ 7449 CD DF 6B    >                call    Enter_Ptr ; ok        // for primitive definitions  actual code
1024+ 744C             >
1024+ 744C             >
1024+ 744C             >                endif           ; ok        // for other definitions it "points" the correct handler
1024+ 744C             >                // Use of "; ok" to suppress "warning[fwdref]"
1024+ 744C             >
1024+ 744C             >last_NFA        defl    temp_NFA            // keep track of NFA saved above
1025+ 744C 3F 64 22 00                  dw      LIT, DQUOTE_CHAR        // [char] "
1026+ 7450 CB 73                        dw      WORD                    // word
1027+ 7452 1A 6B 7B 69                  dw      CFETCH, ONE_PLUS        // c@ 1+
1028+ 7456 75 6E                        dw      ALLOT                   // allot
1029+ 7458 57 6C 94 6E                  dw      ZERO, CCOMMA            // 0 c,  ( nul-terminated string - useful anyway )
1030+ 745C F1 68                        dw      EXIT
1031+ 745E
1032+ 745E              //  ______________________________________________________________________
1033+ 745E              //
1034+ 745E              // .c           c --
1035+ 745E              // intermediate general purpose string builder, used by ." and .(
1036+ 745E                              Colon_Def DOT_C,  ".C", is_immediate
1036+ 745E             >                New_Def  DOT_C, ".C", Enter_Ptr, is_immediate ; ok
1036+ 745E             >temp_NFA        defl    $                   // save this NFA address to temp_NFA
1036+ 745E             >
1036+ 745E             >                // dummy db directives used to calculate length of namec
1036+ 745E 2E 43       >                db      ".C"
1036+ 7460             >len_NFA         defl    $ - temp_NFA
1036+ 7460             >                org     $ - len_NFA         // rewind to temp_NFA and re-do NFA part
1036+ 745E             >
1036+ 745E C2          >                db      len_NFA | END_BIT | is_immediate  // The start of NFA must have msb set to signal the beginning of the sounted string
1036+ 745F 2E 43       >                db      ".C"               // name string in 7-bit ascii, but
1036+ 7461             >                org     $-1                 // alter last byte of Name just above to set
1036+ 7460 C3          >                db      {b $} | END_BIT     // msb as name end
1036+ 7461             >
1036+ 7461 44 74       >                dw      last_NFA            // Link to previous definition Name
1036+ 7463             >DOT_C:          if Enter_Ptr != 0 ; ok        // This is the start address of the direct jp(hl)
1036+ 7463 CD DF 6B    >                call    Enter_Ptr ; ok        // for primitive definitions  actual code
1036+ 7466             >
1036+ 7466             >
1036+ 7466             >                endif           ; ok        // for other definitions it "points" the correct handler
1036+ 7466             >                // Use of "; ok" to suppress "warning[fwdref]"
1036+ 7466             >
1036+ 7466             >last_NFA        defl    temp_NFA            // keep track of NFA saved above
1037+ 7466 C0 6D 00 6B                  dw      STATE, FETCH            // state @
1038+ 746A                                                              // if
1039+ 746A B7 64                        dw      ZBRANCH
1040+ 746C 12 00                        dw      Dot_C_Else - $
1041+ 746E C7 70 1B 74                  dw          COMPILE, C_DOT_QUOTE //     compile (.")
1042+ 7472 CB 73 1A 6B                  dw          WORD, CFETCH        //      word c@
1043+ 7476 7B 69 75 6E                  dw          ONE_PLUS, ALLOT     //      1+ allot
1044+ 747A                                                              // else
1045+ 747A A2 64                        dw      BRANCH
1046+ 747C 08 00                        dw      Dot_C_Endif - $
1047+ 747E              Dot_C_Else:
1048+ 747E CB 73 DD 71                  dw          WORD, COUNT, TYPE   //      word count type
1048+ 7482 43 72
1049+ 7484              Dot_C_Endif:                                    // endif
1050+ 7484 F1 68                        dw      EXIT                    ;
1051+ 7486
1052+ 7486              //  ______________________________________________________________________
1053+ 7486              //
1054+ 7486              // ."           c --
1055+ 7486                              Colon_Def DOT_QUOTE,  '."', is_immediate
1055+ 7486             >                New_Def  DOT_QUOTE, '."', Enter_Ptr, is_immediate ; ok
1055+ 7486             >temp_NFA        defl    $                   // save this NFA address to temp_NFA
1055+ 7486             >
1055+ 7486             >                // dummy db directives used to calculate length of namec
1055+ 7486 2E 22       >                db      '."'
1055+ 7488             >len_NFA         defl    $ - temp_NFA
1055+ 7488             >                org     $ - len_NFA         // rewind to temp_NFA and re-do NFA part
1055+ 7486             >
1055+ 7486 C2          >                db      len_NFA | END_BIT | is_immediate  // The start of NFA must have msb set to signal the beginning of the sounted string
1055+ 7487 2E 22       >                db      '."'               // name string in 7-bit ascii, but
1055+ 7489             >                org     $-1                 // alter last byte of Name just above to set
1055+ 7488 A2          >                db      {b $} | END_BIT     // msb as name end
1055+ 7489             >
1055+ 7489 5E 74       >                dw      last_NFA            // Link to previous definition Name
1055+ 748B             >DOT_QUOTE:          if Enter_Ptr != 0 ; ok        // This is the start address of the direct jp(hl)
1055+ 748B CD DF 6B    >                call    Enter_Ptr ; ok        // for primitive definitions  actual code
1055+ 748E             >
1055+ 748E             >
1055+ 748E             >                endif           ; ok        // for other definitions it "points" the correct handler
1055+ 748E             >                // Use of "; ok" to suppress "warning[fwdref]"
1055+ 748E             >
1055+ 748E             >last_NFA        defl    temp_NFA            // keep track of NFA saved above
1056+ 748E 3F 64 22 00                  dw      LIT, DQUOTE_CHAR        // [char] "
1057+ 7492 63 74                        dw      DOT_C                   // [compile] .c
1058+ 7494 F1 68                        dw      EXIT                    // ; immediate
1059+ 7496
1060+ 7496              //  ______________________________________________________________________
1061+ 7496              //
1062+ 7496              // .(           c --
1063+ 7496                              Colon_Def DOT_BRACKET,  ".(", is_immediate
1063+ 7496             >                New_Def  DOT_BRACKET, ".(", Enter_Ptr, is_immediate ; ok
1063+ 7496             >temp_NFA        defl    $                   // save this NFA address to temp_NFA
1063+ 7496             >
1063+ 7496             >                // dummy db directives used to calculate length of namec
1063+ 7496 2E 28       >                db      ".("
1063+ 7498             >len_NFA         defl    $ - temp_NFA
1063+ 7498             >                org     $ - len_NFA         // rewind to temp_NFA and re-do NFA part
1063+ 7496             >
1063+ 7496 C2          >                db      len_NFA | END_BIT | is_immediate  // The start of NFA must have msb set to signal the beginning of the sounted string
1063+ 7497 2E 28       >                db      ".("               // name string in 7-bit ascii, but
1063+ 7499             >                org     $-1                 // alter last byte of Name just above to set
1063+ 7498 A8          >                db      {b $} | END_BIT     // msb as name end
1063+ 7499             >
1063+ 7499 86 74       >                dw      last_NFA            // Link to previous definition Name
1063+ 749B             >DOT_BRACKET:          if Enter_Ptr != 0 ; ok        // This is the start address of the direct jp(hl)
1063+ 749B CD DF 6B    >                call    Enter_Ptr ; ok        // for primitive definitions  actual code
1063+ 749E             >
1063+ 749E             >
1063+ 749E             >                endif           ; ok        // for other definitions it "points" the correct handler
1063+ 749E             >                // Use of "; ok" to suppress "warning[fwdref]"
1063+ 749E             >
1063+ 749E             >last_NFA        defl    temp_NFA            // keep track of NFA saved above
1064+ 749E 3F 64 29 00                  dw      LIT, ")"                // [char] )
1065+ 74A2 63 74                        dw      DOT_C                   // [compile] .c
1066+ 74A4 F1 68                        dw      EXIT                    // ; immediate
1067+ 74A6
1068+ 74A6              // ______________________________________________________________________
1069+ 74A6
1070+ 74A6              // A floating point number is stored in stack in 4 bytes (HLDE)
1071+ 74A6              // instead of the usual 5 bytes, so there is a little precision loss
1072+ 74A6              // Maybe in the future we'll be able to extend and fix this fact.
1073+ 74A6              //
1074+ 74A6              // Sign is the msb of H, so you can check for sign in the integer-way.
1075+ 74A6              // Exponent +128 is stored in the following 8 bits of HL
1076+ 74A6              // Mantissa is stored in L and 16 bits of DE. B is defaulted.
1077+ 74A6              //
1078+ 74A6              // A floating point number is stored in Spectrum's calculator stack as 5 bytes.
1079+ 74A6              // Exponent in A, sign in msb of E, mantissa in the rest of E and DCB.
1080+ 74A6              //  H   <->  A    # 0   -> a
1081+ 74A6              //  LDE <->  EDC  # 0DE -> eCD
1082+ 74A6              //  __  <->  B    # 0
1083+ 74A6              // When A is zero, then the float repressent a whole positive number
1084+ 74A6
1085+ 74A6
1086+ 74A6              // 6E51h
1087+ 74A6              // FOP    ( n -- )
1088+ 74A6              // Floating-Point-Operation
1089+ 74A6                              New_Def FOP, "FOP", is_code, is_normal
1089+ 74A6             >temp_NFA        defl    $                   // save this NFA address to temp_NFA
1089+ 74A6             >
1089+ 74A6             >                // dummy db directives used to calculate length of namec
1089+ 74A6 46 4F 50    >                db      "FOP"
1089+ 74A9             >len_NFA         defl    $ - temp_NFA
1089+ 74A9             >                org     $ - len_NFA         // rewind to temp_NFA and re-do NFA part
1089+ 74A6             >
1089+ 74A6 83          >                db      len_NFA | END_BIT | is_normal  // The start of NFA must have msb set to signal the beginning of the sounted string
1089+ 74A7 46 4F 50    >                db      "FOP"               // name string in 7-bit ascii, but
1089+ 74AA             >                org     $-1                 // alter last byte of Name just above to set
1089+ 74A9 D0          >                db      {b $} | END_BIT     // msb as name end
1089+ 74AA             >
1089+ 74AA 96 74       >                dw      last_NFA            // Link to previous definition Name
1089+ 74AC             >FOP:          if is_code != 0 ; ok        // This is the start address of the direct jp(hl)
1089+ 74AC ~           >                call    runcode ; ok        // for primitive definitions  actual code
1089+ 74AC ~           >
1089+ 74AC ~           >
1089+ 74AC             >                endif           ; ok        // for other definitions it "points" the correct handler
1089+ 74AC             >                // Use of "; ok" to suppress "warning[fwdref]"
1089+ 74AC             >
1089+ 74AC             >last_NFA        defl    temp_NFA            // keep track of NFA saved above
1090+ 74AC E1                           pop     hl
1091+ 74AD C5                           push    bc
1092+ 74AE D5                           push    de
1093+ 74AF 7D                           ld      a, l
1094+ 74B0 32 B4 74                     ld      (Fop_Op),a
1095+ 74B3 EF                           rst     $28
1096+ 74B4 04           Fop_Op:         db $04  // this location is patched each time
1097+ 74B5 38                           db $38  // end of calculation
1098+ 74B6 D1                           pop     de
1099+ 74B7 C1                           pop     bc
1100+ 74B8                              next
1100+ 74B8 DD E9       >                jp      (ix)
1101+ 74BA
1102+ 74BA
1103+ 74BA
1104+ 74BA              // 6E11h
1105+ 74BA              // >W    ( d -- )
1106+ 74BA              // takes a double-number from stack and put to floating-pointer stack
1107+ 74BA                              New_Def TO_FPSTACK, ">W", is_code, is_normal
1107+ 74BA             >temp_NFA        defl    $                   // save this NFA address to temp_NFA
1107+ 74BA             >
1107+ 74BA             >                // dummy db directives used to calculate length of namec
1107+ 74BA 3E 57       >                db      ">W"
1107+ 74BC             >len_NFA         defl    $ - temp_NFA
1107+ 74BC             >                org     $ - len_NFA         // rewind to temp_NFA and re-do NFA part
1107+ 74BA             >
1107+ 74BA 82          >                db      len_NFA | END_BIT | is_normal  // The start of NFA must have msb set to signal the beginning of the sounted string
1107+ 74BB 3E 57       >                db      ">W"               // name string in 7-bit ascii, but
1107+ 74BD             >                org     $-1                 // alter last byte of Name just above to set
1107+ 74BC D7          >                db      {b $} | END_BIT     // msb as name end
1107+ 74BD             >
1107+ 74BD A6 74       >                dw      last_NFA            // Link to previous definition Name
1107+ 74BF             >TO_FPSTACK:          if is_code != 0 ; ok        // This is the start address of the direct jp(hl)
1107+ 74BF ~           >                call    runcode ; ok        // for primitive definitions  actual code
1107+ 74BF ~           >
1107+ 74BF ~           >
1107+ 74BF             >                endif           ; ok        // for other definitions it "points" the correct handler
1107+ 74BF             >                // Use of "; ok" to suppress "warning[fwdref]"
1107+ 74BF             >
1107+ 74BF             >last_NFA        defl    temp_NFA            // keep track of NFA saved above
1108+ 74BF D9                           exx
1109+ 74C0 E1                           pop     hl
1110+ 74C1 D1                           pop     de
1111+ 74C2
1112+ 74C2 CB 15                        rl      l         // to keep sign as the msb of h,
1113+ 74C4 CB 14                        rl      h         // so you can check for sign in the
1114+ 74C6 CB 1D                        rr      l         // integer-way. sorry.
1115+ 74C8 06 00                        ld      b, $00
1116+ 74CA              //              ld      b, e    // maybe a better fit than c0h
1117+ 74CA 4B                           ld      c, e
1118+ 74CB 5D                           ld      e, l
1119+ 74CC 7C                           ld      a, h
1120+ 74CD A7                           and     a
1121+ 74CE 20 03                        jr      nz, To_FPStack_Endif
1122+ 74D0 62                               ld      h, d  // swap c and d
1123+ 74D1 51                               ld      d, c
1124+ 74D2 4C                               ld      c, h
1125+ 74D3              To_FPStack_Endif:                // here disp, \ then,
1126+ 74D3 CD B6 2A                     call    $2ab6
1127+ 74D6 D9                           exx
1128+ 74D7                              next
1128+ 74D7 DD E9       >                jp      (ix)
1129+ 74D9
1130+ 74D9
1131+ 74D9              // 6E33h
1132+ 74D9              // W>    ( -- d )
1133+ 74D9              // takes a double-number from stack and put to floating-pointer stack
1134+ 74D9                              New_Def FROM_FPSTACK, "W>", is_code, is_normal
1134+ 74D9             >temp_NFA        defl    $                   // save this NFA address to temp_NFA
1134+ 74D9             >
1134+ 74D9             >                // dummy db directives used to calculate length of namec
1134+ 74D9 57 3E       >                db      "W>"
1134+ 74DB             >len_NFA         defl    $ - temp_NFA
1134+ 74DB             >                org     $ - len_NFA         // rewind to temp_NFA and re-do NFA part
1134+ 74D9             >
1134+ 74D9 82          >                db      len_NFA | END_BIT | is_normal  // The start of NFA must have msb set to signal the beginning of the sounted string
1134+ 74DA 57 3E       >                db      "W>"               // name string in 7-bit ascii, but
1134+ 74DC             >                org     $-1                 // alter last byte of Name just above to set
1134+ 74DB BE          >                db      {b $} | END_BIT     // msb as name end
1134+ 74DC             >
1134+ 74DC BA 74       >                dw      last_NFA            // Link to previous definition Name
1134+ 74DE             >FROM_FPSTACK:          if is_code != 0 ; ok        // This is the start address of the direct jp(hl)
1134+ 74DE ~           >                call    runcode ; ok        // for primitive definitions  actual code
1134+ 74DE ~           >
1134+ 74DE ~           >
1134+ 74DE             >                endif           ; ok        // for other definitions it "points" the correct handler
1134+ 74DE             >                // Use of "; ok" to suppress "warning[fwdref]"
1134+ 74DE             >
1134+ 74DE             >last_NFA        defl    temp_NFA            // keep track of NFA saved above
1135+ 74DE D9                           exx
1136+ 74DF CD F1 2B                     call    $2bf1
1137+ 74E2 A7                           and     a
1138+ 74E3 20 03                        jr      nz, From_FPStack_Endif
1139+ 74E5 62                               ld      h, d   // swap c and d
1140+ 74E6 51                               ld      d, c
1141+ 74E7 4C                               ld      c, h
1142+ 74E8              From_FPStack_Endif:                // here disp, \ then,
1143+ 74E8 67                           ld      h, a
1144+ 74E9 6B                           ld      l, e
1145+ 74EA 59                           ld      e, c      // b is lost precision
1146+ 74EB CB 15                        rl      l         // to keep sign as the msb of h,
1147+ 74ED CB 1C                        rr      h         // so you can check for sign in the
1148+ 74EF CB 1D                        rr      l         // integer-way. sorry.
1149+ 74F1 D5                           push    de
1150+ 74F2 E5                           push    hl
1151+ 74F3 D9                           exx
1152+ 74F4                              next
1152+ 74F4 DD E9       >                jp      (ix)
1153+ 74F6
1154+ 74F6
1155+ 74F6              //  ______________________________________________________________________
1156+ 74F6              //
1157+ 74F6              // (sgn)        a -- a f
1158+ 74F6              // determines if char in addr a is a sign (+ or -), and in that case increments
1159+ 74F6              // a flag. Returns f as the sign, true for negative, false for positive.
1160+ 74F6              // called by NUMBER and (EXP)
1161+ 74F6                              Colon_Def CSGN,  "(SGN)", is_normal
1161+ 74F6             >                New_Def  CSGN, "(SGN)", Enter_Ptr, is_normal ; ok
1161+ 74F6             >temp_NFA        defl    $                   // save this NFA address to temp_NFA
1161+ 74F6             >
1161+ 74F6             >                // dummy db directives used to calculate length of namec
1161+ 74F6 28 53 47 4E >                db      "(SGN)"
1161+ 74FA 29          >
1161+ 74FB             >len_NFA         defl    $ - temp_NFA
1161+ 74FB             >                org     $ - len_NFA         // rewind to temp_NFA and re-do NFA part
1161+ 74F6             >
1161+ 74F6 85          >                db      len_NFA | END_BIT | is_normal  // The start of NFA must have msb set to signal the beginning of the sounted string
1161+ 74F7 28 53 47 4E >                db      "(SGN)"               // name string in 7-bit ascii, but
1161+ 74FB 29          >
1161+ 74FC             >                org     $-1                 // alter last byte of Name just above to set
1161+ 74FB A9          >                db      {b $} | END_BIT     // msb as name end
1161+ 74FC             >
1161+ 74FC D9 74       >                dw      last_NFA            // Link to previous definition Name
1161+ 74FE             >CSGN:          if Enter_Ptr != 0 ; ok        // This is the start address of the direct jp(hl)
1161+ 74FE CD DF 6B    >                call    Enter_Ptr ; ok        // for primitive definitions  actual code
1161+ 7501             >
1161+ 7501             >
1161+ 7501             >                endif           ; ok        // for other definitions it "points" the correct handler
1161+ 7501             >                // Use of "; ok" to suppress "warning[fwdref]"
1161+ 7501             >
1161+ 7501             >last_NFA        defl    temp_NFA            // keep track of NFA saved above
1162+ 7501 26 6A 7B 69                  dw      DUP, ONE_PLUS, CFETCH   // dup 1+ c@
1162+ 7505 1A 6B
1163+ 7507 26 6A 3F 64                  dw      DUP, LIT, "-", EQUALS   // dup [char] - =
1163+ 750B 2D 00 C2 6E
1164+ 750F                                                              // if
1165+ 750F B7 64                        dw      ZBRANCH
1166+ 7511 12 00                        dw      CSgn_Else_0 - $
1167+ 7513 F9 69                        dw          DROP                //      drop
1168+ 7515 7B 69                        dw          ONE_PLUS            //      1+
1169+ 7517 60 6C D5 6D                  dw          ONE, DPL, PLUSSTORE //      1 dpl +!
1169+ 751B DF 6A
1170+ 751D 60 6C                        dw          ONE                 //      1
1171+ 751F                                                              // else
1172+ 751F A2 64                        dw      BRANCH
1173+ 7521 16 00                        dw      CSgn_Endif_0 - $
1174+ 7523              CSgn_Else_0:
1175+ 7523 3F 64 2B 00                  dw          LIT, "+", EQUALS    //      [char] + =
1175+ 7527 C2 6E
1176+ 7529                                                              //      if
1177+ 7529 B7 64                        dw          ZBRANCH
1178+ 752B 0A 00                        dw          CSgn_Endif_1 - $
1179+ 752D 7B 69                        dw              ONE_PLUS        //          1+
1180+ 752F 60 6C D5 6D                  dw              ONE, DPL        //          1 dpl
1181+ 7533 DF 6A                        dw              PLUSSTORE       //          +!
1182+ 7535              CSgn_Endif_1                                    //      endif
1183+ 7535 57 6C                        dw          ZERO                //      0
1184+ 7537              CSgn_Endif_0:                                   // endif
1185+ 7537 F1 68                        dw      EXIT
1186+ 7539
1187+ 7539              //  ______________________________________________________________________
1188+ 7539              //
1189+ 7539              // (number)     d a -- d1 a1
1190+ 7539              // using the current BASE parse characters stored in address a
1191+ 7539              // accumulating a double precision integer d
1192+ 7539              // the process stops at the first not-convertible character
1193+ 7539              // A double-number is kept in CPU registers as HLDE.
1194+ 7539              // On the stack a double number is treated as two single numbers
1195+ 7539              // where HL is on the top of the stack and DE is the second from top,
1196+ 7539              // so in the stack memory it appears as LHED.
1197+ 7539              // Instead, in 2VARIABLE a double number is stored as EDLH.
1198+ 7539                              Colon_Def CNUMBER,  "(NUMBER)", is_normal
1198+ 7539             >                New_Def  CNUMBER, "(NUMBER)", Enter_Ptr, is_normal ; ok
1198+ 7539             >temp_NFA        defl    $                   // save this NFA address to temp_NFA
1198+ 7539             >
1198+ 7539             >                // dummy db directives used to calculate length of namec
1198+ 7539 28 4E 55 4D >                db      "(NUMBER)"
1198+ 753D 42 45 52 29 >
1198+ 7541             >len_NFA         defl    $ - temp_NFA
1198+ 7541             >                org     $ - len_NFA         // rewind to temp_NFA and re-do NFA part
1198+ 7539             >
1198+ 7539 88          >                db      len_NFA | END_BIT | is_normal  // The start of NFA must have msb set to signal the beginning of the sounted string
1198+ 753A 28 4E 55 4D >                db      "(NUMBER)"               // name string in 7-bit ascii, but
1198+ 753E 42 45 52 29 >
1198+ 7542             >                org     $-1                 // alter last byte of Name just above to set
1198+ 7541 A9          >                db      {b $} | END_BIT     // msb as name end
1198+ 7542             >
1198+ 7542 F6 74       >                dw      last_NFA            // Link to previous definition Name
1198+ 7544             >CNUMBER:          if Enter_Ptr != 0 ; ok        // This is the start address of the direct jp(hl)
1198+ 7544 CD DF 6B    >                call    Enter_Ptr ; ok        // for primitive definitions  actual code
1198+ 7547             >
1198+ 7547             >
1198+ 7547             >                endif           ; ok        // for other definitions it "points" the correct handler
1198+ 7547             >                // Use of "; ok" to suppress "warning[fwdref]"
1198+ 7547             >
1198+ 7547             >last_NFA        defl    temp_NFA            // keep track of NFA saved above
1199+ 7547                                                              // begin
1200+ 7547              CNumber_Begin:
1201+ 7547 7B 69                        dw          ONE_PLUS            //      1+
1202+ 7549 26 6A FE 68                  dw          DUP, TO_R           //      dup >r
1203+ 754D 1A 6B                        dw          CFETCH              //      @
1204+ 754F CB 6D 00 6B                  dw          BASE, FETCH         //      base @
1205+ 7553 2C 65                        dw          DIGIT               //      digit
1206+ 7555                                                              // while
1207+ 7555 B7 64                        dw      ZBRANCH
1208+ 7557 2C 00                        dw      CNumber_While_end - $
1209+ 7559 1B 6A                        dw          SWAP                //      swap
1210+ 755B CB 6D 00 6B                  dw          BASE, FETCH         //      base @
1211+ 755F 3A 68                        dw          UM_MUL              //      um*
1212+ 7561 F9 69 31 6A                  dw          DROP, ROT           //      drop rot
1213+ 7565 CB 6D 00 6B                  dw          BASE, FETCH         //      base @
1214+ 7569 3A 68                        dw          UM_MUL              //      um*
1215+ 756B 69 69                        dw          DPLUS               //      d+
1216+ 756D D5 6D 00 6B                  dw          DPL, FETCH          //      dpl @
1217+ 7571 7B 69                        dw          ONE_PLUS            //      1+
1218+ 7573                                                              //      if
1219+ 7573 B7 64                        dw          ZBRANCH
1220+ 7575 08 00                        dw          CNumber_Endif - $
1221+ 7577 60 6C D5 6D                  dw              ONE, DPL        //          1 dpl
1222+ 757B DF 6A                        dw              PLUSSTORE       //          +!
1223+ 757D              CNumber_Endif:                                  //      endif
1224+ 757D 0C 69                        dw             R_TO             //      r>  ( balance rp )
1225+ 757F A2 64                        dw      BRANCH
1226+ 7581 C6 FF                        dw      CNumber_Begin - $
1227+ 7583              CNumber_While_end:                              // repeat
1228+ 7583 0C 69                        dw      R_TO                    // r>  ( balance rp on exit while-repeat )
1229+ 7585 F1 68                        dw      EXIT                    // ;
1230+ 7587
1231+ 7587              //  ______________________________________________________________________
1232+ 7587              //
1233+ 7587              // (prefix)
1234+ 7587                              Colon_Def CPREFIX,  "(PREFIX)", is_normal
1234+ 7587             >                New_Def  CPREFIX, "(PREFIX)", Enter_Ptr, is_normal ; ok
1234+ 7587             >temp_NFA        defl    $                   // save this NFA address to temp_NFA
1234+ 7587             >
1234+ 7587             >                // dummy db directives used to calculate length of namec
1234+ 7587 28 50 52 45 >                db      "(PREFIX)"
1234+ 758B 46 49 58 29 >
1234+ 758F             >len_NFA         defl    $ - temp_NFA
1234+ 758F             >                org     $ - len_NFA         // rewind to temp_NFA and re-do NFA part
1234+ 7587             >
1234+ 7587 88          >                db      len_NFA | END_BIT | is_normal  // The start of NFA must have msb set to signal the beginning of the sounted string
1234+ 7588 28 50 52 45 >                db      "(PREFIX)"               // name string in 7-bit ascii, but
1234+ 758C 46 49 58 29 >
1234+ 7590             >                org     $-1                 // alter last byte of Name just above to set
1234+ 758F A9          >                db      {b $} | END_BIT     // msb as name end
1234+ 7590             >
1234+ 7590 39 75       >                dw      last_NFA            // Link to previous definition Name
1234+ 7592             >CPREFIX:          if Enter_Ptr != 0 ; ok        // This is the start address of the direct jp(hl)
1234+ 7592 CD DF 6B    >                call    Enter_Ptr ; ok        // for primitive definitions  actual code
1234+ 7595             >
1234+ 7595             >
1234+ 7595             >                endif           ; ok        // for other definitions it "points" the correct handler
1234+ 7595             >                // Use of "; ok" to suppress "warning[fwdref]"
1234+ 7595             >
1234+ 7595             >last_NFA        defl    temp_NFA            // keep track of NFA saved above
1235+ 7595 26 6A 7B 69                  dw      DUP, ONE_PLUS, CFETCH   // dup 1+ c@
1235+ 7599 1A 6B
1236+ 759B 26 6A FE 68                  dw      DUP, TO_R               // dup >r
1237+ 759F 3F 64 24 00                  dw      LIT, "$", EQUALS        // [char] $ =
1237+ 75A3 C2 6E
1238+ 75A5                                                              // if
1239+ 75A5 B7 64                        dw      ZBRANCH
1240+ 75A7 06 00                        dw      CPrefix_Endif_0 - $
1241+ 75A9 7B 69                        dw          ONE_PLUS            //      1+
1242+ 75AB 41 71                        dw          HEX
1243+ 75AD              CPrefix_Endif_0:                                // endif
1244+ 75AD 1A 69                        dw      R_OP                    // r@
1245+ 75AF 3F 64 25 00                  dw      LIT, "%", EQUALS        // [char] $ =
1245+ 75B3 C2 6E
1246+ 75B5                                                              // if
1247+ 75B5 B7 64                        dw      ZBRANCH
1248+ 75B7 0A 00                        dw      CPrefix_Endif_1 - $
1249+ 75B9 7B 69                        dw          ONE_PLUS            //      1+
1250+ 75BB 69 6C                        dw          TWO
1251+ 75BD CB 6D 0C 6B                  dw          BASE, STORE         //      2 base !
1252+ 75C1              CPrefix_Endif_1:                                // endif
1253+ 75C1 0C 69                        dw      R_TO                    // r>
1254+ 75C3 3F 64 23 00                  dw      LIT, "#", EQUALS        // [char] $ =
1254+ 75C7 C2 6E
1255+ 75C9                                                              // if
1256+ 75C9 B7 64                        dw      ZBRANCH
1257+ 75CB 06 00                        dw      CPrefix_Endif_2 - $
1258+ 75CD 7B 69                        dw          ONE_PLUS            //      1+
1259+ 75CF 58 71                        dw          DECIMAL
1260+ 75D1              CPrefix_Endif_2:                                // endif
1261+ 75D1 F1 68                        dw      EXIT
1262+ 75D3
1263+ 75D3              //  ______________________________________________________________________
1264+ 75D3
1265+ 75D3              PDOM_PTR:
1266+ 75D3              //              New_Def PDOM,   "PDOM", Create_Ptr, is_normal
1267+ 75D3 2C 2F 2D 3A                  db ',/-:'
1268+ 75D7              PCDM_PTR:
1269+ 75D7              //              New_Def PCDM,   "PCDM", Create_Ptr, is_normal
1270+ 75D7 2E 2E 2E 2E                  db '....'
1271+ 75DB
1272+ 75DB              //  ______________________________________________________________________
1273+ 75DB              //
1274+ 75DB              // number       a -- d
1275+ 75DB                              Colon_Def NUMBER,  "NUMBER", is_normal
1275+ 75DB             >                New_Def  NUMBER, "NUMBER", Enter_Ptr, is_normal ; ok
1275+ 75DB             >temp_NFA        defl    $                   // save this NFA address to temp_NFA
1275+ 75DB             >
1275+ 75DB             >                // dummy db directives used to calculate length of namec
1275+ 75DB 4E 55 4D 42 >                db      "NUMBER"
1275+ 75DF 45 52       >
1275+ 75E1             >len_NFA         defl    $ - temp_NFA
1275+ 75E1             >                org     $ - len_NFA         // rewind to temp_NFA and re-do NFA part
1275+ 75DB             >
1275+ 75DB 86          >                db      len_NFA | END_BIT | is_normal  // The start of NFA must have msb set to signal the beginning of the sounted string
1275+ 75DC 4E 55 4D 42 >                db      "NUMBER"               // name string in 7-bit ascii, but
1275+ 75E0 45 52       >
1275+ 75E2             >                org     $-1                 // alter last byte of Name just above to set
1275+ 75E1 D2          >                db      {b $} | END_BIT     // msb as name end
1275+ 75E2             >
1275+ 75E2 87 75       >                dw      last_NFA            // Link to previous definition Name
1275+ 75E4             >NUMBER:          if Enter_Ptr != 0 ; ok        // This is the start address of the direct jp(hl)
1275+ 75E4 CD DF 6B    >                call    Enter_Ptr ; ok        // for primitive definitions  actual code
1275+ 75E7             >
1275+ 75E7             >
1275+ 75E7             >                endif           ; ok        // for other definitions it "points" the correct handler
1275+ 75E7             >                // Use of "; ok" to suppress "warning[fwdref]"
1275+ 75E7             >
1275+ 75E7             >last_NFA        defl    temp_NFA            // keep track of NFA saved above
1276+ 75E7 57 6C 57 6C                  dw      ZERO, ZERO              // 0 0
1277+ 75EB 31 6A                        dw      ROT                     // rot
1278+ 75ED
1279+ 75ED CB 6D 00 6B                  dw      BASE, FETCH, TO_R       // base @ >r  // ***
1279+ 75F1 FE 68
1280+ 75F3 92 75                        dw      CPREFIX                 // (prefix)   // ***
1281+ 75F5
1282+ 75F5 FE 74 FE 68                  dw      CSGN, TO_R              // (sgn) >r
1283+ 75F9
1284+ 75F9 7C 6C D5 6D                  dw      NEG_ONE, DPL, STORE     // -1 dpl !
1284+ 75FD 0C 6B
1285+ 75FF 44 75                        dw      CNUMBER                 // (number)
1286+ 7601              Number_Begin:                                   // begin
1287+ 7601 26 6A 1A 6B                  dw        DUP, CFETCH             // dup c@
1288+ 7605 FE 68                        dw        TO_R                    // >r
1289+ 7607                          //  dw        PCDM, PDOM              //  pcdm pdom
1290+ 7607 3F 64 D7 75                  dw        LIT, PCDM_PTR           //
1291+ 760B 3F 64 D3 75                  dw        LIT, PDOM_PTR           //
1292+ 760F 3F 64 04 00                  dw        LIT, 4                  //  4
1293+ 7613 0C 69                        dw        R_TO                    // r>
1294+ 7615 2A 66                        dw        C_MAP                   // (map)
1295+ 7617 57 6C 1B 6A                  dw        ZERO, SWAP              // 0 swap
1296+ 761B 3F 64 2E 00                  dw        LIT, ".", EQUALS        // [char] . =  ( decimal point )
1296+ 761F C2 6E
1297+ 7621
1298+ 7621 B7 64                        dw        ZBRANCH                 // if
1299+ 7623 0A 00                        dw        Number_Endif_1 - $
1300+ 7625 57 6C D5 6D                  dw          ZERO, DPL, STORE        //      0 dpl !
1300+ 7629 0C 6B
1301+ 762B 7B 69                        dw          ONE_PLUS                //      1+
1302+ 762D              Number_Endif_1:                                   // endif
1303+ 762D
1304+ 762D B7 64                        dw      ZBRANCH                // while
1305+ 762F 08 00                        dw      Number_While_end - $
1306+ 7631 44 75                        dw        CNUMBER                 // (number)
1307+ 7633 A2 64                        dw      BRANCH
1308+ 7635 CC FF                        dw      Number_Begin - $
1309+ 7637              Number_While_end:                               // repeat
1310+ 7637
1311+ 7637 1A 6B 86 6C                  dw      CFETCH, BL              // c@ bl
1312+ 763B B4 6E 57 6C                  dw      SUBTRACT, ZERO, QERROR  // - 0 ?error
1312+ 763F 2E 70
1313+ 7641 0C 69                        dw      R_TO                    // r>
1314+ 7643                                                              // if
1315+ 7643 B7 64                        dw      ZBRANCH
1316+ 7645 04 00                        dw      Number_Endif_2 - $
1317+ 7647 D3 69                        dw          DMINUS              //      dminus
1318+ 7649              Number_Endif_2:                                 // endif
1319+ 7649 0C 69 CB 6D                  dw      R_TO, BASE, STORE       // r> base !  // ***
1319+ 764D 0C 6B
1320+ 764F F1 68                        dw      EXIT                    // ;
1321+ 7651
1322+ 7651              //  ______________________________________________________________________
1323+ 7651              //
1324+ 7651              // twofind      a -- d
1325+ 7651                              Colon_Def TWOFIND,  "2FIND", is_normal
1325+ 7651             >                New_Def  TWOFIND, "2FIND", Enter_Ptr, is_normal ; ok
1325+ 7651             >temp_NFA        defl    $                   // save this NFA address to temp_NFA
1325+ 7651             >
1325+ 7651             >                // dummy db directives used to calculate length of namec
1325+ 7651 32 46 49 4E >                db      "2FIND"
1325+ 7655 44          >
1325+ 7656             >len_NFA         defl    $ - temp_NFA
1325+ 7656             >                org     $ - len_NFA         // rewind to temp_NFA and re-do NFA part
1325+ 7651             >
1325+ 7651 85          >                db      len_NFA | END_BIT | is_normal  // The start of NFA must have msb set to signal the beginning of the sounted string
1325+ 7652 32 46 49 4E >                db      "2FIND"               // name string in 7-bit ascii, but
1325+ 7656 44          >
1325+ 7657             >                org     $-1                 // alter last byte of Name just above to set
1325+ 7656 C4          >                db      {b $} | END_BIT     // msb as name end
1325+ 7657             >
1325+ 7657 DB 75       >                dw      last_NFA            // Link to previous definition Name
1325+ 7659             >TWOFIND:          if Enter_Ptr != 0 ; ok        // This is the start address of the direct jp(hl)
1325+ 7659 CD DF 6B    >                call    Enter_Ptr ; ok        // for primitive definitions  actual code
1325+ 765C             >
1325+ 765C             >
1325+ 765C             >                endif           ; ok        // for other definitions it "points" the correct handler
1325+ 765C             >                // Use of "; ok" to suppress "warning[fwdref]"
1325+ 765C             >
1325+ 765C             >last_NFA        defl    temp_NFA            // keep track of NFA saved above
1326+ 765C FE 68 1A 69                  dw      TO_R, R_OP              // >r r@
1327+ 7660 A6 6D 00 6B                  dw      CONTEXT, FETCH, FETCH   // context @ @
1327+ 7664 00 6B
1328+ 7666 9B 65                        dw      C_FIND                  // (find)
1329+ 7668 2D 6F                        dw      QDUP                    // ?dup
1330+ 766A 22 69                        dw      ZEQUAL                  // 0=
1331+ 766C                                                              // if
1332+ 766C B7 64                        dw      ZBRANCH
1333+ 766E 08 00                        dw      LFind_Endif - $
1334+ 7670 1A 69                        dw          R_OP                //      r@
1335+ 7672 9C 6F                        dw          LATEST              //      latest
1336+ 7674 9B 65                        dw          C_FIND              //      (find)
1337+ 7676              LFind_Endif:                                    // endif
1338+ 7676 0C 69 F9 69                  dw      R_TO, DROP              // r> drop
1339+ 767A F1 68                        dw      EXIT                    // ;
1340+ 767C
1341+ 767C              //  ______________________________________________________________________
1342+ 767C              //
1343+ 767C              // -find        a -- d
1344+ 767C                              Colon_Def LFIND,  "-FIND", is_normal
1344+ 767C             >                New_Def  LFIND, "-FIND", Enter_Ptr, is_normal ; ok
1344+ 767C             >temp_NFA        defl    $                   // save this NFA address to temp_NFA
1344+ 767C             >
1344+ 767C             >                // dummy db directives used to calculate length of namec
1344+ 767C 2D 46 49 4E >                db      "-FIND"
1344+ 7680 44          >
1344+ 7681             >len_NFA         defl    $ - temp_NFA
1344+ 7681             >                org     $ - len_NFA         // rewind to temp_NFA and re-do NFA part
1344+ 767C             >
1344+ 767C 85          >                db      len_NFA | END_BIT | is_normal  // The start of NFA must have msb set to signal the beginning of the sounted string
1344+ 767D 2D 46 49 4E >                db      "-FIND"               // name string in 7-bit ascii, but
1344+ 7681 44          >
1344+ 7682             >                org     $-1                 // alter last byte of Name just above to set
1344+ 7681 C4          >                db      {b $} | END_BIT     // msb as name end
1344+ 7682             >
1344+ 7682 51 76       >                dw      last_NFA            // Link to previous definition Name
1344+ 7684             >LFIND:          if Enter_Ptr != 0 ; ok        // This is the start address of the direct jp(hl)
1344+ 7684 CD DF 6B    >                call    Enter_Ptr ; ok        // for primitive definitions  actual code
1344+ 7687             >
1344+ 7687             >
1344+ 7687             >                endif           ; ok        // for other definitions it "points" the correct handler
1344+ 7687             >                // Use of "; ok" to suppress "warning[fwdref]"
1344+ 7687             >
1344+ 7687             >last_NFA        defl    temp_NFA            // keep track of NFA saved above
1345+ 7687 86 6C CB 73                  dw      BL, WORD                // bl word
1346+ 768B 59 76                        dw      TWOFIND                 // 2find
1347+ 768D F1 68                        dw      EXIT                    // ;
1348+ 768F
1349+ 768F              //  ______________________________________________________________________
1350+ 768F              //
1351+ 768F              // (abort)      --
1352+ 768F                              Colon_Def CABORT,  "(ABORT)", is_normal
1352+ 768F             >                New_Def  CABORT, "(ABORT)", Enter_Ptr, is_normal ; ok
1352+ 768F             >temp_NFA        defl    $                   // save this NFA address to temp_NFA
1352+ 768F             >
1352+ 768F             >                // dummy db directives used to calculate length of namec
1352+ 768F 28 41 42 4F >                db      "(ABORT)"
1352+ 7693 52 54 29    >
1352+ 7696             >len_NFA         defl    $ - temp_NFA
1352+ 7696             >                org     $ - len_NFA         // rewind to temp_NFA and re-do NFA part
1352+ 768F             >
1352+ 768F 87          >                db      len_NFA | END_BIT | is_normal  // The start of NFA must have msb set to signal the beginning of the sounted string
1352+ 7690 28 41 42 4F >                db      "(ABORT)"               // name string in 7-bit ascii, but
1352+ 7694 52 54 29    >
1352+ 7697             >                org     $-1                 // alter last byte of Name just above to set
1352+ 7696 A9          >                db      {b $} | END_BIT     // msb as name end
1352+ 7697             >
1352+ 7697 7C 76       >                dw      last_NFA            // Link to previous definition Name
1352+ 7699             >CABORT:          if Enter_Ptr != 0 ; ok        // This is the start address of the direct jp(hl)
1352+ 7699 CD DF 6B    >                call    Enter_Ptr ; ok        // for primitive definitions  actual code
1352+ 769C             >
1352+ 769C             >
1352+ 769C             >                endif           ; ok        // for other definitions it "points" the correct handler
1352+ 769C             >                // Use of "; ok" to suppress "warning[fwdref]"
1352+ 769C             >
1352+ 769C             >last_NFA        defl    temp_NFA            // keep track of NFA saved above
1353+ 769C 6D 79                        dw      ABORT                   // abort
1354+ 769E F1 68                        dw      EXIT                    // ;
1355+ 76A0
1356+ 76A0              //  ______________________________________________________________________
1357+ 76A0              //
1358+ 76A0              // error        n --
1359+ 76A0              // raise an error
1360+ 76A0              // if WARNING is 0, prints "MSG#n".
1361+ 76A0              // if WARNING is 1, prints line n of screen 4.
1362+ 76A0              // if WARNING is -1 does (ABORT) that normally does ABORT
1363+ 76A0              // value can be negative or beyond block 4.
1364+ 76A0                              Colon_Def ERROR,  "ERROR", is_normal
1364+ 76A0             >                New_Def  ERROR, "ERROR", Enter_Ptr, is_normal ; ok
1364+ 76A0             >temp_NFA        defl    $                   // save this NFA address to temp_NFA
1364+ 76A0             >
1364+ 76A0             >                // dummy db directives used to calculate length of namec
1364+ 76A0 45 52 52 4F >                db      "ERROR"
1364+ 76A4 52          >
1364+ 76A5             >len_NFA         defl    $ - temp_NFA
1364+ 76A5             >                org     $ - len_NFA         // rewind to temp_NFA and re-do NFA part
1364+ 76A0             >
1364+ 76A0 85          >                db      len_NFA | END_BIT | is_normal  // The start of NFA must have msb set to signal the beginning of the sounted string
1364+ 76A1 45 52 52 4F >                db      "ERROR"               // name string in 7-bit ascii, but
1364+ 76A5 52          >
1364+ 76A6             >                org     $-1                 // alter last byte of Name just above to set
1364+ 76A5 D2          >                db      {b $} | END_BIT     // msb as name end
1364+ 76A6             >
1364+ 76A6 8F 76       >                dw      last_NFA            // Link to previous definition Name
1364+ 76A8             >ERROR:          if Enter_Ptr != 0 ; ok        // This is the start address of the direct jp(hl)
1364+ 76A8 CD DF 6B    >                call    Enter_Ptr ; ok        // for primitive definitions  actual code
1364+ 76AB             >
1364+ 76AB             >
1364+ 76AB             >                endif           ; ok        // for other definitions it "points" the correct handler
1364+ 76AB             >                // Use of "; ok" to suppress "warning[fwdref]"
1364+ 76AB             >
1364+ 76AB             >last_NFA        defl    temp_NFA            // keep track of NFA saved above
1365+ 76AB 11 6D 00 6B                  dw      WARNING, FETCH, ZLESS   // warning @ 0<
1365+ 76AF 3C 69
1366+ 76B1                                                              // if
1367+ 76B1 B7 64                        dw      ZBRANCH
1368+ 76B3 04 00                        dw      Error_Endif_1 - $
1369+ 76B5 99 76                        dw          CABORT              //      (abort)
1370+ 76B7              Error_Endif_1:                                  // endif
1371+ 76B7 64 6E DD 71                  dw      HERE, COUNT, TYPE       // here count type
1371+ 76BB 43 72
1372+ 76BD 1B 74                        dw      C_DOT_QUOTE             // .( ? )
1373+ 76BF 02 3F 20                     db      2, "? "
1374+ 76C2 B2 7B                        dw      MESSAGE                 // message  ( forward )
1375+ 76C4 E4 6C 00 6B                  dw      S0, FETCH, SPSTORE      // s0 @ sp!
1375+ 76C8 D4 68
1376+ 76CA 6D 6D 00 6B                  dw      BLK, FETCH, QDUP        // blk @ ?dup
1376+ 76CE 2D 6F
1377+ 76D0                                                              // if
1378+ 76D0 B7 64                        dw      ZBRANCH
1379+ 76D2 08 00                        dw      Error_Endif_2 - $
1380+ 76D4 77 6D 00 6B                  dw          TO_IN, FETCH, SWAP  //      >in @ swap
1380+ 76D8 1B 6A
1381+ 76DA              Error_Endif_2:                                  // endif
1382+ 76DA 33 79                        dw      QUIT                    // quit ( forward )
1383+ 76DC F1 68                        dw      EXIT                    // ;
1384+ 76DE              //  ______________________________________________________________________
1385+ 76DE              //
1386+ 76DE              // id.          nfa --
1387+ 76DE                              Colon_Def ID_DOT,  "ID.", is_normal
1387+ 76DE             >                New_Def  ID_DOT, "ID.", Enter_Ptr, is_normal ; ok
1387+ 76DE             >temp_NFA        defl    $                   // save this NFA address to temp_NFA
1387+ 76DE             >
1387+ 76DE             >                // dummy db directives used to calculate length of namec
1387+ 76DE 49 44 2E    >                db      "ID."
1387+ 76E1             >len_NFA         defl    $ - temp_NFA
1387+ 76E1             >                org     $ - len_NFA         // rewind to temp_NFA and re-do NFA part
1387+ 76DE             >
1387+ 76DE 83          >                db      len_NFA | END_BIT | is_normal  // The start of NFA must have msb set to signal the beginning of the sounted string
1387+ 76DF 49 44 2E    >                db      "ID."               // name string in 7-bit ascii, but
1387+ 76E2             >                org     $-1                 // alter last byte of Name just above to set
1387+ 76E1 AE          >                db      {b $} | END_BIT     // msb as name end
1387+ 76E2             >
1387+ 76E2 A0 76       >                dw      last_NFA            // Link to previous definition Name
1387+ 76E4             >ID_DOT:          if Enter_Ptr != 0 ; ok        // This is the start address of the direct jp(hl)
1387+ 76E4 CD DF 6B    >                call    Enter_Ptr ; ok        // for primitive definitions  actual code
1387+ 76E7             >
1387+ 76E7             >
1387+ 76E7             >                endif           ; ok        // for other definitions it "points" the correct handler
1387+ 76E7             >                // Use of "; ok" to suppress "warning[fwdref]"
1387+ 76E7             >
1387+ 76E7             >last_NFA        defl    temp_NFA            // keep track of NFA saved above
1388+ 76E7 B7 73 3F 64                  dw      PAD, LIT, 32, LIT, 96   // pad 32 96
1388+ 76EB 20 00 3F 64
1388+ 76EF 60 00
1389+ 76F1 67 73                        dw      FILL                    // fill
1390+ 76F3 26 6A E2 6F                  dw      DUP, PFA, LFA           // dup pfa lfa
1390+ 76F7 AD 6F
1391+ 76F9 EB 69 B4 6E                  dw      OVER, SUBTRACT          // over -
1392+ 76FD B7 73 1B 6A                  dw      PAD, SWAP               // pad swap
1393+ 7701 0B 68                        dw      CMOVE                   // cmove
1394+ 7703 B7 73 DD 71                  dw      PAD, COUNT, LIT, $1F    // pad count 01F
1394+ 7707 3F 64 1F 00
1395+ 770B 95 68                        dw      AND_OP                  // and  ( use only lower bits )
1396+ 770D 43 72 64 6F                  dw      TYPE, SPACE             // type
1397+ 7711 F1 68                        dw      EXIT                    // ;
1398+ 7713
1399+ 7713              //  ______________________________________________________________________
1400+ 7713              //
1401+ 7713              // code         -- cccc
1402+ 7713                              Colon_Def CODE,  "CODE", is_normal
1402+ 7713             >                New_Def  CODE, "CODE", Enter_Ptr, is_normal ; ok
1402+ 7713             >temp_NFA        defl    $                   // save this NFA address to temp_NFA
1402+ 7713             >
1402+ 7713             >                // dummy db directives used to calculate length of namec
1402+ 7713 43 4F 44 45 >                db      "CODE"
1402+ 7717             >len_NFA         defl    $ - temp_NFA
1402+ 7717             >                org     $ - len_NFA         // rewind to temp_NFA and re-do NFA part
1402+ 7713             >
1402+ 7713 84          >                db      len_NFA | END_BIT | is_normal  // The start of NFA must have msb set to signal the beginning of the sounted string
1402+ 7714 43 4F 44 45 >                db      "CODE"               // name string in 7-bit ascii, but
1402+ 7718             >                org     $-1                 // alter last byte of Name just above to set
1402+ 7717 C5          >                db      {b $} | END_BIT     // msb as name end
1402+ 7718             >
1402+ 7718 DE 76       >                dw      last_NFA            // Link to previous definition Name
1402+ 771A             >CODE:          if Enter_Ptr != 0 ; ok        // This is the start address of the direct jp(hl)
1402+ 771A CD DF 6B    >                call    Enter_Ptr ; ok        // for primitive definitions  actual code
1402+ 771D             >
1402+ 771D             >
1402+ 771D             >                endif           ; ok        // for other definitions it "points" the correct handler
1402+ 771D             >                // Use of "; ok" to suppress "warning[fwdref]"
1402+ 771D             >
1402+ 771D             >last_NFA        defl    temp_NFA            // keep track of NFA saved above
1403+ 771D 84 76                        dw      LFIND                   // -find
1404+ 771F                                                              // if
1405+ 771F B7 64                        dw      ZBRANCH
1406+ 7721 10 00                        dw      Code_Endif - $
1407+ 7723 F9 69                        dw          DROP                //      drop
1408+ 7725 0A 70 E4 76                  dw          TO_NAME, ID_DOT     //      >name id.
1409+ 7729 3F 64 04 00                  dw          LIT, 4, MESSAGE     //      4 message
1409+ 772D B2 7B
1410+ 772F 64 6F                        dw          SPACE               //      space
1411+ 7731              Code_Endif:                                     // endif
1412+ 7731 64 6E                        dw      HERE                    // here
1413+ 7733                                                              // ( ---- here begins NFA ---- )
1414+ 7733 26 6A 1A 6B                  dw      DUP, CFETCH             // dup c@
1415+ 7737 03 6D 00 6B                  dw      WIDTH, FETCH, MIN       // width @ min  ( max 31 character length )
1415+ 773B FE 6E
1416+ 773D 7B 69 75 6E                  dw      ONE_PLUS, ALLOT         // 1+ allot
1417+ 7741 26 6A                        dw      DUP                     // dup
1418+ 7743 3F 64                        dw      LIT
1419+ 7745 A0 00                        dw      SMUDGE_BIT | END_BIT    // 160
1420+ 7747 F5 6A                        dw      TOGGLE                  // toggle
1421+ 7749 64 6E 85 69                  dw      HERE, ONE_SUBTRACT      // here 1- ( last character )
1422+ 774D 3F 64 80 00                  dw      LIT, END_BIT, TOGGLE    // 128 toggle
1422+ 7751 F5 6A
1423+ 7753                                                              // ( ---- here is LFA ---- )
1424+ 7753 9C 6F 82 6E                  dw      LATEST, COMMA           // latest ,
1425+ 7757 B4 6D 00 6B                  dw      CURRENT, FETCH, STORE   // current @ ! ( save this word as the latest )
1425+ 775B 0C 6B
1426+ 775D                                                              // ( ---- here is LFA ---- )
1427+ 775D              //              dw      HERE, CELL_PLUS, COMMA  // ( CFA is empty and PFA yet to exist )
1428+ 775D F1 68                        dw      EXIT                    // ;
1429+ 775F
1430+ 775F              //  ______________________________________________________________________
1431+ 775F              //
1432+ 775F              // create       -- cccc     ( compile time )
1433+ 775F              //              -- a        ( run time )
1434+ 775F                              Colon_Def CREATE,  "CREATE", is_normal
1434+ 775F             >                New_Def  CREATE, "CREATE", Enter_Ptr, is_normal ; ok
1434+ 775F             >temp_NFA        defl    $                   // save this NFA address to temp_NFA
1434+ 775F             >
1434+ 775F             >                // dummy db directives used to calculate length of namec
1434+ 775F 43 52 45 41 >                db      "CREATE"
1434+ 7763 54 45       >
1434+ 7765             >len_NFA         defl    $ - temp_NFA
1434+ 7765             >                org     $ - len_NFA         // rewind to temp_NFA and re-do NFA part
1434+ 775F             >
1434+ 775F 86          >                db      len_NFA | END_BIT | is_normal  // The start of NFA must have msb set to signal the beginning of the sounted string
1434+ 7760 43 52 45 41 >                db      "CREATE"               // name string in 7-bit ascii, but
1434+ 7764 54 45       >
1434+ 7766             >                org     $-1                 // alter last byte of Name just above to set
1434+ 7765 C5          >                db      {b $} | END_BIT     // msb as name end
1434+ 7766             >
1434+ 7766 13 77       >                dw      last_NFA            // Link to previous definition Name
1434+ 7768             >CREATE:          if Enter_Ptr != 0 ; ok        // This is the start address of the direct jp(hl)
1434+ 7768 CD DF 6B    >                call    Enter_Ptr ; ok        // for primitive definitions  actual code
1434+ 776B             >
1434+ 776B             >
1434+ 776B             >                endif           ; ok        // for other definitions it "points" the correct handler
1434+ 776B             >                // Use of "; ok" to suppress "warning[fwdref]"
1434+ 776B             >
1434+ 776B             >last_NFA        defl    temp_NFA            // keep track of NFA saved above
1435+ 776B 1A 77 15 71                  dw      CODE, SMUDGE            // code smudge
1436+ 776F 3F 64 CD 00                  dw      LIT, $CD, CCOMMA        // 00CD c,
1436+ 7773 94 6E
1437+ 7775 3F 64 34 6C                  dw      LIT, Variable_Ptr, COMMA// Variable_Ptr ,
1437+ 7779 82 6E
1438+ 777B 6F 71                        dw      C_SEMICOLON_CODE
1439+ 777D                              // this routine is called from the call coded in CFA
1440+ 777D              Create_Ptr:
1441+ 777D
1442+ 777D
1443+ 777D
1444+ 777D                              next
1444+ 777D DD E9       >                jp      (ix)
1445+ 777F
1446+ 777F              //  ______________________________________________________________________
1447+ 777F              //
1448+ 777F              // [compile]    -- cccc     ( compile time )
1449+ 777F                              Colon_Def COMPILE_IMMEDIATE,  "[COMPILE]", is_immediate
1449+ 777F             >                New_Def  COMPILE_IMMEDIATE, "[COMPILE]", Enter_Ptr, is_immediate ; ok
1449+ 777F             >temp_NFA        defl    $                   // save this NFA address to temp_NFA
1449+ 777F             >
1449+ 777F             >                // dummy db directives used to calculate length of namec
1449+ 777F 5B 43 4F 4D >                db      "[COMPILE]"
1449+ 7783 50 49 4C 45 >
1449+ 7787 5D          >
1449+ 7788             >len_NFA         defl    $ - temp_NFA
1449+ 7788             >                org     $ - len_NFA         // rewind to temp_NFA and re-do NFA part
1449+ 777F             >
1449+ 777F C9          >                db      len_NFA | END_BIT | is_immediate  // The start of NFA must have msb set to signal the beginning of the sounted string
1449+ 7780 5B 43 4F 4D >                db      "[COMPILE]"               // name string in 7-bit ascii, but
1449+ 7784 50 49 4C 45 >
1449+ 7788 5D          >
1449+ 7789             >                org     $-1                 // alter last byte of Name just above to set
1449+ 7788 DD          >                db      {b $} | END_BIT     // msb as name end
1449+ 7789             >
1449+ 7789 5F 77       >                dw      last_NFA            // Link to previous definition Name
1449+ 778B             >COMPILE_IMMEDIATE:          if Enter_Ptr != 0 ; ok        // This is the start address of the direct jp(hl)
1449+ 778B CD DF 6B    >                call    Enter_Ptr ; ok        // for primitive definitions  actual code
1449+ 778E             >
1449+ 778E             >
1449+ 778E             >                endif           ; ok        // for other definitions it "points" the correct handler
1449+ 778E             >                // Use of "; ok" to suppress "warning[fwdref]"
1449+ 778E             >
1449+ 778E             >last_NFA        defl    temp_NFA            // keep track of NFA saved above
1450+ 778E 84 76                        dw      LFIND                   // -find      (  cfa  b  f  )
1451+ 7790 22 69                        dw      ZEQUAL                  // 0=         (  cfa  b  )
1452+ 7792 57 6C 2E 70                  dw      ZERO, QERROR            // 0 ?error
1453+ 7796 F9 69                        dw      DROP                    // drop       (  cfa  )
1454+ 7798 82 6E                        dw      COMMA                   // ,
1455+ 779A F1 68                        dw      EXIT                    // ; immediate
1456+ 779C
1457+ 779C              //  ______________________________________________________________________
1458+ 779C              //
1459+ 779C              // literal      n --      ( compile time )
1460+ 779C                              Colon_Def LITERAL,  "LITERAL", is_immediate
1460+ 779C             >                New_Def  LITERAL, "LITERAL", Enter_Ptr, is_immediate ; ok
1460+ 779C             >temp_NFA        defl    $                   // save this NFA address to temp_NFA
1460+ 779C             >
1460+ 779C             >                // dummy db directives used to calculate length of namec
1460+ 779C 4C 49 54 45 >                db      "LITERAL"
1460+ 77A0 52 41 4C    >
1460+ 77A3             >len_NFA         defl    $ - temp_NFA
1460+ 77A3             >                org     $ - len_NFA         // rewind to temp_NFA and re-do NFA part
1460+ 779C             >
1460+ 779C C7          >                db      len_NFA | END_BIT | is_immediate  // The start of NFA must have msb set to signal the beginning of the sounted string
1460+ 779D 4C 49 54 45 >                db      "LITERAL"               // name string in 7-bit ascii, but
1460+ 77A1 52 41 4C    >
1460+ 77A4             >                org     $-1                 // alter last byte of Name just above to set
1460+ 77A3 CC          >                db      {b $} | END_BIT     // msb as name end
1460+ 77A4             >
1460+ 77A4 7F 77       >                dw      last_NFA            // Link to previous definition Name
1460+ 77A6             >LITERAL:          if Enter_Ptr != 0 ; ok        // This is the start address of the direct jp(hl)
1460+ 77A6 CD DF 6B    >                call    Enter_Ptr ; ok        // for primitive definitions  actual code
1460+ 77A9             >
1460+ 77A9             >
1460+ 77A9             >                endif           ; ok        // for other definitions it "points" the correct handler
1460+ 77A9             >                // Use of "; ok" to suppress "warning[fwdref]"
1460+ 77A9             >
1460+ 77A9             >last_NFA        defl    temp_NFA            // keep track of NFA saved above
1461+ 77A9 C0 6D 00 6B                  dw      STATE, FETCH            // state @
1462+ 77AD                                                              // if
1463+ 77AD B7 64                        dw      ZBRANCH
1464+ 77AF 08 00                        dw      Literal_Endif - $
1465+ 77B1 C7 70 3F 64                  dw          COMPILE, LIT        //      compile lit
1466+ 77B5 82 6E                        dw          COMMA               //      ,
1467+ 77B7              Literal_Endif:                                  // endif
1468+ 77B7 F1 68                        dw      EXIT                    // ; immediate
1469+ 77B9
1470+ 77B9              //  ______________________________________________________________________
1471+ 77B9              //
1472+ 77B9              // dliteral     n --      ( compile time )
1473+ 77B9                              Colon_Def DLITERAL,  "DLITERAL", is_immediate
1473+ 77B9             >                New_Def  DLITERAL, "DLITERAL", Enter_Ptr, is_immediate ; ok
1473+ 77B9             >temp_NFA        defl    $                   // save this NFA address to temp_NFA
1473+ 77B9             >
1473+ 77B9             >                // dummy db directives used to calculate length of namec
1473+ 77B9 44 4C 49 54 >                db      "DLITERAL"
1473+ 77BD 45 52 41 4C >
1473+ 77C1             >len_NFA         defl    $ - temp_NFA
1473+ 77C1             >                org     $ - len_NFA         // rewind to temp_NFA and re-do NFA part
1473+ 77B9             >
1473+ 77B9 C8          >                db      len_NFA | END_BIT | is_immediate  // The start of NFA must have msb set to signal the beginning of the sounted string
1473+ 77BA 44 4C 49 54 >                db      "DLITERAL"               // name string in 7-bit ascii, but
1473+ 77BE 45 52 41 4C >
1473+ 77C2             >                org     $-1                 // alter last byte of Name just above to set
1473+ 77C1 CC          >                db      {b $} | END_BIT     // msb as name end
1473+ 77C2             >
1473+ 77C2 9C 77       >                dw      last_NFA            // Link to previous definition Name
1473+ 77C4             >DLITERAL:          if Enter_Ptr != 0 ; ok        // This is the start address of the direct jp(hl)
1473+ 77C4 CD DF 6B    >                call    Enter_Ptr ; ok        // for primitive definitions  actual code
1473+ 77C7             >
1473+ 77C7             >
1473+ 77C7             >                endif           ; ok        // for other definitions it "points" the correct handler
1473+ 77C7             >                // Use of "; ok" to suppress "warning[fwdref]"
1473+ 77C7             >
1473+ 77C7             >last_NFA        defl    temp_NFA            // keep track of NFA saved above
1474+ 77C7 C0 6D 00 6B                  dw      STATE, FETCH            // state @
1475+ 77CB                                                              // if
1476+ 77CB B7 64                        dw      ZBRANCH
1477+ 77CD 08 00                        dw      DLiteral_Endif - $
1478+ 77CF 1B 6A                        dw          SWAP                //      swap
1479+ 77D1 A6 77 A6 77                  dw          LITERAL,  LITERAL   //      [compile] literal [compile] literal
1480+ 77D5              DLiteral_Endif:                                 // endif
1481+ 77D5 F1 68                        dw      EXIT                    // ; immediate
1482+ 77D7
1483+ 77D7              //  ______________________________________________________________________
1484+ 77D7              //
1485+ 77D7              // [char]       n --      ( compile time )
1486+ 77D7              // inside colon definition, gets first character from next input word
1487+ 77D7              // and compiles it as literal.
1488+ 77D7                              Colon_Def COMPILE_CHAR,  "[CHAR]", is_immediate
1488+ 77D7             >                New_Def  COMPILE_CHAR, "[CHAR]", Enter_Ptr, is_immediate ; ok
1488+ 77D7             >temp_NFA        defl    $                   // save this NFA address to temp_NFA
1488+ 77D7             >
1488+ 77D7             >                // dummy db directives used to calculate length of namec
1488+ 77D7 5B 43 48 41 >                db      "[CHAR]"
1488+ 77DB 52 5D       >
1488+ 77DD             >len_NFA         defl    $ - temp_NFA
1488+ 77DD             >                org     $ - len_NFA         // rewind to temp_NFA and re-do NFA part
1488+ 77D7             >
1488+ 77D7 C6          >                db      len_NFA | END_BIT | is_immediate  // The start of NFA must have msb set to signal the beginning of the sounted string
1488+ 77D8 5B 43 48 41 >                db      "[CHAR]"               // name string in 7-bit ascii, but
1488+ 77DC 52 5D       >
1488+ 77DE             >                org     $-1                 // alter last byte of Name just above to set
1488+ 77DD DD          >                db      {b $} | END_BIT     // msb as name end
1488+ 77DE             >
1488+ 77DE B9 77       >                dw      last_NFA            // Link to previous definition Name
1488+ 77E0             >COMPILE_CHAR:          if Enter_Ptr != 0 ; ok        // This is the start address of the direct jp(hl)
1488+ 77E0 CD DF 6B    >                call    Enter_Ptr ; ok        // for primitive definitions  actual code
1488+ 77E3             >
1488+ 77E3             >
1488+ 77E3             >                endif           ; ok        // for other definitions it "points" the correct handler
1488+ 77E3             >                // Use of "; ok" to suppress "warning[fwdref]"
1488+ 77E3             >
1488+ 77E3             >last_NFA        defl    temp_NFA            // keep track of NFA saved above
1489+ 77E3 37 74 A6 77                  dw      CHAR, LITERAL           // char [compile] literal
1490+ 77E7 F1 68                        dw      EXIT                    // ; immediate
1491+ 77E9
1492+ 77E9              //  ______________________________________________________________________
1493+ 77E9              //
1494+ 77E9              // 0x00         n --      ( compile time )
1495+ 77E9                              Colon_Def NUL_WORD,  $00, is_immediate
1495+ 77E9             >                New_Def  NUL_WORD, $00, Enter_Ptr, is_immediate ; ok
1495+ 77E9             >temp_NFA        defl    $                   // save this NFA address to temp_NFA
1495+ 77E9             >
1495+ 77E9             >                // dummy db directives used to calculate length of namec
1495+ 77E9 00          >                db      $00
1495+ 77EA             >len_NFA         defl    $ - temp_NFA
1495+ 77EA             >                org     $ - len_NFA         // rewind to temp_NFA and re-do NFA part
1495+ 77E9             >
1495+ 77E9 C1          >                db      len_NFA | END_BIT | is_immediate  // The start of NFA must have msb set to signal the beginning of the sounted string
1495+ 77EA 00          >                db      $00               // name string in 7-bit ascii, but
1495+ 77EB             >                org     $-1                 // alter last byte of Name just above to set
1495+ 77EA 80          >                db      {b $} | END_BIT     // msb as name end
1495+ 77EB             >
1495+ 77EB D7 77       >                dw      last_NFA            // Link to previous definition Name
1495+ 77ED             >NUL_WORD:          if Enter_Ptr != 0 ; ok        // This is the start address of the direct jp(hl)
1495+ 77ED CD DF 6B    >                call    Enter_Ptr ; ok        // for primitive definitions  actual code
1495+ 77F0             >
1495+ 77F0             >
1495+ 77F0             >                endif           ; ok        // for other definitions it "points" the correct handler
1495+ 77F0             >                // Use of "; ok" to suppress "warning[fwdref]"
1495+ 77F0             >
1495+ 77F0             >last_NFA        defl    temp_NFA            // keep track of NFA saved above
1496+ 77F0 6D 6D 00 6B                  dw      BLK, FETCH, ONE         // blk @ 1
1496+ 77F4 60 6C
1497+ 77F6 EF 6E                        dw      GREATER                 // > if
1498+ 77F8                                                              // if
1499+ 77F8 B7 64                        dw      ZBRANCH
1500+ 77FA 28 00                        dw      Nul_Else_1 - $
1501+ 77FC 60 6C 6D 6D                  dw          ONE, BLK, PLUSSTORE //      1 blk +!
1501+ 7800 DF 6A
1502+ 7802 57 6C 77 6D                  dw          ZERO, TO_IN, STORE  //      0 >in !
1502+ 7806 0C 6B
1503+ 7808 6D 6D 00 6B                  dw          BLK, FETCH          //      blk @
1504+ 780C AB 6C                        dw          BSCR                //      b/scr
1505+ 780E 85 69                        dw          ONE_SUBTRACT        //      1 -
1506+ 7810 95 68                        dw          AND_OP              //      and  ( this is tricky )
1507+ 7812 22 69                        dw          ZEQUAL              //      0=
1508+ 7814                                                              //      if
1509+ 7814 B7 64                        dw          ZBRANCH
1510+ 7816 08 00                        dw          Nul_Endif_2 - $
1511+ 7818 62 70                        dw              QEXEC           //          ?exec
1512+ 781A 0C 69 F9 69                  dw              R_TO, DROP      //          r> drop
1513+ 781E              Nul_Endif_2:                                    //      endif
1514+ 781E A2 64                        dw      BRANCH
1515+ 7820 06 00                        dw      Nul_Endif_1 - $
1516+ 7822              Nul_Else_1:                                     // else
1517+ 7822 0C 69 F9 69                  dw          R_TO, DROP          //      r> drop
1518+ 7826              Nul_Endif_1:                                    // endif
1519+ 7826 F1 68                        dw      EXIT                    // ;
1520+ 7828
1521+ 7828              //  ______________________________________________________________________
1522+ 7828              //
1523+ 7828              // ?stack       --
1524+ 7828              // Raise error #1 if stack is empty and you pop it
1525+ 7828              // Raise error #7 if stack is full.
1526+ 7828              // This means SP must always stay between HERE and FFFF
1527+ 7828              // For 128K BANK paging purpose SP must be <= BFE0 and 50 words room
1528+ 7828              // for Next 8K MMU paging this is $DOE8
1529+ 7828                              Colon_Def QSTACK, "?STACK", is_normal
1529+ 7828             >                New_Def  QSTACK, "?STACK", Enter_Ptr, is_normal ; ok
1529+ 7828             >temp_NFA        defl    $                   // save this NFA address to temp_NFA
1529+ 7828             >
1529+ 7828             >                // dummy db directives used to calculate length of namec
1529+ 7828 3F 53 54 41 >                db      "?STACK"
1529+ 782C 43 4B       >
1529+ 782E             >len_NFA         defl    $ - temp_NFA
1529+ 782E             >                org     $ - len_NFA         // rewind to temp_NFA and re-do NFA part
1529+ 7828             >
1529+ 7828 86          >                db      len_NFA | END_BIT | is_normal  // The start of NFA must have msb set to signal the beginning of the sounted string
1529+ 7829 3F 53 54 41 >                db      "?STACK"               // name string in 7-bit ascii, but
1529+ 782D 43 4B       >
1529+ 782F             >                org     $-1                 // alter last byte of Name just above to set
1529+ 782E CB          >                db      {b $} | END_BIT     // msb as name end
1529+ 782F             >
1529+ 782F E9 77       >                dw      last_NFA            // Link to previous definition Name
1529+ 7831             >QSTACK:          if Enter_Ptr != 0 ; ok        // This is the start address of the direct jp(hl)
1529+ 7831 CD DF 6B    >                call    Enter_Ptr ; ok        // for primitive definitions  actual code
1529+ 7834             >
1529+ 7834             >
1529+ 7834             >                endif           ; ok        // for other definitions it "points" the correct handler
1529+ 7834             >                // Use of "; ok" to suppress "warning[fwdref]"
1529+ 7834             >
1529+ 7834             >last_NFA        defl    temp_NFA            // keep track of NFA saved above
1530+ 7834 C7 68                        dw      SPFETCH                 // sp@
1531+ 7836 E4 6C 00 6B                  dw      S0, FETCH               // s0 @
1532+ 783A 1B 6A D0 6E                  dw      SWAP, ULESS             // swap u<
1533+ 783E 60 6C 2E 70                  dw      ONE, QERROR             // 1 ?error
1534+ 7842 64 6E                        dw      HERE                    // here
1535+ 7844 E4 6C 00 6B                  dw      S0, FETCH, LESS         // s0 @ <
1535+ 7848 E0 6E
1536+ 784A                                                              // if
1537+ 784A B7 64                        dw      ZBRANCH
1538+ 784C 14 00                        dw      QStack_Endif - $
1539+ 784E C7 68                        dw          SPFETCH             //      sp@
1540+ 7850 64 6E 3F 64                  dw          HERE, LIT, 128      //      here 128
1540+ 7854 80 00
1541+ 7856 5C 69 D0 6E                  dw          PLUS, ULESS         //      plus u<
1542+ 785A 3F 64 07 00                  dw          LIT, 7, QERROR      //      7 Cerror
1542+ 785E 2E 70
1543+ 7860              QStack_Endif:                                   // endif
1544+ 7860 F1 68                        dw      EXIT                    // ;
1545+ 7862
1546+ 7862
# file closed: C:\Zx\CSpect\Projects\vForth16_MDR_MGT/source/L1.asm
 112  7862                              include "L2.asm"
# file opened: C:\Zx\CSpect\Projects\vForth16_MDR_MGT/source/L2.asm
   1+ 7862              //  ______________________________________________________________________
   2+ 7862              //
   3+ 7862              //  L2.asm
   4+ 7862              //
   5+ 7862              //  Level-2 3dos
   6+ 7862              //  the Forth interpreter, vocabulary, cold/warm start and quit from Forth.
   7+ 7862              //  ______________________________________________________________________
   8+ 7862
   9+ 7862
  10+ 7862              //  ______________________________________________________________________
  11+ 7862              //
  12+ 7862              // interpret    --
  13+ 7862              // This is the text interpreter.
  14+ 7862              // It executes or compiles, depending on STATE, the text coming from
  15+ 7862              // current input stream.
  16+ 7862              // If the word search fails after parsing CONTEXT and CURRENT vocabulary,
  17+ 7862              // the word is interpreted as numeric and converted, using current BASE,
  18+ 7862              // leaving on top of stack a single or double precision number, depending
  19+ 7862              // on the presence of a decimal point.
  20+ 7862              // If the number conversion fails, the terminal is notified with ? followed
  21+ 7862              // by the offending word.
  22+ 7862                              Colon_Def INTERPRET, "INTERPRET", is_normal
  22+ 7862             >                New_Def  INTERPRET, "INTERPRET", Enter_Ptr, is_normal ; ok
  22+ 7862             >temp_NFA        defl    $                   // save this NFA address to temp_NFA
  22+ 7862             >
  22+ 7862             >                // dummy db directives used to calculate length of namec
  22+ 7862 49 4E 54 45 >                db      "INTERPRET"
  22+ 7866 52 50 52 45 >
  22+ 786A 54          >
  22+ 786B             >len_NFA         defl    $ - temp_NFA
  22+ 786B             >                org     $ - len_NFA         // rewind to temp_NFA and re-do NFA part
  22+ 7862             >
  22+ 7862 89          >                db      len_NFA | END_BIT | is_normal  // The start of NFA must have msb set to signal the beginning of the sounted string
  22+ 7863 49 4E 54 45 >                db      "INTERPRET"               // name string in 7-bit ascii, but
  22+ 7867 52 50 52 45 >
  22+ 786B 54          >
  22+ 786C             >                org     $-1                 // alter last byte of Name just above to set
  22+ 786B D4          >                db      {b $} | END_BIT     // msb as name end
  22+ 786C             >
  22+ 786C 28 78       >                dw      last_NFA            // Link to previous definition Name
  22+ 786E             >INTERPRET:          if Enter_Ptr != 0 ; ok        // This is the start address of the direct jp(hl)
  22+ 786E CD DF 6B    >                call    Enter_Ptr ; ok        // for primitive definitions  actual code
  22+ 7871             >
  22+ 7871             >
  22+ 7871             >                endif           ; ok        // for other definitions it "points" the correct handler
  22+ 7871             >                // Use of "; ok" to suppress "warning[fwdref]"
  22+ 7871             >
  22+ 7871             >last_NFA        defl    temp_NFA            // keep track of NFA saved above
  23+ 7871
  24+ 7871              Interpret_Begin:                                        // begin
  25+ 7871 84 76                        dw          LFIND                       //      -find
  26+ 7873                                                                      //      if
  27+ 7873 B7 64                        dw          ZBRANCH
  28+ 7875 1A 00                        dw          Interpret_Else_1 - $
  29+ 7877 C0 6D 00 6B                  dw              STATE, FETCH, LESS      //          state @ <
  29+ 787B E0 6E
  30+ 787D                                                                      //          if
  31+ 787D B7 64                        dw              ZBRANCH
  32+ 787F 08 00                        dw              Interpret_Else_2 - $
  33+ 7881 E5 70                        dw                  COMPILE_XT          //              compile,
  34+ 7883                                                                      //          else
  35+ 7883 A2 64                        dw              BRANCH
  36+ 7885 06 00                        dw              Interpret_Endif_2 - $
  37+ 7887              Interpret_Else_2:
  38+ 7887 52 64 02 6C                  dw                  EXECUTE, NOOP       //              execute nooop
  39+ 788B              Interpret_Endif_2:                                      //          endif
  40+ 788B                                                                      //      else
  41+ 788B A2 64                        dw          BRANCH
  42+ 788D 1A 00                        dw          Interpret_Endif_1 - $
  43+ 788F              Interpret_Else_1:
  44+ 788F 64 6E E4 75                  dw              HERE, NUMBER            //          here number
  45+ 7893 D5 6D 00 6B                  dw              DPL, FETCH, ONE_PLUS    //          dpl @ 1+
  45+ 7897 7B 69
  46+ 7899                                                                      //          if
  47+ 7899 B7 64                        dw              ZBRANCH
  48+ 789B 08 00                        dw              Interpret_Else_3 - $
  49+ 789D              //              dw                  NMODE, FETCH        //              nmode @
  50+ 789D              //                                                      //              if
  51+ 789D              //              dw                  ZBRANCH
  52+ 789D              //              dw                  Interpret_Endif_4 - $
  53+ 789D              //              dw                      ONE, ZERO       //                  1 0
  54+ 789D              //              dw                      TWO_DROP        //                  2drop
  55+ 789D              //Interpret_Endif_4:                                      //              endif
  56+ 789D C4 77                        dw                  DLITERAL            //              [compile] dliteral
  57+ 789F                                                                      //          else
  58+ 789F A2 64                        dw              BRANCH
  59+ 78A1 06 00                        dw              Interpret_Endif_3 - $
  60+ 78A3              Interpret_Else_3:
  61+ 78A3 F9 69                        dw                  DROP                //              drop
  62+ 78A5 A6 77                        dw                  LITERAL             //              [compile]  literal
  63+ 78A7              Interpret_Endif_3:                                      //          endif
  64+ 78A7              Interpret_Endif_1:                                      //      endif
  65+ 78A7 31 78                        dw          QSTACK                      //      ?stack
  66+ 78A9 AA 67                        dw          QTERMINAL                   //      ?terminal
  67+ 78AB                                                                      //      if
  68+ 78AB B7 64                        dw          ZBRANCH
  69+ 78AD 04 00                        dw          Interpret_Endif_5 - $
  70+ 78AF 33 79                        dw              QUIT                    //          quit
  71+ 78B1              Interpret_Endif_5:                                      //      endif
  72+ 78B1 A2 64                        dw      BRANCH
  73+ 78B3 BE FF                        dw      Interpret_Begin - $
  74+ 78B5 F1 68                        dw      EXIT                            // ;
  75+ 78B7
  76+ 78B7              //  ______________________________________________________________________
  77+ 78B7              //
  78+ 78B7              // vocabulary   -- cccc     ( compile time )
  79+ 78B7              // Defining word used in the form   VOCABULARY cccc
  80+ 78B7              // creates the word  cccc  that gives the name to the vocabulary.
  81+ 78B7              // Giving  cccc  makes the vocabulary CONTEXT so its words are executed first
  82+ 78B7              // Giving  cccc DEFINITIONS makes  the vocabulary  CURRENT
  83+ 78B7              // so new definitions can be inserted in that vocabulary.
  84+ 78B7                              Colon_Def VOCABULARY, "VOCABULARY", is_normal
  84+ 78B7             >                New_Def  VOCABULARY, "VOCABULARY", Enter_Ptr, is_normal ; ok
  84+ 78B7             >temp_NFA        defl    $                   // save this NFA address to temp_NFA
  84+ 78B7             >
  84+ 78B7             >                // dummy db directives used to calculate length of namec
  84+ 78B7 56 4F 43 41 >                db      "VOCABULARY"
  84+ 78BB 42 55 4C 41 >
  84+ 78BF 52 59       >
  84+ 78C1             >len_NFA         defl    $ - temp_NFA
  84+ 78C1             >                org     $ - len_NFA         // rewind to temp_NFA and re-do NFA part
  84+ 78B7             >
  84+ 78B7 8A          >                db      len_NFA | END_BIT | is_normal  // The start of NFA must have msb set to signal the beginning of the sounted string
  84+ 78B8 56 4F 43 41 >                db      "VOCABULARY"               // name string in 7-bit ascii, but
  84+ 78BC 42 55 4C 41 >
  84+ 78C0 52 59       >
  84+ 78C2             >                org     $-1                 // alter last byte of Name just above to set
  84+ 78C1 D9          >                db      {b $} | END_BIT     // msb as name end
  84+ 78C2             >
  84+ 78C2 62 78       >                dw      last_NFA            // Link to previous definition Name
  84+ 78C4             >VOCABULARY:          if Enter_Ptr != 0 ; ok        // This is the start address of the direct jp(hl)
  84+ 78C4 CD DF 6B    >                call    Enter_Ptr ; ok        // for primitive definitions  actual code
  84+ 78C7             >
  84+ 78C7             >
  84+ 78C7             >                endif           ; ok        // for other definitions it "points" the correct handler
  84+ 78C7             >                // Use of "; ok" to suppress "warning[fwdref]"
  84+ 78C7             >
  84+ 78C7             >last_NFA        defl    temp_NFA            // keep track of NFA saved above
  85+ 78C7
  86+ 78C7 A9 71                        dw      CBUILDS
  87+ 78C9
  88+ 78C9 3F 64 81 A0                  dw      LIT, $A081, COMMA       // $81A0 ,
  88+ 78CD 82 6E
  89+ 78CF B4 6D 00 6B                  dw      CURRENT, FETCH          // current @
  90+ 78D3 A7 69 82 6E                  dw      CELL_MINUS, COMMA       // cell- ,
  91+ 78D7 64 6E                        dw      HERE                    // here
  92+ 78D9 35 6D 00 6B                  dw      VOC_LINK, FETCH, COMMA  // voc-link @ ,
  92+ 78DD 82 6E
  93+ 78DF 35 6D 0C 6B                  dw      VOC_LINK, STORE         // voc-link !
  94+ 78E3
  95+ 78E3 BA 71                        dw      DOES_TO                 // does>
  96+ 78E5              Vocabulary_Does:
  97+ 78E5 9D 69                        dw      CELL_PLUS               // cell+
  98+ 78E7 A6 6D 0C 6B                  dw      CONTEXT, STORE          // context !
  99+ 78EB F1 68                        dw      EXIT                    // ;
 100+ 78ED
 101+ 78ED              //  ______________________________________________________________________
 102+ 78ED              //
 103+ 78ED              // forth        --
 104+ 78ED              // Name of the first vocabulary.
 105+ 78ED              // It makes FORTH the CONTEXT vocabulary.
 106+ 78ED              // Until new user vocabulary are defined, new colon-definitions becomes
 107+ 78ED              // part of FORTH. It is immediate, so it will executed during the creation
 108+ 78ED              // of a colon definition to be able to select the vocabulary.
 109+ 78ED
 110+ 78ED                              New_Def FORTH, "FORTH", Does_Ptr, is_immediate
 110+ 78ED             >temp_NFA        defl    $                   // save this NFA address to temp_NFA
 110+ 78ED             >
 110+ 78ED             >                // dummy db directives used to calculate length of namec
 110+ 78ED 46 4F 52 54 >                db      "FORTH"
 110+ 78F1 48          >
 110+ 78F2             >len_NFA         defl    $ - temp_NFA
 110+ 78F2             >                org     $ - len_NFA         // rewind to temp_NFA and re-do NFA part
 110+ 78ED             >
 110+ 78ED C5          >                db      len_NFA | END_BIT | is_immediate  // The start of NFA must have msb set to signal the beginning of the sounted string
 110+ 78EE 46 4F 52 54 >                db      "FORTH"               // name string in 7-bit ascii, but
 110+ 78F2 48          >
 110+ 78F3             >                org     $-1                 // alter last byte of Name just above to set
 110+ 78F2 C8          >                db      {b $} | END_BIT     // msb as name end
 110+ 78F3             >
 110+ 78F3 B7 78       >                dw      last_NFA            // Link to previous definition Name
 110+ 78F5             >FORTH:          if Does_Ptr != 0 ; ok        // This is the start address of the direct jp(hl)
 110+ 78F5 CD C7 71    >                call    Does_Ptr ; ok        // for primitive definitions  actual code
 110+ 78F8             >
 110+ 78F8             >
 110+ 78F8             >                endif           ; ok        // for other definitions it "points" the correct handler
 110+ 78F8             >                // Use of "; ok" to suppress "warning[fwdref]"
 110+ 78F8             >
 110+ 78F8             >last_NFA        defl    temp_NFA            // keep track of NFA saved above
 111+ 78F8 E5 78                        dw      Vocabulary_Does
 112+ 78FA
 113+ 78FA 81 A0                        db      $81, $A0
 114+ 78FC              Forth_Latest_Ptr:
 115+ 78FC DB 86                        dw      Latest_Definition // Fence_Word // Latest_Definition // Here_Dictionary
 116+ 78FE              Voclink_Ptr:
 117+ 78FE 00 00                        dw      0
 118+ 7900              // Any new vocabulary is structured as follow:
 119+ 7900              // PFA+0 points to DOES> part of VOCABULARY to perform CELL+ CONTEXT !
 120+ 7900              // PFA+2 is 81,A0 i.e. a null-word used as LATEST in the new vocabulary
 121+ 7900              // PFA+4 always contains the LATEST word of this VOCABULARY.
 122+ 7900              //       at creations it points to the null-word of its parent vocabulary
 123+ 7900              //       that is normally FORTH, For example ASSEMBLER points FORTH's null-word
 124+ 7900              // PFA+6 is the pointer that builds up the vocabulary linked list.
 125+ 7900              //       FORTH has 0 here to signal the end of the list and user's variable
 126+ 7900              //       VOC-LINK points to PFA+6 of the newest vocabulary created.
 127+ 7900              //       While FORTH is the only vocabulary, VOC-LINK points to FORTH's PFA+6
 128+ 7900              //       When ASSEMBLER is created, its PFA+6 points to FORTH's PFA+6, and so on
 129+ 7900
 130+ 7900              //  ______________________________________________________________________
 131+ 7900              //
 132+ 7900              // definitions  --
 133+ 7900              // Used in the form  cccc DEFINITIONS
 134+ 7900              // set the CURRENT vocabulary at CONTEXT to insert new definitions in
 135+ 7900              // vocabulary cccc.
 136+ 7900                              Colon_Def DEFINITIONS, "DEFINITIONS", is_normal
 136+ 7900             >                New_Def  DEFINITIONS, "DEFINITIONS", Enter_Ptr, is_normal ; ok
 136+ 7900             >temp_NFA        defl    $                   // save this NFA address to temp_NFA
 136+ 7900             >
 136+ 7900             >                // dummy db directives used to calculate length of namec
 136+ 7900 44 45 46 49 >                db      "DEFINITIONS"
 136+ 7904 4E 49 54 49 >
 136+ 7908 4F 4E 53    >
 136+ 790B             >len_NFA         defl    $ - temp_NFA
 136+ 790B             >                org     $ - len_NFA         // rewind to temp_NFA and re-do NFA part
 136+ 7900             >
 136+ 7900 8B          >                db      len_NFA | END_BIT | is_normal  // The start of NFA must have msb set to signal the beginning of the sounted string
 136+ 7901 44 45 46 49 >                db      "DEFINITIONS"               // name string in 7-bit ascii, but
 136+ 7905 4E 49 54 49 >
 136+ 7909 4F 4E 53    >
 136+ 790C             >                org     $-1                 // alter last byte of Name just above to set
 136+ 790B D3          >                db      {b $} | END_BIT     // msb as name end
 136+ 790C             >
 136+ 790C ED 78       >                dw      last_NFA            // Link to previous definition Name
 136+ 790E             >DEFINITIONS:          if Enter_Ptr != 0 ; ok        // This is the start address of the direct jp(hl)
 136+ 790E CD DF 6B    >                call    Enter_Ptr ; ok        // for primitive definitions  actual code
 136+ 7911             >
 136+ 7911             >
 136+ 7911             >                endif           ; ok        // for other definitions it "points" the correct handler
 136+ 7911             >                // Use of "; ok" to suppress "warning[fwdref]"
 136+ 7911             >
 136+ 7911             >last_NFA        defl    temp_NFA            // keep track of NFA saved above
 137+ 7911 A6 6D 00 6B                  dw      CONTEXT, FETCH          // context @
 138+ 7915 B4 6D 0C 6B                  dw      CURRENT, STORE          // current !
 139+ 7919 F1 68                        dw      EXIT                    // ;
 140+ 791B
 141+ 791B              //  ______________________________________________________________________
 142+ 791B              //
 143+ 791B              // (            -- cccc )
 144+ 791B              // the following text is interpreted as a comment until a closing )
 145+ 791B                              Colon_Def COMMENT_BRAKET, "(", is_immediate
 145+ 791B             >                New_Def  COMMENT_BRAKET, "(", Enter_Ptr, is_immediate ; ok
 145+ 791B             >temp_NFA        defl    $                   // save this NFA address to temp_NFA
 145+ 791B             >
 145+ 791B             >                // dummy db directives used to calculate length of namec
 145+ 791B 28          >                db      "("
 145+ 791C             >len_NFA         defl    $ - temp_NFA
 145+ 791C             >                org     $ - len_NFA         // rewind to temp_NFA and re-do NFA part
 145+ 791B             >
 145+ 791B C1          >                db      len_NFA | END_BIT | is_immediate  // The start of NFA must have msb set to signal the beginning of the sounted string
 145+ 791C 28          >                db      "("               // name string in 7-bit ascii, but
 145+ 791D             >                org     $-1                 // alter last byte of Name just above to set
 145+ 791C A8          >                db      {b $} | END_BIT     // msb as name end
 145+ 791D             >
 145+ 791D 00 79       >                dw      last_NFA            // Link to previous definition Name
 145+ 791F             >COMMENT_BRAKET:          if Enter_Ptr != 0 ; ok        // This is the start address of the direct jp(hl)
 145+ 791F CD DF 6B    >                call    Enter_Ptr ; ok        // for primitive definitions  actual code
 145+ 7922             >
 145+ 7922             >
 145+ 7922             >                endif           ; ok        // for other definitions it "points" the correct handler
 145+ 7922             >                // Use of "; ok" to suppress "warning[fwdref]"
 145+ 7922             >
 145+ 7922             >last_NFA        defl    temp_NFA            // keep track of NFA saved above
 146+ 7922 3F 64 29 00                  dw      LIT, ")"                // [char] )
 147+ 7926 CB 73 F9 69                  dw      WORD, DROP              // word drop
 148+ 792A F1 68                        dw      EXIT                    // ;
 149+ 792C
 150+ 792C              //  ______________________________________________________________________
 151+ 792C              //
 152+ 792C              // quit         --
 153+ 792C              // \ Erase the return-stack, stop any compilation and give controlo to the console. No message is issued.
 154+ 792C                              Colon_Def QUIT, "QUIT", is_normal
 154+ 792C             >                New_Def  QUIT, "QUIT", Enter_Ptr, is_normal ; ok
 154+ 792C             >temp_NFA        defl    $                   // save this NFA address to temp_NFA
 154+ 792C             >
 154+ 792C             >                // dummy db directives used to calculate length of namec
 154+ 792C 51 55 49 54 >                db      "QUIT"
 154+ 7930             >len_NFA         defl    $ - temp_NFA
 154+ 7930             >                org     $ - len_NFA         // rewind to temp_NFA and re-do NFA part
 154+ 792C             >
 154+ 792C 84          >                db      len_NFA | END_BIT | is_normal  // The start of NFA must have msb set to signal the beginning of the sounted string
 154+ 792D 51 55 49 54 >                db      "QUIT"               // name string in 7-bit ascii, but
 154+ 7931             >                org     $-1                 // alter last byte of Name just above to set
 154+ 7930 D4          >                db      {b $} | END_BIT     // msb as name end
 154+ 7931             >
 154+ 7931 1B 79       >                dw      last_NFA            // Link to previous definition Name
 154+ 7933             >QUIT:          if Enter_Ptr != 0 ; ok        // This is the start address of the direct jp(hl)
 154+ 7933 CD DF 6B    >                call    Enter_Ptr ; ok        // for primitive definitions  actual code
 154+ 7936             >
 154+ 7936             >
 154+ 7936             >                endif           ; ok        // for other definitions it "points" the correct handler
 154+ 7936             >                // Use of "; ok" to suppress "warning[fwdref]"
 154+ 7936             >
 154+ 7936             >last_NFA        defl    temp_NFA            // keep track of NFA saved above
 155+ 7936
 156+ 7936              //              dw      SOURCE_ID, FETCH        // source-id @
 157+ 7936              //              dw      F_CLOSE, DROP           // f_close drop
 158+ 7936 57 6C 37 6E                  dw      ZERO, SOURCE_ID, STORE  // 0 source-id !
 158+ 793A 0C 6B
 159+ 793C 57 6C 6D 6D                  dw      ZERO, BLK, STORE        // 0 blk !
 159+ 7940 0C 6B
 160+ 7942 F0 70                        dw      SQUARED_OPEN            // [compile] [
 161+ 7944                                                              // begin
 162+ 7944              Quit_Begin:
 163+ 7944 ED 6C 00 6B                  dw      R0, FETCH, RPSTORE      //      r0 @ rp!
 163+ 7948 E7 68
 164+ 794A 98 66                        dw      CR                      //      cr
 165+ 794C 49 73                        dw      QUERY                   //      query
 166+ 794E              Next_Breakpoint_1:
 167+ 794E 6E 78                        dw      INTERPRET               //      interpret
 168+ 7950 C0 6D 00 6B                  dw      STATE, FETCH, ZEQUAL    //      state @ 0=
 168+ 7954 22 69
 169+ 7956                                                              //      if
 170+ 7956 B7 64                        dw      ZBRANCH
 171+ 7958 07 00                        dw      Quit_Endif - $
 172+ 795A 1B 74                        dw          C_DOT_QUOTE
 173+ 795C 02 6F 6B                     db          2, "ok"             //          .( ok)
 174+ 795F              Quit_Endif:                                     //      else
 175+ 795F                                                              // again
 176+ 795F A2 64                        dw      BRANCH
 177+ 7961 E3 FF                        dw      Quit_Begin - $
 178+ 7963 F1 68                        dw      EXIT                    // ;
 179+ 7965
 180+ 7965              //  ______________________________________________________________________
 181+ 7965              //
 182+ 7965              // abort        --
 183+ 7965                              Colon_Def ABORT, "ABORT", is_normal
 183+ 7965             >                New_Def  ABORT, "ABORT", Enter_Ptr, is_normal ; ok
 183+ 7965             >temp_NFA        defl    $                   // save this NFA address to temp_NFA
 183+ 7965             >
 183+ 7965             >                // dummy db directives used to calculate length of namec
 183+ 7965 41 42 4F 52 >                db      "ABORT"
 183+ 7969 54          >
 183+ 796A             >len_NFA         defl    $ - temp_NFA
 183+ 796A             >                org     $ - len_NFA         // rewind to temp_NFA and re-do NFA part
 183+ 7965             >
 183+ 7965 85          >                db      len_NFA | END_BIT | is_normal  // The start of NFA must have msb set to signal the beginning of the sounted string
 183+ 7966 41 42 4F 52 >                db      "ABORT"               // name string in 7-bit ascii, but
 183+ 796A 54          >
 183+ 796B             >                org     $-1                 // alter last byte of Name just above to set
 183+ 796A D4          >                db      {b $} | END_BIT     // msb as name end
 183+ 796B             >
 183+ 796B 2C 79       >                dw      last_NFA            // Link to previous definition Name
 183+ 796D             >ABORT:          if Enter_Ptr != 0 ; ok        // This is the start address of the direct jp(hl)
 183+ 796D CD DF 6B    >                call    Enter_Ptr ; ok        // for primitive definitions  actual code
 183+ 7970             >
 183+ 7970             >
 183+ 7970             >                endif           ; ok        // for other definitions it "points" the correct handler
 183+ 7970             >                // Use of "; ok" to suppress "warning[fwdref]"
 183+ 7970             >
 183+ 7970             >last_NFA        defl    temp_NFA            // keep track of NFA saved above
 184+ 7970 E4 6C 00 6B                  dw      S0, FETCH               // s0 @
 185+ 7974 86 6C                        dw      BL                      // bl
 186+ 7976 EB 69 0C 6B                  dw      OVER, STORE             // over !
 187+ 797A D4 68                        dw      SPSTORE                 // sp!
 188+ 797C 58 71                        dw      DECIMAL                 // decimal
 189+ 797E F5 78                        dw      FORTH                   // [compile] forth
 190+ 7980 0E 79                        dw      DEFINITIONS             // definitions
 191+ 7982
 192+ 7982 F0 70                        dw      SQUARED_OPEN            // [compile] [
 193+ 7984 ED 6C 00 6B                  dw      R0, FETCH, RPSTORE      //      r0 @ rp!
 193+ 7988 E7 68
 194+ 798A
 195+ 798A              Autoexec_Ptr:
 196+ 798A 6C 84                        dw      AUTOEXEC                // autoexec, patched to noop
 197+ 798C 33 79                        dw      QUIT                    // quit
 198+ 798E              //              dw      EXIT                    // ;
 199+ 798E
 200+ 798E              //  ______________________________________________________________________
 201+ 798E              //
 202+ 798E              // warm         --
 203+ 798E                              Colon_Def WARM, "WARM", is_normal
 203+ 798E             >                New_Def  WARM, "WARM", Enter_Ptr, is_normal ; ok
 203+ 798E             >temp_NFA        defl    $                   // save this NFA address to temp_NFA
 203+ 798E             >
 203+ 798E             >                // dummy db directives used to calculate length of namec
 203+ 798E 57 41 52 4D >                db      "WARM"
 203+ 7992             >len_NFA         defl    $ - temp_NFA
 203+ 7992             >                org     $ - len_NFA         // rewind to temp_NFA and re-do NFA part
 203+ 798E             >
 203+ 798E 84          >                db      len_NFA | END_BIT | is_normal  // The start of NFA must have msb set to signal the beginning of the sounted string
 203+ 798F 57 41 52 4D >                db      "WARM"               // name string in 7-bit ascii, but
 203+ 7993             >                org     $-1                 // alter last byte of Name just above to set
 203+ 7992 CD          >                db      {b $} | END_BIT     // msb as name end
 203+ 7993             >
 203+ 7993 65 79       >                dw      last_NFA            // Link to previous definition Name
 203+ 7995             >WARM:          if Enter_Ptr != 0 ; ok        // This is the start address of the direct jp(hl)
 203+ 7995 CD DF 6B    >                call    Enter_Ptr ; ok        // for primitive definitions  actual code
 203+ 7998             >
 203+ 7998             >
 203+ 7998             >                endif           ; ok        // for other definitions it "points" the correct handler
 203+ 7998             >                // Use of "; ok" to suppress "warning[fwdref]"
 203+ 7998             >
 203+ 7998             >last_NFA        defl    temp_NFA            // keep track of NFA saved above
 204+ 7998              //              dw      BLK_INIT                // blk-init
 205+ 7998 34 83                        dw      SPLASH                  // splash
 206+ 799A                          //  dw      LIT, 7, EMIT            // 7 emit
 207+ 799A 6D 79                        dw      ABORT                   // abort
 208+ 799C                          //  dw      EXIT                    // exit
 209+ 799C
 210+ 799C              //  ______________________________________________________________________
 211+ 799C              //
 212+ 799C              // cold         --
 213+ 799C                              Colon_Def COLD, "COLD", is_normal
 213+ 799C             >                New_Def  COLD, "COLD", Enter_Ptr, is_normal ; ok
 213+ 799C             >temp_NFA        defl    $                   // save this NFA address to temp_NFA
 213+ 799C             >
 213+ 799C             >                // dummy db directives used to calculate length of namec
 213+ 799C 43 4F 4C 44 >                db      "COLD"
 213+ 79A0             >len_NFA         defl    $ - temp_NFA
 213+ 79A0             >                org     $ - len_NFA         // rewind to temp_NFA and re-do NFA part
 213+ 799C             >
 213+ 799C 84          >                db      len_NFA | END_BIT | is_normal  // The start of NFA must have msb set to signal the beginning of the sounted string
 213+ 799D 43 4F 4C 44 >                db      "COLD"               // name string in 7-bit ascii, but
 213+ 79A1             >                org     $-1                 // alter last byte of Name just above to set
 213+ 79A0 C4          >                db      {b $} | END_BIT     // msb as name end
 213+ 79A1             >
 213+ 79A1 8E 79       >                dw      last_NFA            // Link to previous definition Name
 213+ 79A3             >COLD:          if Enter_Ptr != 0 ; ok        // This is the start address of the direct jp(hl)
 213+ 79A3 CD DF 6B    >                call    Enter_Ptr ; ok        // for primitive definitions  actual code
 213+ 79A6             >
 213+ 79A6             >
 213+ 79A6             >                endif           ; ok        // for other definitions it "points" the correct handler
 213+ 79A6             >                // Use of "; ok" to suppress "warning[fwdref]"
 213+ 79A6             >
 213+ 79A6             >last_NFA        defl    temp_NFA            // keep track of NFA saved above
 214+ 79A6 02 6C 02 6C                  dw      NOOP, NOOP
 215+ 79AA 3F 64 12 64                  dw      LIT, S0_origin          // [ hex $12 +origin ] Literal
 216+ 79AE 3F 64 2E 64                  dw      LIT, USER_Pointer       // [ hex $2E +origin ] literal
 217+ 79B2 00 6B                        dw      FETCH                   // @
 218+ 79B4 3F 64 06 00                  dw      LIT, 6, PLUS            // 6 +
 218+ 79B8 5C 69
 219+ 79BA 3F 64 14 00                  dw      LIT, 20                 // 20
 220+ 79BE 0B 68                        dw      CMOVE
 221+ 79C0 3F 64 0C 64                  dw      LIT, Latest_origin      // [ hex 0C +origin ] literal
 222+ 79C4 00 6B                        dw      FETCH                   // @
 223+ 79C6 3F 64 FC 78                  dw      LIT, Forth_Latest_Ptr   // [ ' forth >body 4 + ] Literal
 224+ 79CA 0C 6B                        dw      STORE                   // !
 225+ 79CC 57 6C 63 6D                  dw      ZERO, NMODE, STORE      // 0 nmode !
 225+ 79D0 0C 6B
 226+ 79D2 41 6D 00 6B                  dw      FIRST, FETCH, DUP       // first @ dup
 226+ 79D6 26 6A
 227+ 79D8 07 6E 0C 6B                  dw      USED, STORE             // use !
 228+ 79DC 12 6E 0C 6B                  dw      PREV, STORE             // prev !
 229+ 79E0 3F 64 04 00                  dw      LIT, 4, PLACE, STORE    // 4 place !
 229+ 79E4 27 6E 0C 6B
 230+ 79E8              //              dw      LIT, 8
 231+ 79E8              //              dw      LIT, FLAGS2, CSTORE     // 8 5C6A c!
 232+ 79E8 3B 7F                        dw      EMPTY_BUFFERS
 233+ 79EA
 234+ 79EA 69 6C 59 6E                  dw      TWO, HP, STORE          // 2 hp !
 234+ 79EE 0C 6B
 235+ 79F0
 236+ 79F0 95 79        Warm_Start:     dw      WARM
 237+ 79F2 A3 79        Cold_Start:     dw      COLD
 238+ 79F4 F1 68                        dw      EXIT
 239+ 79F6
 240+ 79F6              //  ______________________________________________________________________
 241+ 79F6              WarmRoutine:
 242+ 79F6              ColdRoutine:
 243+ 79F6 D9                           exx
 244+ 79F7 E5                           push    hl                      // save Basic's return address
 245+ 79F8 D9                           exx
 246+ 79F9 ED 73 08 64                  ld      (SP_Basic), sp
 247+ 79FD
 248+ 79FD                              // pre-set the four main 16-bit registers
 249+ 79FD ED 7B 12 64                  ld      sp, (S0_origin)         // Calculator Stack Pointer
 250+ 7A01 2A 14 64                     ld      hl, (R0_origin)         // Return Stack Pointer
 251+ 7A04 EB                           ex      de, hl
 252+ 7A05 DD 21 32 64                  ld      ix, Next_Ptr            // Inner Interpreter Pointer
 253+ 7A09 01 F0 79                     ld      bc, Warm_Start          // Instruction Pointer
 254+ 7A0C
 255+ 7A0C 38 02                        jr      c, Warm_Skip
 256+ 7A0E 03                           inc     bc
 257+ 7A0F 03                           inc     bc
 258+ 7A10              Warm_Skip:
 259+ 7A10                              next
 259+ 7A10 DD E9       >                jp      (ix)
 260+ 7A12
 261+ 7A12              //  ______________________________________________________________________
 262+ 7A12              //
 263+ 7A12              // basic        --
 264+ 7A12                              New_Def BASIC, "BASIC", is_code, is_normal
 264+ 7A12             >temp_NFA        defl    $                   // save this NFA address to temp_NFA
 264+ 7A12             >
 264+ 7A12             >                // dummy db directives used to calculate length of namec
 264+ 7A12 42 41 53 49 >                db      "BASIC"
 264+ 7A16 43          >
 264+ 7A17             >len_NFA         defl    $ - temp_NFA
 264+ 7A17             >                org     $ - len_NFA         // rewind to temp_NFA and re-do NFA part
 264+ 7A12             >
 264+ 7A12 85          >                db      len_NFA | END_BIT | is_normal  // The start of NFA must have msb set to signal the beginning of the sounted string
 264+ 7A13 42 41 53 49 >                db      "BASIC"               // name string in 7-bit ascii, but
 264+ 7A17 43          >
 264+ 7A18             >                org     $-1                 // alter last byte of Name just above to set
 264+ 7A17 C3          >                db      {b $} | END_BIT     // msb as name end
 264+ 7A18             >
 264+ 7A18 9C 79       >                dw      last_NFA            // Link to previous definition Name
 264+ 7A1A             >BASIC:          if is_code != 0 ; ok        // This is the start address of the direct jp(hl)
 264+ 7A1A ~           >                call    runcode ; ok        // for primitive definitions  actual code
 264+ 7A1A ~           >
 264+ 7A1A ~           >
 264+ 7A1A             >                endif           ; ok        // for other definitions it "points" the correct handler
 264+ 7A1A             >                // Use of "; ok" to suppress "warning[fwdref]"
 264+ 7A1A             >
 264+ 7A1A             >last_NFA        defl    temp_NFA            // keep track of NFA saved above
 265+ 7A1A C1                           pop     bc                      // return  TOS  value to Basic
 266+ 7A1B 21 00 00                     ld      hl, 0
 267+ 7A1E 39                           add     hl, sp
 268+ 7A1F ED 7B 08 64                  ld      sp, (SP_Basic)          // restore Basic's SP
 269+ 7A23              //              nop
 270+ 7A23 22 08 64                     ld      (SP_Basic),hl           // but also save Forth's
 271+ 7A26 D9                           exx
 272+ 7A27 E1                           pop     hl                      // restore h'l'
 273+ 7A28 D9                           exx
 274+ 7A29 C9                           ret                             // to where USR Basic was left
 275+ 7A2A
 276+ 7A2A              //  ______________________________________________________________________
 277+ 7A2A              //
 278+ 7A2A              // +-           n1 n2 -- n3
 279+ 7A2A              // leaves n1 with the sign of n2 as n3.
 280+ 7A2A                              Colon_Def PLUS_MINUS, "+-", is_normal
 280+ 7A2A             >                New_Def  PLUS_MINUS, "+-", Enter_Ptr, is_normal ; ok
 280+ 7A2A             >temp_NFA        defl    $                   // save this NFA address to temp_NFA
 280+ 7A2A             >
 280+ 7A2A             >                // dummy db directives used to calculate length of namec
 280+ 7A2A 2B 2D       >                db      "+-"
 280+ 7A2C             >len_NFA         defl    $ - temp_NFA
 280+ 7A2C             >                org     $ - len_NFA         // rewind to temp_NFA and re-do NFA part
 280+ 7A2A             >
 280+ 7A2A 82          >                db      len_NFA | END_BIT | is_normal  // The start of NFA must have msb set to signal the beginning of the sounted string
 280+ 7A2B 2B 2D       >                db      "+-"               // name string in 7-bit ascii, but
 280+ 7A2D             >                org     $-1                 // alter last byte of Name just above to set
 280+ 7A2C AD          >                db      {b $} | END_BIT     // msb as name end
 280+ 7A2D             >
 280+ 7A2D 12 7A       >                dw      last_NFA            // Link to previous definition Name
 280+ 7A2F             >PLUS_MINUS:          if Enter_Ptr != 0 ; ok        // This is the start address of the direct jp(hl)
 280+ 7A2F CD DF 6B    >                call    Enter_Ptr ; ok        // for primitive definitions  actual code
 280+ 7A32             >
 280+ 7A32             >
 280+ 7A32             >                endif           ; ok        // for other definitions it "points" the correct handler
 280+ 7A32             >                // Use of "; ok" to suppress "warning[fwdref]"
 280+ 7A32             >
 280+ 7A32             >last_NFA        defl    temp_NFA            // keep track of NFA saved above
 281+ 7A32 3C 69                        dw      ZLESS                   // 0<
 282+ 7A34                                                              // if
 283+ 7A34 B7 64                        dw      ZBRANCH
 284+ 7A36 04 00                        dw      Plus_Minus_Endif - $
 285+ 7A38 BE 69                        dw          MINUS               //      minus
 286+ 7A3A              Plus_Minus_Endif:                               // endif
 287+ 7A3A F1 68                        dw      EXIT                    // ;
 288+ 7A3C
 289+ 7A3C              //  ______________________________________________________________________
 290+ 7A3C              //
 291+ 7A3C              // d+-          d1 n -- d2
 292+ 7A3C              // leaves d1 with the sign of n as d2.
 293+ 7A3C                              Colon_Def DPLUS_MINUS, "D+-", is_normal
 293+ 7A3C             >                New_Def  DPLUS_MINUS, "D+-", Enter_Ptr, is_normal ; ok
 293+ 7A3C             >temp_NFA        defl    $                   // save this NFA address to temp_NFA
 293+ 7A3C             >
 293+ 7A3C             >                // dummy db directives used to calculate length of namec
 293+ 7A3C 44 2B 2D    >                db      "D+-"
 293+ 7A3F             >len_NFA         defl    $ - temp_NFA
 293+ 7A3F             >                org     $ - len_NFA         // rewind to temp_NFA and re-do NFA part
 293+ 7A3C             >
 293+ 7A3C 83          >                db      len_NFA | END_BIT | is_normal  // The start of NFA must have msb set to signal the beginning of the sounted string
 293+ 7A3D 44 2B 2D    >                db      "D+-"               // name string in 7-bit ascii, but
 293+ 7A40             >                org     $-1                 // alter last byte of Name just above to set
 293+ 7A3F AD          >                db      {b $} | END_BIT     // msb as name end
 293+ 7A40             >
 293+ 7A40 2A 7A       >                dw      last_NFA            // Link to previous definition Name
 293+ 7A42             >DPLUS_MINUS:          if Enter_Ptr != 0 ; ok        // This is the start address of the direct jp(hl)
 293+ 7A42 CD DF 6B    >                call    Enter_Ptr ; ok        // for primitive definitions  actual code
 293+ 7A45             >
 293+ 7A45             >
 293+ 7A45             >                endif           ; ok        // for other definitions it "points" the correct handler
 293+ 7A45             >                // Use of "; ok" to suppress "warning[fwdref]"
 293+ 7A45             >
 293+ 7A45             >last_NFA        defl    temp_NFA            // keep track of NFA saved above
 294+ 7A45 3C 69                        dw      ZLESS                   // 0<
 295+ 7A47                                                              // if
 296+ 7A47 B7 64                        dw      ZBRANCH
 297+ 7A49 04 00                        dw      DPlus_Minus_Endif - $
 298+ 7A4B D3 69                        dw          DMINUS              //      dminus
 299+ 7A4D              DPlus_Minus_Endif:                              // endif
 300+ 7A4D F1 68                        dw      EXIT                    // ;
 301+ 7A4F
 302+ 7A4F              //  ______________________________________________________________________
 303+ 7A4F              //
 304+ 7A4F              // abs          n1 -- n2
 305+ 7A4F                              Colon_Def ABS_OP, "ABS", is_normal
 305+ 7A4F             >                New_Def  ABS_OP, "ABS", Enter_Ptr, is_normal ; ok
 305+ 7A4F             >temp_NFA        defl    $                   // save this NFA address to temp_NFA
 305+ 7A4F             >
 305+ 7A4F             >                // dummy db directives used to calculate length of namec
 305+ 7A4F 41 42 53    >                db      "ABS"
 305+ 7A52             >len_NFA         defl    $ - temp_NFA
 305+ 7A52             >                org     $ - len_NFA         // rewind to temp_NFA and re-do NFA part
 305+ 7A4F             >
 305+ 7A4F 83          >                db      len_NFA | END_BIT | is_normal  // The start of NFA must have msb set to signal the beginning of the sounted string
 305+ 7A50 41 42 53    >                db      "ABS"               // name string in 7-bit ascii, but
 305+ 7A53             >                org     $-1                 // alter last byte of Name just above to set
 305+ 7A52 D3          >                db      {b $} | END_BIT     // msb as name end
 305+ 7A53             >
 305+ 7A53 3C 7A       >                dw      last_NFA            // Link to previous definition Name
 305+ 7A55             >ABS_OP:          if Enter_Ptr != 0 ; ok        // This is the start address of the direct jp(hl)
 305+ 7A55 CD DF 6B    >                call    Enter_Ptr ; ok        // for primitive definitions  actual code
 305+ 7A58             >
 305+ 7A58             >
 305+ 7A58             >                endif           ; ok        // for other definitions it "points" the correct handler
 305+ 7A58             >                // Use of "; ok" to suppress "warning[fwdref]"
 305+ 7A58             >
 305+ 7A58             >last_NFA        defl    temp_NFA            // keep track of NFA saved above
 306+ 7A58 26 6A                        dw      DUP                     // dup
 307+ 7A5A 2F 7A                        dw      PLUS_MINUS              // +-
 308+ 7A5C F1 68                        dw      EXIT                    // ;
 309+ 7A5E
 310+ 7A5E              //  ______________________________________________________________________
 311+ 7A5E              //
 312+ 7A5E              // dabs         d1 -- d2
 313+ 7A5E                              Colon_Def DABS, "DABS", is_normal
 313+ 7A5E             >                New_Def  DABS, "DABS", Enter_Ptr, is_normal ; ok
 313+ 7A5E             >temp_NFA        defl    $                   // save this NFA address to temp_NFA
 313+ 7A5E             >
 313+ 7A5E             >                // dummy db directives used to calculate length of namec
 313+ 7A5E 44 41 42 53 >                db      "DABS"
 313+ 7A62             >len_NFA         defl    $ - temp_NFA
 313+ 7A62             >                org     $ - len_NFA         // rewind to temp_NFA and re-do NFA part
 313+ 7A5E             >
 313+ 7A5E 84          >                db      len_NFA | END_BIT | is_normal  // The start of NFA must have msb set to signal the beginning of the sounted string
 313+ 7A5F 44 41 42 53 >                db      "DABS"               // name string in 7-bit ascii, but
 313+ 7A63             >                org     $-1                 // alter last byte of Name just above to set
 313+ 7A62 D3          >                db      {b $} | END_BIT     // msb as name end
 313+ 7A63             >
 313+ 7A63 4F 7A       >                dw      last_NFA            // Link to previous definition Name
 313+ 7A65             >DABS:          if Enter_Ptr != 0 ; ok        // This is the start address of the direct jp(hl)
 313+ 7A65 CD DF 6B    >                call    Enter_Ptr ; ok        // for primitive definitions  actual code
 313+ 7A68             >
 313+ 7A68             >
 313+ 7A68             >                endif           ; ok        // for other definitions it "points" the correct handler
 313+ 7A68             >                // Use of "; ok" to suppress "warning[fwdref]"
 313+ 7A68             >
 313+ 7A68             >last_NFA        defl    temp_NFA            // keep track of NFA saved above
 314+ 7A68 26 6A                        dw      DUP                     // dup
 315+ 7A6A 42 7A                        dw      DPLUS_MINUS             // d+-
 316+ 7A6C F1 68                        dw      EXIT                    // ;
 317+ 7A6E
 318+ 7A6E              //  ______________________________________________________________________
 319+ 7A6E              //
 320+ 7A6E              // m*           n1 n2 -- d
 321+ 7A6E              // multiply two integer giving a double
 322+ 7A6E                              Colon_Def MMUL, "M*", is_normal
 322+ 7A6E             >                New_Def  MMUL, "M*", Enter_Ptr, is_normal ; ok
 322+ 7A6E             >temp_NFA        defl    $                   // save this NFA address to temp_NFA
 322+ 7A6E             >
 322+ 7A6E             >                // dummy db directives used to calculate length of namec
 322+ 7A6E 4D 2A       >                db      "M*"
 322+ 7A70             >len_NFA         defl    $ - temp_NFA
 322+ 7A70             >                org     $ - len_NFA         // rewind to temp_NFA and re-do NFA part
 322+ 7A6E             >
 322+ 7A6E 82          >                db      len_NFA | END_BIT | is_normal  // The start of NFA must have msb set to signal the beginning of the sounted string
 322+ 7A6F 4D 2A       >                db      "M*"               // name string in 7-bit ascii, but
 322+ 7A71             >                org     $-1                 // alter last byte of Name just above to set
 322+ 7A70 AA          >                db      {b $} | END_BIT     // msb as name end
 322+ 7A71             >
 322+ 7A71 5E 7A       >                dw      last_NFA            // Link to previous definition Name
 322+ 7A73             >MMUL:          if Enter_Ptr != 0 ; ok        // This is the start address of the direct jp(hl)
 322+ 7A73 CD DF 6B    >                call    Enter_Ptr ; ok        // for primitive definitions  actual code
 322+ 7A76             >
 322+ 7A76             >
 322+ 7A76             >                endif           ; ok        // for other definitions it "points" the correct handler
 322+ 7A76             >                // Use of "; ok" to suppress "warning[fwdref]"
 322+ 7A76             >
 322+ 7A76             >last_NFA        defl    temp_NFA            // keep track of NFA saved above
 323+ 7A76 B6 6A B7 68                  dw      TWO_DUP, XOR_OP, TO_R   // 2dup xor >r
 323+ 7A7A FE 68
 324+ 7A7C 55 7A 1B 6A                  dw      ABS_OP, SWAP            // abs swap
 325+ 7A80 55 7A 3A 68                  dw      ABS_OP, UM_MUL          // abs um*
 326+ 7A84 0C 69 42 7A                  dw      R_TO, DPLUS_MINUS       // r> d+-
 327+ 7A88 F1 68                        dw      EXIT                    // ;
 328+ 7A8A
 329+ 7A8A              //  ______________________________________________________________________
 330+ 7A8A              //
 331+ 7A8A              // sm/rem       d n -- q r
 332+ 7A8A              // Symmetric division: divides a double into n giving quotient q and remainder r
 333+ 7A8A              // the remainder has the sign of d.
 334+ 7A8A                              Colon_Def SMDIVM, "SM/REM", is_normal
 334+ 7A8A             >                New_Def  SMDIVM, "SM/REM", Enter_Ptr, is_normal ; ok
 334+ 7A8A             >temp_NFA        defl    $                   // save this NFA address to temp_NFA
 334+ 7A8A             >
 334+ 7A8A             >                // dummy db directives used to calculate length of namec
 334+ 7A8A 53 4D 2F 52 >                db      "SM/REM"
 334+ 7A8E 45 4D       >
 334+ 7A90             >len_NFA         defl    $ - temp_NFA
 334+ 7A90             >                org     $ - len_NFA         // rewind to temp_NFA and re-do NFA part
 334+ 7A8A             >
 334+ 7A8A 86          >                db      len_NFA | END_BIT | is_normal  // The start of NFA must have msb set to signal the beginning of the sounted string
 334+ 7A8B 53 4D 2F 52 >                db      "SM/REM"               // name string in 7-bit ascii, but
 334+ 7A8F 45 4D       >
 334+ 7A91             >                org     $-1                 // alter last byte of Name just above to set
 334+ 7A90 CD          >                db      {b $} | END_BIT     // msb as name end
 334+ 7A91             >
 334+ 7A91 6E 7A       >                dw      last_NFA            // Link to previous definition Name
 334+ 7A93             >SMDIVM:          if Enter_Ptr != 0 ; ok        // This is the start address of the direct jp(hl)
 334+ 7A93 CD DF 6B    >                call    Enter_Ptr ; ok        // for primitive definitions  actual code
 334+ 7A96             >
 334+ 7A96             >
 334+ 7A96             >                endif           ; ok        // for other definitions it "points" the correct handler
 334+ 7A96             >                // Use of "; ok" to suppress "warning[fwdref]"
 334+ 7A96             >
 334+ 7A96             >last_NFA        defl    temp_NFA            // keep track of NFA saved above
 335+ 7A96 EB 69 FE 68                  dw      OVER, TO_R, TO_R        // over >r >r
 335+ 7A9A FE 68
 336+ 7A9C 65 7A 1A 69                  dw      DABS, R_OP, ABS_OP      // dabs r abs
 336+ 7AA0 55 7A
 337+ 7AA2 5E 68                        dw      UMDIVMOD                // um/mod
 338+ 7AA4 0C 69                        dw      R_TO                    // r>
 339+ 7AA6 1A 69 B7 68                  dw      R_OP, XOR_OP            // r xor
 340+ 7AAA 2F 7A 1B 6A                  dw      PLUS_MINUS, SWAP        // +- swap
 341+ 7AAE 0C 69                        dw      R_TO                    // r>
 342+ 7AB0 2F 7A 1B 6A                  dw      PLUS_MINUS, SWAP        // +- swap
 343+ 7AB4 F1 68                        dw      EXIT                    // ;
 344+ 7AB6
 345+ 7AB6              //  ______________________________________________________________________
 346+ 7AB6              //
 347+ 7AB6              // fm/mod       d n -- q r
 348+ 7AB6              // Floored division: divides a double into n giving quotient q and remainder r
 349+ 7AB6              // the remainder has the sign of d.
 350+ 7AB6                              Colon_Def FMDIVM, "FM/MOD", is_normal
 350+ 7AB6             >                New_Def  FMDIVM, "FM/MOD", Enter_Ptr, is_normal ; ok
 350+ 7AB6             >temp_NFA        defl    $                   // save this NFA address to temp_NFA
 350+ 7AB6             >
 350+ 7AB6             >                // dummy db directives used to calculate length of namec
 350+ 7AB6 46 4D 2F 4D >                db      "FM/MOD"
 350+ 7ABA 4F 44       >
 350+ 7ABC             >len_NFA         defl    $ - temp_NFA
 350+ 7ABC             >                org     $ - len_NFA         // rewind to temp_NFA and re-do NFA part
 350+ 7AB6             >
 350+ 7AB6 86          >                db      len_NFA | END_BIT | is_normal  // The start of NFA must have msb set to signal the beginning of the sounted string
 350+ 7AB7 46 4D 2F 4D >                db      "FM/MOD"               // name string in 7-bit ascii, but
 350+ 7ABB 4F 44       >
 350+ 7ABD             >                org     $-1                 // alter last byte of Name just above to set
 350+ 7ABC C4          >                db      {b $} | END_BIT     // msb as name end
 350+ 7ABD             >
 350+ 7ABD 8A 7A       >                dw      last_NFA            // Link to previous definition Name
 350+ 7ABF             >FMDIVM:          if Enter_Ptr != 0 ; ok        // This is the start address of the direct jp(hl)
 350+ 7ABF CD DF 6B    >                call    Enter_Ptr ; ok        // for primitive definitions  actual code
 350+ 7AC2             >
 350+ 7AC2             >
 350+ 7AC2             >                endif           ; ok        // for other definitions it "points" the correct handler
 350+ 7AC2             >                // Use of "; ok" to suppress "warning[fwdref]"
 350+ 7AC2             >
 350+ 7AC2             >last_NFA        defl    temp_NFA            // keep track of NFA saved above
 351+ 7AC2 26 6A FE 68                  dw      DUP, TO_R               // dup >r
 352+ 7AC6 93 7A                        dw      SMDIVM
 353+ 7AC8 EB 69 26 6A                  dw      OVER, DUP
 354+ 7ACC 22 69 22 69                  dw      ZEQUAL, ZEQUAL
 355+ 7AD0 1B 6A 3C 69                  dw      SWAP, ZLESS
 356+ 7AD4 1A 69 3C 69                  dw      R_OP, ZLESS
 357+ 7AD8 B7 68 95 68                  dw      XOR_OP, AND_OP
 358+ 7ADC B7 64                        dw      ZBRANCH
 359+ 7ADE 10 00                        dw      Fm_Mod_Else - $
 360+ 7AE0 85 69                        dw          ONE_SUBTRACT
 361+ 7AE2 1B 6A 0C 69                  dw          SWAP, R_TO
 362+ 7AE6 5C 69 1B 6A                  dw          PLUS, SWAP
 363+ 7AEA A2 64                        dw      BRANCH
 364+ 7AEC 06 00                        dw      Fm_Mod_Endif - $
 365+ 7AEE              Fm_Mod_Else:
 366+ 7AEE 0C 69 F9 69                  dw          R_TO, DROP
 367+ 7AF2              Fm_Mod_Endif:
 368+ 7AF2 F1 68                        dw      EXIT
 369+ 7AF4              //              dw      TWO_DUP                 // 2dup
 370+ 7AF4              //              dw      XOR_OP, TO_R, TO_R      // xor >r >r
 371+ 7AF4              //              dw      DABS, R_OP, ABS_OP      // dabs r abs
 372+ 7AF4              //              dw      UMDIVMOD                // um/mod
 373+ 7AF4              //              dw      SWAP                    // swap
 374+ 7AF4              //              dw      II, ZLESS               // i'
 375+ 7AF4              //              dw      ONE, AND_OP, PLUS       // 0< 1 and +
 376+ 7AF4              //              dw      R_TO                    // r>
 377+ 7AF4              //              dw      PLUS_MINUS, SWAP        // +- swap
 378+ 7AF4              //              dw      R_OP                    // r@
 379+ 7AF4              //              dw      ZLESS                   // i'
 380+ 7AF4              //              dw      ONE, AND_OP, PLUS       // 0< 1 and +
 381+ 7AF4              //              dw      R_TO                    // r>
 382+ 7AF4              //              dw      PLUS_MINUS              // +- swap
 383+ 7AF4              //              dw      EXIT                    // ;
 384+ 7AF4
 385+ 7AF4              //  ______________________________________________________________________
 386+ 7AF4              //
 387+ 7AF4              // m/mod        d n -- q r
 388+ 7AF4              // multiply two integer giving a double
 389+ 7AF4                              Colon_Def MDIVM, "M/MOD", is_normal
 389+ 7AF4             >                New_Def  MDIVM, "M/MOD", Enter_Ptr, is_normal ; ok
 389+ 7AF4             >temp_NFA        defl    $                   // save this NFA address to temp_NFA
 389+ 7AF4             >
 389+ 7AF4             >                // dummy db directives used to calculate length of namec
 389+ 7AF4 4D 2F 4D 4F >                db      "M/MOD"
 389+ 7AF8 44          >
 389+ 7AF9             >len_NFA         defl    $ - temp_NFA
 389+ 7AF9             >                org     $ - len_NFA         // rewind to temp_NFA and re-do NFA part
 389+ 7AF4             >
 389+ 7AF4 85          >                db      len_NFA | END_BIT | is_normal  // The start of NFA must have msb set to signal the beginning of the sounted string
 389+ 7AF5 4D 2F 4D 4F >                db      "M/MOD"               // name string in 7-bit ascii, but
 389+ 7AF9 44          >
 389+ 7AFA             >                org     $-1                 // alter last byte of Name just above to set
 389+ 7AF9 C4          >                db      {b $} | END_BIT     // msb as name end
 389+ 7AFA             >
 389+ 7AFA B6 7A       >                dw      last_NFA            // Link to previous definition Name
 389+ 7AFC             >MDIVM:          if Enter_Ptr != 0 ; ok        // This is the start address of the direct jp(hl)
 389+ 7AFC CD DF 6B    >                call    Enter_Ptr ; ok        // for primitive definitions  actual code
 389+ 7AFF             >
 389+ 7AFF             >
 389+ 7AFF             >                endif           ; ok        // for other definitions it "points" the correct handler
 389+ 7AFF             >                // Use of "; ok" to suppress "warning[fwdref]"
 389+ 7AFF             >
 389+ 7AFF             >last_NFA        defl    temp_NFA            // keep track of NFA saved above
 390+ 7AFF 93 7A                        dw      SMDIVM
 391+ 7B01 F1 68                        dw      EXIT                    // ;
 392+ 7B03
 393+ 7B03              //  ______________________________________________________________________
 394+ 7B03              //
 395+ 7B03              // m/           d n -- q
 396+ 7B03              // multiply two integer giving a double
 397+ 7B03                              Colon_Def MDIV, "M/", is_normal
 397+ 7B03             >                New_Def  MDIV, "M/", Enter_Ptr, is_normal ; ok
 397+ 7B03             >temp_NFA        defl    $                   // save this NFA address to temp_NFA
 397+ 7B03             >
 397+ 7B03             >                // dummy db directives used to calculate length of namec
 397+ 7B03 4D 2F       >                db      "M/"
 397+ 7B05             >len_NFA         defl    $ - temp_NFA
 397+ 7B05             >                org     $ - len_NFA         // rewind to temp_NFA and re-do NFA part
 397+ 7B03             >
 397+ 7B03 82          >                db      len_NFA | END_BIT | is_normal  // The start of NFA must have msb set to signal the beginning of the sounted string
 397+ 7B04 4D 2F       >                db      "M/"               // name string in 7-bit ascii, but
 397+ 7B06             >                org     $-1                 // alter last byte of Name just above to set
 397+ 7B05 AF          >                db      {b $} | END_BIT     // msb as name end
 397+ 7B06             >
 397+ 7B06 F4 7A       >                dw      last_NFA            // Link to previous definition Name
 397+ 7B08             >MDIV:          if Enter_Ptr != 0 ; ok        // This is the start address of the direct jp(hl)
 397+ 7B08 CD DF 6B    >                call    Enter_Ptr ; ok        // for primitive definitions  actual code
 397+ 7B0B             >
 397+ 7B0B             >
 397+ 7B0B             >                endif           ; ok        // for other definitions it "points" the correct handler
 397+ 7B0B             >                // Use of "; ok" to suppress "warning[fwdref]"
 397+ 7B0B             >
 397+ 7B0B             >last_NFA        defl    temp_NFA            // keep track of NFA saved above
 398+ 7B0B FC 7A 02 6A                  dw      MDIVM, NIP
 399+ 7B0F F1 68                        dw      EXIT                    // ;
 400+ 7B11
 401+ 7B11              //  ______________________________________________________________________
 402+ 7B11              //
 403+ 7B11              // *            n1 n2 -- n3
 404+ 7B11              // multiply two integer
 405+ 7B11                              Colon_Def MUL, "*", is_normal
 405+ 7B11             >                New_Def  MUL, "*", Enter_Ptr, is_normal ; ok
 405+ 7B11             >temp_NFA        defl    $                   // save this NFA address to temp_NFA
 405+ 7B11             >
 405+ 7B11             >                // dummy db directives used to calculate length of namec
 405+ 7B11 2A          >                db      "*"
 405+ 7B12             >len_NFA         defl    $ - temp_NFA
 405+ 7B12             >                org     $ - len_NFA         // rewind to temp_NFA and re-do NFA part
 405+ 7B11             >
 405+ 7B11 81          >                db      len_NFA | END_BIT | is_normal  // The start of NFA must have msb set to signal the beginning of the sounted string
 405+ 7B12 2A          >                db      "*"               // name string in 7-bit ascii, but
 405+ 7B13             >                org     $-1                 // alter last byte of Name just above to set
 405+ 7B12 AA          >                db      {b $} | END_BIT     // msb as name end
 405+ 7B13             >
 405+ 7B13 03 7B       >                dw      last_NFA            // Link to previous definition Name
 405+ 7B15             >MUL:          if Enter_Ptr != 0 ; ok        // This is the start address of the direct jp(hl)
 405+ 7B15 CD DF 6B    >                call    Enter_Ptr ; ok        // for primitive definitions  actual code
 405+ 7B18             >
 405+ 7B18             >
 405+ 7B18             >                endif           ; ok        // for other definitions it "points" the correct handler
 405+ 7B18             >                // Use of "; ok" to suppress "warning[fwdref]"
 405+ 7B18             >
 405+ 7B18             >last_NFA        defl    temp_NFA            // keep track of NFA saved above
 406+ 7B18 73 7A F9 69                  dw      MMUL, DROP              // m* drop
 407+ 7B1C F1 68                        dw      EXIT                    // ;
 408+ 7B1E
 409+ 7B1E              //  ______________________________________________________________________
 410+ 7B1E              //
 411+ 7B1E              // /mod         n1 n2 -- n3 n4
 412+ 7B1E              // leaves quotient n4 and remainder n3 of the integer division n1 / n2.
 413+ 7B1E              // The remainder has the sign of n1
 414+ 7B1E                              Colon_Def DIVMOD, "/MOD", is_normal
 414+ 7B1E             >                New_Def  DIVMOD, "/MOD", Enter_Ptr, is_normal ; ok
 414+ 7B1E             >temp_NFA        defl    $                   // save this NFA address to temp_NFA
 414+ 7B1E             >
 414+ 7B1E             >                // dummy db directives used to calculate length of namec
 414+ 7B1E 2F 4D 4F 44 >                db      "/MOD"
 414+ 7B22             >len_NFA         defl    $ - temp_NFA
 414+ 7B22             >                org     $ - len_NFA         // rewind to temp_NFA and re-do NFA part
 414+ 7B1E             >
 414+ 7B1E 84          >                db      len_NFA | END_BIT | is_normal  // The start of NFA must have msb set to signal the beginning of the sounted string
 414+ 7B1F 2F 4D 4F 44 >                db      "/MOD"               // name string in 7-bit ascii, but
 414+ 7B23             >                org     $-1                 // alter last byte of Name just above to set
 414+ 7B22 C4          >                db      {b $} | END_BIT     // msb as name end
 414+ 7B23             >
 414+ 7B23 11 7B       >                dw      last_NFA            // Link to previous definition Name
 414+ 7B25             >DIVMOD:          if Enter_Ptr != 0 ; ok        // This is the start address of the direct jp(hl)
 414+ 7B25 CD DF 6B    >                call    Enter_Ptr ; ok        // for primitive definitions  actual code
 414+ 7B28             >
 414+ 7B28             >
 414+ 7B28             >                endif           ; ok        // for other definitions it "points" the correct handler
 414+ 7B28             >                // Use of "; ok" to suppress "warning[fwdref]"
 414+ 7B28             >
 414+ 7B28             >last_NFA        defl    temp_NFA            // keep track of NFA saved above
 415+ 7B28 FE 68 A7 6E                  dw      TO_R, S_TO_D, R_TO      // >r s->d r>
 415+ 7B2C 0C 69
 416+ 7B2E FC 7A                        dw      MDIVM                   // m/mod
 417+ 7B30 F1 68                        dw      EXIT                    // ;
 418+ 7B32
 419+ 7B32              //  ______________________________________________________________________
 420+ 7B32              //
 421+ 7B32              // /            n1 n2 -- n3
 422+ 7B32              // division
 423+ 7B32                              Colon_Def DIV, "/", is_normal
 423+ 7B32             >                New_Def  DIV, "/", Enter_Ptr, is_normal ; ok
 423+ 7B32             >temp_NFA        defl    $                   // save this NFA address to temp_NFA
 423+ 7B32             >
 423+ 7B32             >                // dummy db directives used to calculate length of namec
 423+ 7B32 2F          >                db      "/"
 423+ 7B33             >len_NFA         defl    $ - temp_NFA
 423+ 7B33             >                org     $ - len_NFA         // rewind to temp_NFA and re-do NFA part
 423+ 7B32             >
 423+ 7B32 81          >                db      len_NFA | END_BIT | is_normal  // The start of NFA must have msb set to signal the beginning of the sounted string
 423+ 7B33 2F          >                db      "/"               // name string in 7-bit ascii, but
 423+ 7B34             >                org     $-1                 // alter last byte of Name just above to set
 423+ 7B33 AF          >                db      {b $} | END_BIT     // msb as name end
 423+ 7B34             >
 423+ 7B34 1E 7B       >                dw      last_NFA            // Link to previous definition Name
 423+ 7B36             >DIV:          if Enter_Ptr != 0 ; ok        // This is the start address of the direct jp(hl)
 423+ 7B36 CD DF 6B    >                call    Enter_Ptr ; ok        // for primitive definitions  actual code
 423+ 7B39             >
 423+ 7B39             >
 423+ 7B39             >                endif           ; ok        // for other definitions it "points" the correct handler
 423+ 7B39             >                // Use of "; ok" to suppress "warning[fwdref]"
 423+ 7B39             >
 423+ 7B39             >last_NFA        defl    temp_NFA            // keep track of NFA saved above
 424+ 7B39 25 7B 02 6A                  dw      DIVMOD, NIP             // /mod nip
 425+ 7B3D F1 68                        dw      EXIT                    // ;
 426+ 7B3F
 427+ 7B3F              //  ______________________________________________________________________
 428+ 7B3F              //
 429+ 7B3F              // mod          n1 n2 -- n3
 430+ 7B3F                              Colon_Def MOD, "MOD", is_normal
 430+ 7B3F             >                New_Def  MOD, "MOD", Enter_Ptr, is_normal ; ok
 430+ 7B3F             >temp_NFA        defl    $                   // save this NFA address to temp_NFA
 430+ 7B3F             >
 430+ 7B3F             >                // dummy db directives used to calculate length of namec
 430+ 7B3F 4D 4F 44    >                db      "MOD"
 430+ 7B42             >len_NFA         defl    $ - temp_NFA
 430+ 7B42             >                org     $ - len_NFA         // rewind to temp_NFA and re-do NFA part
 430+ 7B3F             >
 430+ 7B3F 83          >                db      len_NFA | END_BIT | is_normal  // The start of NFA must have msb set to signal the beginning of the sounted string
 430+ 7B40 4D 4F 44    >                db      "MOD"               // name string in 7-bit ascii, but
 430+ 7B43             >                org     $-1                 // alter last byte of Name just above to set
 430+ 7B42 C4          >                db      {b $} | END_BIT     // msb as name end
 430+ 7B43             >
 430+ 7B43 32 7B       >                dw      last_NFA            // Link to previous definition Name
 430+ 7B45             >MOD:          if Enter_Ptr != 0 ; ok        // This is the start address of the direct jp(hl)
 430+ 7B45 CD DF 6B    >                call    Enter_Ptr ; ok        // for primitive definitions  actual code
 430+ 7B48             >
 430+ 7B48             >
 430+ 7B48             >                endif           ; ok        // for other definitions it "points" the correct handler
 430+ 7B48             >                // Use of "; ok" to suppress "warning[fwdref]"
 430+ 7B48             >
 430+ 7B48             >last_NFA        defl    temp_NFA            // keep track of NFA saved above
 431+ 7B48 25 7B F9 69                  dw      DIVMOD, DROP            // /mod drop
 432+ 7B4C F1 68                        dw      EXIT                    // ;
 433+ 7B4E
 434+ 7B4E              //  ______________________________________________________________________
 435+ 7B4E              //
 436+ 7B4E              // */mod        n1 n2 n3 -- n4 n5
 437+ 7B4E              // leaves the quotient n5 and the remainder n4 of the operation
 438+ 7B4E              // (n1 * n2) / n3. The intermediate passage through a double number
 439+ 7B4E              // avoids loss of precision
 440+ 7B4E                              Colon_Def MUL_DIV_MOD, "*/MOD", is_normal
 440+ 7B4E             >                New_Def  MUL_DIV_MOD, "*/MOD", Enter_Ptr, is_normal ; ok
 440+ 7B4E             >temp_NFA        defl    $                   // save this NFA address to temp_NFA
 440+ 7B4E             >
 440+ 7B4E             >                // dummy db directives used to calculate length of namec
 440+ 7B4E 2A 2F 4D 4F >                db      "*/MOD"
 440+ 7B52 44          >
 440+ 7B53             >len_NFA         defl    $ - temp_NFA
 440+ 7B53             >                org     $ - len_NFA         // rewind to temp_NFA and re-do NFA part
 440+ 7B4E             >
 440+ 7B4E 85          >                db      len_NFA | END_BIT | is_normal  // The start of NFA must have msb set to signal the beginning of the sounted string
 440+ 7B4F 2A 2F 4D 4F >                db      "*/MOD"               // name string in 7-bit ascii, but
 440+ 7B53 44          >
 440+ 7B54             >                org     $-1                 // alter last byte of Name just above to set
 440+ 7B53 C4          >                db      {b $} | END_BIT     // msb as name end
 440+ 7B54             >
 440+ 7B54 3F 7B       >                dw      last_NFA            // Link to previous definition Name
 440+ 7B56             >MUL_DIV_MOD:          if Enter_Ptr != 0 ; ok        // This is the start address of the direct jp(hl)
 440+ 7B56 CD DF 6B    >                call    Enter_Ptr ; ok        // for primitive definitions  actual code
 440+ 7B59             >
 440+ 7B59             >
 440+ 7B59             >                endif           ; ok        // for other definitions it "points" the correct handler
 440+ 7B59             >                // Use of "; ok" to suppress "warning[fwdref]"
 440+ 7B59             >
 440+ 7B59             >last_NFA        defl    temp_NFA            // keep track of NFA saved above
 441+ 7B59 FE 68 73 7A                  dw      TO_R, MMUL              // >r  m*
 442+ 7B5D 0C 69 FC 7A                  dw      R_TO, MDIVM             // r>  m/mod
 443+ 7B61 F1 68                        dw      EXIT                    // ;
 444+ 7B63
 445+ 7B63              //  ______________________________________________________________________
 446+ 7B63              //
 447+ 7B63              // */          n1 n2 n3 -- n4
 448+ 7B63              // (n1 * n2) / n3. The intermediate passage through a double number avoids loss of precision
 449+ 7B63                              Colon_Def MUL_DIV, "*/", is_normal
 449+ 7B63             >                New_Def  MUL_DIV, "*/", Enter_Ptr, is_normal ; ok
 449+ 7B63             >temp_NFA        defl    $                   // save this NFA address to temp_NFA
 449+ 7B63             >
 449+ 7B63             >                // dummy db directives used to calculate length of namec
 449+ 7B63 2A 2F       >                db      "*/"
 449+ 7B65             >len_NFA         defl    $ - temp_NFA
 449+ 7B65             >                org     $ - len_NFA         // rewind to temp_NFA and re-do NFA part
 449+ 7B63             >
 449+ 7B63 82          >                db      len_NFA | END_BIT | is_normal  // The start of NFA must have msb set to signal the beginning of the sounted string
 449+ 7B64 2A 2F       >                db      "*/"               // name string in 7-bit ascii, but
 449+ 7B66             >                org     $-1                 // alter last byte of Name just above to set
 449+ 7B65 AF          >                db      {b $} | END_BIT     // msb as name end
 449+ 7B66             >
 449+ 7B66 4E 7B       >                dw      last_NFA            // Link to previous definition Name
 449+ 7B68             >MUL_DIV:          if Enter_Ptr != 0 ; ok        // This is the start address of the direct jp(hl)
 449+ 7B68 CD DF 6B    >                call    Enter_Ptr ; ok        // for primitive definitions  actual code
 449+ 7B6B             >
 449+ 7B6B             >
 449+ 7B6B             >                endif           ; ok        // for other definitions it "points" the correct handler
 449+ 7B6B             >                // Use of "; ok" to suppress "warning[fwdref]"
 449+ 7B6B             >
 449+ 7B6B             >last_NFA        defl    temp_NFA            // keep track of NFA saved above
 450+ 7B6B 56 7B                        dw     MUL_DIV_MOD              // */mod
 451+ 7B6D 02 6A                        dw     NIP                      // nip
 452+ 7B6F F1 68                        dw     EXIT                     // ;
 453+ 7B71
 454+ 7B71
 455+ 7B71              //  ______________________________________________________________________
 456+ 7B71              //
 457+ 7B71              // m/mod        ud1 u2 -- u3 ud4
 458+ 7B71              // mixed operation: it leaves the remainder u3 and the quotient ud4 of ud1 / u1.
 459+ 7B71              // All terms are unsigned.
 460+ 7B71              //              Colon_Def MDIV_MOD, "M/MOD", is_normal
 461+ 7B71              //              dw      TO_R                    // >r           ( ud1 )
 462+ 7B71              //              dw      ZERO, R_OP, UMDIVMOD    // 0 r um/mod   ( l rem1 h/r )
 463+ 7B71              //              dw      R_TO, SWAP, TO_R        // r> swap >r   ( l rem )
 464+ 7B71              //              dw      UMDIVMOD                // um/mod       ( rem2 l/r )
 465+ 7B71              //              dw      R_TO                    // r>           ( rem2 l/r h/r )
 466+ 7B71              //              dw      EXIT                    // ;
 467+ 7B71
 468+ 7B71              //  ______________________________________________________________________
 469+ 7B71              //
 470+ 7B71              // (line)       n1 n2 -- a b
 471+ 7B71              // sends the line n1 of block n2 to the disk buffer.
 472+ 7B71              // it returns the address a and ca counter b = C/L meaning a whole line.
 473+ 7B71                              Colon_Def CLINE, "(LINE)", is_normal
 473+ 7B71             >                New_Def  CLINE, "(LINE)", Enter_Ptr, is_normal ; ok
 473+ 7B71             >temp_NFA        defl    $                   // save this NFA address to temp_NFA
 473+ 7B71             >
 473+ 7B71             >                // dummy db directives used to calculate length of namec
 473+ 7B71 28 4C 49 4E >                db      "(LINE)"
 473+ 7B75 45 29       >
 473+ 7B77             >len_NFA         defl    $ - temp_NFA
 473+ 7B77             >                org     $ - len_NFA         // rewind to temp_NFA and re-do NFA part
 473+ 7B71             >
 473+ 7B71 86          >                db      len_NFA | END_BIT | is_normal  // The start of NFA must have msb set to signal the beginning of the sounted string
 473+ 7B72 28 4C 49 4E >                db      "(LINE)"               // name string in 7-bit ascii, but
 473+ 7B76 45 29       >
 473+ 7B78             >                org     $-1                 // alter last byte of Name just above to set
 473+ 7B77 A9          >                db      {b $} | END_BIT     // msb as name end
 473+ 7B78             >
 473+ 7B78 63 7B       >                dw      last_NFA            // Link to previous definition Name
 473+ 7B7A             >CLINE:          if Enter_Ptr != 0 ; ok        // This is the start address of the direct jp(hl)
 473+ 7B7A CD DF 6B    >                call    Enter_Ptr ; ok        // for primitive definitions  actual code
 473+ 7B7D             >
 473+ 7B7D             >
 473+ 7B7D             >                endif           ; ok        // for other definitions it "points" the correct handler
 473+ 7B7D             >                // Use of "; ok" to suppress "warning[fwdref]"
 473+ 7B7D             >
 473+ 7B7D             >last_NFA        defl    temp_NFA            // keep track of NFA saved above
 474+ 7B7D FE 68                        dw      TO_R                    // >r
 475+ 7B7F 91 6C                        dw      CL                      // c/l
 476+ 7B81 9E 6C 56 7B                  dw      BBUF, MUL_DIV_MOD       // */mod
 477+ 7B85 0C 69                        dw      R_TO                    // r>
 478+ 7B87 AB 6C 15 7B                  dw      BSCR, MUL, PLUS         // b/scr * +
 478+ 7B8B 5C 69
 479+ 7B8D A0 7F                        dw      BLOCK                   // block   ( forward )
 480+ 7B8F 5C 69                        dw      PLUS                    // +
 481+ 7B91 91 6C                        dw      CL                      // c/l
 482+ 7B93 F1 68                        dw      EXIT                    // ;
 483+ 7B95
 484+ 7B95              //  ______________________________________________________________________
 485+ 7B95              //
 486+ 7B95              // .line        n1 n2 --
 487+ 7B95              // Sends to output line  n1  of screen n2.
 488+ 7B95                              Colon_Def DOT_LINE, ".LINE", is_normal
 488+ 7B95             >                New_Def  DOT_LINE, ".LINE", Enter_Ptr, is_normal ; ok
 488+ 7B95             >temp_NFA        defl    $                   // save this NFA address to temp_NFA
 488+ 7B95             >
 488+ 7B95             >                // dummy db directives used to calculate length of namec
 488+ 7B95 2E 4C 49 4E >                db      ".LINE"
 488+ 7B99 45          >
 488+ 7B9A             >len_NFA         defl    $ - temp_NFA
 488+ 7B9A             >                org     $ - len_NFA         // rewind to temp_NFA and re-do NFA part
 488+ 7B95             >
 488+ 7B95 85          >                db      len_NFA | END_BIT | is_normal  // The start of NFA must have msb set to signal the beginning of the sounted string
 488+ 7B96 2E 4C 49 4E >                db      ".LINE"               // name string in 7-bit ascii, but
 488+ 7B9A 45          >
 488+ 7B9B             >                org     $-1                 // alter last byte of Name just above to set
 488+ 7B9A C5          >                db      {b $} | END_BIT     // msb as name end
 488+ 7B9B             >
 488+ 7B9B 71 7B       >                dw      last_NFA            // Link to previous definition Name
 488+ 7B9D             >DOT_LINE:          if Enter_Ptr != 0 ; ok        // This is the start address of the direct jp(hl)
 488+ 7B9D CD DF 6B    >                call    Enter_Ptr ; ok        // for primitive definitions  actual code
 488+ 7BA0             >
 488+ 7BA0             >
 488+ 7BA0             >                endif           ; ok        // for other definitions it "points" the correct handler
 488+ 7BA0             >                // Use of "; ok" to suppress "warning[fwdref]"
 488+ 7BA0             >
 488+ 7BA0             >last_NFA        defl    temp_NFA            // keep track of NFA saved above
 489+ 7BA0 7A 7B 64 72                  dw      CLINE, LTRAILING, TYPE  // (line) -trailing type
 489+ 7BA4 43 72
 490+ 7BA6 F1 68                        dw      EXIT                    // ;
 491+ 7BA8
 492+ 7BA8              //  ______________________________________________________________________
 493+ 7BA8              //
 494+ 7BA8              // message       n1 n2 --
 495+ 7BA8              // prints error message to current channel.
 496+ 7BA8              // if WARNING is 0, prints "MSG#n".
 497+ 7BA8              // if WARNING is 1, prints line n of screen 4.
 498+ 7BA8              // if WARNING is -1, see ERROR
 499+ 7BA8              // value can be negative or beyond block 4.
 500+ 7BA8                              Colon_Def MESSAGE, "MESSAGE", is_normal
 500+ 7BA8             >                New_Def  MESSAGE, "MESSAGE", Enter_Ptr, is_normal ; ok
 500+ 7BA8             >temp_NFA        defl    $                   // save this NFA address to temp_NFA
 500+ 7BA8             >
 500+ 7BA8             >                // dummy db directives used to calculate length of namec
 500+ 7BA8 4D 45 53 53 >                db      "MESSAGE"
 500+ 7BAC 41 47 45    >
 500+ 7BAF             >len_NFA         defl    $ - temp_NFA
 500+ 7BAF             >                org     $ - len_NFA         // rewind to temp_NFA and re-do NFA part
 500+ 7BA8             >
 500+ 7BA8 87          >                db      len_NFA | END_BIT | is_normal  // The start of NFA must have msb set to signal the beginning of the sounted string
 500+ 7BA9 4D 45 53 53 >                db      "MESSAGE"               // name string in 7-bit ascii, but
 500+ 7BAD 41 47 45    >
 500+ 7BB0             >                org     $-1                 // alter last byte of Name just above to set
 500+ 7BAF C5          >                db      {b $} | END_BIT     // msb as name end
 500+ 7BB0             >
 500+ 7BB0 95 7B       >                dw      last_NFA            // Link to previous definition Name
 500+ 7BB2             >MESSAGE:          if Enter_Ptr != 0 ; ok        // This is the start address of the direct jp(hl)
 500+ 7BB2 CD DF 6B    >                call    Enter_Ptr ; ok        // for primitive definitions  actual code
 500+ 7BB5             >
 500+ 7BB5             >
 500+ 7BB5             >                endif           ; ok        // for other definitions it "points" the correct handler
 500+ 7BB5             >                // Use of "; ok" to suppress "warning[fwdref]"
 500+ 7BB5             >
 500+ 7BB5             >last_NFA        defl    temp_NFA            // keep track of NFA saved above
 501+ 7BB5 11 6D 00 6B                  dw      WARNING, FETCH          // warning @
 502+ 7BB9                                                              // if
 503+ 7BB9 B7 64                        dw      ZBRANCH
 504+ 7BBB 12 00                        dw      Message_Else - $
 505+ 7BBD 3F 64 20 00                  dw          LIT, 32, PLUS       //      32 +
 505+ 7BC1 5C 69
 506+ 7BC3 69 6C                        dw          TWO                 //      2
 507+ 7BC5 9D 7B                        dw          DOT_LINE            //      .line
 508+ 7BC7 64 6F                        dw          SPACE               //      space
 509+ 7BC9                                                              // else
 510+ 7BC9
 511+ 7BC9 A2 64                        dw      BRANCH
 512+ 7BCB 0B 00                        dw      Message_ENdif - $
 513+ 7BCD              Message_Else:
 514+ 7BCD 1B 74                        dw          C_DOT_QUOTE         //      .( msg#)
 515+ 7BCF 04 6D 73 67                  db          4, "msg#"
 515+ 7BD3 23
 516+ 7BD4 24 82                        dw          DOT                 //      .  ( forward )
 517+ 7BD6              Message_ENdif:                                  // endif
 518+ 7BD6 F1 68                        dw      EXIT                    // ;
 519+ 7BD8
 520+ 7BD8
 521+ 7BD8              //  ______________________________________________________________________
 522+ 7BD8              //
 523+ 7BD8              // device
 524+ 7BD8                              Variable_Def DEVICE,   "DEVICE",   2
 524+ 7BD8             >                New_Def  DEVICE, "DEVICE", Variable_Ptr, is_normal
 524+ 7BD8             >temp_NFA        defl    $                   // save this NFA address to temp_NFA
 524+ 7BD8             >
 524+ 7BD8             >                // dummy db directives used to calculate length of namec
 524+ 7BD8 44 45 56 49 >                db      "DEVICE"
 524+ 7BDC 43 45       >
 524+ 7BDE             >len_NFA         defl    $ - temp_NFA
 524+ 7BDE             >                org     $ - len_NFA         // rewind to temp_NFA and re-do NFA part
 524+ 7BD8             >
 524+ 7BD8 86          >                db      len_NFA | END_BIT | is_normal  // The start of NFA must have msb set to signal the beginning of the sounted string
 524+ 7BD9 44 45 56 49 >                db      "DEVICE"               // name string in 7-bit ascii, but
 524+ 7BDD 43 45       >
 524+ 7BDF             >                org     $-1                 // alter last byte of Name just above to set
 524+ 7BDE C5          >                db      {b $} | END_BIT     // msb as name end
 524+ 7BDF             >
 524+ 7BDF A8 7B       >                dw      last_NFA            // Link to previous definition Name
 524+ 7BE1             >DEVICE:          if Variable_Ptr != 0 ; ok        // This is the start address of the direct jp(hl)
 524+ 7BE1 CD 34 6C    >                call    Variable_Ptr ; ok        // for primitive definitions  actual code
 524+ 7BE4             >
 524+ 7BE4             >
 524+ 7BE4             >                endif           ; ok        // for other definitions it "points" the correct handler
 524+ 7BE4             >                // Use of "; ok" to suppress "warning[fwdref]"
 524+ 7BE4             >
 524+ 7BE4             >last_NFA        defl    temp_NFA            // keep track of NFA saved above
 524+ 7BE4 02 00       >                dw      2
 525+ 7BE6
 526+ 7BE6              //  ______________________________________________________________________
 527+ 7BE6              //
 528+ 7BE6              // stream
 529+ 7BE6                              Variable_Def STRM,   "STRM",   4
 529+ 7BE6             >                New_Def  STRM, "STRM", Variable_Ptr, is_normal
 529+ 7BE6             >temp_NFA        defl    $                   // save this NFA address to temp_NFA
 529+ 7BE6             >
 529+ 7BE6             >                // dummy db directives used to calculate length of namec
 529+ 7BE6 53 54 52 4D >                db      "STRM"
 529+ 7BEA             >len_NFA         defl    $ - temp_NFA
 529+ 7BEA             >                org     $ - len_NFA         // rewind to temp_NFA and re-do NFA part
 529+ 7BE6             >
 529+ 7BE6 84          >                db      len_NFA | END_BIT | is_normal  // The start of NFA must have msb set to signal the beginning of the sounted string
 529+ 7BE7 53 54 52 4D >                db      "STRM"               // name string in 7-bit ascii, but
 529+ 7BEB             >                org     $-1                 // alter last byte of Name just above to set
 529+ 7BEA CD          >                db      {b $} | END_BIT     // msb as name end
 529+ 7BEB             >
 529+ 7BEB D8 7B       >                dw      last_NFA            // Link to previous definition Name
 529+ 7BED             >STRM:          if Variable_Ptr != 0 ; ok        // This is the start address of the direct jp(hl)
 529+ 7BED CD 34 6C    >                call    Variable_Ptr ; ok        // for primitive definitions  actual code
 529+ 7BF0             >
 529+ 7BF0             >
 529+ 7BF0             >                endif           ; ok        // for other definitions it "points" the correct handler
 529+ 7BF0             >                // Use of "; ok" to suppress "warning[fwdref]"
 529+ 7BF0             >
 529+ 7BF0             >last_NFA        defl    temp_NFA            // keep track of NFA saved above
 529+ 7BF0 04 00       >                dw      4
 530+ 7BF2
 531+ 7BF2              //  ______________________________________________________________________
 532+ 7BF2              //
 533+ 7BF2              // driver number
 534+ 7BF2                              Variable_Def DRV,   "DRV",   0
 534+ 7BF2             >                New_Def  DRV, "DRV", Variable_Ptr, is_normal
 534+ 7BF2             >temp_NFA        defl    $                   // save this NFA address to temp_NFA
 534+ 7BF2             >
 534+ 7BF2             >                // dummy db directives used to calculate length of namec
 534+ 7BF2 44 52 56    >                db      "DRV"
 534+ 7BF5             >len_NFA         defl    $ - temp_NFA
 534+ 7BF5             >                org     $ - len_NFA         // rewind to temp_NFA and re-do NFA part
 534+ 7BF2             >
 534+ 7BF2 83          >                db      len_NFA | END_BIT | is_normal  // The start of NFA must have msb set to signal the beginning of the sounted string
 534+ 7BF3 44 52 56    >                db      "DRV"               // name string in 7-bit ascii, but
 534+ 7BF6             >                org     $-1                 // alter last byte of Name just above to set
 534+ 7BF5 D6          >                db      {b $} | END_BIT     // msb as name end
 534+ 7BF6             >
 534+ 7BF6 E6 7B       >                dw      last_NFA            // Link to previous definition Name
 534+ 7BF8             >DRV:          if Variable_Ptr != 0 ; ok        // This is the start address of the direct jp(hl)
 534+ 7BF8 CD 34 6C    >                call    Variable_Ptr ; ok        // for primitive definitions  actual code
 534+ 7BFB             >
 534+ 7BFB             >
 534+ 7BFB             >                endif           ; ok        // for other definitions it "points" the correct handler
 534+ 7BFB             >                // Use of "; ok" to suppress "warning[fwdref]"
 534+ 7BFB             >
 534+ 7BFB             >last_NFA        defl    temp_NFA            // keep track of NFA saved above
 534+ 7BFB 00 00       >                dw      0
 535+ 7BFD
 536+ 7BFD              //  ______________________________________________________________________
 537+ 7BFD              //
 538+ 7BFD              // microdrive map address
 539+ 7BFD              // This variable is a pointer to the Microdrive Map,
 540+ 7BFD              // i.e. a 32 bytes area = 256 bits each representing one sector
 541+ 7BFD              // If a bit is set the corrisponding sector is "used".
 542+ 7BFD                              Variable_Def MMAP,   "MMAP",   $5CF0
 542+ 7BFD             >                New_Def  MMAP, "MMAP", Variable_Ptr, is_normal
 542+ 7BFD             >temp_NFA        defl    $                   // save this NFA address to temp_NFA
 542+ 7BFD             >
 542+ 7BFD             >                // dummy db directives used to calculate length of namec
 542+ 7BFD 4D 4D 41 50 >                db      "MMAP"
 542+ 7C01             >len_NFA         defl    $ - temp_NFA
 542+ 7C01             >                org     $ - len_NFA         // rewind to temp_NFA and re-do NFA part
 542+ 7BFD             >
 542+ 7BFD 84          >                db      len_NFA | END_BIT | is_normal  // The start of NFA must have msb set to signal the beginning of the sounted string
 542+ 7BFE 4D 4D 41 50 >                db      "MMAP"               // name string in 7-bit ascii, but
 542+ 7C02             >                org     $-1                 // alter last byte of Name just above to set
 542+ 7C01 D0          >                db      {b $} | END_BIT     // msb as name end
 542+ 7C02             >
 542+ 7C02 F2 7B       >                dw      last_NFA            // Link to previous definition Name
 542+ 7C04             >MMAP:          if Variable_Ptr != 0 ; ok        // This is the start address of the direct jp(hl)
 542+ 7C04 CD 34 6C    >                call    Variable_Ptr ; ok        // for primitive definitions  actual code
 542+ 7C07             >
 542+ 7C07             >
 542+ 7C07             >                endif           ; ok        // for other definitions it "points" the correct handler
 542+ 7C07             >                // Use of "; ok" to suppress "warning[fwdref]"
 542+ 7C07             >
 542+ 7C07             >last_NFA        defl    temp_NFA            // keep track of NFA saved above
 542+ 7C07 F0 5C       >                dw      $5CF0
 543+ 7C09
 544+ 7C09              //  ______________________________________________________________________
 545+ 7C09
# file closed: C:\Zx\CSpect\Projects\vForth16_MDR_MGT/source/L2.asm
 113  7C09                              include "mdr-mgt-opt.asm"
# file opened: C:\Zx\CSpect\Projects\vForth16_MDR_MGT/source/mdr-mgt-opt.asm
   1+ 7C09              // ______________________________________________________________________
   2+ 7C09              //
   3+ 7C09              // zx-Microdrive / DISCiPLE option.
   4+ 7C09
   5+ 7C09              // 7719h
   6+ 7C09              // selected microdrive channel address
   7+ 7C09                              Variable_Def CHNL,   "CHNL",   $5D2F
   7+ 7C09             >                New_Def  CHNL, "CHNL", Variable_Ptr, is_normal
   7+ 7C09             >temp_NFA        defl    $                   // save this NFA address to temp_NFA
   7+ 7C09             >
   7+ 7C09             >                // dummy db directives used to calculate length of namec
   7+ 7C09 43 48 4E 4C >                db      "CHNL"
   7+ 7C0D             >len_NFA         defl    $ - temp_NFA
   7+ 7C0D             >                org     $ - len_NFA         // rewind to temp_NFA and re-do NFA part
   7+ 7C09             >
   7+ 7C09 84          >                db      len_NFA | END_BIT | is_normal  // The start of NFA must have msb set to signal the beginning of the sounted string
   7+ 7C0A 43 48 4E 4C >                db      "CHNL"               // name string in 7-bit ascii, but
   7+ 7C0E             >                org     $-1                 // alter last byte of Name just above to set
   7+ 7C0D CC          >                db      {b $} | END_BIT     // msb as name end
   7+ 7C0E             >
   7+ 7C0E FD 7B       >                dw      last_NFA            // Link to previous definition Name
   7+ 7C10             >CHNL:          if Variable_Ptr != 0 ; ok        // This is the start address of the direct jp(hl)
   7+ 7C10 CD 34 6C    >                call    Variable_Ptr ; ok        // for primitive definitions  actual code
   7+ 7C13             >
   7+ 7C13             >
   7+ 7C13             >                endif           ; ok        // for other definitions it "points" the correct handler
   7+ 7C13             >                // Use of "; ok" to suppress "warning[fwdref]"
   7+ 7C13             >
   7+ 7C13             >last_NFA        defl    temp_NFA            // keep track of NFA saved above
   7+ 7C13 2F 5D       >                dw      $5D2F
   8+ 7C15
   9+ 7C15              // mgt
  10+ 7C15              // we use two bits of MGT as flags:
  11+ 7C15              // 1 : for DISCiPLE, reset for Microdrive
  12+ 7C15              // 2 : for real hardware and a single microdrive configuration swapping cartridge
  13+ 7C15              //     at startup
  14+ 7C15              // 4 : for emulator i.e. to use more than one microdrive within an emulator.
  15+ 7C15                              Variable_Def MGT,   "MGT",   4
  15+ 7C15             >                New_Def  MGT, "MGT", Variable_Ptr, is_normal
  15+ 7C15             >temp_NFA        defl    $                   // save this NFA address to temp_NFA
  15+ 7C15             >
  15+ 7C15             >                // dummy db directives used to calculate length of namec
  15+ 7C15 4D 47 54    >                db      "MGT"
  15+ 7C18             >len_NFA         defl    $ - temp_NFA
  15+ 7C18             >                org     $ - len_NFA         // rewind to temp_NFA and re-do NFA part
  15+ 7C15             >
  15+ 7C15 83          >                db      len_NFA | END_BIT | is_normal  // The start of NFA must have msb set to signal the beginning of the sounted string
  15+ 7C16 4D 47 54    >                db      "MGT"               // name string in 7-bit ascii, but
  15+ 7C19             >                org     $-1                 // alter last byte of Name just above to set
  15+ 7C18 D4          >                db      {b $} | END_BIT     // msb as name end
  15+ 7C19             >
  15+ 7C19 09 7C       >                dw      last_NFA            // Link to previous definition Name
  15+ 7C1B             >MGT:          if Variable_Ptr != 0 ; ok        // This is the start address of the direct jp(hl)
  15+ 7C1B CD 34 6C    >                call    Variable_Ptr ; ok        // for primitive definitions  actual code
  15+ 7C1E             >
  15+ 7C1E             >
  15+ 7C1E             >                endif           ; ok        // for other definitions it "points" the correct handler
  15+ 7C1E             >                // Use of "; ok" to suppress "warning[fwdref]"
  15+ 7C1E             >
  15+ 7C1E             >last_NFA        defl    temp_NFA            // keep track of NFA saved above
  15+ 7C1E 04 00       >                dw      4
  16+ 7C20
  17+ 7C20              // 7734h INKEY  <<<
  18+ 7C20              //
  19+ 7C20              // 7749h SELECT <<<
  20+ 7C20              //
  21+ 7C20
  22+ 7C20
  23+ 7C20              // 775Eh
  24+ 7C20              // OPEN - MDR
  25+ 7C20              // it relies on a BASIC's OPEN#4 to Microdrive
  26+ 7C20              // and sets the variables used to access the "!Blocks" data-file
  27+ 7C20                              Colon_Def MDR, "MDR", is_normal // : mdr  ( n -- )
  27+ 7C20             >                New_Def  MDR, "MDR", Enter_Ptr, is_normal ; ok
  27+ 7C20             >temp_NFA        defl    $                   // save this NFA address to temp_NFA
  27+ 7C20             >
  27+ 7C20             >                // dummy db directives used to calculate length of namec
  27+ 7C20 4D 44 52    >                db      "MDR"
  27+ 7C23             >len_NFA         defl    $ - temp_NFA
  27+ 7C23             >                org     $ - len_NFA         // rewind to temp_NFA and re-do NFA part
  27+ 7C20             >
  27+ 7C20 83          >                db      len_NFA | END_BIT | is_normal  // The start of NFA must have msb set to signal the beginning of the sounted string
  27+ 7C21 4D 44 52    >                db      "MDR"               // name string in 7-bit ascii, but
  27+ 7C24             >                org     $-1                 // alter last byte of Name just above to set
  27+ 7C23 D2          >                db      {b $} | END_BIT     // msb as name end
  27+ 7C24             >
  27+ 7C24 15 7C       >                dw      last_NFA            // Link to previous definition Name
  27+ 7C26             >MDR:          if Enter_Ptr != 0 ; ok        // This is the start address of the direct jp(hl)
  27+ 7C26 CD DF 6B    >                call    Enter_Ptr ; ok        // for primitive definitions  actual code
  27+ 7C29             >
  27+ 7C29             >
  27+ 7C29             >                endif           ; ok        // for other definitions it "points" the correct handler
  27+ 7C29             >                // Use of "; ok" to suppress "warning[fwdref]"
  27+ 7C29             >
  27+ 7C29             >last_NFA        defl    temp_NFA            // keep track of NFA saved above
  28+ 7C29 FE 68                        dw      TO_R                 // >r
  29+ 7C2B 1A 69 3C 69                  dw      R_OP, ZLESS          // r@ 0<
  30+ 7C2F 1A 69 3F 64                  dw      R_OP, LIT, 15        // r@ [ decimal 15 ] Literal >
  30+ 7C33 0F 00
  31+ 7C35 EF 6E                        dw      GREATER
  32+ 7C37 5C 69 3F 64                  dw      PLUS, LIT, 25        // + [ decimal 25 ] Literal ?error
  32+ 7C3B 19 00
  33+ 7C3D 2E 70                        dw      QERROR
  34+ 7C3F 1A 69 1A 69                  dw      R_OP, R_OP, PLUS     // r@ r@ + [ hex 5C16 ] Literal // STRMS
  34+ 7C43 5C 69
  35+ 7C45 3F 64 16 5C                  dw      LIT,  STRMS          //
  36+ 7C49 5C 69 00 6B                  dw      PLUS, FETCH          // + @  // offset to stream #n
  37+ 7C4D 3F 64 4F 5C                  dw      LIT, CHANS           // [ hex 5C4F ] Literal  // CHANS
  38+ 7C51 00 6B 5C 69                  dw      FETCH, PLUS          // @ + // address of channel #n
  39+ 7C55 85 69 FE 68                  dw      ONE_SUBTRACT, TO_R   // 1- >r
  40+ 7C59 1A 69 3F 64                  dw      R_OP, LIT, 4         // r@ [ decimal 4 ] Literal + c@ [ hex 4D ] Literal -
  40+ 7C5D 04 00
  41+ 7C5F 5C 69 1A 6B                  dw      PLUS, CFETCH
  42+ 7C63 3F 64 4D 00                  dw      LIT, $4D, SUBTRACT
  42+ 7C67 B4 6E
  43+ 7C69 3F 64 19 00                  dw      LIT, 25, QERROR      // [ decimal 25 ] Literal ?error
  43+ 7C6D 2E 70
  44+ 7C6F 1A 69                        dw      R_OP                 // r@ [ decimal 26 ] Literal + @
  45+ 7C71 3F 64 1A 00                  dw      LIT, 26, PLUS
  45+ 7C75 5C 69
  46+ 7C77 00 6B                        dw      FETCH
  47+ 7C79 04 7C 0C 6B                  dw      MMAP, STORE          // mmap !
  48+ 7C7D 0C 69                        dw      R_TO                 // r> chnl !   // normally 5D2F
  49+ 7C7F 10 7C 0C 6B                  dw      CHNL, STORE
  50+ 7C83 0C 69                        dw      R_TO                 // r> strm  !   // normally 4
  51+ 7C85 ED 7B 0C 6B                  dw      STRM, STORE
  52+ 7C89 F1 68                        dw      EXIT
  53+ 7C8B
  54+ 7C8B
  55+ 7C8B              // 77CDh
  56+ 7C8B              // SCTR
  57+ 7C8B              // it fills the microdrive map with FFs
  58+ 7C8B              // gets the HDNUMB variable of the Microdrive Channel
  59+ 7C8B              // calculates the corrisponding bit (byte and bit)
  60+ 7C8B              // and fools the microdrive to believe there is only that one sector free.
  61+ 7C8B                              Colon_Def SCTR, "SCTR", is_normal // : sctr  ( -- )
  61+ 7C8B             >                New_Def  SCTR, "SCTR", Enter_Ptr, is_normal ; ok
  61+ 7C8B             >temp_NFA        defl    $                   // save this NFA address to temp_NFA
  61+ 7C8B             >
  61+ 7C8B             >                // dummy db directives used to calculate length of namec
  61+ 7C8B 53 43 54 52 >                db      "SCTR"
  61+ 7C8F             >len_NFA         defl    $ - temp_NFA
  61+ 7C8F             >                org     $ - len_NFA         // rewind to temp_NFA and re-do NFA part
  61+ 7C8B             >
  61+ 7C8B 84          >                db      len_NFA | END_BIT | is_normal  // The start of NFA must have msb set to signal the beginning of the sounted string
  61+ 7C8C 53 43 54 52 >                db      "SCTR"               // name string in 7-bit ascii, but
  61+ 7C90             >                org     $-1                 // alter last byte of Name just above to set
  61+ 7C8F D2          >                db      {b $} | END_BIT     // msb as name end
  61+ 7C90             >
  61+ 7C90 20 7C       >                dw      last_NFA            // Link to previous definition Name
  61+ 7C92             >SCTR:          if Enter_Ptr != 0 ; ok        // This is the start address of the direct jp(hl)
  61+ 7C92 CD DF 6B    >                call    Enter_Ptr ; ok        // for primitive definitions  actual code
  61+ 7C95             >
  61+ 7C95             >
  61+ 7C95             >                endif           ; ok        // for other definitions it "points" the correct handler
  61+ 7C95             >                // Use of "; ok" to suppress "warning[fwdref]"
  61+ 7C95             >
  61+ 7C95             >last_NFA        defl    temp_NFA            // keep track of NFA saved above
  62+ 7C95 04 7C 00 6B                  dw      MMAP, FETCH          // mmap @
  63+ 7C99 3F 64 20 00                  dw      LIT, 32, LIT, 255    // [ decimal 32 ] Literal [ decimal 255 ] Literal fill
  63+ 7C9D 3F 64 FF 00
  64+ 7CA1 67 73                        dw      FILL
  65+ 7CA3 10 7C 00 6B                  dw      CHNL, FETCH, LIT, 41 // chnl @ [ decimal 41 ] Literal // HDNUMB of channel
  65+ 7CA7 3F 64 29 00
  66+ 7CAB 5C 69 1A 6B                  dw      PLUS, CFETCH         // + c@                    // sect
  67+ 7CAF 3F 64 08 00                  dw      LIT, 8               // [ decimal 8 ] Literal
  68+ 7CB3 25 7B                        dw      DIVMOD               // /mod        // rem q
  69+ 7CB5 1B 6A                        dw      SWAP                 // swap        // q   rem
  70+ 7CB7 60 6C 1B 6A                  dw      ONE, SWAP            // 1 swap      // q 1 rem
  71+ 7CBB 8F 6B                        dw      LSHIFT               // lshift      // q bits
  72+ 7CBD 7C 6C                        dw      NEG_ONE              //    [ decimal -1 ] Literal
  73+ 7CBF B7 68                        dw      XOR_OP               // xor          // q negbits
  74+ 7CC1 04 7C 00 6B                  dw      MMAP, FETCH          // mmap @       // q negbits 5CF0
  75+ 7CC5 31 6A 5C 69                  dw      ROT, PLUS            // rot +       // negbits 5CF0+q
  76+ 7CC9 26 6B                        dw      CSTORE               // c!
  77+ 7CCB F1 68                        dw      EXIT
  78+ 7CCD
  79+ 7CCD                  // was:
  80+ 7CCD                  // >r    // saves the quotient i.e. the offset inside microdrive map
  81+ 7CCD                  // 1 swap -1 Do 2* Loop  2/
  82+ 7CCD                  // [ decimal 255 ] Literal swap - mmap @
  83+ 7CCD                  // r> + c!
  84+ 7CCD
  85+ 7CCD
  86+ 7CCD              // 7831h
  87+ 7CCD              // MDRGET
  88+ 7CCD              // low level "CHREC" read
  89+ 7CCD              // gets the current channel "M" pointer stored in CHANNEL
  90+ 7CCD              // puts   3 to channel+12 (i.e. a value > 512 for CHBYTE)
  91+ 7CCD              // puts   0 to channel+67 (RECFLG) this is not EOF
  92+ 7CCD              // puts 254 to channel+24 (CHFLAG) to read/write flag
  93+ 7CCD              // then forces the read of the next character available
  94+ 7CCD                              Colon_Def MDRGET, "MDRGET", is_normal // : mdrget
  94+ 7CCD             >                New_Def  MDRGET, "MDRGET", Enter_Ptr, is_normal ; ok
  94+ 7CCD             >temp_NFA        defl    $                   // save this NFA address to temp_NFA
  94+ 7CCD             >
  94+ 7CCD             >                // dummy db directives used to calculate length of namec
  94+ 7CCD 4D 44 52 47 >                db      "MDRGET"
  94+ 7CD1 45 54       >
  94+ 7CD3             >len_NFA         defl    $ - temp_NFA
  94+ 7CD3             >                org     $ - len_NFA         // rewind to temp_NFA and re-do NFA part
  94+ 7CCD             >
  94+ 7CCD 86          >                db      len_NFA | END_BIT | is_normal  // The start of NFA must have msb set to signal the beginning of the sounted string
  94+ 7CCE 4D 44 52 47 >                db      "MDRGET"               // name string in 7-bit ascii, but
  94+ 7CD2 45 54       >
  94+ 7CD4             >                org     $-1                 // alter last byte of Name just above to set
  94+ 7CD3 D4          >                db      {b $} | END_BIT     // msb as name end
  94+ 7CD4             >
  94+ 7CD4 8B 7C       >                dw      last_NFA            // Link to previous definition Name
  94+ 7CD6             >MDRGET:          if Enter_Ptr != 0 ; ok        // This is the start address of the direct jp(hl)
  94+ 7CD6 CD DF 6B    >                call    Enter_Ptr ; ok        // for primitive definitions  actual code
  94+ 7CD9             >
  94+ 7CD9             >
  94+ 7CD9             >                endif           ; ok        // for other definitions it "points" the correct handler
  94+ 7CD9             >                // Use of "; ok" to suppress "warning[fwdref]"
  94+ 7CD9             >
  94+ 7CD9             >last_NFA        defl    temp_NFA            // keep track of NFA saved above
  95+ 7CD9 10 7C 00 6B                  dw      CHNL, FETCH, TO_R        //chnl @ >r
  95+ 7CDD FE 68
  96+ 7CDF 1A 69 22 69                  dw      R_OP, ZEQUAL             // r@ 0=  [ 5 ] Literal ?error
  97+ 7CE3 3F 64 05 00                  dw      LIT, 5, QERROR
  97+ 7CE7 2E 70
  98+ 7CE9 72 6C                        dw      THREE                    // 3 // [ 3 ] Literal
  99+ 7CEB 1A 69 3F 64                  dw       R_OP, LIT, 12           //
  99+ 7CEF 0C 00
 100+ 7CF1 5C 69 26 6B                  dw      PLUS, CSTORE             // r@  [ decimal  12 ] Literal + c! // CHBYTE of channel
 101+ 7CF5 57 6C                        dw      ZERO                     // 0
 102+ 7CF7 1A 69 3F 64                  dw      R_OP, LIT, 67            // r@  [ decimal  67 ] Literal + c! // RECFLG of channel
 102+ 7CFB 43 00
 103+ 7CFD 5C 69 26 6B                  dw      PLUS, CSTORE
 104+ 7D01 3F 64 FE 00                  dw      LIT, 254                 //[ decimal 254 ] Literal
 105+ 7D05 0C 69 3F 64                  dw      R_TO, LIT, 24            // r> [ decimal  24 ] Literal + c! // CHFLAG of channel
 105+ 7D09 18 00
 106+ 7D0B 5C 69 26 6B                  dw      PLUS, CSTORE
 107+ 7D0F ED 7B 00 6B                  dw      STRM, FETCH, SELECT      // strm @ select
 107+ 7D13 E9 67
 108+ 7D15 C4 67 F9 69                  dw      INKEY, DROP              // inkey drop
 109+ 7D19 E1 7B 00 6B                  dw      DEVICE, FETCH, SELECT    // device @ select
 109+ 7D1D E9 67
 110+ 7D1F F1 68                        dw      EXIT
 111+ 7D21
 112+ 7D21
 113+ 7D21              // 7882h
 114+ 7D21              // MDRR1
 115+ 7D21              // verifies if the current microdrive buffer is the requested block
 116+ 7D21              // otherwise, it forces channel+13 "CHREC" and calls MDRGET
 117+ 7D21                              Colon_Def MDRR1, "MDRR1", is_normal // : mdrr1  ( n -- )
 117+ 7D21             >                New_Def  MDRR1, "MDRR1", Enter_Ptr, is_normal ; ok
 117+ 7D21             >temp_NFA        defl    $                   // save this NFA address to temp_NFA
 117+ 7D21             >
 117+ 7D21             >                // dummy db directives used to calculate length of namec
 117+ 7D21 4D 44 52 52 >                db      "MDRR1"
 117+ 7D25 31          >
 117+ 7D26             >len_NFA         defl    $ - temp_NFA
 117+ 7D26             >                org     $ - len_NFA         // rewind to temp_NFA and re-do NFA part
 117+ 7D21             >
 117+ 7D21 85          >                db      len_NFA | END_BIT | is_normal  // The start of NFA must have msb set to signal the beginning of the sounted string
 117+ 7D22 4D 44 52 52 >                db      "MDRR1"               // name string in 7-bit ascii, but
 117+ 7D26 31          >
 117+ 7D27             >                org     $-1                 // alter last byte of Name just above to set
 117+ 7D26 B1          >                db      {b $} | END_BIT     // msb as name end
 117+ 7D27             >
 117+ 7D27 CD 7C       >                dw      last_NFA            // Link to previous definition Name
 117+ 7D29             >MDRR1:          if Enter_Ptr != 0 ; ok        // This is the start address of the direct jp(hl)
 117+ 7D29 CD DF 6B    >                call    Enter_Ptr ; ok        // for primitive definitions  actual code
 117+ 7D2C             >
 117+ 7D2C             >
 117+ 7D2C             >                endif           ; ok        // for other definitions it "points" the correct handler
 117+ 7D2C             >                // Use of "; ok" to suppress "warning[fwdref]"
 117+ 7D2C             >
 117+ 7D2C             >last_NFA        defl    temp_NFA            // keep track of NFA saved above
 118+ 7D2C 3F 64 04 00                  dw      LIT, 4, MDR
 118+ 7D30 26 7C
 119+ 7D32 10 7C 00 6B                  dw      CHNL, FETCH, TO_R            // [ 4 ] Literal mdr chnl @ >r
 119+ 7D36 FE 68
 120+ 7D38 3F 64 FE 00                  dw      LIT, 254, DIVMOD             // [ decimal 254 ] Literal /mod   // find drive# and sector#
 120+ 7D3C 25 7B
 121+ 7D3E 26 6A 3F 64                  dw      DUP, LIT, 48, PLUS           // dup    [ decimal  48 ] Literal +
 121+ 7D42 30 00 5C 69
 122+ 7D46 1A 69 3F 64                  dw      R_OP, LIT, 53
 122+ 7D4A 35 00
 123+ 7D4C 5C 69 26 6B                  dw      PLUS, CSTORE                 // r@  [ decimal  53 ] Literal + c!   // Last byte of HDNAME
 124+ 7D50 1B 7C 00 6B                  dw      MGT, FETCH, TWO_DIV, PLUS    // MGT @ 2/ +                         // DR0 correction
 124+ 7D54 7E 6B 5C 69
 125+ 7D58              //              dw      TWO_PLUS                     // 2+                                 // DR0 is drive #2
 126+ 7D58 1A 69 3F 64                  dw      R_OP, LIT, 25
 126+ 7D5C 19 00
 127+ 7D5E 5C 69 26 6B                  dw      PLUS, CSTORE                 // r@  [ decimal  25 ] Literal + c!   // CHDRIV
 128+ 7D62 85 69 0C 69                  dw      ONE_SUBTRACT, R_TO           // 1-  r> [ decimal  13 ] Literal + c!   // CHREC of channel
 129+ 7D66 3F 64 0D 00                  dw      LIT, 13, PLUS, CSTORE
 129+ 7D6A 5C 69 26 6B
 130+ 7D6E D6 7C                        dw      MDRGET                       // mdrget
 131+ 7D70 F1 68                        dw      EXIT
 132+ 7D72
 133+ 7D72
 134+ 7D72              // 78c1h
 135+ 7D72              // MDRRD
 136+ 7D72              // read block n and store it to buffer at address a
 137+ 7D72                              Colon_Def MDRRD, "MDRRD", is_normal // : mdrrd  ( a n -- )
 137+ 7D72             >                New_Def  MDRRD, "MDRRD", Enter_Ptr, is_normal ; ok
 137+ 7D72             >temp_NFA        defl    $                   // save this NFA address to temp_NFA
 137+ 7D72             >
 137+ 7D72             >                // dummy db directives used to calculate length of namec
 137+ 7D72 4D 44 52 52 >                db      "MDRRD"
 137+ 7D76 44          >
 137+ 7D77             >len_NFA         defl    $ - temp_NFA
 137+ 7D77             >                org     $ - len_NFA         // rewind to temp_NFA and re-do NFA part
 137+ 7D72             >
 137+ 7D72 85          >                db      len_NFA | END_BIT | is_normal  // The start of NFA must have msb set to signal the beginning of the sounted string
 137+ 7D73 4D 44 52 52 >                db      "MDRRD"               // name string in 7-bit ascii, but
 137+ 7D77 44          >
 137+ 7D78             >                org     $-1                 // alter last byte of Name just above to set
 137+ 7D77 C4          >                db      {b $} | END_BIT     // msb as name end
 137+ 7D78             >
 137+ 7D78 21 7D       >                dw      last_NFA            // Link to previous definition Name
 137+ 7D7A             >MDRRD:          if Enter_Ptr != 0 ; ok        // This is the start address of the direct jp(hl)
 137+ 7D7A CD DF 6B    >                call    Enter_Ptr ; ok        // for primitive definitions  actual code
 137+ 7D7D             >
 137+ 7D7D             >
 137+ 7D7D             >                endif           ; ok        // for other definitions it "points" the correct handler
 137+ 7D7D             >                // Use of "; ok" to suppress "warning[fwdref]"
 137+ 7D7D             >
 137+ 7D7D             >last_NFA        defl    temp_NFA            // keep track of NFA saved above
 138+ 7D7D 29 7D                        dw      MDRR1                    // mdrr1
 139+ 7D7F 10 7C 00 6B                  dw      CHNL, FETCH              // chnl @
 140+ 7D83 3F 64 52 00                  dw      LIT, 82, PLUS            // [ decimal 82 ] Literal + // first byte of channel's data-area
 140+ 7D87 5C 69
 141+ 7D89 1B 6A 9E 6C                  dw      SWAP, BBUF, CMOVE        // swap b/buf cmove
 141+ 7D8D 0B 68
 142+ 7D8F F1 68                        dw      EXIT
 143+ 7D91
 144+ 7D91
 145+ 7D91              // 78e0h
 146+ 7D91              // MDRWR
 147+ 7D91              // write block n to microdrive taking it from buffer at address a
 148+ 7D91                              Colon_Def MDRWR, "MDRWR", is_normal // : mdrwr  ( a n -- )
 148+ 7D91             >                New_Def  MDRWR, "MDRWR", Enter_Ptr, is_normal ; ok
 148+ 7D91             >temp_NFA        defl    $                   // save this NFA address to temp_NFA
 148+ 7D91             >
 148+ 7D91             >                // dummy db directives used to calculate length of namec
 148+ 7D91 4D 44 52 57 >                db      "MDRWR"
 148+ 7D95 52          >
 148+ 7D96             >len_NFA         defl    $ - temp_NFA
 148+ 7D96             >                org     $ - len_NFA         // rewind to temp_NFA and re-do NFA part
 148+ 7D91             >
 148+ 7D91 85          >                db      len_NFA | END_BIT | is_normal  // The start of NFA must have msb set to signal the beginning of the sounted string
 148+ 7D92 4D 44 52 57 >                db      "MDRWR"               // name string in 7-bit ascii, but
 148+ 7D96 52          >
 148+ 7D97             >                org     $-1                 // alter last byte of Name just above to set
 148+ 7D96 D2          >                db      {b $} | END_BIT     // msb as name end
 148+ 7D97             >
 148+ 7D97 72 7D       >                dw      last_NFA            // Link to previous definition Name
 148+ 7D99             >MDRWR:          if Enter_Ptr != 0 ; ok        // This is the start address of the direct jp(hl)
 148+ 7D99 CD DF 6B    >                call    Enter_Ptr ; ok        // for primitive definitions  actual code
 148+ 7D9C             >
 148+ 7D9C             >
 148+ 7D9C             >                endif           ; ok        // for other definitions it "points" the correct handler
 148+ 7D9C             >                // Use of "; ok" to suppress "warning[fwdref]"
 148+ 7D9C             >
 148+ 7D9C             >last_NFA        defl    temp_NFA            // keep track of NFA saved above
 149+ 7D9C 29 7D                        dw      MDRR1                       // mdrr1
 150+ 7D9E 10 7C 00 6B                  dw      CHNL, FETCH, TO_R           // chnl @ >r
 150+ 7DA2 FE 68
 151+ 7DA4 1A 69 3F 64                  dw      R_OP, LIT, 82, PLUS         // r@ [ decimal 82 ] Literal +
 151+ 7DA8 52 00 5C 69
 152+ 7DAC 9E 6C 0B 68                  dw      BBUF, CMOVE                 // b/buf cmove
 153+ 7DB0 92 7C                        dw      SCTR                        // sctr
 154+ 7DB2 3F 64 FF 00                  dw      LIT, 255, R_OP              // [ decimal 255 ] Literal r@
 154+ 7DB6 1A 69
 155+ 7DB8 3F 64 18 00                  dw      LIT, 24, PLUS, CSTORE       // [ decimal  24 ] Literal + c!    // CHFLAG of channel
 155+ 7DBC 5C 69 26 6B
 156+ 7DC0 3F 64 FF 01                  dw      LIT, 511, R_OP              // [ decimal 511 ] Literal r@
 156+ 7DC4 1A 69
 157+ 7DC6 3F 64 0B 00                  dw      LIT, 11, PLUS, STORE        // [ decimal  11 ] Literal + !     // CHBYTE of channel
 157+ 7DCA 5C 69 0C 6B
 158+ 7DCE ED 7B 00 6B                  dw      STRM, FETCH, SELECT         // strm @ select
 158+ 7DD2 E9 67
 159+ 7DD4 1A 69                        dw      R_OP                        // r [ decimal 593 ] Literal + c@  // latest byte of channel's data-area
 160+ 7DD6 3F 64 51 02                  dw      LIT, 593, PLUS, CFETCH      //
 160+ 7DDA 5C 69 1A 6B
 161+ 7DDE 81 66                        dw      EMITC                       // emitc
 162+ 7DE0 E1 7B 00 6B                  dw      DEVICE, FETCH, SELECT       // device @ select
 162+ 7DE4 E9 67
 163+ 7DE6                              // it puts 255 to CHREC to clear everything.
 164+ 7DE6 3F 64 FF 00                  dw      LIT, 255, R_TO              // [ decimal 255 ] Literal r>
 164+ 7DEA 0C 69
 165+ 7DEC 3F 64 0D 00                  dw      LIT, 13, PLUS, CSTORE       // [ decimal  13 ] Literal + c!    // CHREC of channel
 165+ 7DF0 5C 69 26 6B
 166+ 7DF4 F1 68                        dw      EXIT
 167+ 7DF6                  ;
 168+ 7DF6
 169+ 7DF6              // ______________________________________________________________________
 170+ 7DF6
 171+ 7DF6              // MGT DISCiPLE option
 172+ 7DF6
 173+ 7DF6              //  ______________________________________________________________________
 174+ 7DF6              //
 175+ 7DF6
 176+ 7DF6              // .( RSAD )
 177+ 7DF6              // call DISCiPLE 44h hook code (RDAD)
 178+ 7DF6              // somehow, it needs a CAT 2 from Basic, first.
 179+ 7DF6                              New_Def RSAD, "RSAD", is_code, is_normal // CODE rsad ( a n -- )
 179+ 7DF6             >temp_NFA        defl    $                   // save this NFA address to temp_NFA
 179+ 7DF6             >
 179+ 7DF6             >                // dummy db directives used to calculate length of namec
 179+ 7DF6 52 53 41 44 >                db      "RSAD"
 179+ 7DFA             >len_NFA         defl    $ - temp_NFA
 179+ 7DFA             >                org     $ - len_NFA         // rewind to temp_NFA and re-do NFA part
 179+ 7DF6             >
 179+ 7DF6 84          >                db      len_NFA | END_BIT | is_normal  // The start of NFA must have msb set to signal the beginning of the sounted string
 179+ 7DF7 52 53 41 44 >                db      "RSAD"               // name string in 7-bit ascii, but
 179+ 7DFB             >                org     $-1                 // alter last byte of Name just above to set
 179+ 7DFA C4          >                db      {b $} | END_BIT     // msb as name end
 179+ 7DFB             >
 179+ 7DFB 91 7D       >                dw      last_NFA            // Link to previous definition Name
 179+ 7DFD             >RSAD:          if is_code != 0 ; ok        // This is the start address of the direct jp(hl)
 179+ 7DFD ~           >                call    runcode ; ok        // for primitive definitions  actual code
 179+ 7DFD ~           >
 179+ 7DFD ~           >
 179+ 7DFD             >                endif           ; ok        // for other definitions it "points" the correct handler
 179+ 7DFD             >                // Use of "; ok" to suppress "warning[fwdref]"
 179+ 7DFD             >
 179+ 7DFD             >last_NFA        defl    temp_NFA            // keep track of NFA saved above
 180+ 7DFD 3E 02                        ld      a, 2                    // Drive number
 181+ 7DFF E1                           pop     hl                      // D=track E=sector
 182+ 7E00 DD E3                        ex      (sp), ix
 183+ 7E02 C5                           push    bc
 184+ 7E03 D5                           push    de
 185+ 7E04 EB                           ex      de, hl
 186+ 7E05 CF                           rst     08
 187+ 7E06 44                           db      $44         // WSAD
 188+ 7E07 D1                           pop     de
 189+ 7E08 C1                           pop     bc
 190+ 7E09 DD E1                        pop     ix
 191+ 7E0B                              next
 191+ 7E0B DD E9       >                jp      (ix)
 192+ 7E0D
 193+ 7E0D
 194+ 7E0D              // WSAD
 195+ 7E0D              // call DISCiPLE 45h hook code (RDAD)
 196+ 7E0D              // somehow, it needs a CAT 2 from Basic, first.
 197+ 7E0D                              New_Def WSAD, "WSAD", is_code, is_normal // CODE wsad ( a n -- )
 197+ 7E0D             >temp_NFA        defl    $                   // save this NFA address to temp_NFA
 197+ 7E0D             >
 197+ 7E0D             >                // dummy db directives used to calculate length of namec
 197+ 7E0D 57 53 41 44 >                db      "WSAD"
 197+ 7E11             >len_NFA         defl    $ - temp_NFA
 197+ 7E11             >                org     $ - len_NFA         // rewind to temp_NFA and re-do NFA part
 197+ 7E0D             >
 197+ 7E0D 84          >                db      len_NFA | END_BIT | is_normal  // The start of NFA must have msb set to signal the beginning of the sounted string
 197+ 7E0E 57 53 41 44 >                db      "WSAD"               // name string in 7-bit ascii, but
 197+ 7E12             >                org     $-1                 // alter last byte of Name just above to set
 197+ 7E11 C4          >                db      {b $} | END_BIT     // msb as name end
 197+ 7E12             >
 197+ 7E12 F6 7D       >                dw      last_NFA            // Link to previous definition Name
 197+ 7E14             >WSAD:          if is_code != 0 ; ok        // This is the start address of the direct jp(hl)
 197+ 7E14 ~           >                call    runcode ; ok        // for primitive definitions  actual code
 197+ 7E14 ~           >
 197+ 7E14 ~           >
 197+ 7E14             >                endif           ; ok        // for other definitions it "points" the correct handler
 197+ 7E14             >                // Use of "; ok" to suppress "warning[fwdref]"
 197+ 7E14             >
 197+ 7E14             >last_NFA        defl    temp_NFA            // keep track of NFA saved above
 198+ 7E14 3E 02                        ld      a, 2                    // Drive number
 199+ 7E16 E1                           pop     hl                      // D=track E=sector
 200+ 7E17 DD E3                        ex      (sp), ix
 201+ 7E19 C5                           push    bc
 202+ 7E1A D5                           push    de
 203+ 7E1B EB                           ex      de, hl
 204+ 7E1C CF                           rst     08
 205+ 7E1D 45                           db      $45     // WSAD
 206+ 7E1E D1                           pop     de
 207+ 7E1F C1                           pop     bc
 208+ 7E20 DD E1                        pop     ix
 209+ 7E22                              next
 209+ 7E22 DD E9       >                jp      (ix)
 210+ 7E24
 211+ 7E24
 212+ 7E24              // MGTSTS )
 213+ 7E24              // convert block number into side-track-sector.
 214+ 7E24                              Colon_Def MGTSTS, "MGTSTS", is_normal // : mgtsts ( n -- side-track-sector )
 214+ 7E24             >                New_Def  MGTSTS, "MGTSTS", Enter_Ptr, is_normal ; ok
 214+ 7E24             >temp_NFA        defl    $                   // save this NFA address to temp_NFA
 214+ 7E24             >
 214+ 7E24             >                // dummy db directives used to calculate length of namec
 214+ 7E24 4D 47 54 53 >                db      "MGTSTS"
 214+ 7E28 54 53       >
 214+ 7E2A             >len_NFA         defl    $ - temp_NFA
 214+ 7E2A             >                org     $ - len_NFA         // rewind to temp_NFA and re-do NFA part
 214+ 7E24             >
 214+ 7E24 86          >                db      len_NFA | END_BIT | is_normal  // The start of NFA must have msb set to signal the beginning of the sounted string
 214+ 7E25 4D 47 54 53 >                db      "MGTSTS"               // name string in 7-bit ascii, but
 214+ 7E29 54 53       >
 214+ 7E2B             >                org     $-1                 // alter last byte of Name just above to set
 214+ 7E2A D3          >                db      {b $} | END_BIT     // msb as name end
 214+ 7E2B             >
 214+ 7E2B 0D 7E       >                dw      last_NFA            // Link to previous definition Name
 214+ 7E2D             >MGTSTS:          if Enter_Ptr != 0 ; ok        // This is the start address of the direct jp(hl)
 214+ 7E2D CD DF 6B    >                call    Enter_Ptr ; ok        // for primitive definitions  actual code
 214+ 7E30             >
 214+ 7E30             >
 214+ 7E30             >                endif           ; ok        // for other definitions it "points" the correct handler
 214+ 7E30             >                // Use of "; ok" to suppress "warning[fwdref]"
 214+ 7E30             >
 214+ 7E30             >last_NFA        defl    temp_NFA            // keep track of NFA saved above
 215+ 7E30 3F 64 28 00                  dw      LIT, 40, PLUS           // [ decimal 40 ] Literal      +
 215+ 7E34 5C 69
 216+ 7E36 3F 64 0A 00                  dw      LIT, 10, DIVMOD         // [ decimal 10 ] Literal      /mod
 216+ 7E3A 25 7B
 217+ 7E3C 26 6A                        dw      DUP                     // dup
 218+ 7E3E 3F 64 50 00                  dw      LIT, 80                 // [ decimal 80 ] Literal      < 0=
 219+ 7E42 E0 6E 22 69                  dw      LESS, ZEQUAL
 220+ 7E46 B7 64                        dw      ZBRANCH
 221+ 7E48 08 00                        dw      MGTSTS_Endif - $        // If
 222+ 7E4A 3F 64 30 00                  dw      LIT, 48, PLUS           // [ decimal 48 ] Literal  +
 222+ 7E4E 5C 69
 223+ 7E50              MGTSTS_Endif:                                   // Endif
 224+ 7E50 3F 64 00 01                  dw      LIT, 256                //[ decimal 256 ] Literal     * + 1+
 225+ 7E54 15 7B 5C 69                  dw      MUL, PLUS, ONE_PLUS
 225+ 7E58 7B 69
 226+ 7E5A F1 68                        dw      EXIT
 227+ 7E5C                  ;
 228+ 7E5C
 229+ 7E5C
 230+ 7E5C              // MGTRD )
 231+ 7E5C              // MGT DISCiPLE read sector to address
 232+ 7E5C                              Colon_Def MGTRD, "MGTRD", is_normal  // : mgtrd ( a n -- )
 232+ 7E5C             >                New_Def  MGTRD, "MGTRD", Enter_Ptr, is_normal ; ok
 232+ 7E5C             >temp_NFA        defl    $                   // save this NFA address to temp_NFA
 232+ 7E5C             >
 232+ 7E5C             >                // dummy db directives used to calculate length of namec
 232+ 7E5C 4D 47 54 52 >                db      "MGTRD"
 232+ 7E60 44          >
 232+ 7E61             >len_NFA         defl    $ - temp_NFA
 232+ 7E61             >                org     $ - len_NFA         // rewind to temp_NFA and re-do NFA part
 232+ 7E5C             >
 232+ 7E5C 85          >                db      len_NFA | END_BIT | is_normal  // The start of NFA must have msb set to signal the beginning of the sounted string
 232+ 7E5D 4D 47 54 52 >                db      "MGTRD"               // name string in 7-bit ascii, but
 232+ 7E61 44          >
 232+ 7E62             >                org     $-1                 // alter last byte of Name just above to set
 232+ 7E61 C4          >                db      {b $} | END_BIT     // msb as name end
 232+ 7E62             >
 232+ 7E62 24 7E       >                dw      last_NFA            // Link to previous definition Name
 232+ 7E64             >MGTRD:          if Enter_Ptr != 0 ; ok        // This is the start address of the direct jp(hl)
 232+ 7E64 CD DF 6B    >                call    Enter_Ptr ; ok        // for primitive definitions  actual code
 232+ 7E67             >
 232+ 7E67             >
 232+ 7E67             >                endif           ; ok        // for other definitions it "points" the correct handler
 232+ 7E67             >                // Use of "; ok" to suppress "warning[fwdref]"
 232+ 7E67             >
 232+ 7E67             >last_NFA        defl    temp_NFA            // keep track of NFA saved above
 233+ 7E67 2D 7E FD 7D                  dw      MGTSTS, RSAD
 234+ 7E6B F1 68                        dw      EXIT
 235+ 7E6D
 236+ 7E6D
 237+ 7E6D              // MGTWR
 238+ 7E6D              // MGT DISCiPLE write sector from address
 239+ 7E6D                              Colon_Def MGTWR, "MGTWR", is_normal  // : mgtwr ( a n -- )
 239+ 7E6D             >                New_Def  MGTWR, "MGTWR", Enter_Ptr, is_normal ; ok
 239+ 7E6D             >temp_NFA        defl    $                   // save this NFA address to temp_NFA
 239+ 7E6D             >
 239+ 7E6D             >                // dummy db directives used to calculate length of namec
 239+ 7E6D 4D 47 54 57 >                db      "MGTWR"
 239+ 7E71 52          >
 239+ 7E72             >len_NFA         defl    $ - temp_NFA
 239+ 7E72             >                org     $ - len_NFA         // rewind to temp_NFA and re-do NFA part
 239+ 7E6D             >
 239+ 7E6D 85          >                db      len_NFA | END_BIT | is_normal  // The start of NFA must have msb set to signal the beginning of the sounted string
 239+ 7E6E 4D 47 54 57 >                db      "MGTWR"               // name string in 7-bit ascii, but
 239+ 7E72 52          >
 239+ 7E73             >                org     $-1                 // alter last byte of Name just above to set
 239+ 7E72 D2          >                db      {b $} | END_BIT     // msb as name end
 239+ 7E73             >
 239+ 7E73 5C 7E       >                dw      last_NFA            // Link to previous definition Name
 239+ 7E75             >MGTWR:          if Enter_Ptr != 0 ; ok        // This is the start address of the direct jp(hl)
 239+ 7E75 CD DF 6B    >                call    Enter_Ptr ; ok        // for primitive definitions  actual code
 239+ 7E78             >
 239+ 7E78             >
 239+ 7E78             >                endif           ; ok        // for other definitions it "points" the correct handler
 239+ 7E78             >                // Use of "; ok" to suppress "warning[fwdref]"
 239+ 7E78             >
 239+ 7E78             >last_NFA        defl    temp_NFA            // keep track of NFA saved above
 240+ 7E78 2D 7E 14 7E                  dw      MGTSTS, WSAD
 241+ 7E7C F1 68                        dw      EXIT
 242+ 7E7E
 243+ 7E7E              // ______________________________________________________________________
 244+ 7E7E
 245+ 7E7E              // 7946h
 246+ 7E7E              //  number of blocks available
 247+ 7E7E                              Constant_Def NSEC       ,   "#SEC"     ,   1778   // MDR
 247+ 7E7E             >                New_Def  NSEC, "#SEC", Constant_Ptr, is_normal
 247+ 7E7E             >temp_NFA        defl    $                   // save this NFA address to temp_NFA
 247+ 7E7E             >
 247+ 7E7E             >                // dummy db directives used to calculate length of namec
 247+ 7E7E 23 53 45 43 >                db      "#SEC"
 247+ 7E82             >len_NFA         defl    $ - temp_NFA
 247+ 7E82             >                org     $ - len_NFA         // rewind to temp_NFA and re-do NFA part
 247+ 7E7E             >
 247+ 7E7E 84          >                db      len_NFA | END_BIT | is_normal  // The start of NFA must have msb set to signal the beginning of the sounted string
 247+ 7E7F 23 53 45 43 >                db      "#SEC"               // name string in 7-bit ascii, but
 247+ 7E83             >                org     $-1                 // alter last byte of Name just above to set
 247+ 7E82 C3          >                db      {b $} | END_BIT     // msb as name end
 247+ 7E83             >
 247+ 7E83 6D 7E       >                dw      last_NFA            // Link to previous definition Name
 247+ 7E85             >NSEC:          if Constant_Ptr != 0 ; ok        // This is the start address of the direct jp(hl)
 247+ 7E85 CD 18 6C    >                call    Constant_Ptr ; ok        // for primitive definitions  actual code
 247+ 7E88             >
 247+ 7E88             >
 247+ 7E88             >                endif           ; ok        // for other definitions it "points" the correct handler
 247+ 7E88             >                // Use of "; ok" to suppress "warning[fwdref]"
 247+ 7E88             >
 247+ 7E88             >last_NFA        defl    temp_NFA            // keep track of NFA saved above
 247+ 7E88 F2 06       >                dw      1778
 248+ 7E8A              //              Constant_Def NSEC       ,   "#SEC"     ,   1560   // Disciple
 249+ 7E8A
 250+ 7E8A              // ______________________________________________________________________
 251+ 7E8A
# file closed: C:\Zx\CSpect\Projects\vForth16_MDR_MGT/source/mdr-mgt-opt.asm
 114  7E8A                              include "L3.asm"
# file opened: C:\Zx\CSpect\Projects\vForth16_MDR_MGT/source/L3.asm
   1+ 7E8A              //  ______________________________________________________________________
   2+ 7E8A              //
   3+ 7E8A              //  L3.asm
   4+ 7E8A              //
   5+ 7E8A              //  Continuation of L2.asm
   6+ 7E8A              //  I/O Block definitions
   7+ 7E8A              //  ______________________________________________________________________
   8+ 7E8A
   9+ 7E8A
  10+ 7E8A              //  ______________________________________________________________________
  11+ 7E8A              //
  12+ 7E8A              // r/w          a n f --
  13+ 7E8A              // read/write block n depending on flag f, true-flag means read, false-flag means write.
  14+ 7E8A                              Colon_Def READ_WRITE, "R/W", is_normal
  14+ 7E8A             >                New_Def  READ_WRITE, "R/W", Enter_Ptr, is_normal ; ok
  14+ 7E8A             >temp_NFA        defl    $                   // save this NFA address to temp_NFA
  14+ 7E8A             >
  14+ 7E8A             >                // dummy db directives used to calculate length of namec
  14+ 7E8A 52 2F 57    >                db      "R/W"
  14+ 7E8D             >len_NFA         defl    $ - temp_NFA
  14+ 7E8D             >                org     $ - len_NFA         // rewind to temp_NFA and re-do NFA part
  14+ 7E8A             >
  14+ 7E8A 83          >                db      len_NFA | END_BIT | is_normal  // The start of NFA must have msb set to signal the beginning of the sounted string
  14+ 7E8B 52 2F 57    >                db      "R/W"               // name string in 7-bit ascii, but
  14+ 7E8E             >                org     $-1                 // alter last byte of Name just above to set
  14+ 7E8D D7          >                db      {b $} | END_BIT     // msb as name end
  14+ 7E8E             >
  14+ 7E8E 7E 7E       >                dw      last_NFA            // Link to previous definition Name
  14+ 7E90             >READ_WRITE:          if Enter_Ptr != 0 ; ok        // This is the start address of the direct jp(hl)
  14+ 7E90 CD DF 6B    >                call    Enter_Ptr ; ok        // for primitive definitions  actual code
  14+ 7E93             >
  14+ 7E93             >
  14+ 7E93             >                endif           ; ok        // for other definitions it "points" the correct handler
  14+ 7E93             >                // Use of "; ok" to suppress "warning[fwdref]"
  14+ 7E93             >
  14+ 7E93             >last_NFA        defl    temp_NFA            // keep track of NFA saved above
  15+ 7E93 FE 68                        dw      TO_R                    // >r
  16+ 7E95 85 69                        dw      ONE_SUBTRACT            // 1-
  17+ 7E97 26 6A 3C 69                  dw      DUP, ZLESS              // dup 0<
  18+ 7E9B EB 69 85 7E                  dw      OVER, NSEC              // over #sec
  19+ 7E9F 85 69 EF 6E                  dw      ONE_SUBTRACT, GREATER   // 1- >
  20+ 7EA3 A7 68                        dw      OR_OP                   // or
  21+ 7EA5 3F 64 06 00                  dw      LIT, 6, QERROR          // 6 ?error
  21+ 7EA9 2E 70
  22+ 7EAB 0C 69                        dw      R_TO                    // r>
  23+ 7EAD                                                              // if
  24+ 7EAD B7 64                        dw      ZBRANCH
  25+ 7EAF 1A 00                        dw      Read_Write_Else - $
  26+ 7EB1 1B 7C 00 6B                  dw          MGT, FETCH
  27+ 7EB5 60 6C 95 68                  dw          ONE, AND_OP
  28+ 7EB9 B7 64                        dw          ZBRANCH
  29+ 7EBB 08 00                        dw          Read_Write_Else_1 - $
  30+ 7EBD
  31+ 7EBD 64 7E                        dw              MGTRD
  32+ 7EBF A2 64                        dw          BRANCH
  33+ 7EC1 04 00                        dw          Read_Write_Endif_1 - $
  34+ 7EC3              Read_Write_Else_1:                              //    else
  35+ 7EC3 7A 7D                        dw              MDRRD
  36+ 7EC5              Read_Write_Endif_1:                             //    endif
  37+ 7EC5
  38+ 7EC5 A2 64                        dw      BRANCH
  39+ 7EC7 16 00                        dw      Read_Write_Endif - $
  40+ 7EC9              Read_Write_Else:                                // else
  41+ 7EC9 1B 7C 00 6B                  dw          MGT, FETCH
  42+ 7ECD 60 6C 95 68                  dw          ONE, AND_OP
  43+ 7ED1 B7 64                        dw          ZBRANCH
  44+ 7ED3 08 00                        dw          Read_Write_Else_2 - $
  45+ 7ED5
  46+ 7ED5 75 7E                        dw              MGTWR
  47+ 7ED7 A2 64                        dw          BRANCH
  48+ 7ED9 04 00                        dw          Read_Write_Endif_2 - $
  49+ 7EDB              Read_Write_Else_2:                              //    else
  50+ 7EDB 99 7D                        dw              MDRWR
  51+ 7EDD              Read_Write_Endif_2:                             //    endif
  52+ 7EDD
  53+ 7EDD              Read_Write_Endif:                               // endif
  54+ 7EDD F1 68                        dw      EXIT                    // ;
  55+ 7EDF
  56+ 7EDF
  57+ 7EDF              //  ______________________________________________________________________
  58+ 7EDF              //
  59+ 7EDF              // +buf        a1 -- a2 f
  60+ 7EDF              // advences to next buffer, cyclically rotating along them
  61+ 7EDF                              Colon_Def PBUF, "+BUF", is_normal
  61+ 7EDF             >                New_Def  PBUF, "+BUF", Enter_Ptr, is_normal ; ok
  61+ 7EDF             >temp_NFA        defl    $                   // save this NFA address to temp_NFA
  61+ 7EDF             >
  61+ 7EDF             >                // dummy db directives used to calculate length of namec
  61+ 7EDF 2B 42 55 46 >                db      "+BUF"
  61+ 7EE3             >len_NFA         defl    $ - temp_NFA
  61+ 7EE3             >                org     $ - len_NFA         // rewind to temp_NFA and re-do NFA part
  61+ 7EDF             >
  61+ 7EDF 84          >                db      len_NFA | END_BIT | is_normal  // The start of NFA must have msb set to signal the beginning of the sounted string
  61+ 7EE0 2B 42 55 46 >                db      "+BUF"               // name string in 7-bit ascii, but
  61+ 7EE4             >                org     $-1                 // alter last byte of Name just above to set
  61+ 7EE3 C6          >                db      {b $} | END_BIT     // msb as name end
  61+ 7EE4             >
  61+ 7EE4 8A 7E       >                dw      last_NFA            // Link to previous definition Name
  61+ 7EE6             >PBUF:          if Enter_Ptr != 0 ; ok        // This is the start address of the direct jp(hl)
  61+ 7EE6 CD DF 6B    >                call    Enter_Ptr ; ok        // for primitive definitions  actual code
  61+ 7EE9             >
  61+ 7EE9             >
  61+ 7EE9             >                endif           ; ok        // for other definitions it "points" the correct handler
  61+ 7EE9             >                // Use of "; ok" to suppress "warning[fwdref]"
  61+ 7EE9             >
  61+ 7EE9             >last_NFA        defl    temp_NFA            // keep track of NFA saved above
  62+ 7EE9 3F 64 04 02                  dw      LIT, 516, PLUS          // 516 +
  62+ 7EED 5C 69
  63+ 7EEF 26 6A 4D 6D                  dw      DUP, LIMIT, FETCH       // dup limit @
  63+ 7EF3 00 6B
  64+ 7EF5 C2 6E                        dw      EQUALS                  // =
  65+ 7EF7                                                              // if
  66+ 7EF7 B7 64                        dw      ZBRANCH
  67+ 7EF9 08 00                        dw      PBuf_Endif - $
  68+ 7EFB F9 69                        dw          DROP                //      drop
  69+ 7EFD 41 6D 00 6B                  dw          FIRST, FETCH        //      first @
  70+ 7F01              PBuf_Endif:                                     // endif
  71+ 7F01 26 6A 12 6E                  dw      DUP, PREV, FETCH        // dup prev @
  71+ 7F05 00 6B
  72+ 7F07 B4 6E                        dw      SUBTRACT                // -
  73+ 7F09 F1 68                        dw      EXIT                    // ;
  74+ 7F0B
  75+ 7F0B              //  ______________________________________________________________________
  76+ 7F0B              //
  77+ 7F0B              // update       --
  78+ 7F0B              // mark the last used block to be written to disk
  79+ 7F0B                              Colon_Def UPDATE, "UPDATE", is_normal
  79+ 7F0B             >                New_Def  UPDATE, "UPDATE", Enter_Ptr, is_normal ; ok
  79+ 7F0B             >temp_NFA        defl    $                   // save this NFA address to temp_NFA
  79+ 7F0B             >
  79+ 7F0B             >                // dummy db directives used to calculate length of namec
  79+ 7F0B 55 50 44 41 >                db      "UPDATE"
  79+ 7F0F 54 45       >
  79+ 7F11             >len_NFA         defl    $ - temp_NFA
  79+ 7F11             >                org     $ - len_NFA         // rewind to temp_NFA and re-do NFA part
  79+ 7F0B             >
  79+ 7F0B 86          >                db      len_NFA | END_BIT | is_normal  // The start of NFA must have msb set to signal the beginning of the sounted string
  79+ 7F0C 55 50 44 41 >                db      "UPDATE"               // name string in 7-bit ascii, but
  79+ 7F10 54 45       >
  79+ 7F12             >                org     $-1                 // alter last byte of Name just above to set
  79+ 7F11 C5          >                db      {b $} | END_BIT     // msb as name end
  79+ 7F12             >
  79+ 7F12 DF 7E       >                dw      last_NFA            // Link to previous definition Name
  79+ 7F14             >UPDATE:          if Enter_Ptr != 0 ; ok        // This is the start address of the direct jp(hl)
  79+ 7F14 CD DF 6B    >                call    Enter_Ptr ; ok        // for primitive definitions  actual code
  79+ 7F17             >
  79+ 7F17             >
  79+ 7F17             >                endif           ; ok        // for other definitions it "points" the correct handler
  79+ 7F17             >                // Use of "; ok" to suppress "warning[fwdref]"
  79+ 7F17             >
  79+ 7F17             >last_NFA        defl    temp_NFA            // keep track of NFA saved above
  80+ 7F17 12 6E 00 6B                  dw      PREV, FETCH, FETCH      // prev @ @
  80+ 7F1B 00 6B
  81+ 7F1D 3F 64 00 80                  dw      LIT, $8000, OR_OP       // $8000, or
  81+ 7F21 A7 68
  82+ 7F23 12 6E 00 6B                  dw      PREV, FETCH, STORE      // prev @ !
  82+ 7F27 0C 6B
  83+ 7F29 F1 68                        dw      EXIT                    // ;
  84+ 7F2B
  85+ 7F2B
  86+ 7F2B              //  ______________________________________________________________________
  87+ 7F2B              //
  88+ 7F2B              // empty-buffers --
  89+ 7F2B                              Colon_Def EMPTY_BUFFERS, "EMPTY-BUFFERS", is_normal
  89+ 7F2B             >                New_Def  EMPTY_BUFFERS, "EMPTY-BUFFERS", Enter_Ptr, is_normal ; ok
  89+ 7F2B             >temp_NFA        defl    $                   // save this NFA address to temp_NFA
  89+ 7F2B             >
  89+ 7F2B             >                // dummy db directives used to calculate length of namec
  89+ 7F2B 45 4D 50 54 >                db      "EMPTY-BUFFERS"
  89+ 7F2F 59 2D 42 55 >
  89+ 7F33 46 46 45 52 >
  89+ 7F37 53          >
  89+ 7F38             >len_NFA         defl    $ - temp_NFA
  89+ 7F38             >                org     $ - len_NFA         // rewind to temp_NFA and re-do NFA part
  89+ 7F2B             >
  89+ 7F2B 8D          >                db      len_NFA | END_BIT | is_normal  // The start of NFA must have msb set to signal the beginning of the sounted string
  89+ 7F2C 45 4D 50 54 >                db      "EMPTY-BUFFERS"               // name string in 7-bit ascii, but
  89+ 7F30 59 2D 42 55 >
  89+ 7F34 46 46 45 52 >
  89+ 7F38 53          >
  89+ 7F39             >                org     $-1                 // alter last byte of Name just above to set
  89+ 7F38 D3          >                db      {b $} | END_BIT     // msb as name end
  89+ 7F39             >
  89+ 7F39 0B 7F       >                dw      last_NFA            // Link to previous definition Name
  89+ 7F3B             >EMPTY_BUFFERS:          if Enter_Ptr != 0 ; ok        // This is the start address of the direct jp(hl)
  89+ 7F3B CD DF 6B    >                call    Enter_Ptr ; ok        // for primitive definitions  actual code
  89+ 7F3E             >
  89+ 7F3E             >
  89+ 7F3E             >                endif           ; ok        // for other definitions it "points" the correct handler
  89+ 7F3E             >                // Use of "; ok" to suppress "warning[fwdref]"
  89+ 7F3E             >
  89+ 7F3E             >last_NFA        defl    temp_NFA            // keep track of NFA saved above
  90+ 7F3E 41 6D 00 6B                  dw      FIRST, FETCH            // first @
  91+ 7F42 4D 6D 00 6B                  dw      LIMIT, FETCH            // limit @
  92+ 7F46 EB 69 B4 6E                  dw      OVER, SUBTRACT, ERASE   // over - erase
  92+ 7F4A 7F 73
  93+ 7F4C F1 68                        dw      EXIT                    // ;
  94+ 7F4E
  95+ 7F4E              //  ______________________________________________________________________
  96+ 7F4E              //
  97+ 7F4E              // buffer       n -- a
  98+ 7F4E              // read block n and gives the address to a buffer
  99+ 7F4E              // any block previously inside the buffer, if modified, is rewritten to
 100+ 7F4E              // disk before reading the block n.
 101+ 7F4E
 102+ 7F4E                              Colon_Def BUFFER, "BUFFER", is_normal
 102+ 7F4E             >                New_Def  BUFFER, "BUFFER", Enter_Ptr, is_normal ; ok
 102+ 7F4E             >temp_NFA        defl    $                   // save this NFA address to temp_NFA
 102+ 7F4E             >
 102+ 7F4E             >                // dummy db directives used to calculate length of namec
 102+ 7F4E 42 55 46 46 >                db      "BUFFER"
 102+ 7F52 45 52       >
 102+ 7F54             >len_NFA         defl    $ - temp_NFA
 102+ 7F54             >                org     $ - len_NFA         // rewind to temp_NFA and re-do NFA part
 102+ 7F4E             >
 102+ 7F4E 86          >                db      len_NFA | END_BIT | is_normal  // The start of NFA must have msb set to signal the beginning of the sounted string
 102+ 7F4F 42 55 46 46 >                db      "BUFFER"               // name string in 7-bit ascii, but
 102+ 7F53 45 52       >
 102+ 7F55             >                org     $-1                 // alter last byte of Name just above to set
 102+ 7F54 D2          >                db      {b $} | END_BIT     // msb as name end
 102+ 7F55             >
 102+ 7F55 2B 7F       >                dw      last_NFA            // Link to previous definition Name
 102+ 7F57             >BUFFER:          if Enter_Ptr != 0 ; ok        // This is the start address of the direct jp(hl)
 102+ 7F57 CD DF 6B    >                call    Enter_Ptr ; ok        // for primitive definitions  actual code
 102+ 7F5A             >
 102+ 7F5A             >
 102+ 7F5A             >                endif           ; ok        // for other definitions it "points" the correct handler
 102+ 7F5A             >                // Use of "; ok" to suppress "warning[fwdref]"
 102+ 7F5A             >
 102+ 7F5A             >last_NFA        defl    temp_NFA            // keep track of NFA saved above
 103+ 7F5A 07 6E 00 6B                  dw      USED, FETCH             // used @
 104+ 7F5E 26 6A FE 68                  dw      DUP, TO_R               // dup >r
 105+ 7F62                                                              // begin
 106+ 7F62              Buffer_Begin:
 107+ 7F62 E6 7E                        dw          PBUF                //      +buf
 108+ 7F64                                                              // until
 109+ 7F64 B7 64                        dw      ZBRANCH
 110+ 7F66 FC FF                        dw      Buffer_Begin - $
 111+ 7F68 07 6E 0C 6B                  dw      USED, STORE             // used !
 112+ 7F6C 1A 69 00 6B                  dw      R_OP, FETCH, ZLESS      // r @ 0<
 112+ 7F70 3C 69
 113+ 7F72                                                              // if
 114+ 7F72 B7 64                        dw      ZBRANCH
 115+ 7F74 14 00                        dw      Buffer_Endif - $
 116+ 7F76 1A 69 9D 69                  dw          R_OP, CELL_PLUS     //      r cell+
 117+ 7F7A 1A 69 00 6B                  dw          R_OP, FETCH         //      r fetch
 118+ 7F7E 3F 64 FF 7F                  dw          LIT, $7FFF          //      7FFF
 119+ 7F82 95 68                        dw          AND_OP              //      and
 120+ 7F84 57 6C 90 7E                  dw          ZERO, READ_WRITE    //      0 r/w
 121+ 7F88              Buffer_Endif:                                   // endif
 122+ 7F88 1A 69 0C 6B                  dw      R_OP, STORE             // r !
 123+ 7F8C 1A 69 12 6E                  dw      R_OP, PREV, STORE       // r prev !
 123+ 7F90 0C 6B
 124+ 7F92 0C 69 9D 69                  dw      R_TO, CELL_PLUS         // r> cell+
 125+ 7F96 F1 68                        dw      EXIT                    // ;
 126+ 7F98
 127+ 7F98              //  ______________________________________________________________________
 128+ 7F98              //
 129+ 7F98              // block        n -- a
 130+ 7F98              // Leaves the buffer address that contains the block n.
 131+ 7F98              // If the block is not already present, it will be loaded from disk
 132+ 7F98              // The block previously inside the buffer, if modified, is rewritten to
 133+ 7F98              // disk before reading the block n.
 134+ 7F98              // See also BUFFER, R/W, UPDATE, FLUSH.
 135+ 7F98
 136+ 7F98                              Colon_Def BLOCK, "BLOCK", is_normal
 136+ 7F98             >                New_Def  BLOCK, "BLOCK", Enter_Ptr, is_normal ; ok
 136+ 7F98             >temp_NFA        defl    $                   // save this NFA address to temp_NFA
 136+ 7F98             >
 136+ 7F98             >                // dummy db directives used to calculate length of namec
 136+ 7F98 42 4C 4F 43 >                db      "BLOCK"
 136+ 7F9C 4B          >
 136+ 7F9D             >len_NFA         defl    $ - temp_NFA
 136+ 7F9D             >                org     $ - len_NFA         // rewind to temp_NFA and re-do NFA part
 136+ 7F98             >
 136+ 7F98 85          >                db      len_NFA | END_BIT | is_normal  // The start of NFA must have msb set to signal the beginning of the sounted string
 136+ 7F99 42 4C 4F 43 >                db      "BLOCK"               // name string in 7-bit ascii, but
 136+ 7F9D 4B          >
 136+ 7F9E             >                org     $-1                 // alter last byte of Name just above to set
 136+ 7F9D CB          >                db      {b $} | END_BIT     // msb as name end
 136+ 7F9E             >
 136+ 7F9E 4E 7F       >                dw      last_NFA            // Link to previous definition Name
 136+ 7FA0             >BLOCK:          if Enter_Ptr != 0 ; ok        // This is the start address of the direct jp(hl)
 136+ 7FA0 CD DF 6B    >                call    Enter_Ptr ; ok        // for primitive definitions  actual code
 136+ 7FA3             >
 136+ 7FA3             >
 136+ 7FA3             >                endif           ; ok        // for other definitions it "points" the correct handler
 136+ 7FA3             >                // Use of "; ok" to suppress "warning[fwdref]"
 136+ 7FA3             >
 136+ 7FA3             >last_NFA        defl    temp_NFA            // keep track of NFA saved above
 137+ 7FA3                          //  dw      OFFSET, FETCH           // offset @
 138+ 7FA3                          //  dw      PLUS                    // +
 139+ 7FA3 FE 68                        dw      TO_R                    // + >r
 140+ 7FA5 12 6E 00 6B                  dw      PREV, FETCH             // prev @
 141+ 7FA9 26 6A 00 6B                  dw      DUP, FETCH              // dup @
 142+ 7FAD 1A 69 B4 6E                  dw      R_OP, SUBTRACT          // r -
 143+ 7FB1 26 6A 5C 69                  dw      DUP, PLUS               // dup +  ( trick: check equality without most significant bit )
 144+ 7FB5                                                              // if
 145+ 7FB5 B7 64                        dw        ZBRANCH
 146+ 7FB7 32 00                        dw        Block_Endif_1 - $
 147+ 7FB9              Block_Begin:                                    //      begin
 148+ 7FB9 E6 7E 22 69                  dw          PBUF, ZEQUAL        //          +buf 0
 149+ 7FBD                                                              //          if
 150+ 7FBD B7 64                        dw          ZBRANCH
 151+ 7FBF 12 00                        dw          Block_Endif_2 - $
 152+ 7FC1 F9 69                        dw              DROP            //              drop
 153+ 7FC3 1A 69 57 7F                  dw              R_OP, BUFFER    //              r buffer
 154+ 7FC7 26 6A                        dw              DUP             //              dup
 155+ 7FC9 1A 69 60 6C                  dw              R_OP, ONE       //              r 1
 156+ 7FCD 90 7E                        dw              READ_WRITE      //              r/w
 157+ 7FCF B2 69                        dw              TWO_MINUS       //              2-
 158+ 7FD1              Block_Endif_2:                                  //          endif
 159+ 7FD1 26 6A 00 6B                  dw          DUP, FETCH, R_OP    //          dup @ r
 159+ 7FD5 1A 69
 160+ 7FD7 B4 6E 26 6A                  dw          SUBTRACT, DUP       //          - dup
 161+ 7FDB 5C 69 22 69                  dw          PLUS, ZEQUAL        //          + 0=
 162+ 7FDF                                                              //      until
 163+ 7FDF B7 64                        dw        ZBRANCH
 164+ 7FE1 D8 FF                        dw        Block_Begin - $
 165+ 7FE3 26 6A 12 6E                  dw        DUP, PREV, STORE      //      dup prev !
 165+ 7FE7 0C 6B
 166+ 7FE9              Block_Endif_1:                                  // endif
 167+ 7FE9 0C 69 F9 69                  dw      R_TO, DROP, CELL_PLUS   // r> drop cell+
 167+ 7FED 9D 69
 168+ 7FEF F1 68                        dw      EXIT                    // ;
 169+ 7FF1
 170+ 7FF1              //  ______________________________________________________________________
 171+ 7FF1              //
 172+ 7FF1              // #buff        -- n
 173+ 7FF1              // number of buffers available. must be the difference between LIMIT and FIRST divided by 516
 174+ 7FF1                              Constant_Def NBUFF,   "#BUFF", (LIMIT_system-FIRST_system)/516
 174+ 7FF1             >                New_Def  NBUFF, "#BUFF", Constant_Ptr, is_normal
 174+ 7FF1             >temp_NFA        defl    $                   // save this NFA address to temp_NFA
 174+ 7FF1             >
 174+ 7FF1             >                // dummy db directives used to calculate length of namec
 174+ 7FF1 23 42 55 46 >                db      "#BUFF"
 174+ 7FF5 46          >
 174+ 7FF6             >len_NFA         defl    $ - temp_NFA
 174+ 7FF6             >                org     $ - len_NFA         // rewind to temp_NFA and re-do NFA part
 174+ 7FF1             >
 174+ 7FF1 85          >                db      len_NFA | END_BIT | is_normal  // The start of NFA must have msb set to signal the beginning of the sounted string
 174+ 7FF2 23 42 55 46 >                db      "#BUFF"               // name string in 7-bit ascii, but
 174+ 7FF6 46          >
 174+ 7FF7             >                org     $-1                 // alter last byte of Name just above to set
 174+ 7FF6 C6          >                db      {b $} | END_BIT     // msb as name end
 174+ 7FF7             >
 174+ 7FF7 98 7F       >                dw      last_NFA            // Link to previous definition Name
 174+ 7FF9             >NBUFF:          if Constant_Ptr != 0 ; ok        // This is the start address of the direct jp(hl)
 174+ 7FF9 CD 18 6C    >                call    Constant_Ptr ; ok        // for primitive definitions  actual code
 174+ 7FFC             >
 174+ 7FFC             >
 174+ 7FFC             >                endif           ; ok        // for other definitions it "points" the correct handler
 174+ 7FFC             >                // Use of "; ok" to suppress "warning[fwdref]"
 174+ 7FFC             >
 174+ 7FFC             >last_NFA        defl    temp_NFA            // keep track of NFA saved above
 174+ 7FFC 07 00       >                dw      (LIMIT_system-FIRST_system)/516
 175+ 7FFE
 176+ 7FFE              //  ______________________________________________________________________
 177+ 7FFE              //
 178+ 7FFE              // flush        --
 179+ 7FFE                              Colon_Def FLUSH, "FLUSH", is_normal
 179+ 7FFE             >                New_Def  FLUSH, "FLUSH", Enter_Ptr, is_normal ; ok
 179+ 7FFE             >temp_NFA        defl    $                   // save this NFA address to temp_NFA
 179+ 7FFE             >
 179+ 7FFE             >                // dummy db directives used to calculate length of namec
 179+ 7FFE 46 4C 55 53 >                db      "FLUSH"
 179+ 8002 48          >
 179+ 8003             >len_NFA         defl    $ - temp_NFA
 179+ 8003             >                org     $ - len_NFA         // rewind to temp_NFA and re-do NFA part
 179+ 7FFE             >
 179+ 7FFE 85          >                db      len_NFA | END_BIT | is_normal  // The start of NFA must have msb set to signal the beginning of the sounted string
 179+ 7FFF 46 4C 55 53 >                db      "FLUSH"               // name string in 7-bit ascii, but
 179+ 8003 48          >
 179+ 8004             >                org     $-1                 // alter last byte of Name just above to set
 179+ 8003 C8          >                db      {b $} | END_BIT     // msb as name end
 179+ 8004             >
 179+ 8004 F1 7F       >                dw      last_NFA            // Link to previous definition Name
 179+ 8006             >FLUSH:          if Enter_Ptr != 0 ; ok        // This is the start address of the direct jp(hl)
 179+ 8006 CD DF 6B    >                call    Enter_Ptr ; ok        // for primitive definitions  actual code
 179+ 8009             >
 179+ 8009             >
 179+ 8009             >                endif           ; ok        // for other definitions it "points" the correct handler
 179+ 8009             >                // Use of "; ok" to suppress "warning[fwdref]"
 179+ 8009             >
 179+ 8009             >last_NFA        defl    temp_NFA            // keep track of NFA saved above
 180+ 8009 F9 7F 7B 69                  dw      NBUFF, ONE_PLUS, ZERO   // #buff 1+ 0
 180+ 800D 57 6C
 181+ 800F              Flush_Do:                                       // do
 182+ 800F 08 65                        dw      C_DO
 183+ 8011 57 6C 57 7F                  dw      ZERO, BUFFER, DROP      //      0 buffer drop
 183+ 8015 F9 69
 184+ 8017                                                              // loop
 185+ 8017 93 64 F8 FF                  dw      C_LOOP, Flush_Do - $
 186+ 801B              //              dw      BLK_FH, FETCH           // blk-fh @     ( ZX-Next dependance )
 187+ 801B              //              dw      F_SYNC, DROP            // f_sync drop
 188+ 801B F1 68                        dw      EXIT                    // exit
 189+ 801D
 190+ 801D
 191+ 801D              //  ______________________________________________________________________
 192+ 801D              //
 193+ 801D              // load+        n --
 194+ 801D                              Colon_Def LOAD_P, "LOAD+", is_normal
 194+ 801D             >                New_Def  LOAD_P, "LOAD+", Enter_Ptr, is_normal ; ok
 194+ 801D             >temp_NFA        defl    $                   // save this NFA address to temp_NFA
 194+ 801D             >
 194+ 801D             >                // dummy db directives used to calculate length of namec
 194+ 801D 4C 4F 41 44 >                db      "LOAD+"
 194+ 8021 2B          >
 194+ 8022             >len_NFA         defl    $ - temp_NFA
 194+ 8022             >                org     $ - len_NFA         // rewind to temp_NFA and re-do NFA part
 194+ 801D             >
 194+ 801D 85          >                db      len_NFA | END_BIT | is_normal  // The start of NFA must have msb set to signal the beginning of the sounted string
 194+ 801E 4C 4F 41 44 >                db      "LOAD+"               // name string in 7-bit ascii, but
 194+ 8022 2B          >
 194+ 8023             >                org     $-1                 // alter last byte of Name just above to set
 194+ 8022 AB          >                db      {b $} | END_BIT     // msb as name end
 194+ 8023             >
 194+ 8023 FE 7F       >                dw      last_NFA            // Link to previous definition Name
 194+ 8025             >LOAD_P:          if Enter_Ptr != 0 ; ok        // This is the start address of the direct jp(hl)
 194+ 8025 CD DF 6B    >                call    Enter_Ptr ; ok        // for primitive definitions  actual code
 194+ 8028             >
 194+ 8028             >
 194+ 8028             >                endif           ; ok        // for other definitions it "points" the correct handler
 194+ 8028             >                // Use of "; ok" to suppress "warning[fwdref]"
 194+ 8028             >
 194+ 8028             >last_NFA        defl    temp_NFA            // keep track of NFA saved above
 195+ 8028 6D 6D 00 6B                  dw      BLK, FETCH, TO_R        // blk @ >r
 195+ 802C FE 68
 196+ 802E 77 6D 00 6B                  dw      TO_IN, FETCH, TO_R      // >in @ >r
 196+ 8032 FE 68
 197+ 8034
 198+ 8034 57 6C 77 6D                  dw      ZERO, TO_IN, STORE      // 0 >in !
 198+ 8038 0C 6B
 199+ 803A AB 6C 15 7B                  dw      BSCR, MUL, BLK, STORE   // b/scr * blk !
 199+ 803E 6D 6D 0C 6B
 200+ 8042 6E 78                        dw      INTERPRET               // interpret
 201+ 8044
 202+ 8044 0C 69 77 6D                  dw      R_TO, TO_IN, STORE      // r> >in !
 202+ 8048 0C 6B
 203+ 804A 0C 69 6D 6D                  dw      R_TO, BLK, STORE        // r> blk !
 203+ 804E 0C 6B
 204+ 8050 F1 68                        dw      EXIT                    // ;
 205+ 8052
 206+ 8052              //  ______________________________________________________________________
 207+ 8052              //
 208+ 8052              // -->          --
 209+ 8052                              Colon_Def LOAD_NEXT, "-->", is_immediate
 209+ 8052             >                New_Def  LOAD_NEXT, "-->", Enter_Ptr, is_immediate ; ok
 209+ 8052             >temp_NFA        defl    $                   // save this NFA address to temp_NFA
 209+ 8052             >
 209+ 8052             >                // dummy db directives used to calculate length of namec
 209+ 8052 2D 2D 3E    >                db      "-->"
 209+ 8055             >len_NFA         defl    $ - temp_NFA
 209+ 8055             >                org     $ - len_NFA         // rewind to temp_NFA and re-do NFA part
 209+ 8052             >
 209+ 8052 C3          >                db      len_NFA | END_BIT | is_immediate  // The start of NFA must have msb set to signal the beginning of the sounted string
 209+ 8053 2D 2D 3E    >                db      "-->"               // name string in 7-bit ascii, but
 209+ 8056             >                org     $-1                 // alter last byte of Name just above to set
 209+ 8055 BE          >                db      {b $} | END_BIT     // msb as name end
 209+ 8056             >
 209+ 8056 1D 80       >                dw      last_NFA            // Link to previous definition Name
 209+ 8058             >LOAD_NEXT:          if Enter_Ptr != 0 ; ok        // This is the start address of the direct jp(hl)
 209+ 8058 CD DF 6B    >                call    Enter_Ptr ; ok        // for primitive definitions  actual code
 209+ 805B             >
 209+ 805B             >
 209+ 805B             >                endif           ; ok        // for other definitions it "points" the correct handler
 209+ 805B             >                // Use of "; ok" to suppress "warning[fwdref]"
 209+ 805B             >
 209+ 805B             >last_NFA        defl    temp_NFA            // keep track of NFA saved above
 210+ 805B AC 70                        dw      QLOADING                // ?loading
 211+ 805D 57 6C 77 6D                  dw      ZERO, TO_IN, STORE      // 0 >in !
 211+ 8061 0C 6B
 212+ 8063 AB 6C                        dw      BSCR                    // b/scr
 213+ 8065 6D 6D 00 6B                  dw      BLK, FETCH              // blk @
 214+ 8069 EB 69                        dw      OVER                    // over
 215+ 806B 45 7B                        dw      MOD                     // mod
 216+ 806D B4 6E                        dw      SUBTRACT                // -
 217+ 806F 6D 6D DF 6A                  dw      BLK, PLUSSTORE          // +!
 218+ 8073 F1 68                        dw      EXIT                    // ;
 219+ 8075
 220+ 8075              //  ______________________________________________________________________
 221+ 8075              //
 222+ 8075              // '            -- xt
 223+ 8075                              Colon_Def TICK, "'", is_normal
 223+ 8075             >                New_Def  TICK, "'", Enter_Ptr, is_normal ; ok
 223+ 8075             >temp_NFA        defl    $                   // save this NFA address to temp_NFA
 223+ 8075             >
 223+ 8075             >                // dummy db directives used to calculate length of namec
 223+ 8075 27          >                db      "'"
 223+ 8076             >len_NFA         defl    $ - temp_NFA
 223+ 8076             >                org     $ - len_NFA         // rewind to temp_NFA and re-do NFA part
 223+ 8075             >
 223+ 8075 81          >                db      len_NFA | END_BIT | is_normal  // The start of NFA must have msb set to signal the beginning of the sounted string
 223+ 8076 27          >                db      "'"               // name string in 7-bit ascii, but
 223+ 8077             >                org     $-1                 // alter last byte of Name just above to set
 223+ 8076 A7          >                db      {b $} | END_BIT     // msb as name end
 223+ 8077             >
 223+ 8077 52 80       >                dw      last_NFA            // Link to previous definition Name
 223+ 8079             >TICK:          if Enter_Ptr != 0 ; ok        // This is the start address of the direct jp(hl)
 223+ 8079 CD DF 6B    >                call    Enter_Ptr ; ok        // for primitive definitions  actual code
 223+ 807C             >
 223+ 807C             >
 223+ 807C             >                endif           ; ok        // for other definitions it "points" the correct handler
 223+ 807C             >                // Use of "; ok" to suppress "warning[fwdref]"
 223+ 807C             >
 223+ 807C             >last_NFA        defl    temp_NFA            // keep track of NFA saved above
 224+ 807C 84 76                        dw      LFIND                   // -find
 225+ 807E 22 69                        dw      ZEQUAL                  // 0=
 226+ 8080 57 6C 2E 70                  dw      ZERO, QERROR            // 0 ?error
 227+ 8084 F9 69                        dw      DROP                    // drop
 228+ 8086 F1 68                        dw      EXIT                    // ;
 229+ 8088
 230+ 8088              //  ______________________________________________________________________
 231+ 8088              //
 232+ 8088              // forget       -- cccc
 233+ 8088                              Colon_Def FORGET, "FORGET", is_normal
 233+ 8088             >                New_Def  FORGET, "FORGET", Enter_Ptr, is_normal ; ok
 233+ 8088             >temp_NFA        defl    $                   // save this NFA address to temp_NFA
 233+ 8088             >
 233+ 8088             >                // dummy db directives used to calculate length of namec
 233+ 8088 46 4F 52 47 >                db      "FORGET"
 233+ 808C 45 54       >
 233+ 808E             >len_NFA         defl    $ - temp_NFA
 233+ 808E             >                org     $ - len_NFA         // rewind to temp_NFA and re-do NFA part
 233+ 8088             >
 233+ 8088 86          >                db      len_NFA | END_BIT | is_normal  // The start of NFA must have msb set to signal the beginning of the sounted string
 233+ 8089 46 4F 52 47 >                db      "FORGET"               // name string in 7-bit ascii, but
 233+ 808D 45 54       >
 233+ 808F             >                org     $-1                 // alter last byte of Name just above to set
 233+ 808E D4          >                db      {b $} | END_BIT     // msb as name end
 233+ 808F             >
 233+ 808F 75 80       >                dw      last_NFA            // Link to previous definition Name
 233+ 8091             >FORGET:          if Enter_Ptr != 0 ; ok        // This is the start address of the direct jp(hl)
 233+ 8091 CD DF 6B    >                call    Enter_Ptr ; ok        // for primitive definitions  actual code
 233+ 8094             >
 233+ 8094             >
 233+ 8094             >                endif           ; ok        // for other definitions it "points" the correct handler
 233+ 8094             >                // Use of "; ok" to suppress "warning[fwdref]"
 233+ 8094             >
 233+ 8094             >last_NFA        defl    temp_NFA            // keep track of NFA saved above
 234+ 8094 B4 6D 00 6B                  dw      CURRENT, FETCH          // current @
 235+ 8098 A6 6D 00 6B                  dw      CONTEXT, FETCH          // context @
 236+ 809C B4 6E 3F 64                  dw      SUBTRACT, LIT, 23, QERROR // - 23 ?error
 236+ 80A0 17 00 2E 70
 237+ 80A4 79 80 F9 6F                  dw      TICK, TO_BODY           // ' >body
 238+ 80A8 26 6A 1D 6D                  dw      DUP, FENCE, FETCH       // dup fence @
 238+ 80AC 00 6B
 239+ 80AE D0 6E 3F 64                  dw      ULESS, LIT, 21, QERROR  // u< 21 ?error
 239+ 80B2 15 00 2E 70
 240+ 80B6 26 6A CD 6F                  dw      DUP, NFA, DP, STORE     // dup nfa dp !
 240+ 80BA 26 6D 0C 6B
 241+ 80BE AD 6F 00 6B                  dw      LFA, FETCH              // lfa @
 242+ 80C2 A6 6D 00 6B                  dw      CONTEXT, FETCH, STORE   // context @ !
 242+ 80C6 0C 6B
 243+ 80C8 F1 68                        dw      EXIT                    // ;
 244+ 80CA
 245+ 80CA              //  ______________________________________________________________________
 246+ 80CA              //
 247+ 80CA              // marker       -- cccc
 248+ 80CA                              Colon_Def MARKER, "MARKER", is_immediate
 248+ 80CA             >                New_Def  MARKER, "MARKER", Enter_Ptr, is_immediate ; ok
 248+ 80CA             >temp_NFA        defl    $                   // save this NFA address to temp_NFA
 248+ 80CA             >
 248+ 80CA             >                // dummy db directives used to calculate length of namec
 248+ 80CA 4D 41 52 4B >                db      "MARKER"
 248+ 80CE 45 52       >
 248+ 80D0             >len_NFA         defl    $ - temp_NFA
 248+ 80D0             >                org     $ - len_NFA         // rewind to temp_NFA and re-do NFA part
 248+ 80CA             >
 248+ 80CA C6          >                db      len_NFA | END_BIT | is_immediate  // The start of NFA must have msb set to signal the beginning of the sounted string
 248+ 80CB 4D 41 52 4B >                db      "MARKER"               // name string in 7-bit ascii, but
 248+ 80CF 45 52       >
 248+ 80D1             >                org     $-1                 // alter last byte of Name just above to set
 248+ 80D0 D2          >                db      {b $} | END_BIT     // msb as name end
 248+ 80D1             >
 248+ 80D1 88 80       >                dw      last_NFA            // Link to previous definition Name
 248+ 80D3             >MARKER:          if Enter_Ptr != 0 ; ok        // This is the start address of the direct jp(hl)
 248+ 80D3 CD DF 6B    >                call    Enter_Ptr ; ok        // for primitive definitions  actual code
 248+ 80D6             >
 248+ 80D6             >
 248+ 80D6             >                endif           ; ok        // for other definitions it "points" the correct handler
 248+ 80D6             >                // Use of "; ok" to suppress "warning[fwdref]"
 248+ 80D6             >
 248+ 80D6             >last_NFA        defl    temp_NFA            // keep track of NFA saved above
 249+ 80D6 A9 71                        dw      CBUILDS
 250+ 80D8 35 6D 00 6B                  dw      VOC_LINK, FETCH, COMMA
 250+ 80DC 82 6E
 251+ 80DE B4 6D 00 6B                  dw      CURRENT, FETCH, COMMA
 251+ 80E2 82 6E
 252+ 80E4 A6 6D 00 6B                  dw      CONTEXT, FETCH, COMMA
 252+ 80E8 82 6E
 253+ 80EA 9C 6F 82 6E                  dw      LATEST, COMMA
 254+ 80EE 9C 6F E2 6F                  dw      LATEST, PFA, LFA, FETCH, COMMA
 254+ 80F2 AD 6F 00 6B
 254+ 80F6 82 6E
 255+ 80F8 BA 71                        dw      DOES_TO
 256+ 80FA 26 6A 00 6B                  dw      DUP, FETCH, VOC_LINK, STORE, CELL_PLUS
 256+ 80FE 35 6D 0C 6B
 256+ 8102 9D 69
 257+ 8104 26 6A 00 6B                  dw      DUP, FETCH, CURRENT, STORE, CELL_PLUS
 257+ 8108 B4 6D 0C 6B
 257+ 810C 9D 69
 258+ 810E 26 6A 00 6B                  dw      DUP, FETCH, CONTEXT, STORE, CELL_PLUS
 258+ 8112 A6 6D 0C 6B
 258+ 8116 9D 69
 259+ 8118 26 6A 00 6B                  dw      DUP, FETCH, DP, STORE, CELL_PLUS
 259+ 811C 26 6D 0C 6B
 259+ 8120 9D 69
 260+ 8122 00 6B B4 6D                  dw           FETCH, CURRENT, FETCH, STORE
 260+ 8126 00 6B 0C 6B
 261+ 812A F1 68                        dw      EXIT
 262+ 812C
 263+ 812C              //  ______________________________________________________________________
 264+ 812C              //
 265+ 812C              // spaces       n --
 266+ 812C                              Colon_Def SPACES, "SPACES", is_normal
 266+ 812C             >                New_Def  SPACES, "SPACES", Enter_Ptr, is_normal ; ok
 266+ 812C             >temp_NFA        defl    $                   // save this NFA address to temp_NFA
 266+ 812C             >
 266+ 812C             >                // dummy db directives used to calculate length of namec
 266+ 812C 53 50 41 43 >                db      "SPACES"
 266+ 8130 45 53       >
 266+ 8132             >len_NFA         defl    $ - temp_NFA
 266+ 8132             >                org     $ - len_NFA         // rewind to temp_NFA and re-do NFA part
 266+ 812C             >
 266+ 812C 86          >                db      len_NFA | END_BIT | is_normal  // The start of NFA must have msb set to signal the beginning of the sounted string
 266+ 812D 53 50 41 43 >                db      "SPACES"               // name string in 7-bit ascii, but
 266+ 8131 45 53       >
 266+ 8133             >                org     $-1                 // alter last byte of Name just above to set
 266+ 8132 D3          >                db      {b $} | END_BIT     // msb as name end
 266+ 8133             >
 266+ 8133 CA 80       >                dw      last_NFA            // Link to previous definition Name
 266+ 8135             >SPACES:          if Enter_Ptr != 0 ; ok        // This is the start address of the direct jp(hl)
 266+ 8135 CD DF 6B    >                call    Enter_Ptr ; ok        // for primitive definitions  actual code
 266+ 8138             >
 266+ 8138             >
 266+ 8138             >                endif           ; ok        // for other definitions it "points" the correct handler
 266+ 8138             >                // Use of "; ok" to suppress "warning[fwdref]"
 266+ 8138             >
 266+ 8138             >last_NFA        defl    temp_NFA            // keep track of NFA saved above
 267+ 8138 57 6C 15 6F                  dw      ZERO, MAX
 268+ 813C 57 6C DB 64                  dw      ZERO, C_Q_DO
 269+ 8140 08 00                        dw      Spaces_Leave - $
 270+ 8142              Spaces_Loop:
 271+ 8142 64 6F                        dw          SPACE
 272+ 8144 93 64                        dw      C_LOOP
 273+ 8146 FC FF                        dw      Spaces_Loop - $
 274+ 8148              Spaces_Leave:
 275+ 8148 F1 68                        dw      EXIT                    // ;
 276+ 814A
 277+ 814A              //  ______________________________________________________________________
 278+ 814A              //
 279+ 814A              // <#           --
 280+ 814A                              Colon_Def BEGIN_DASH, "<#", is_normal
 280+ 814A             >                New_Def  BEGIN_DASH, "<#", Enter_Ptr, is_normal ; ok
 280+ 814A             >temp_NFA        defl    $                   // save this NFA address to temp_NFA
 280+ 814A             >
 280+ 814A             >                // dummy db directives used to calculate length of namec
 280+ 814A 3C 23       >                db      "<#"
 280+ 814C             >len_NFA         defl    $ - temp_NFA
 280+ 814C             >                org     $ - len_NFA         // rewind to temp_NFA and re-do NFA part
 280+ 814A             >
 280+ 814A 82          >                db      len_NFA | END_BIT | is_normal  // The start of NFA must have msb set to signal the beginning of the sounted string
 280+ 814B 3C 23       >                db      "<#"               // name string in 7-bit ascii, but
 280+ 814D             >                org     $-1                 // alter last byte of Name just above to set
 280+ 814C A3          >                db      {b $} | END_BIT     // msb as name end
 280+ 814D             >
 280+ 814D 2C 81       >                dw      last_NFA            // Link to previous definition Name
 280+ 814F             >BEGIN_DASH:          if Enter_Ptr != 0 ; ok        // This is the start address of the direct jp(hl)
 280+ 814F CD DF 6B    >                call    Enter_Ptr ; ok        // for primitive definitions  actual code
 280+ 8152             >
 280+ 8152             >
 280+ 8152             >                endif           ; ok        // for other definitions it "points" the correct handler
 280+ 8152             >                // Use of "; ok" to suppress "warning[fwdref]"
 280+ 8152             >
 280+ 8152             >last_NFA        defl    temp_NFA            // keep track of NFA saved above
 281+ 8152 B7 73 FC 6D                  dw      PAD, HLD, STORE
 281+ 8156 0C 6B
 282+ 8158 F1 68                        dw      EXIT
 283+ 815A
 284+ 815A              //  ______________________________________________________________________
 285+ 815A              //
 286+ 815A              // #>           --
 287+ 815A                              Colon_Def DASH_END, "#>", is_normal
 287+ 815A             >                New_Def  DASH_END, "#>", Enter_Ptr, is_normal ; ok
 287+ 815A             >temp_NFA        defl    $                   // save this NFA address to temp_NFA
 287+ 815A             >
 287+ 815A             >                // dummy db directives used to calculate length of namec
 287+ 815A 23 3E       >                db      "#>"
 287+ 815C             >len_NFA         defl    $ - temp_NFA
 287+ 815C             >                org     $ - len_NFA         // rewind to temp_NFA and re-do NFA part
 287+ 815A             >
 287+ 815A 82          >                db      len_NFA | END_BIT | is_normal  // The start of NFA must have msb set to signal the beginning of the sounted string
 287+ 815B 23 3E       >                db      "#>"               // name string in 7-bit ascii, but
 287+ 815D             >                org     $-1                 // alter last byte of Name just above to set
 287+ 815C BE          >                db      {b $} | END_BIT     // msb as name end
 287+ 815D             >
 287+ 815D 4A 81       >                dw      last_NFA            // Link to previous definition Name
 287+ 815F             >DASH_END:          if Enter_Ptr != 0 ; ok        // This is the start address of the direct jp(hl)
 287+ 815F CD DF 6B    >                call    Enter_Ptr ; ok        // for primitive definitions  actual code
 287+ 8162             >
 287+ 8162             >
 287+ 8162             >                endif           ; ok        // for other definitions it "points" the correct handler
 287+ 8162             >                // Use of "; ok" to suppress "warning[fwdref]"
 287+ 8162             >
 287+ 8162             >last_NFA        defl    temp_NFA            // keep track of NFA saved above
 288+ 8162 98 6A                        dw      TWO_DROP
 289+ 8164 FC 6D 00 6B                  dw      HLD, FETCH, PAD, OVER, SUBTRACT
 289+ 8168 B7 73 EB 69
 289+ 816C B4 6E
 290+ 816E F1 68                        dw      EXIT
 291+ 8170
 292+ 8170              //  ______________________________________________________________________
 293+ 8170              //
 294+ 8170              // sign         n d -- d
 295+ 8170                              Colon_Def SIGN, "SIGN", is_normal
 295+ 8170             >                New_Def  SIGN, "SIGN", Enter_Ptr, is_normal ; ok
 295+ 8170             >temp_NFA        defl    $                   // save this NFA address to temp_NFA
 295+ 8170             >
 295+ 8170             >                // dummy db directives used to calculate length of namec
 295+ 8170 53 49 47 4E >                db      "SIGN"
 295+ 8174             >len_NFA         defl    $ - temp_NFA
 295+ 8174             >                org     $ - len_NFA         // rewind to temp_NFA and re-do NFA part
 295+ 8170             >
 295+ 8170 84          >                db      len_NFA | END_BIT | is_normal  // The start of NFA must have msb set to signal the beginning of the sounted string
 295+ 8171 53 49 47 4E >                db      "SIGN"               // name string in 7-bit ascii, but
 295+ 8175             >                org     $-1                 // alter last byte of Name just above to set
 295+ 8174 CE          >                db      {b $} | END_BIT     // msb as name end
 295+ 8175             >
 295+ 8175 5A 81       >                dw      last_NFA            // Link to previous definition Name
 295+ 8177             >SIGN:          if Enter_Ptr != 0 ; ok        // This is the start address of the direct jp(hl)
 295+ 8177 CD DF 6B    >                call    Enter_Ptr ; ok        // for primitive definitions  actual code
 295+ 817A             >
 295+ 817A             >
 295+ 817A             >                endif           ; ok        // for other definitions it "points" the correct handler
 295+ 817A             >                // Use of "; ok" to suppress "warning[fwdref]"
 295+ 817A             >
 295+ 817A             >last_NFA        defl    temp_NFA            // keep track of NFA saved above
 296+ 817A 3C 69                        dw      ZLESS
 297+ 817C B7 64                        dw      ZBRANCH
 298+ 817E 08 00                        dw      Sign_Endif - $
 299+ 8180 3F 64 2D 00                  dw          LIT, 45, HOLD
 299+ 8184 A0 73
 300+ 8186              Sign_Endif:
 301+ 8186 F1 68                        dw      EXIT
 302+ 8188
 303+ 8188              //  ______________________________________________________________________
 304+ 8188              //
 305+ 8188              // #           d1 -- d2
 306+ 8188                              Colon_Def DASH, "#", is_normal
 306+ 8188             >                New_Def  DASH, "#", Enter_Ptr, is_normal ; ok
 306+ 8188             >temp_NFA        defl    $                   // save this NFA address to temp_NFA
 306+ 8188             >
 306+ 8188             >                // dummy db directives used to calculate length of namec
 306+ 8188 23          >                db      "#"
 306+ 8189             >len_NFA         defl    $ - temp_NFA
 306+ 8189             >                org     $ - len_NFA         // rewind to temp_NFA and re-do NFA part
 306+ 8188             >
 306+ 8188 81          >                db      len_NFA | END_BIT | is_normal  // The start of NFA must have msb set to signal the beginning of the sounted string
 306+ 8189 23          >                db      "#"               // name string in 7-bit ascii, but
 306+ 818A             >                org     $-1                 // alter last byte of Name just above to set
 306+ 8189 A3          >                db      {b $} | END_BIT     // msb as name end
 306+ 818A             >
 306+ 818A 70 81       >                dw      last_NFA            // Link to previous definition Name
 306+ 818C             >DASH:          if Enter_Ptr != 0 ; ok        // This is the start address of the direct jp(hl)
 306+ 818C CD DF 6B    >                call    Enter_Ptr ; ok        // for primitive definitions  actual code
 306+ 818F             >
 306+ 818F             >
 306+ 818F             >                endif           ; ok        // for other definitions it "points" the correct handler
 306+ 818F             >                // Use of "; ok" to suppress "warning[fwdref]"
 306+ 818F             >
 306+ 818F             >last_NFA        defl    temp_NFA            // keep track of NFA saved above
 307+ 818F CB 6D 00 6B                  dw      BASE, FETCH
 308+ 8193
 309+ 8193 FE 68                        dw      TO_R                    // >r           ( ud1 )
 310+ 8195 57 6C 1A 69                  dw      ZERO, R_OP, UMDIVMOD    // 0 r um/mod   ( l rem1 h/r )
 310+ 8199 5E 68
 311+ 819B 0C 69 1B 6A                  dw      R_TO, SWAP, TO_R        // r> swap >r   ( l rem )
 311+ 819F FE 68
 312+ 81A1 5E 68                        dw      UMDIVMOD                // um/mod       ( rem2 l/r )
 313+ 81A3 0C 69                        dw      R_TO                    // r>           ( rem2 l/r h/r )
 314+ 81A5
 315+ 81A5 31 6A                        dw      ROT
 316+ 81A7 3F 64 09 00                  dw      LIT, 9, OVER, LESS
 316+ 81AB EB 69 E0 6E
 317+ 81AF B7 64                        dw      ZBRANCH
 318+ 81B1 08 00                        dw      Dash_Endif - $
 319+ 81B3 3F 64 07 00                  dw          LIT, 7, PLUS
 319+ 81B7 5C 69
 320+ 81B9              Dash_Endif:
 321+ 81B9
 322+ 81B9 3F 64 30 00                  dw      LIT, 48, PLUS, HOLD
 322+ 81BD 5C 69 A0 73
 323+ 81C1 F1 68                        dw      EXIT
 324+ 81C3
 325+ 81C3              //  ______________________________________________________________________
 326+ 81C3              //
 327+ 81C3              // #s           d1 -- d2
 328+ 81C3                              Colon_Def DASHES, "#S", is_normal
 328+ 81C3             >                New_Def  DASHES, "#S", Enter_Ptr, is_normal ; ok
 328+ 81C3             >temp_NFA        defl    $                   // save this NFA address to temp_NFA
 328+ 81C3             >
 328+ 81C3             >                // dummy db directives used to calculate length of namec
 328+ 81C3 23 53       >                db      "#S"
 328+ 81C5             >len_NFA         defl    $ - temp_NFA
 328+ 81C5             >                org     $ - len_NFA         // rewind to temp_NFA and re-do NFA part
 328+ 81C3             >
 328+ 81C3 82          >                db      len_NFA | END_BIT | is_normal  // The start of NFA must have msb set to signal the beginning of the sounted string
 328+ 81C4 23 53       >                db      "#S"               // name string in 7-bit ascii, but
 328+ 81C6             >                org     $-1                 // alter last byte of Name just above to set
 328+ 81C5 D3          >                db      {b $} | END_BIT     // msb as name end
 328+ 81C6             >
 328+ 81C6 88 81       >                dw      last_NFA            // Link to previous definition Name
 328+ 81C8             >DASHES:          if Enter_Ptr != 0 ; ok        // This is the start address of the direct jp(hl)
 328+ 81C8 CD DF 6B    >                call    Enter_Ptr ; ok        // for primitive definitions  actual code
 328+ 81CB             >
 328+ 81CB             >
 328+ 81CB             >                endif           ; ok        // for other definitions it "points" the correct handler
 328+ 81CB             >                // Use of "; ok" to suppress "warning[fwdref]"
 328+ 81CB             >
 328+ 81CB             >last_NFA        defl    temp_NFA            // keep track of NFA saved above
 329+ 81CB              Dashes_Begin:
 330+ 81CB 8C 81 B6 6A                  dw      DASH, TWO_DUP
 331+ 81CF A7 68 22 69                  dw          OR_OP, ZEQUAL
 332+ 81D3 B7 64                        dw      ZBRANCH
 333+ 81D5 F6 FF                        dw      Dashes_Begin - $
 334+ 81D7 F1 68                        dw      EXIT
 335+ 81D9
 336+ 81D9              //  ______________________________________________________________________
 337+ 81D9              //
 338+ 81D9              // d.r          d n --
 339+ 81D9                              Colon_Def D_DOT_R, "D.R", is_normal
 339+ 81D9             >                New_Def  D_DOT_R, "D.R", Enter_Ptr, is_normal ; ok
 339+ 81D9             >temp_NFA        defl    $                   // save this NFA address to temp_NFA
 339+ 81D9             >
 339+ 81D9             >                // dummy db directives used to calculate length of namec
 339+ 81D9 44 2E 52    >                db      "D.R"
 339+ 81DC             >len_NFA         defl    $ - temp_NFA
 339+ 81DC             >                org     $ - len_NFA         // rewind to temp_NFA and re-do NFA part
 339+ 81D9             >
 339+ 81D9 83          >                db      len_NFA | END_BIT | is_normal  // The start of NFA must have msb set to signal the beginning of the sounted string
 339+ 81DA 44 2E 52    >                db      "D.R"               // name string in 7-bit ascii, but
 339+ 81DD             >                org     $-1                 // alter last byte of Name just above to set
 339+ 81DC D2          >                db      {b $} | END_BIT     // msb as name end
 339+ 81DD             >
 339+ 81DD C3 81       >                dw      last_NFA            // Link to previous definition Name
 339+ 81DF             >D_DOT_R:          if Enter_Ptr != 0 ; ok        // This is the start address of the direct jp(hl)
 339+ 81DF CD DF 6B    >                call    Enter_Ptr ; ok        // for primitive definitions  actual code
 339+ 81E2             >
 339+ 81E2             >
 339+ 81E2             >                endif           ; ok        // for other definitions it "points" the correct handler
 339+ 81E2             >                // Use of "; ok" to suppress "warning[fwdref]"
 339+ 81E2             >
 339+ 81E2             >last_NFA        defl    temp_NFA            // keep track of NFA saved above
 340+ 81E2 FE 68                        dw      TO_R
 341+ 81E4 0D 6A 65 7A                  dw      TUCK, DABS
 342+ 81E8 4F 81 C8 81                  dw      BEGIN_DASH, DASHES, ROT, SIGN, DASH_END
 342+ 81EC 31 6A 77 81
 342+ 81F0 5F 81
 343+ 81F2 0C 69                        dw      R_TO
 344+ 81F4 EB 69 B4 6E                  dw      OVER, SUBTRACT, SPACES, TYPE
 344+ 81F8 35 81 43 72
 345+ 81FC F1 68                        dw      EXIT
 346+ 81FE
 347+ 81FE              //  ______________________________________________________________________
 348+ 81FE              //
 349+ 81FE              // .r           n1 n2 --
 350+ 81FE                              Colon_Def DOT_R, ".R", is_normal
 350+ 81FE             >                New_Def  DOT_R, ".R", Enter_Ptr, is_normal ; ok
 350+ 81FE             >temp_NFA        defl    $                   // save this NFA address to temp_NFA
 350+ 81FE             >
 350+ 81FE             >                // dummy db directives used to calculate length of namec
 350+ 81FE 2E 52       >                db      ".R"
 350+ 8200             >len_NFA         defl    $ - temp_NFA
 350+ 8200             >                org     $ - len_NFA         // rewind to temp_NFA and re-do NFA part
 350+ 81FE             >
 350+ 81FE 82          >                db      len_NFA | END_BIT | is_normal  // The start of NFA must have msb set to signal the beginning of the sounted string
 350+ 81FF 2E 52       >                db      ".R"               // name string in 7-bit ascii, but
 350+ 8201             >                org     $-1                 // alter last byte of Name just above to set
 350+ 8200 D2          >                db      {b $} | END_BIT     // msb as name end
 350+ 8201             >
 350+ 8201 D9 81       >                dw      last_NFA            // Link to previous definition Name
 350+ 8203             >DOT_R:          if Enter_Ptr != 0 ; ok        // This is the start address of the direct jp(hl)
 350+ 8203 CD DF 6B    >                call    Enter_Ptr ; ok        // for primitive definitions  actual code
 350+ 8206             >
 350+ 8206             >
 350+ 8206             >                endif           ; ok        // for other definitions it "points" the correct handler
 350+ 8206             >                // Use of "; ok" to suppress "warning[fwdref]"
 350+ 8206             >
 350+ 8206             >last_NFA        defl    temp_NFA            // keep track of NFA saved above
 351+ 8206 FE 68                        dw      TO_R
 352+ 8208 A7 6E 0C 69                  dw      S_TO_D, R_TO
 353+ 820C DF 81                        dw      D_DOT_R
 354+ 820E F1 68                        dw      EXIT
 355+ 8210
 356+ 8210              //  ______________________________________________________________________
 357+ 8210              //
 358+ 8210              // d.           d --
 359+ 8210                              Colon_Def D_DOT, "D.", is_normal
 359+ 8210             >                New_Def  D_DOT, "D.", Enter_Ptr, is_normal ; ok
 359+ 8210             >temp_NFA        defl    $                   // save this NFA address to temp_NFA
 359+ 8210             >
 359+ 8210             >                // dummy db directives used to calculate length of namec
 359+ 8210 44 2E       >                db      "D."
 359+ 8212             >len_NFA         defl    $ - temp_NFA
 359+ 8212             >                org     $ - len_NFA         // rewind to temp_NFA and re-do NFA part
 359+ 8210             >
 359+ 8210 82          >                db      len_NFA | END_BIT | is_normal  // The start of NFA must have msb set to signal the beginning of the sounted string
 359+ 8211 44 2E       >                db      "D."               // name string in 7-bit ascii, but
 359+ 8213             >                org     $-1                 // alter last byte of Name just above to set
 359+ 8212 AE          >                db      {b $} | END_BIT     // msb as name end
 359+ 8213             >
 359+ 8213 FE 81       >                dw      last_NFA            // Link to previous definition Name
 359+ 8215             >D_DOT:          if Enter_Ptr != 0 ; ok        // This is the start address of the direct jp(hl)
 359+ 8215 CD DF 6B    >                call    Enter_Ptr ; ok        // for primitive definitions  actual code
 359+ 8218             >
 359+ 8218             >
 359+ 8218             >                endif           ; ok        // for other definitions it "points" the correct handler
 359+ 8218             >                // Use of "; ok" to suppress "warning[fwdref]"
 359+ 8218             >
 359+ 8218             >last_NFA        defl    temp_NFA            // keep track of NFA saved above
 360+ 8218 57 6C DF 81                  dw      ZERO, D_DOT_R, SPACE
 360+ 821C 64 6F
 361+ 821E F1 68                        dw      EXIT
 362+ 8220
 363+ 8220              //  ______________________________________________________________________
 364+ 8220              //
 365+ 8220              // .            n --
 366+ 8220                              Colon_Def DOT, ".", is_normal
 366+ 8220             >                New_Def  DOT, ".", Enter_Ptr, is_normal ; ok
 366+ 8220             >temp_NFA        defl    $                   // save this NFA address to temp_NFA
 366+ 8220             >
 366+ 8220             >                // dummy db directives used to calculate length of namec
 366+ 8220 2E          >                db      "."
 366+ 8221             >len_NFA         defl    $ - temp_NFA
 366+ 8221             >                org     $ - len_NFA         // rewind to temp_NFA and re-do NFA part
 366+ 8220             >
 366+ 8220 81          >                db      len_NFA | END_BIT | is_normal  // The start of NFA must have msb set to signal the beginning of the sounted string
 366+ 8221 2E          >                db      "."               // name string in 7-bit ascii, but
 366+ 8222             >                org     $-1                 // alter last byte of Name just above to set
 366+ 8221 AE          >                db      {b $} | END_BIT     // msb as name end
 366+ 8222             >
 366+ 8222 10 82       >                dw      last_NFA            // Link to previous definition Name
 366+ 8224             >DOT:          if Enter_Ptr != 0 ; ok        // This is the start address of the direct jp(hl)
 366+ 8224 CD DF 6B    >                call    Enter_Ptr ; ok        // for primitive definitions  actual code
 366+ 8227             >
 366+ 8227             >
 366+ 8227             >                endif           ; ok        // for other definitions it "points" the correct handler
 366+ 8227             >                // Use of "; ok" to suppress "warning[fwdref]"
 366+ 8227             >
 366+ 8227             >last_NFA        defl    temp_NFA            // keep track of NFA saved above
 367+ 8227 A7 6E 15 82                  dw      S_TO_D, D_DOT
 368+ 822B F1 68                        dw      EXIT
 369+ 822D
 370+ 822D              //  ______________________________________________________________________
 371+ 822D              //
 372+ 822D              // ?            n --
 373+ 822D                              Colon_Def QUESTION, "?", is_normal
 373+ 822D             >                New_Def  QUESTION, "?", Enter_Ptr, is_normal ; ok
 373+ 822D             >temp_NFA        defl    $                   // save this NFA address to temp_NFA
 373+ 822D             >
 373+ 822D             >                // dummy db directives used to calculate length of namec
 373+ 822D 3F          >                db      "?"
 373+ 822E             >len_NFA         defl    $ - temp_NFA
 373+ 822E             >                org     $ - len_NFA         // rewind to temp_NFA and re-do NFA part
 373+ 822D             >
 373+ 822D 81          >                db      len_NFA | END_BIT | is_normal  // The start of NFA must have msb set to signal the beginning of the sounted string
 373+ 822E 3F          >                db      "?"               // name string in 7-bit ascii, but
 373+ 822F             >                org     $-1                 // alter last byte of Name just above to set
 373+ 822E BF          >                db      {b $} | END_BIT     // msb as name end
 373+ 822F             >
 373+ 822F 20 82       >                dw      last_NFA            // Link to previous definition Name
 373+ 8231             >QUESTION:          if Enter_Ptr != 0 ; ok        // This is the start address of the direct jp(hl)
 373+ 8231 CD DF 6B    >                call    Enter_Ptr ; ok        // for primitive definitions  actual code
 373+ 8234             >
 373+ 8234             >
 373+ 8234             >                endif           ; ok        // for other definitions it "points" the correct handler
 373+ 8234             >                // Use of "; ok" to suppress "warning[fwdref]"
 373+ 8234             >
 373+ 8234             >last_NFA        defl    temp_NFA            // keep track of NFA saved above
 374+ 8234 00 6B 24 82                  dw      FETCH, DOT
 375+ 8238 F1 68                        dw      EXIT
 376+ 823A
 377+ 823A              //  ______________________________________________________________________
 378+ 823A              //
 379+ 823A              // u.           u --
 380+ 823A                              Colon_Def U_DOT, "U.", is_normal
 380+ 823A             >                New_Def  U_DOT, "U.", Enter_Ptr, is_normal ; ok
 380+ 823A             >temp_NFA        defl    $                   // save this NFA address to temp_NFA
 380+ 823A             >
 380+ 823A             >                // dummy db directives used to calculate length of namec
 380+ 823A 55 2E       >                db      "U."
 380+ 823C             >len_NFA         defl    $ - temp_NFA
 380+ 823C             >                org     $ - len_NFA         // rewind to temp_NFA and re-do NFA part
 380+ 823A             >
 380+ 823A 82          >                db      len_NFA | END_BIT | is_normal  // The start of NFA must have msb set to signal the beginning of the sounted string
 380+ 823B 55 2E       >                db      "U."               // name string in 7-bit ascii, but
 380+ 823D             >                org     $-1                 // alter last byte of Name just above to set
 380+ 823C AE          >                db      {b $} | END_BIT     // msb as name end
 380+ 823D             >
 380+ 823D 2D 82       >                dw      last_NFA            // Link to previous definition Name
 380+ 823F             >U_DOT:          if Enter_Ptr != 0 ; ok        // This is the start address of the direct jp(hl)
 380+ 823F CD DF 6B    >                call    Enter_Ptr ; ok        // for primitive definitions  actual code
 380+ 8242             >
 380+ 8242             >
 380+ 8242             >                endif           ; ok        // for other definitions it "points" the correct handler
 380+ 8242             >                // Use of "; ok" to suppress "warning[fwdref]"
 380+ 8242             >
 380+ 8242             >last_NFA        defl    temp_NFA            // keep track of NFA saved above
 381+ 8242 57 6C 15 82                  dw      ZERO, D_DOT
 382+ 8246 F1 68                        dw      EXIT
 383+ 8248
 384+ 8248              //  ______________________________________________________________________
 385+ 8248              //
 386+ 8248              // words        --
 387+ 8248                              Colon_Def WORDS, "WORDS", is_normal
 387+ 8248             >                New_Def  WORDS, "WORDS", Enter_Ptr, is_normal ; ok
 387+ 8248             >temp_NFA        defl    $                   // save this NFA address to temp_NFA
 387+ 8248             >
 387+ 8248             >                // dummy db directives used to calculate length of namec
 387+ 8248 57 4F 52 44 >                db      "WORDS"
 387+ 824C 53          >
 387+ 824D             >len_NFA         defl    $ - temp_NFA
 387+ 824D             >                org     $ - len_NFA         // rewind to temp_NFA and re-do NFA part
 387+ 8248             >
 387+ 8248 85          >                db      len_NFA | END_BIT | is_normal  // The start of NFA must have msb set to signal the beginning of the sounted string
 387+ 8249 57 4F 52 44 >                db      "WORDS"               // name string in 7-bit ascii, but
 387+ 824D 53          >
 387+ 824E             >                org     $-1                 // alter last byte of Name just above to set
 387+ 824D D3          >                db      {b $} | END_BIT     // msb as name end
 387+ 824E             >
 387+ 824E 3A 82       >                dw      last_NFA            // Link to previous definition Name
 387+ 8250             >WORDS:          if Enter_Ptr != 0 ; ok        // This is the start address of the direct jp(hl)
 387+ 8250 CD DF 6B    >                call    Enter_Ptr ; ok        // for primitive definitions  actual code
 387+ 8253             >
 387+ 8253             >
 387+ 8253             >                endif           ; ok        // for other definitions it "points" the correct handler
 387+ 8253             >                // Use of "; ok" to suppress "warning[fwdref]"
 387+ 8253             >
 387+ 8253             >last_NFA        defl    temp_NFA            // keep track of NFA saved above
 388+ 8253 3F 64 80 00                  dw      LIT, 128, OUT, STORE
 388+ 8257 81 6D 0C 6B
 389+ 825B A6 6D 00 6B                  dw      CONTEXT, FETCH, FETCH
 389+ 825F 00 6B
 390+ 8261              Words_Begin:
 391+ 8261 26 6A 1A 6B                  dw          DUP, CFETCH, LIT, $1F, AND_OP
 391+ 8265 3F 64 1F 00
 391+ 8269 95 68
 392+ 826B 81 6D 00 6B                  dw          OUT, FETCH, PLUS
 392+ 826F 5C 69
 393+ 8271 91 6C E0 6E                  dw          CL, LESS, ZEQUAL
 393+ 8275 22 69
 394+ 8277 B7 64                        dw          ZBRANCH
 395+ 8279 0A 00                        dw          Words_Endif - $
 396+ 827B 98 66 57 6C                  dw              CR, ZERO, OUT, STORE
 396+ 827F 81 6D 0C 6B
 397+ 8283              Words_Endif:
 398+ 8283 26 6A E4 76                  dw          DUP, ID_DOT
 399+ 8287 E2 6F AD 6F                  dw          PFA, LFA, FETCH
 399+ 828B 00 6B
 400+ 828D 26 6A 22 69                  dw          DUP, ZEQUAL
 401+ 8291 AA 67 A7 68                  dw          QTERMINAL, OR_OP
 402+ 8295 B7 64                        dw      ZBRANCH
 403+ 8297 CA FF                        dw      Words_Begin - $
 404+ 8299 F9 69                        dw      DROP
 405+ 829B F1 68                        dw      EXIT
 406+ 829D
 407+ 829D              //  ______________________________________________________________________
 408+ 829D              //
 409+ 829D              // list         n --
 410+ 829D                              Colon_Def LIST, "LIST", is_normal
 410+ 829D             >                New_Def  LIST, "LIST", Enter_Ptr, is_normal ; ok
 410+ 829D             >temp_NFA        defl    $                   // save this NFA address to temp_NFA
 410+ 829D             >
 410+ 829D             >                // dummy db directives used to calculate length of namec
 410+ 829D 4C 49 53 54 >                db      "LIST"
 410+ 82A1             >len_NFA         defl    $ - temp_NFA
 410+ 82A1             >                org     $ - len_NFA         // rewind to temp_NFA and re-do NFA part
 410+ 829D             >
 410+ 829D 84          >                db      len_NFA | END_BIT | is_normal  // The start of NFA must have msb set to signal the beginning of the sounted string
 410+ 829E 4C 49 53 54 >                db      "LIST"               // name string in 7-bit ascii, but
 410+ 82A2             >                org     $-1                 // alter last byte of Name just above to set
 410+ 82A1 D4          >                db      {b $} | END_BIT     // msb as name end
 410+ 82A2             >
 410+ 82A2 48 82       >                dw      last_NFA            // Link to previous definition Name
 410+ 82A4             >LIST:          if Enter_Ptr != 0 ; ok        // This is the start address of the direct jp(hl)
 410+ 82A4 CD DF 6B    >                call    Enter_Ptr ; ok        // for primitive definitions  actual code
 410+ 82A7             >
 410+ 82A7             >
 410+ 82A7             >                endif           ; ok        // for other definitions it "points" the correct handler
 410+ 82A7             >                // Use of "; ok" to suppress "warning[fwdref]"
 410+ 82A7             >
 410+ 82A7             >last_NFA        defl    temp_NFA            // keep track of NFA saved above
 411+ 82A7 58 71 98 66                  dw      DECIMAL, CR
 412+ 82AB 26 6A 8B 6D                  dw      DUP, SCR, STORE
 412+ 82AF 0C 6B
 413+ 82B1 1B 74                        dw      C_DOT_QUOTE
 414+ 82B3 05 53 63 72                  db      5, "Scr# "
 414+ 82B7 23 20
 415+ 82B9 24 82                        dw      DOT
 416+ 82BB B8 6C 57 6C                  dw      LSCR, ZERO, C_DO
 416+ 82BF 08 65
 417+ 82C1              List_Loop:
 418+ 82C1 98 66                        dw          CR
 419+ 82C3 10 65 72 6C                  dw          I, THREE
 420+ 82C7 03 82 64 6F                  dw          DOT_R, SPACE
 421+ 82CB 10 65 8B 6D                  dw          I, SCR, FETCH, DOT_LINE
 421+ 82CF 00 6B 9D 7B
 422+ 82D3 AA 67                        dw          QTERMINAL
 423+ 82D5 B7 64                        dw          ZBRANCH
 424+ 82D7 06 00                        dw          List_Endif - $
 425+ 82D9 CA 64                        dw              C_LEAVE
 426+ 82DB 06 00                        dw              List_Leave - $
 427+ 82DD              List_Endif:
 428+ 82DD 93 64                        dw      C_LOOP
 429+ 82DF E2 FF                        dw      List_Loop - $
 430+ 82E1              List_Leave:
 431+ 82E1 98 66                        dw      CR
 432+ 82E3 F1 68                        dw      EXIT
 433+ 82E5
 434+ 82E5              //  ______________________________________________________________________
 435+ 82E5              //
 436+ 82E5              // index        n1 n2 --
 437+ 82E5                              Colon_Def INDEX, "INDEX", is_normal
 437+ 82E5             >                New_Def  INDEX, "INDEX", Enter_Ptr, is_normal ; ok
 437+ 82E5             >temp_NFA        defl    $                   // save this NFA address to temp_NFA
 437+ 82E5             >
 437+ 82E5             >                // dummy db directives used to calculate length of namec
 437+ 82E5 49 4E 44 45 >                db      "INDEX"
 437+ 82E9 58          >
 437+ 82EA             >len_NFA         defl    $ - temp_NFA
 437+ 82EA             >                org     $ - len_NFA         // rewind to temp_NFA and re-do NFA part
 437+ 82E5             >
 437+ 82E5 85          >                db      len_NFA | END_BIT | is_normal  // The start of NFA must have msb set to signal the beginning of the sounted string
 437+ 82E6 49 4E 44 45 >                db      "INDEX"               // name string in 7-bit ascii, but
 437+ 82EA 58          >
 437+ 82EB             >                org     $-1                 // alter last byte of Name just above to set
 437+ 82EA D8          >                db      {b $} | END_BIT     // msb as name end
 437+ 82EB             >
 437+ 82EB 9D 82       >                dw      last_NFA            // Link to previous definition Name
 437+ 82ED             >INDEX:          if Enter_Ptr != 0 ; ok        // This is the start address of the direct jp(hl)
 437+ 82ED CD DF 6B    >                call    Enter_Ptr ; ok        // for primitive definitions  actual code
 437+ 82F0             >
 437+ 82F0             >
 437+ 82F0             >                endif           ; ok        // for other definitions it "points" the correct handler
 437+ 82F0             >                // Use of "; ok" to suppress "warning[fwdref]"
 437+ 82F0             >
 437+ 82F0             >last_NFA        defl    temp_NFA            // keep track of NFA saved above
 438+ 82F0 7B 69 1B 6A                  dw      ONE_PLUS, SWAP, C_DO
 438+ 82F4 08 65
 439+ 82F6              Index_Loop:
 440+ 82F6 98 66 10 65                  dw          CR, I, THREE
 440+ 82FA 72 6C
 441+ 82FC 03 82 64 6F                  dw          DOT_R, SPACE
 442+ 8300 57 6C 10 65                  dw          ZERO, I, DOT_LINE
 442+ 8304 9D 7B
 443+ 8306 AA 67                        dw          QTERMINAL
 444+ 8308 B7 64                        dw          ZBRANCH
 445+ 830A 06 00                        dw          Index_Endif - $
 446+ 830C CA 64                        dw              C_LEAVE
 447+ 830E 06 00                        dw              Index_Leave - $
 448+ 8310              Index_Endif:
 449+ 8310 93 64                        dw      C_LOOP
 450+ 8312 E4 FF                        dw      Index_Loop - $
 451+ 8314              Index_Leave:
 452+ 8314 98 66                        dw      CR
 453+ 8316 F1 68                        dw      EXIT
 454+ 8318
 455+ 8318              //  ______________________________________________________________________
 456+ 8318              //
 457+ 8318              // cls          --
 458+ 8318                              New_Def CLS, "CLS", is_code, is_normal
 458+ 8318             >temp_NFA        defl    $                   // save this NFA address to temp_NFA
 458+ 8318             >
 458+ 8318             >                // dummy db directives used to calculate length of namec
 458+ 8318 43 4C 53    >                db      "CLS"
 458+ 831B             >len_NFA         defl    $ - temp_NFA
 458+ 831B             >                org     $ - len_NFA         // rewind to temp_NFA and re-do NFA part
 458+ 8318             >
 458+ 8318 83          >                db      len_NFA | END_BIT | is_normal  // The start of NFA must have msb set to signal the beginning of the sounted string
 458+ 8319 43 4C 53    >                db      "CLS"               // name string in 7-bit ascii, but
 458+ 831C             >                org     $-1                 // alter last byte of Name just above to set
 458+ 831B D3          >                db      {b $} | END_BIT     // msb as name end
 458+ 831C             >
 458+ 831C E5 82       >                dw      last_NFA            // Link to previous definition Name
 458+ 831E             >CLS:          if is_code != 0 ; ok        // This is the start address of the direct jp(hl)
 458+ 831E ~           >                call    runcode ; ok        // for primitive definitions  actual code
 458+ 831E ~           >
 458+ 831E ~           >
 458+ 831E             >                endif           ; ok        // for other definitions it "points" the correct handler
 458+ 831E             >                // Use of "; ok" to suppress "warning[fwdref]"
 458+ 831E             >
 458+ 831E             >last_NFA        defl    temp_NFA            // keep track of NFA saved above
 459+ 831E C5                           push    bc
 460+ 831F D5                           push    de
 461+ 8320 DD E5                        push    ix
 462+ 8322 CD AF 0D                     call    $0DAF
 463+ 8325 DD E1                        pop     ix
 464+ 8327 D1                           pop     de
 465+ 8328 C1                           pop     bc
 466+ 8329                              next
 466+ 8329 DD E9       >                jp      (ix)
 467+ 832B
 468+ 832B
 469+ 832B              //  ______________________________________________________________________
 470+ 832B              //
 471+ 832B              // splash       --
 472+ 832B                              Colon_Def SPLASH, "SPLASH", is_normal
 472+ 832B             >                New_Def  SPLASH, "SPLASH", Enter_Ptr, is_normal ; ok
 472+ 832B             >temp_NFA        defl    $                   // save this NFA address to temp_NFA
 472+ 832B             >
 472+ 832B             >                // dummy db directives used to calculate length of namec
 472+ 832B 53 50 4C 41 >                db      "SPLASH"
 472+ 832F 53 48       >
 472+ 8331             >len_NFA         defl    $ - temp_NFA
 472+ 8331             >                org     $ - len_NFA         // rewind to temp_NFA and re-do NFA part
 472+ 832B             >
 472+ 832B 86          >                db      len_NFA | END_BIT | is_normal  // The start of NFA must have msb set to signal the beginning of the sounted string
 472+ 832C 53 50 4C 41 >                db      "SPLASH"               // name string in 7-bit ascii, but
 472+ 8330 53 48       >
 472+ 8332             >                org     $-1                 // alter last byte of Name just above to set
 472+ 8331 C8          >                db      {b $} | END_BIT     // msb as name end
 472+ 8332             >
 472+ 8332 18 83       >                dw      last_NFA            // Link to previous definition Name
 472+ 8334             >SPLASH:          if Enter_Ptr != 0 ; ok        // This is the start address of the direct jp(hl)
 472+ 8334 CD DF 6B    >                call    Enter_Ptr ; ok        // for primitive definitions  actual code
 472+ 8337             >
 472+ 8337             >
 472+ 8337             >                endif           ; ok        // for other definitions it "points" the correct handler
 472+ 8337             >                // Use of "; ok" to suppress "warning[fwdref]"
 472+ 8337             >
 472+ 8337             >last_NFA        defl    temp_NFA            // keep track of NFA saved above
 473+ 8337 1E 83                        dw      CLS
 474+ 8339 1B 74                        dw      C_DOT_QUOTE
 475+ 833B 44                           db      68
 476+ 833C 76 2D 46 6F                  db      "v-Forth 1.6 MDR/MGT version", 13
 476+ 8340 72 74 68 20
 476+ 8344 31 2E 36 20
 476+ 8348 4D 44 52 2F
 476+ 834C 4D 47 54 20
 476+ 8350 76 65 72 73
 476+ 8354 69 6F 6E 0D
 477+ 8358 62 75 69 6C                  db      "build 20240809", 13
 477+ 835C 64 20 32 30
 477+ 8360 32 34 30 38
 477+ 8364 30 39 0D
 478+ 8367 31 39 39 30                  db      "1990-2024 Matteo Vitturi", 13
 478+ 836B 2D 32 30 32
 478+ 836F 34 20 4D 61
 478+ 8373 74 74 65 6F
 478+ 8377 20 56 69 74
 478+ 837B 74 75 72 69
 478+ 837F 0D
 479+ 8380 F1 68                        dw      EXIT
 480+ 8382
 481+ 8382              //  ______________________________________________________________________
 482+ 8382              //
 483+ 8382              // video        --
 484+ 8382                              Colon_Def VIDEO, "VIDEO", is_normal
 484+ 8382             >                New_Def  VIDEO, "VIDEO", Enter_Ptr, is_normal ; ok
 484+ 8382             >temp_NFA        defl    $                   // save this NFA address to temp_NFA
 484+ 8382             >
 484+ 8382             >                // dummy db directives used to calculate length of namec
 484+ 8382 56 49 44 45 >                db      "VIDEO"
 484+ 8386 4F          >
 484+ 8387             >len_NFA         defl    $ - temp_NFA
 484+ 8387             >                org     $ - len_NFA         // rewind to temp_NFA and re-do NFA part
 484+ 8382             >
 484+ 8382 85          >                db      len_NFA | END_BIT | is_normal  // The start of NFA must have msb set to signal the beginning of the sounted string
 484+ 8383 56 49 44 45 >                db      "VIDEO"               // name string in 7-bit ascii, but
 484+ 8387 4F          >
 484+ 8388             >                org     $-1                 // alter last byte of Name just above to set
 484+ 8387 CF          >                db      {b $} | END_BIT     // msb as name end
 484+ 8388             >
 484+ 8388 2B 83       >                dw      last_NFA            // Link to previous definition Name
 484+ 838A             >VIDEO:          if Enter_Ptr != 0 ; ok        // This is the start address of the direct jp(hl)
 484+ 838A CD DF 6B    >                call    Enter_Ptr ; ok        // for primitive definitions  actual code
 484+ 838D             >
 484+ 838D             >
 484+ 838D             >                endif           ; ok        // for other definitions it "points" the correct handler
 484+ 838D             >                // Use of "; ok" to suppress "warning[fwdref]"
 484+ 838D             >
 484+ 838D             >last_NFA        defl    temp_NFA            // keep track of NFA saved above
 485+ 838D 69 6C 26 6A                  dw      TWO, DUP, DEVICE, STORE
 485+ 8391 E1 7B 0C 6B
 486+ 8395 E9 67                        dw      SELECT
 487+ 8397 F1 68                        dw      EXIT
 488+ 8399
 489+ 8399              //  ______________________________________________________________________
 490+ 8399              //
 491+ 8399              // accept-      a n1 -- n2
 492+ 8399                              Colon_Def ACCEPT_N, "ACCEPT-", is_normal
 492+ 8399             >                New_Def  ACCEPT_N, "ACCEPT-", Enter_Ptr, is_normal ; ok
 492+ 8399             >temp_NFA        defl    $                   // save this NFA address to temp_NFA
 492+ 8399             >
 492+ 8399             >                // dummy db directives used to calculate length of namec
 492+ 8399 41 43 43 45 >                db      "ACCEPT-"
 492+ 839D 50 54 2D    >
 492+ 83A0             >len_NFA         defl    $ - temp_NFA
 492+ 83A0             >                org     $ - len_NFA         // rewind to temp_NFA and re-do NFA part
 492+ 8399             >
 492+ 8399 87          >                db      len_NFA | END_BIT | is_normal  // The start of NFA must have msb set to signal the beginning of the sounted string
 492+ 839A 41 43 43 45 >                db      "ACCEPT-"               // name string in 7-bit ascii, but
 492+ 839E 50 54 2D    >
 492+ 83A1             >                org     $-1                 // alter last byte of Name just above to set
 492+ 83A0 AD          >                db      {b $} | END_BIT     // msb as name end
 492+ 83A1             >
 492+ 83A1 82 83       >                dw      last_NFA            // Link to previous definition Name
 492+ 83A3             >ACCEPT_N:          if Enter_Ptr != 0 ; ok        // This is the start address of the direct jp(hl)
 492+ 83A3 CD DF 6B    >                call    Enter_Ptr ; ok        // for primitive definitions  actual code
 492+ 83A6             >
 492+ 83A6             >
 492+ 83A6             >                endif           ; ok        // for other definitions it "points" the correct handler
 492+ 83A6             >                // Use of "; ok" to suppress "warning[fwdref]"
 492+ 83A6             >
 492+ 83A6             >last_NFA        defl    temp_NFA            // keep track of NFA saved above
 493+ 83A6 FE 68                        dw      TO_R
 494+ 83A8 57 6C                        dw      ZERO
 495+ 83AA 1B 6A                        dw      SWAP
 496+ 83AC 26 6A                        dw      DUP
 497+ 83AE 0C 69                        dw      R_TO
 498+ 83B0 5C 69                        dw      PLUS
 499+ 83B2 1B 6A                        dw      SWAP
 500+ 83B4 08 65                        dw      C_DO
 501+ 83B6              AcceptN_Loop:
 502+ 83B6              //              dw          MMU7_FETCH
 503+ 83B6 C4 67                        dw          INKEY
 504+ 83B8              //              dw          SWAP, MMU7_STORE
 505+ 83B8 26 6A 22 69                  dw          DUP, ZEQUAL
 506+ 83BC B7 64                        dw          ZBRANCH
 507+ 83BE 06 00                        dw          AcceptN_Endif_1 - $
 508+ 83C0              //              dw              VIDEO, QUIT
 509+ 83C0 CA 64                        dw                  C_LEAVE     //              leave
 510+ 83C2 3A 00                        dw                  AcceptN_Leave - $
 511+ 83C4
 512+ 83C4              AcceptN_Endif_1:
 513+ 83C4 26 6A 3F 64                  dw          DUP, LIT, 13, EQUALS
 513+ 83C8 0D 00 C2 6E
 514+ 83CC B7 64                        dw          ZBRANCH
 515+ 83CE 06 00                        dw          AcceptN_Endif_2 - $
 516+ 83D0 F9 69 57 6C                  dw              DROP, ZERO
 517+ 83D4              AcceptN_Endif_2:
 518+ 83D4 26 6A 3F 64                  dw          DUP, LIT, 10, EQUALS
 518+ 83D8 0A 00 C2 6E
 519+ 83DC B7 64                        dw          ZBRANCH
 520+ 83DE 06 00                        dw          AcceptN_Endif_3 - $
 521+ 83E0 F9 69 57 6C                  dw              DROP, ZERO
 522+ 83E4              AcceptN_Endif_3:
 523+ 83E4 10 65 26 6B                  dw          I, CSTORE, ONE_PLUS
 523+ 83E8 7B 69
 524+ 83EA
 525+ 83EA 10 65 1A 6B                  dw          I, CFETCH, ZEQUAL   //      i 0= if
 525+ 83EE 22 69
 526+ 83F0 B7 64                        dw          ZBRANCH
 527+ 83F2 06 00                        dw              AcceptN_Endif_4 - $
 528+ 83F4 CA 64                        dw                  C_LEAVE     //              leave
 529+ 83F6 06 00                        dw                  AcceptN_Leave - $
 530+ 83F8              AcceptN_Endif_4:                                 //      endif
 531+ 83F8
 532+ 83F8 93 64                        dw      C_LOOP
 533+ 83FA BC FF                        dw      AcceptN_Loop -$
 534+ 83FC              AcceptN_Leave:
 535+ 83FC F1 68                        dw      EXIT
 536+ 83FE
 537+ 83FE              //  ______________________________________________________________________
 538+ 83FE              //
 539+ 83FE              // load-        n --
 540+ 83FE              // Provided that a stream n is OPEN# via the standart BASIC
 541+ 83FE              // it accepts text from stream #n to the normal INTERPRET
 542+ 83FE              // up to now, text-file must end with QUIT
 543+ 83FE                              Colon_Def LOAD_N, "LOAD-", is_normal
 543+ 83FE             >                New_Def  LOAD_N, "LOAD-", Enter_Ptr, is_normal ; ok
 543+ 83FE             >temp_NFA        defl    $                   // save this NFA address to temp_NFA
 543+ 83FE             >
 543+ 83FE             >                // dummy db directives used to calculate length of namec
 543+ 83FE 4C 4F 41 44 >                db      "LOAD-"
 543+ 8402 2D          >
 543+ 8403             >len_NFA         defl    $ - temp_NFA
 543+ 8403             >                org     $ - len_NFA         // rewind to temp_NFA and re-do NFA part
 543+ 83FE             >
 543+ 83FE 85          >                db      len_NFA | END_BIT | is_normal  // The start of NFA must have msb set to signal the beginning of the sounted string
 543+ 83FF 4C 4F 41 44 >                db      "LOAD-"               // name string in 7-bit ascii, but
 543+ 8403 2D          >
 543+ 8404             >                org     $-1                 // alter last byte of Name just above to set
 543+ 8403 AD          >                db      {b $} | END_BIT     // msb as name end
 543+ 8404             >
 543+ 8404 99 83       >                dw      last_NFA            // Link to previous definition Name
 543+ 8406             >LOAD_N:          if Enter_Ptr != 0 ; ok        // This is the start address of the direct jp(hl)
 543+ 8406 CD DF 6B    >                call    Enter_Ptr ; ok        // for primitive definitions  actual code
 543+ 8409             >
 543+ 8409             >
 543+ 8409             >                endif           ; ok        // for other definitions it "points" the correct handler
 543+ 8409             >                // Use of "; ok" to suppress "warning[fwdref]"
 543+ 8409             >
 543+ 8409             >last_NFA        defl    temp_NFA            // keep track of NFA saved above
 544+ 8409 37 6E 0C 6B                  dw      SOURCE_ID, STORE
 545+ 840D              Load_N_Begin:
 546+ 840D F7 6C 00 6B                  dw          TIB, FETCH
 547+ 8411 26 6A 3F 64                  dw          DUP, LIT, 80
 547+ 8415 50 00
 548+ 8417 B6 6A 90 73                  dw          TWO_DUP, BLANK
 549+ 841B 37 6E 00 6B                  dw          SOURCE_ID, FETCH
 550+ 841F 55 7A 26 6A                  dw          ABS_OP, DUP, DEVICE, STORE
 550+ 8423 E1 7B 0C 6B
 551+ 8427 E9 67                        dw          SELECT
 552+ 8429 A3 83                        dw          ACCEPT_N
 553+ 842B 8A 83                        dw          VIDEO
 554+ 842D 98 6A                        dw          TWO_DROP
 555+ 842F 57 6C 6D 6D                  dw          ZERO, BLK, STORE
 555+ 8433 0C 6B
 556+ 8435 57 6C 77 6D                  dw          ZERO, TO_IN, STORE
 556+ 8439 0C 6B
 557+ 843B 6E 78                        dw          INTERPRET
 558+ 843D AA 67                        dw          QTERMINAL
 559+ 843F B7 64                        dw      ZBRANCH
 560+ 8441 CC FF                        dw      Load_N_Begin - $
 561+ 8443 F1 68                        dw      EXIT
 562+ 8445
 563+ 8445              //  ______________________________________________________________________
 564+ 8445              //
 565+ 8445              // load         n --
 566+ 8445              // if n is positive, it loads screen #n (as usual)
 567+ 8445              // if n is negative, it connects stream #n to the normal INTERPRET
 568+ 8445              // this second way is useful if you want to load any kind of file
 569+ 8445              // provied that it is OPEN# the usual BASIC way.
 570+ 8445                              Colon_Def LOAD, "LOAD", is_normal
 570+ 8445             >                New_Def  LOAD, "LOAD", Enter_Ptr, is_normal ; ok
 570+ 8445             >temp_NFA        defl    $                   // save this NFA address to temp_NFA
 570+ 8445             >
 570+ 8445             >                // dummy db directives used to calculate length of namec
 570+ 8445 4C 4F 41 44 >                db      "LOAD"
 570+ 8449             >len_NFA         defl    $ - temp_NFA
 570+ 8449             >                org     $ - len_NFA         // rewind to temp_NFA and re-do NFA part
 570+ 8445             >
 570+ 8445 84          >                db      len_NFA | END_BIT | is_normal  // The start of NFA must have msb set to signal the beginning of the sounted string
 570+ 8446 4C 4F 41 44 >                db      "LOAD"               // name string in 7-bit ascii, but
 570+ 844A             >                org     $-1                 // alter last byte of Name just above to set
 570+ 8449 C4          >                db      {b $} | END_BIT     // msb as name end
 570+ 844A             >
 570+ 844A FE 83       >                dw      last_NFA            // Link to previous definition Name
 570+ 844C             >LOAD:          if Enter_Ptr != 0 ; ok        // This is the start address of the direct jp(hl)
 570+ 844C CD DF 6B    >                call    Enter_Ptr ; ok        // for primitive definitions  actual code
 570+ 844F             >
 570+ 844F             >
 570+ 844F             >                endif           ; ok        // for other definitions it "points" the correct handler
 570+ 844F             >                // Use of "; ok" to suppress "warning[fwdref]"
 570+ 844F             >
 570+ 844F             >last_NFA        defl    temp_NFA            // keep track of NFA saved above
 571+ 844F 26 6A 3C 69                  dw      DUP, ZLESS
 572+ 8453 B7 64                        dw      ZBRANCH
 573+ 8455 08 00                        dw      Load_Else - $
 574+ 8457 06 84                        dw          LOAD_N
 575+ 8459 A2 64                        dw      BRANCH
 576+ 845B 04 00                        dw      Load_Endif - $
 577+ 845D              Load_Else:
 578+ 845D 25 80                        dw          LOAD_P
 579+ 845F              Load_Endif:
 580+ 845F F1 68                        dw      EXIT
 581+ 8461
 582+ 8461
 583+ 8461              //  ______________________________________________________________________
 584+ 8461              //
 585+ 8461              // autoexec     --
 586+ 8461              // this word is called the first time the Forth system boot to
 587+ 8461              // load Screen# 1. Once called it patches itself to prevent furhter runs.
 588+ 8461                              Colon_Def AUTOEXEC, "AUTOEXEC", is_normal
 588+ 8461             >                New_Def  AUTOEXEC, "AUTOEXEC", Enter_Ptr, is_normal ; ok
 588+ 8461             >temp_NFA        defl    $                   // save this NFA address to temp_NFA
 588+ 8461             >
 588+ 8461             >                // dummy db directives used to calculate length of namec
 588+ 8461 41 55 54 4F >                db      "AUTOEXEC"
 588+ 8465 45 58 45 43 >
 588+ 8469             >len_NFA         defl    $ - temp_NFA
 588+ 8469             >                org     $ - len_NFA         // rewind to temp_NFA and re-do NFA part
 588+ 8461             >
 588+ 8461 88          >                db      len_NFA | END_BIT | is_normal  // The start of NFA must have msb set to signal the beginning of the sounted string
 588+ 8462 41 55 54 4F >                db      "AUTOEXEC"               // name string in 7-bit ascii, but
 588+ 8466 45 58 45 43 >
 588+ 846A             >                org     $-1                 // alter last byte of Name just above to set
 588+ 8469 C3          >                db      {b $} | END_BIT     // msb as name end
 588+ 846A             >
 588+ 846A 45 84       >                dw      last_NFA            // Link to previous definition Name
 588+ 846C             >AUTOEXEC:          if Enter_Ptr != 0 ; ok        // This is the start address of the direct jp(hl)
 588+ 846C CD DF 6B    >                call    Enter_Ptr ; ok        // for primitive definitions  actual code
 588+ 846F             >
 588+ 846F             >
 588+ 846F             >                endif           ; ok        // for other definitions it "points" the correct handler
 588+ 846F             >                // Use of "; ok" to suppress "warning[fwdref]"
 588+ 846F             >
 588+ 846F             >last_NFA        defl    temp_NFA            // keep track of NFA saved above
 589+ 846F 3F 64 0B 00                  dw      LIT, 11
 590+ 8473 3F 64 02 6C                  dw      LIT, NOOP
 591+ 8477 3F 64 8A 79                  dw      LIT, Autoexec_Ptr
 592+ 847B 0C 6B                        dw      STORE
 593+ 847D 4C 84                        dw      LOAD
 594+ 847F 33 79                        dw      QUIT
 595+ 8481 F1 68                        dw      EXIT
 596+ 8483
 597+ 8483
 598+ 8483              //  ______________________________________________________________________
 599+ 8483              //
 600+ 8483              // bye     --
 601+ 8483              //
 602+ 8483                              Colon_Def BYE, "BYE", is_normal
 602+ 8483             >                New_Def  BYE, "BYE", Enter_Ptr, is_normal ; ok
 602+ 8483             >temp_NFA        defl    $                   // save this NFA address to temp_NFA
 602+ 8483             >
 602+ 8483             >                // dummy db directives used to calculate length of namec
 602+ 8483 42 59 45    >                db      "BYE"
 602+ 8486             >len_NFA         defl    $ - temp_NFA
 602+ 8486             >                org     $ - len_NFA         // rewind to temp_NFA and re-do NFA part
 602+ 8483             >
 602+ 8483 83          >                db      len_NFA | END_BIT | is_normal  // The start of NFA must have msb set to signal the beginning of the sounted string
 602+ 8484 42 59 45    >                db      "BYE"               // name string in 7-bit ascii, but
 602+ 8487             >                org     $-1                 // alter last byte of Name just above to set
 602+ 8486 C5          >                db      {b $} | END_BIT     // msb as name end
 602+ 8487             >
 602+ 8487 61 84       >                dw      last_NFA            // Link to previous definition Name
 602+ 8489             >BYE:          if Enter_Ptr != 0 ; ok        // This is the start address of the direct jp(hl)
 602+ 8489 CD DF 6B    >                call    Enter_Ptr ; ok        // for primitive definitions  actual code
 602+ 848C             >
 602+ 848C             >
 602+ 848C             >                endif           ; ok        // for other definitions it "points" the correct handler
 602+ 848C             >                // Use of "; ok" to suppress "warning[fwdref]"
 602+ 848C             >
 602+ 848C             >last_NFA        defl    temp_NFA            // keep track of NFA saved above
 603+ 848C 06 80                        dw      FLUSH
 604+ 848E 3B 7F                        dw      EMPTY_BUFFERS
 605+ 8490              //              dw      BLK_FH, FETCH, F_CLOSE, DROP
 606+ 8490 57 6C C7 6C                  dw      ZERO, PLUS_ORIGIN
 607+ 8494 1A 7A                        dw      BASIC
 608+ 8496
 609+ 8496              //  ______________________________________________________________________
 610+ 8496              //
 611+ 8496              // invv     --
 612+ 8496              //
 613+ 8496                              Colon_Def INVV, "INVV", is_normal
 613+ 8496             >                New_Def  INVV, "INVV", Enter_Ptr, is_normal ; ok
 613+ 8496             >temp_NFA        defl    $                   // save this NFA address to temp_NFA
 613+ 8496             >
 613+ 8496             >                // dummy db directives used to calculate length of namec
 613+ 8496 49 4E 56 56 >                db      "INVV"
 613+ 849A             >len_NFA         defl    $ - temp_NFA
 613+ 849A             >                org     $ - len_NFA         // rewind to temp_NFA and re-do NFA part
 613+ 8496             >
 613+ 8496 84          >                db      len_NFA | END_BIT | is_normal  // The start of NFA must have msb set to signal the beginning of the sounted string
 613+ 8497 49 4E 56 56 >                db      "INVV"               // name string in 7-bit ascii, but
 613+ 849B             >                org     $-1                 // alter last byte of Name just above to set
 613+ 849A D6          >                db      {b $} | END_BIT     // msb as name end
 613+ 849B             >
 613+ 849B 83 84       >                dw      last_NFA            // Link to previous definition Name
 613+ 849D             >INVV:          if Enter_Ptr != 0 ; ok        // This is the start address of the direct jp(hl)
 613+ 849D CD DF 6B    >                call    Enter_Ptr ; ok        // for primitive definitions  actual code
 613+ 84A0             >
 613+ 84A0             >
 613+ 84A0             >                endif           ; ok        // for other definitions it "points" the correct handler
 613+ 84A0             >                // Use of "; ok" to suppress "warning[fwdref]"
 613+ 84A0             >
 613+ 84A0             >last_NFA        defl    temp_NFA            // keep track of NFA saved above
 614+ 84A0 3F 64 14 00                  dw      LIT, 20, EMITC, ONE, EMITC
 614+ 84A4 81 66 60 6C
 614+ 84A8 81 66
 615+ 84AA F1 68                        dw      EXIT
 616+ 84AC
 617+ 84AC              //  ______________________________________________________________________
 618+ 84AC              //
 619+ 84AC              // truv     --
 620+ 84AC              //
 621+ 84AC                              Colon_Def TRUV, "TRUV", is_normal
 621+ 84AC             >                New_Def  TRUV, "TRUV", Enter_Ptr, is_normal ; ok
 621+ 84AC             >temp_NFA        defl    $                   // save this NFA address to temp_NFA
 621+ 84AC             >
 621+ 84AC             >                // dummy db directives used to calculate length of namec
 621+ 84AC 54 52 55 56 >                db      "TRUV"
 621+ 84B0             >len_NFA         defl    $ - temp_NFA
 621+ 84B0             >                org     $ - len_NFA         // rewind to temp_NFA and re-do NFA part
 621+ 84AC             >
 621+ 84AC 84          >                db      len_NFA | END_BIT | is_normal  // The start of NFA must have msb set to signal the beginning of the sounted string
 621+ 84AD 54 52 55 56 >                db      "TRUV"               // name string in 7-bit ascii, but
 621+ 84B1             >                org     $-1                 // alter last byte of Name just above to set
 621+ 84B0 D6          >                db      {b $} | END_BIT     // msb as name end
 621+ 84B1             >
 621+ 84B1 96 84       >                dw      last_NFA            // Link to previous definition Name
 621+ 84B3             >TRUV:          if Enter_Ptr != 0 ; ok        // This is the start address of the direct jp(hl)
 621+ 84B3 CD DF 6B    >                call    Enter_Ptr ; ok        // for primitive definitions  actual code
 621+ 84B6             >
 621+ 84B6             >
 621+ 84B6             >                endif           ; ok        // for other definitions it "points" the correct handler
 621+ 84B6             >                // Use of "; ok" to suppress "warning[fwdref]"
 621+ 84B6             >
 621+ 84B6             >last_NFA        defl    temp_NFA            // keep track of NFA saved above
 622+ 84B6 3F 64 14 00                  dw      LIT, 20, EMITC, ZERO, EMITC
 622+ 84BA 81 66 57 6C
 622+ 84BE 81 66
 623+ 84C0 F1 68                        dw      EXIT
 624+ 84C2
 625+ 84C2              //  ______________________________________________________________________
 626+ 84C2              //
 627+ 84C2              // mark     --
 628+ 84C2              //
 629+ 84C2              //              Colon_Def MARK, "MARK", is_normal
 630+ 84C2              //              dw      INVV, TYPE, TRUV
 631+ 84C2              //              dw      EXIT
 632+ 84C2
 633+ 84C2              //  ______________________________________________________________________
 634+ 84C2              //
 635+ 84C2              // back     --
 636+ 84C2              //
 637+ 84C2                              Colon_Def BACK, "BACK", is_normal
 637+ 84C2             >                New_Def  BACK, "BACK", Enter_Ptr, is_normal ; ok
 637+ 84C2             >temp_NFA        defl    $                   // save this NFA address to temp_NFA
 637+ 84C2             >
 637+ 84C2             >                // dummy db directives used to calculate length of namec
 637+ 84C2 42 41 43 4B >                db      "BACK"
 637+ 84C6             >len_NFA         defl    $ - temp_NFA
 637+ 84C6             >                org     $ - len_NFA         // rewind to temp_NFA and re-do NFA part
 637+ 84C2             >
 637+ 84C2 84          >                db      len_NFA | END_BIT | is_normal  // The start of NFA must have msb set to signal the beginning of the sounted string
 637+ 84C3 42 41 43 4B >                db      "BACK"               // name string in 7-bit ascii, but
 637+ 84C7             >                org     $-1                 // alter last byte of Name just above to set
 637+ 84C6 CB          >                db      {b $} | END_BIT     // msb as name end
 637+ 84C7             >
 637+ 84C7 AC 84       >                dw      last_NFA            // Link to previous definition Name
 637+ 84C9             >BACK:          if Enter_Ptr != 0 ; ok        // This is the start address of the direct jp(hl)
 637+ 84C9 CD DF 6B    >                call    Enter_Ptr ; ok        // for primitive definitions  actual code
 637+ 84CC             >
 637+ 84CC             >
 637+ 84CC             >                endif           ; ok        // for other definitions it "points" the correct handler
 637+ 84CC             >                // Use of "; ok" to suppress "warning[fwdref]"
 637+ 84CC             >
 637+ 84CC             >last_NFA        defl    temp_NFA            // keep track of NFA saved above
 638+ 84CC 64 6E B4 6E                  dw      HERE, SUBTRACT, COMMA
 638+ 84D0 82 6E
 639+ 84D2 F1 68                        dw      EXIT
 640+ 84D4
 641+ 84D4              //  ______________________________________________________________________
 642+ 84D4              //
 643+ 84D4              // if          ( -- a 2 ) \ compile-time
 644+ 84D4              // IF ... THEN
 645+ 84D4              // IF ... ELSE ... THEN
 646+ 84D4                              Colon_Def IF, "IF", is_immediate
 646+ 84D4             >                New_Def  IF, "IF", Enter_Ptr, is_immediate ; ok
 646+ 84D4             >temp_NFA        defl    $                   // save this NFA address to temp_NFA
 646+ 84D4             >
 646+ 84D4             >                // dummy db directives used to calculate length of namec
 646+ 84D4 49 46       >                db      "IF"
 646+ 84D6             >len_NFA         defl    $ - temp_NFA
 646+ 84D6             >                org     $ - len_NFA         // rewind to temp_NFA and re-do NFA part
 646+ 84D4             >
 646+ 84D4 C2          >                db      len_NFA | END_BIT | is_immediate  // The start of NFA must have msb set to signal the beginning of the sounted string
 646+ 84D5 49 46       >                db      "IF"               // name string in 7-bit ascii, but
 646+ 84D7             >                org     $-1                 // alter last byte of Name just above to set
 646+ 84D6 C6          >                db      {b $} | END_BIT     // msb as name end
 646+ 84D7             >
 646+ 84D7 C2 84       >                dw      last_NFA            // Link to previous definition Name
 646+ 84D9             >IF:          if Enter_Ptr != 0 ; ok        // This is the start address of the direct jp(hl)
 646+ 84D9 CD DF 6B    >                call    Enter_Ptr ; ok        // for primitive definitions  actual code
 646+ 84DC             >
 646+ 84DC             >
 646+ 84DC             >                endif           ; ok        // for other definitions it "points" the correct handler
 646+ 84DC             >                // Use of "; ok" to suppress "warning[fwdref]"
 646+ 84DC             >
 646+ 84DC             >last_NFA        defl    temp_NFA            // keep track of NFA saved above
 647+ 84DC C7 70 B7 64                  dw      COMPILE, ZBRANCH
 648+ 84E0 64 6E 57 6C                  dw      HERE, ZERO, COMMA
 648+ 84E4 82 6E
 649+ 84E6 69 6C                        dw      TWO
 650+ 84E8 F1 68                        dw      EXIT
 651+ 84EA
 652+ 84EA              //  ______________________________________________________________________
 653+ 84EA              //
 654+ 84EA              // then        ( a 2 -- ) \ compile-time
 655+ 84EA              //
 656+ 84EA                              Colon_Def THEN, "THEN", is_immediate
 656+ 84EA             >                New_Def  THEN, "THEN", Enter_Ptr, is_immediate ; ok
 656+ 84EA             >temp_NFA        defl    $                   // save this NFA address to temp_NFA
 656+ 84EA             >
 656+ 84EA             >                // dummy db directives used to calculate length of namec
 656+ 84EA 54 48 45 4E >                db      "THEN"
 656+ 84EE             >len_NFA         defl    $ - temp_NFA
 656+ 84EE             >                org     $ - len_NFA         // rewind to temp_NFA and re-do NFA part
 656+ 84EA             >
 656+ 84EA C4          >                db      len_NFA | END_BIT | is_immediate  // The start of NFA must have msb set to signal the beginning of the sounted string
 656+ 84EB 54 48 45 4E >                db      "THEN"               // name string in 7-bit ascii, but
 656+ 84EF             >                org     $-1                 // alter last byte of Name just above to set
 656+ 84EE CE          >                db      {b $} | END_BIT     // msb as name end
 656+ 84EF             >
 656+ 84EF D4 84       >                dw      last_NFA            // Link to previous definition Name
 656+ 84F1             >THEN:          if Enter_Ptr != 0 ; ok        // This is the start address of the direct jp(hl)
 656+ 84F1 CD DF 6B    >                call    Enter_Ptr ; ok        // for primitive definitions  actual code
 656+ 84F4             >
 656+ 84F4             >
 656+ 84F4             >                endif           ; ok        // for other definitions it "points" the correct handler
 656+ 84F4             >                // Use of "; ok" to suppress "warning[fwdref]"
 656+ 84F4             >
 656+ 84F4             >last_NFA        defl    temp_NFA            // keep track of NFA saved above
 657+ 84F4 49 70                        dw      QCOMP
 658+ 84F6 69 6C 7A 70                  dw      TWO, QPAIRS
 659+ 84FA 64 6E EB 69                  dw      HERE, OVER, SUBTRACT, SWAP, STORE
 659+ 84FE B4 6E 1B 6A
 659+ 8502 0C 6B
 660+ 8504 F1 68                        dw      EXIT
 661+ 8506
 662+ 8506              //  ______________________________________________________________________
 663+ 8506              //
 664+ 8506              // endif        ( a 2 -- ) \ compile-time
 665+ 8506              //
 666+ 8506                              Colon_Def ENDIF, "ENDIF", is_immediate
 666+ 8506             >                New_Def  ENDIF, "ENDIF", Enter_Ptr, is_immediate ; ok
 666+ 8506             >temp_NFA        defl    $                   // save this NFA address to temp_NFA
 666+ 8506             >
 666+ 8506             >                // dummy db directives used to calculate length of namec
 666+ 8506 45 4E 44 49 >                db      "ENDIF"
 666+ 850A 46          >
 666+ 850B             >len_NFA         defl    $ - temp_NFA
 666+ 850B             >                org     $ - len_NFA         // rewind to temp_NFA and re-do NFA part
 666+ 8506             >
 666+ 8506 C5          >                db      len_NFA | END_BIT | is_immediate  // The start of NFA must have msb set to signal the beginning of the sounted string
 666+ 8507 45 4E 44 49 >                db      "ENDIF"               // name string in 7-bit ascii, but
 666+ 850B 46          >
 666+ 850C             >                org     $-1                 // alter last byte of Name just above to set
 666+ 850B C6          >                db      {b $} | END_BIT     // msb as name end
 666+ 850C             >
 666+ 850C EA 84       >                dw      last_NFA            // Link to previous definition Name
 666+ 850E             >ENDIF:          if Enter_Ptr != 0 ; ok        // This is the start address of the direct jp(hl)
 666+ 850E CD DF 6B    >                call    Enter_Ptr ; ok        // for primitive definitions  actual code
 666+ 8511             >
 666+ 8511             >
 666+ 8511             >                endif           ; ok        // for other definitions it "points" the correct handler
 666+ 8511             >                // Use of "; ok" to suppress "warning[fwdref]"
 666+ 8511             >
 666+ 8511             >last_NFA        defl    temp_NFA            // keep track of NFA saved above
 667+ 8511 F1 84                        dw      THEN
 668+ 8513 F1 68                        dw      EXIT
 669+ 8515
 670+ 8515              //  ______________________________________________________________________
 671+ 8515              //
 672+ 8515              // else        ( a1 2 -- a2 2 ) \ compile-time
 673+ 8515              //
 674+ 8515                              Colon_Def ELSE, "ELSE", is_immediate
 674+ 8515             >                New_Def  ELSE, "ELSE", Enter_Ptr, is_immediate ; ok
 674+ 8515             >temp_NFA        defl    $                   // save this NFA address to temp_NFA
 674+ 8515             >
 674+ 8515             >                // dummy db directives used to calculate length of namec
 674+ 8515 45 4C 53 45 >                db      "ELSE"
 674+ 8519             >len_NFA         defl    $ - temp_NFA
 674+ 8519             >                org     $ - len_NFA         // rewind to temp_NFA and re-do NFA part
 674+ 8515             >
 674+ 8515 C4          >                db      len_NFA | END_BIT | is_immediate  // The start of NFA must have msb set to signal the beginning of the sounted string
 674+ 8516 45 4C 53 45 >                db      "ELSE"               // name string in 7-bit ascii, but
 674+ 851A             >                org     $-1                 // alter last byte of Name just above to set
 674+ 8519 C5          >                db      {b $} | END_BIT     // msb as name end
 674+ 851A             >
 674+ 851A 06 85       >                dw      last_NFA            // Link to previous definition Name
 674+ 851C             >ELSE:          if Enter_Ptr != 0 ; ok        // This is the start address of the direct jp(hl)
 674+ 851C CD DF 6B    >                call    Enter_Ptr ; ok        // for primitive definitions  actual code
 674+ 851F             >
 674+ 851F             >
 674+ 851F             >                endif           ; ok        // for other definitions it "points" the correct handler
 674+ 851F             >                // Use of "; ok" to suppress "warning[fwdref]"
 674+ 851F             >
 674+ 851F             >last_NFA        defl    temp_NFA            // keep track of NFA saved above
 675+ 851F 49 70                        dw      QCOMP
 676+ 8521 69 6C 7A 70                  dw      TWO, QPAIRS
 677+ 8525 C7 70 A2 64                  dw      COMPILE, BRANCH
 678+ 8529 64 6E 57 6C                  dw      HERE, ZERO, COMMA
 678+ 852D 82 6E
 679+ 852F 1B 6A 69 6C                  dw      SWAP, TWO, THEN
 679+ 8533 F1 84
 680+ 8535 69 6C                        dw      TWO
 681+ 8537 F1 68                        dw      EXIT
 682+ 8539
 683+ 8539              //  ______________________________________________________________________
 684+ 8539              //
 685+ 8539              // begin        ( -- a 1 ) \ compile-time
 686+ 8539              // BEGIN ... AGAIN
 687+ 8539              // BEGIN ... f UNTIL
 688+ 8539              // BEGIN ... f WHILE ... REPEAT
 689+ 8539                              Colon_Def BEGIN, "BEGIN", is_immediate
 689+ 8539             >                New_Def  BEGIN, "BEGIN", Enter_Ptr, is_immediate ; ok
 689+ 8539             >temp_NFA        defl    $                   // save this NFA address to temp_NFA
 689+ 8539             >
 689+ 8539             >                // dummy db directives used to calculate length of namec
 689+ 8539 42 45 47 49 >                db      "BEGIN"
 689+ 853D 4E          >
 689+ 853E             >len_NFA         defl    $ - temp_NFA
 689+ 853E             >                org     $ - len_NFA         // rewind to temp_NFA and re-do NFA part
 689+ 8539             >
 689+ 8539 C5          >                db      len_NFA | END_BIT | is_immediate  // The start of NFA must have msb set to signal the beginning of the sounted string
 689+ 853A 42 45 47 49 >                db      "BEGIN"               // name string in 7-bit ascii, but
 689+ 853E 4E          >
 689+ 853F             >                org     $-1                 // alter last byte of Name just above to set
 689+ 853E CE          >                db      {b $} | END_BIT     // msb as name end
 689+ 853F             >
 689+ 853F 15 85       >                dw      last_NFA            // Link to previous definition Name
 689+ 8541             >BEGIN:          if Enter_Ptr != 0 ; ok        // This is the start address of the direct jp(hl)
 689+ 8541 CD DF 6B    >                call    Enter_Ptr ; ok        // for primitive definitions  actual code
 689+ 8544             >
 689+ 8544             >
 689+ 8544             >                endif           ; ok        // for other definitions it "points" the correct handler
 689+ 8544             >                // Use of "; ok" to suppress "warning[fwdref]"
 689+ 8544             >
 689+ 8544             >last_NFA        defl    temp_NFA            // keep track of NFA saved above
 690+ 8544 49 70                        dw      QCOMP
 691+ 8546 64 6E                        dw      HERE
 692+ 8548 69 6C                        dw      TWO
 693+ 854A F1 68                        dw      EXIT
 694+ 854C
 695+ 854C              //  ______________________________________________________________________
 696+ 854C              //
 697+ 854C              // again        ( a 1 -- ) \ compile-time
 698+ 854C                              Colon_Def AGAIN, "AGAIN", is_immediate
 698+ 854C             >                New_Def  AGAIN, "AGAIN", Enter_Ptr, is_immediate ; ok
 698+ 854C             >temp_NFA        defl    $                   // save this NFA address to temp_NFA
 698+ 854C             >
 698+ 854C             >                // dummy db directives used to calculate length of namec
 698+ 854C 41 47 41 49 >                db      "AGAIN"
 698+ 8550 4E          >
 698+ 8551             >len_NFA         defl    $ - temp_NFA
 698+ 8551             >                org     $ - len_NFA         // rewind to temp_NFA and re-do NFA part
 698+ 854C             >
 698+ 854C C5          >                db      len_NFA | END_BIT | is_immediate  // The start of NFA must have msb set to signal the beginning of the sounted string
 698+ 854D 41 47 41 49 >                db      "AGAIN"               // name string in 7-bit ascii, but
 698+ 8551 4E          >
 698+ 8552             >                org     $-1                 // alter last byte of Name just above to set
 698+ 8551 CE          >                db      {b $} | END_BIT     // msb as name end
 698+ 8552             >
 698+ 8552 39 85       >                dw      last_NFA            // Link to previous definition Name
 698+ 8554             >AGAIN:          if Enter_Ptr != 0 ; ok        // This is the start address of the direct jp(hl)
 698+ 8554 CD DF 6B    >                call    Enter_Ptr ; ok        // for primitive definitions  actual code
 698+ 8557             >
 698+ 8557             >
 698+ 8557             >                endif           ; ok        // for other definitions it "points" the correct handler
 698+ 8557             >                // Use of "; ok" to suppress "warning[fwdref]"
 698+ 8557             >
 698+ 8557             >last_NFA        defl    temp_NFA            // keep track of NFA saved above
 699+ 8557 49 70                        dw      QCOMP
 700+ 8559 69 6C 7A 70                  dw      TWO, QPAIRS
 701+ 855D C7 70 A2 64                  dw      COMPILE, BRANCH
 702+ 8561 C9 84                        dw      BACK
 703+ 8563 F1 68                        dw      EXIT
 704+ 8565
 705+ 8565              //  ______________________________________________________________________
 706+ 8565              //
 707+ 8565              // until        ( a 1 -- ) \ compile-time
 708+ 8565                              Colon_Def UNTIL, "UNTIL", is_immediate
 708+ 8565             >                New_Def  UNTIL, "UNTIL", Enter_Ptr, is_immediate ; ok
 708+ 8565             >temp_NFA        defl    $                   // save this NFA address to temp_NFA
 708+ 8565             >
 708+ 8565             >                // dummy db directives used to calculate length of namec
 708+ 8565 55 4E 54 49 >                db      "UNTIL"
 708+ 8569 4C          >
 708+ 856A             >len_NFA         defl    $ - temp_NFA
 708+ 856A             >                org     $ - len_NFA         // rewind to temp_NFA and re-do NFA part
 708+ 8565             >
 708+ 8565 C5          >                db      len_NFA | END_BIT | is_immediate  // The start of NFA must have msb set to signal the beginning of the sounted string
 708+ 8566 55 4E 54 49 >                db      "UNTIL"               // name string in 7-bit ascii, but
 708+ 856A 4C          >
 708+ 856B             >                org     $-1                 // alter last byte of Name just above to set
 708+ 856A CC          >                db      {b $} | END_BIT     // msb as name end
 708+ 856B             >
 708+ 856B 4C 85       >                dw      last_NFA            // Link to previous definition Name
 708+ 856D             >UNTIL:          if Enter_Ptr != 0 ; ok        // This is the start address of the direct jp(hl)
 708+ 856D CD DF 6B    >                call    Enter_Ptr ; ok        // for primitive definitions  actual code
 708+ 8570             >
 708+ 8570             >
 708+ 8570             >                endif           ; ok        // for other definitions it "points" the correct handler
 708+ 8570             >                // Use of "; ok" to suppress "warning[fwdref]"
 708+ 8570             >
 708+ 8570             >last_NFA        defl    temp_NFA            // keep track of NFA saved above
 709+ 8570 49 70                        dw      QCOMP
 710+ 8572 69 6C 7A 70                  dw      TWO, QPAIRS
 711+ 8576 C7 70 B7 64                  dw      COMPILE, ZBRANCH
 712+ 857A C9 84                        dw      BACK
 713+ 857C F1 68                        dw      EXIT
 714+ 857E
 715+ 857E              //  ______________________________________________________________________
 716+ 857E              //
 717+ 857E              // end          ( a 1 -- ) \ compile-time
 718+ 857E                              Colon_Def END, "END", is_immediate
 718+ 857E             >                New_Def  END, "END", Enter_Ptr, is_immediate ; ok
 718+ 857E             >temp_NFA        defl    $                   // save this NFA address to temp_NFA
 718+ 857E             >
 718+ 857E             >                // dummy db directives used to calculate length of namec
 718+ 857E 45 4E 44    >                db      "END"
 718+ 8581             >len_NFA         defl    $ - temp_NFA
 718+ 8581             >                org     $ - len_NFA         // rewind to temp_NFA and re-do NFA part
 718+ 857E             >
 718+ 857E C3          >                db      len_NFA | END_BIT | is_immediate  // The start of NFA must have msb set to signal the beginning of the sounted string
 718+ 857F 45 4E 44    >                db      "END"               // name string in 7-bit ascii, but
 718+ 8582             >                org     $-1                 // alter last byte of Name just above to set
 718+ 8581 C4          >                db      {b $} | END_BIT     // msb as name end
 718+ 8582             >
 718+ 8582 65 85       >                dw      last_NFA            // Link to previous definition Name
 718+ 8584             >END:          if Enter_Ptr != 0 ; ok        // This is the start address of the direct jp(hl)
 718+ 8584 CD DF 6B    >                call    Enter_Ptr ; ok        // for primitive definitions  actual code
 718+ 8587             >
 718+ 8587             >
 718+ 8587             >                endif           ; ok        // for other definitions it "points" the correct handler
 718+ 8587             >                // Use of "; ok" to suppress "warning[fwdref]"
 718+ 8587             >
 718+ 8587             >last_NFA        defl    temp_NFA            // keep track of NFA saved above
 719+ 8587 6D 85                        dw      UNTIL
 720+ 8589 F1 68                        dw      EXIT
 721+ 858B
 722+ 858B              //  ______________________________________________________________________
 723+ 858B              //
 724+ 858B              // while        ( a1 1 -- a1 1 a2 4 ) \ compile-time
 725+ 858B                              Colon_Def WHILE, "WHILE", is_immediate
 725+ 858B             >                New_Def  WHILE, "WHILE", Enter_Ptr, is_immediate ; ok
 725+ 858B             >temp_NFA        defl    $                   // save this NFA address to temp_NFA
 725+ 858B             >
 725+ 858B             >                // dummy db directives used to calculate length of namec
 725+ 858B 57 48 49 4C >                db      "WHILE"
 725+ 858F 45          >
 725+ 8590             >len_NFA         defl    $ - temp_NFA
 725+ 8590             >                org     $ - len_NFA         // rewind to temp_NFA and re-do NFA part
 725+ 858B             >
 725+ 858B C5          >                db      len_NFA | END_BIT | is_immediate  // The start of NFA must have msb set to signal the beginning of the sounted string
 725+ 858C 57 48 49 4C >                db      "WHILE"               // name string in 7-bit ascii, but
 725+ 8590 45          >
 725+ 8591             >                org     $-1                 // alter last byte of Name just above to set
 725+ 8590 C5          >                db      {b $} | END_BIT     // msb as name end
 725+ 8591             >
 725+ 8591 7E 85       >                dw      last_NFA            // Link to previous definition Name
 725+ 8593             >WHILE:          if Enter_Ptr != 0 ; ok        // This is the start address of the direct jp(hl)
 725+ 8593 CD DF 6B    >                call    Enter_Ptr ; ok        // for primitive definitions  actual code
 725+ 8596             >
 725+ 8596             >
 725+ 8596             >                endif           ; ok        // for other definitions it "points" the correct handler
 725+ 8596             >                // Use of "; ok" to suppress "warning[fwdref]"
 725+ 8596             >
 725+ 8596             >last_NFA        defl    temp_NFA            // keep track of NFA saved above
 726+ 8596 D9 84                        dw      IF
 727+ 8598              //              dw      TWO_PLUS // ( that is 4 )
 728+ 8598 A4 6A                        dw      TWO_SWAP
 729+ 859A F1 68                        dw      EXIT
 730+ 859C
 731+ 859C              //  ______________________________________________________________________
 732+ 859C              //
 733+ 859C              // repeat       ( a1 1 a2 4 -- ) \ compile-time
 734+ 859C                              Colon_Def REPEAT, "REPEAT", is_immediate
 734+ 859C             >                New_Def  REPEAT, "REPEAT", Enter_Ptr, is_immediate ; ok
 734+ 859C             >temp_NFA        defl    $                   // save this NFA address to temp_NFA
 734+ 859C             >
 734+ 859C             >                // dummy db directives used to calculate length of namec
 734+ 859C 52 45 50 45 >                db      "REPEAT"
 734+ 85A0 41 54       >
 734+ 85A2             >len_NFA         defl    $ - temp_NFA
 734+ 85A2             >                org     $ - len_NFA         // rewind to temp_NFA and re-do NFA part
 734+ 859C             >
 734+ 859C C6          >                db      len_NFA | END_BIT | is_immediate  // The start of NFA must have msb set to signal the beginning of the sounted string
 734+ 859D 52 45 50 45 >                db      "REPEAT"               // name string in 7-bit ascii, but
 734+ 85A1 41 54       >
 734+ 85A3             >                org     $-1                 // alter last byte of Name just above to set
 734+ 85A2 D4          >                db      {b $} | END_BIT     // msb as name end
 734+ 85A3             >
 734+ 85A3 8B 85       >                dw      last_NFA            // Link to previous definition Name
 734+ 85A5             >REPEAT:          if Enter_Ptr != 0 ; ok        // This is the start address of the direct jp(hl)
 734+ 85A5 CD DF 6B    >                call    Enter_Ptr ; ok        // for primitive definitions  actual code
 734+ 85A8             >
 734+ 85A8             >
 734+ 85A8             >                endif           ; ok        // for other definitions it "points" the correct handler
 734+ 85A8             >                // Use of "; ok" to suppress "warning[fwdref]"
 734+ 85A8             >
 734+ 85A8             >last_NFA        defl    temp_NFA            // keep track of NFA saved above
 735+ 85A8 54 85                        dw      AGAIN
 736+ 85AA              //              dw      TWO_MINUS
 737+ 85AA F1 84                        dw      THEN
 738+ 85AC F1 68                        dw      EXIT
 739+ 85AE
 740+ 85AE              //  ______________________________________________________________________
 741+ 85AE              //
 742+ 85AE              // ?do-
 743+ 85AE              // special version of "BACK" used by ?DO and LOOP
 744+ 85AE                              Colon_Def C_DO_BACK, "?DO-", is_normal
 744+ 85AE             >                New_Def  C_DO_BACK, "?DO-", Enter_Ptr, is_normal ; ok
 744+ 85AE             >temp_NFA        defl    $                   // save this NFA address to temp_NFA
 744+ 85AE             >
 744+ 85AE             >                // dummy db directives used to calculate length of namec
 744+ 85AE 3F 44 4F 2D >                db      "?DO-"
 744+ 85B2             >len_NFA         defl    $ - temp_NFA
 744+ 85B2             >                org     $ - len_NFA         // rewind to temp_NFA and re-do NFA part
 744+ 85AE             >
 744+ 85AE 84          >                db      len_NFA | END_BIT | is_normal  // The start of NFA must have msb set to signal the beginning of the sounted string
 744+ 85AF 3F 44 4F 2D >                db      "?DO-"               // name string in 7-bit ascii, but
 744+ 85B3             >                org     $-1                 // alter last byte of Name just above to set
 744+ 85B2 AD          >                db      {b $} | END_BIT     // msb as name end
 744+ 85B3             >
 744+ 85B3 9C 85       >                dw      last_NFA            // Link to previous definition Name
 744+ 85B5             >C_DO_BACK:          if Enter_Ptr != 0 ; ok        // This is the start address of the direct jp(hl)
 744+ 85B5 CD DF 6B    >                call    Enter_Ptr ; ok        // for primitive definitions  actual code
 744+ 85B8             >
 744+ 85B8             >
 744+ 85B8             >                endif           ; ok        // for other definitions it "points" the correct handler
 744+ 85B8             >                // Use of "; ok" to suppress "warning[fwdref]"
 744+ 85B8             >
 744+ 85B8             >last_NFA        defl    temp_NFA            // keep track of NFA saved above
 745+ 85B8 C9 84                        dw      BACK
 746+ 85BA              CDoBack_Begin:
 747+ 85BA C7 68 E9 6D                  dw      SPFETCH, CSP, FETCH, SUBTRACT
 747+ 85BE 00 6B B4 6E
 748+ 85C2 B7 64                        dw      ZBRANCH
 749+ 85C4 0A 00                        dw      CDoBack_While - $
 750+ 85C6 8F 69 F1 84                  dw          TWO_PLUS, THEN
 751+ 85CA A2 64                        dw      BRANCH
 752+ 85CC EE FF                        dw      CDoBack_Begin - $
 753+ 85CE              CDoBack_While:
 754+ 85CE 8E 70 E9 6D                  dw      QCSP, CSP, STORE
 754+ 85D2 0C 6B
 755+ 85D4 F1 68                        dw      EXIT
 756+ 85D6
 757+ 85D6              //  ______________________________________________________________________
 758+ 85D6              //
 759+ 85D6              // do
 760+ 85D6              // DO  ... LOOP
 761+ 85D6              // DO  ... n +LOOP
 762+ 85D6              // ?DO ... LOOP
 763+ 85D6              // ?DO ... n +LOOP
 764+ 85D6                              Colon_Def DO, "DO", is_immediate
 764+ 85D6             >                New_Def  DO, "DO", Enter_Ptr, is_immediate ; ok
 764+ 85D6             >temp_NFA        defl    $                   // save this NFA address to temp_NFA
 764+ 85D6             >
 764+ 85D6             >                // dummy db directives used to calculate length of namec
 764+ 85D6 44 4F       >                db      "DO"
 764+ 85D8             >len_NFA         defl    $ - temp_NFA
 764+ 85D8             >                org     $ - len_NFA         // rewind to temp_NFA and re-do NFA part
 764+ 85D6             >
 764+ 85D6 C2          >                db      len_NFA | END_BIT | is_immediate  // The start of NFA must have msb set to signal the beginning of the sounted string
 764+ 85D7 44 4F       >                db      "DO"               // name string in 7-bit ascii, but
 764+ 85D9             >                org     $-1                 // alter last byte of Name just above to set
 764+ 85D8 CF          >                db      {b $} | END_BIT     // msb as name end
 764+ 85D9             >
 764+ 85D9 AE 85       >                dw      last_NFA            // Link to previous definition Name
 764+ 85DB             >DO:          if Enter_Ptr != 0 ; ok        // This is the start address of the direct jp(hl)
 764+ 85DB CD DF 6B    >                call    Enter_Ptr ; ok        // for primitive definitions  actual code
 764+ 85DE             >
 764+ 85DE             >
 764+ 85DE             >                endif           ; ok        // for other definitions it "points" the correct handler
 764+ 85DE             >                // Use of "; ok" to suppress "warning[fwdref]"
 764+ 85DE             >
 764+ 85DE             >last_NFA        defl    temp_NFA            // keep track of NFA saved above
 765+ 85DE C7 70 08 65                  dw      COMPILE, C_DO
 766+ 85E2 E9 6D 00 6B                  dw      CSP, FETCH, STORE_CSP
 766+ 85E6 1A 70
 767+ 85E8 64 6E 72 6C                  dw      HERE, THREE
 768+ 85EC F1 68                        dw      EXIT
 769+ 85EE
 770+ 85EE              //  ______________________________________________________________________
 771+ 85EE              //
 772+ 85EE              // loop
 773+ 85EE                              Colon_Def LOOP, "LOOP", is_immediate
 773+ 85EE             >                New_Def  LOOP, "LOOP", Enter_Ptr, is_immediate ; ok
 773+ 85EE             >temp_NFA        defl    $                   // save this NFA address to temp_NFA
 773+ 85EE             >
 773+ 85EE             >                // dummy db directives used to calculate length of namec
 773+ 85EE 4C 4F 4F 50 >                db      "LOOP"
 773+ 85F2             >len_NFA         defl    $ - temp_NFA
 773+ 85F2             >                org     $ - len_NFA         // rewind to temp_NFA and re-do NFA part
 773+ 85EE             >
 773+ 85EE C4          >                db      len_NFA | END_BIT | is_immediate  // The start of NFA must have msb set to signal the beginning of the sounted string
 773+ 85EF 4C 4F 4F 50 >                db      "LOOP"               // name string in 7-bit ascii, but
 773+ 85F3             >                org     $-1                 // alter last byte of Name just above to set
 773+ 85F2 D0          >                db      {b $} | END_BIT     // msb as name end
 773+ 85F3             >
 773+ 85F3 D6 85       >                dw      last_NFA            // Link to previous definition Name
 773+ 85F5             >LOOP:          if Enter_Ptr != 0 ; ok        // This is the start address of the direct jp(hl)
 773+ 85F5 CD DF 6B    >                call    Enter_Ptr ; ok        // for primitive definitions  actual code
 773+ 85F8             >
 773+ 85F8             >
 773+ 85F8             >                endif           ; ok        // for other definitions it "points" the correct handler
 773+ 85F8             >                // Use of "; ok" to suppress "warning[fwdref]"
 773+ 85F8             >
 773+ 85F8             >last_NFA        defl    temp_NFA            // keep track of NFA saved above
 774+ 85F8 72 6C 7A 70                  dw      THREE, QPAIRS
 775+ 85FC C7 70 93 64                  dw      COMPILE, C_LOOP
 776+ 8600 B5 85                        dw      C_DO_BACK
 777+ 8602 F1 68                        dw      EXIT
 778+ 8604
 779+ 8604              //  ______________________________________________________________________
 780+ 8604              //
 781+ 8604              // +loop
 782+ 8604                              Colon_Def PLOOP, "+LOOP", is_immediate
 782+ 8604             >                New_Def  PLOOP, "+LOOP", Enter_Ptr, is_immediate ; ok
 782+ 8604             >temp_NFA        defl    $                   // save this NFA address to temp_NFA
 782+ 8604             >
 782+ 8604             >                // dummy db directives used to calculate length of namec
 782+ 8604 2B 4C 4F 4F >                db      "+LOOP"
 782+ 8608 50          >
 782+ 8609             >len_NFA         defl    $ - temp_NFA
 782+ 8609             >                org     $ - len_NFA         // rewind to temp_NFA and re-do NFA part
 782+ 8604             >
 782+ 8604 C5          >                db      len_NFA | END_BIT | is_immediate  // The start of NFA must have msb set to signal the beginning of the sounted string
 782+ 8605 2B 4C 4F 4F >                db      "+LOOP"               // name string in 7-bit ascii, but
 782+ 8609 50          >
 782+ 860A             >                org     $-1                 // alter last byte of Name just above to set
 782+ 8609 D0          >                db      {b $} | END_BIT     // msb as name end
 782+ 860A             >
 782+ 860A EE 85       >                dw      last_NFA            // Link to previous definition Name
 782+ 860C             >PLOOP:          if Enter_Ptr != 0 ; ok        // This is the start address of the direct jp(hl)
 782+ 860C CD DF 6B    >                call    Enter_Ptr ; ok        // for primitive definitions  actual code
 782+ 860F             >
 782+ 860F             >
 782+ 860F             >                endif           ; ok        // for other definitions it "points" the correct handler
 782+ 860F             >                // Use of "; ok" to suppress "warning[fwdref]"
 782+ 860F             >
 782+ 860F             >last_NFA        defl    temp_NFA            // keep track of NFA saved above
 783+ 860F 72 6C 7A 70                  dw      THREE, QPAIRS
 784+ 8613 C7 70 5D 64                  dw      COMPILE, C_PLOOP
 785+ 8617 B5 85                        dw      C_DO_BACK
 786+ 8619 F1 68                        dw      EXIT
 787+ 861B
 788+ 861B              //  ______________________________________________________________________
 789+ 861B              //
 790+ 861B              // ?do
 791+ 861B                              Colon_Def QDO, "?DO", is_immediate
 791+ 861B             >                New_Def  QDO, "?DO", Enter_Ptr, is_immediate ; ok
 791+ 861B             >temp_NFA        defl    $                   // save this NFA address to temp_NFA
 791+ 861B             >
 791+ 861B             >                // dummy db directives used to calculate length of namec
 791+ 861B 3F 44 4F    >                db      "?DO"
 791+ 861E             >len_NFA         defl    $ - temp_NFA
 791+ 861E             >                org     $ - len_NFA         // rewind to temp_NFA and re-do NFA part
 791+ 861B             >
 791+ 861B C3          >                db      len_NFA | END_BIT | is_immediate  // The start of NFA must have msb set to signal the beginning of the sounted string
 791+ 861C 3F 44 4F    >                db      "?DO"               // name string in 7-bit ascii, but
 791+ 861F             >                org     $-1                 // alter last byte of Name just above to set
 791+ 861E CF          >                db      {b $} | END_BIT     // msb as name end
 791+ 861F             >
 791+ 861F 04 86       >                dw      last_NFA            // Link to previous definition Name
 791+ 8621             >QDO:          if Enter_Ptr != 0 ; ok        // This is the start address of the direct jp(hl)
 791+ 8621 CD DF 6B    >                call    Enter_Ptr ; ok        // for primitive definitions  actual code
 791+ 8624             >
 791+ 8624             >
 791+ 8624             >                endif           ; ok        // for other definitions it "points" the correct handler
 791+ 8624             >                // Use of "; ok" to suppress "warning[fwdref]"
 791+ 8624             >
 791+ 8624             >last_NFA        defl    temp_NFA            // keep track of NFA saved above
 792+ 8624 C7 70 DB 64                  dw      COMPILE, C_Q_DO
 793+ 8628 E9 6D 00 6B                  dw      CSP, FETCH, STORE_CSP
 793+ 862C 1A 70
 794+ 862E 64 6E 57 6C                  dw      HERE, ZERO, COMMA, ZERO
 794+ 8632 82 6E 57 6C
 795+ 8636 64 6E 72 6C                  dw      HERE, THREE
 796+ 863A F1 68                        dw      EXIT
 797+ 863C
 798+ 863C
 799+ 863C              //  ______________________________________________________________________
 800+ 863C              //
 801+ 863C              // RENAME
 802+ 863C              // special utility to rename a word to another name but same length
 803+ 863C                              Colon_Def RENAME, "RENAME", is_normal  // : rename  ( -- "ccc" "ddd" )
 803+ 863C             >                New_Def  RENAME, "RENAME", Enter_Ptr, is_normal ; ok
 803+ 863C             >temp_NFA        defl    $                   // save this NFA address to temp_NFA
 803+ 863C             >
 803+ 863C             >                // dummy db directives used to calculate length of namec
 803+ 863C 52 45 4E 41 >                db      "RENAME"
 803+ 8640 4D 45       >
 803+ 8642             >len_NFA         defl    $ - temp_NFA
 803+ 8642             >                org     $ - len_NFA         // rewind to temp_NFA and re-do NFA part
 803+ 863C             >
 803+ 863C 86          >                db      len_NFA | END_BIT | is_normal  // The start of NFA must have msb set to signal the beginning of the sounted string
 803+ 863D 52 45 4E 41 >                db      "RENAME"               // name string in 7-bit ascii, but
 803+ 8641 4D 45       >
 803+ 8643             >                org     $-1                 // alter last byte of Name just above to set
 803+ 8642 C5          >                db      {b $} | END_BIT     // msb as name end
 803+ 8643             >
 803+ 8643 1B 86       >                dw      last_NFA            // Link to previous definition Name
 803+ 8645             >RENAME:          if Enter_Ptr != 0 ; ok        // This is the start address of the direct jp(hl)
 803+ 8645 CD DF 6B    >                call    Enter_Ptr ; ok        // for primitive definitions  actual code
 803+ 8648             >
 803+ 8648             >
 803+ 8648             >                endif           ; ok        // for other definitions it "points" the correct handler
 803+ 8648             >                // Use of "; ok" to suppress "warning[fwdref]"
 803+ 8648             >
 803+ 8648             >last_NFA        defl    temp_NFA            // keep track of NFA saved above
 804+ 8648 79 80 F9 6F                  dw TICK, TO_BODY, NFA           // ' >body nfa
 804+ 864C CD 6F
 805+ 864E 26 6A 1A 6B                  dw DUP, CFETCH
 806+ 8652 3F 64 1F 00                  dw LIT, $1F, AND_OP             // dup c@  [ hex 1F ] Literal  and
 806+ 8656 95 68
 807+ 8658 B6 6A 5C 69                  dw TWO_DUP, PLUS                // 2dup +
 808+ 865C FE 68                        dw TO_R                         // >r
 809+ 865E                              //      bl word here  [ hex 20 ] Literal  allot
 810+ 865E 86 6C CB 73                  dw BL, WORD                     // bl word
 811+ 8662 3F 64 20 00                  dw LIT, 32, ALLOT               //  [ hex 20 ] Literal  allot
 811+ 8666 75 6E
 812+ 8668 DD 71 3F 64                  dw COUNT, LIT, $1F              // count  [ hex 1F ] Literal
 812+ 866C 1F 00
 813+ 866E 95 68 31 6A                  dw AND_OP, ROT, MIN             // and rot min
 813+ 8672 FE 6E
 814+ 8674 FE 68                        dw TO_R                         // >r
 815+ 8676 1B 6A 7B 69                  dw SWAP, ONE_PLUS               // swap 1+
 816+ 867A 0C 69                        dw R_TO                         // r>
 817+ 867C 0B 68                        dw CMOVE                        // cmove
 818+ 867E 1A 69 1A 6B                  dw R_OP, CFETCH                 // r  c@
 819+ 8682 3F 64 80 00                  dw LIT, 128, OR_OP              // [ hex 80 ] Literal  or
 819+ 8686 A7 68
 820+ 8688 0C 69                        dw R_TO                         // r>
 821+ 868A 26 6B                        dw CSTORE                       // c!
 822+ 868C 3F 64 E0 FF                  dw LIT, -32, ALLOT              // [ hex -20 ] Literal allot
 822+ 8690 75 6E
 823+ 8692 F1 68                        dw EXIT
 824+ 8694
 825+ 8694
 826+ 8694              //  ______________________________________________________________________
 827+ 8694              //
 828+ 8694              //  VALUE
 829+ 8694                              Colon_Def VALUE, "VALUE", is_immediate  // : value ( n ccc --   ) (       -- n )
 829+ 8694             >                New_Def  VALUE, "VALUE", Enter_Ptr, is_immediate ; ok
 829+ 8694             >temp_NFA        defl    $                   // save this NFA address to temp_NFA
 829+ 8694             >
 829+ 8694             >                // dummy db directives used to calculate length of namec
 829+ 8694 56 41 4C 55 >                db      "VALUE"
 829+ 8698 45          >
 829+ 8699             >len_NFA         defl    $ - temp_NFA
 829+ 8699             >                org     $ - len_NFA         // rewind to temp_NFA and re-do NFA part
 829+ 8694             >
 829+ 8694 C5          >                db      len_NFA | END_BIT | is_immediate  // The start of NFA must have msb set to signal the beginning of the sounted string
 829+ 8695 56 41 4C 55 >                db      "VALUE"               // name string in 7-bit ascii, but
 829+ 8699 45          >
 829+ 869A             >                org     $-1                 // alter last byte of Name just above to set
 829+ 8699 C5          >                db      {b $} | END_BIT     // msb as name end
 829+ 869A             >
 829+ 869A 3C 86       >                dw      last_NFA            // Link to previous definition Name
 829+ 869C             >VALUE:          if Enter_Ptr != 0 ; ok        // This is the start address of the direct jp(hl)
 829+ 869C CD DF 6B    >                call    Enter_Ptr ; ok        // for primitive definitions  actual code
 829+ 869F             >
 829+ 869F             >
 829+ 869F             >                endif           ; ok        // for other definitions it "points" the correct handler
 829+ 869F             >                // Use of "; ok" to suppress "warning[fwdref]"
 829+ 869F             >
 829+ 869F             >last_NFA        defl    temp_NFA            // keep track of NFA saved above
 830+ 869F 0F 6C                        dw CONSTANT                 // [compile] constant
 831+ 86A1 F1 68                        dw EXIT
 832+ 86A3                              // ;
 833+ 86A3                              // immediate
 834+ 86A3
 835+ 86A3
 836+ 86A3              //  ______________________________________________________________________
 837+ 86A3              //
 838+ 86A3              //  (TO)
 839+ 86A3                              Colon_Def CTO, "(TO)", is_normal
 839+ 86A3             >                New_Def  CTO, "(TO)", Enter_Ptr, is_normal ; ok
 839+ 86A3             >temp_NFA        defl    $                   // save this NFA address to temp_NFA
 839+ 86A3             >
 839+ 86A3             >                // dummy db directives used to calculate length of namec
 839+ 86A3 28 54 4F 29 >                db      "(TO)"
 839+ 86A7             >len_NFA         defl    $ - temp_NFA
 839+ 86A7             >                org     $ - len_NFA         // rewind to temp_NFA and re-do NFA part
 839+ 86A3             >
 839+ 86A3 84          >                db      len_NFA | END_BIT | is_normal  // The start of NFA must have msb set to signal the beginning of the sounted string
 839+ 86A4 28 54 4F 29 >                db      "(TO)"               // name string in 7-bit ascii, but
 839+ 86A8             >                org     $-1                 // alter last byte of Name just above to set
 839+ 86A7 A9          >                db      {b $} | END_BIT     // msb as name end
 839+ 86A8             >
 839+ 86A8 94 86       >                dw      last_NFA            // Link to previous definition Name
 839+ 86AA             >CTO:          if Enter_Ptr != 0 ; ok        // This is the start address of the direct jp(hl)
 839+ 86AA CD DF 6B    >                call    Enter_Ptr ; ok        // for primitive definitions  actual code
 839+ 86AD             >
 839+ 86AD             >
 839+ 86AD             >                endif           ; ok        // for other definitions it "points" the correct handler
 839+ 86AD             >                // Use of "; ok" to suppress "warning[fwdref]"
 839+ 86AD             >
 839+ 86AD             >last_NFA        defl    temp_NFA            // keep track of NFA saved above
 840+ 86AD 79 80 F9 6F                  dw TICK, TO_BODY            // ' >body
 841+ 86B1 C0 6D 00 6B                  dw STATE, FETCH             // state @
 842+ 86B5 B7 64                        dw ZBRANCH                  // If
 843+ 86B7 0E 00                        dw          To_1 - $
 844+ 86B9 C7 70 3F 64                  dw      COMPILE, LIT        // compile lit
 845+ 86BD 82 6E                        dw      COMMA               // ,
 846+ 86BF 82 6E                        dw      COMMA               // ,
 847+ 86C1
 848+ 86C1 A2 64                        dw              BRANCH      // Else
 849+ 86C3 06 00                        dw         To_2 - $
 850+ 86C5              To_1:
 851+ 86C5 1B 6A 52 64                  dw      SWAP, EXECUTE       //  swap execute
 852+ 86C9              To_2:
 853+ 86C9                                                          // Endif
 854+ 86C9 F1 68                        dw EXIT
 855+ 86CB              //  ______________________________________________________________________
 856+ 86CB              //
 857+ 86CB              //  TO )
 858+ 86CB                              Colon_Def TO, "TO", is_immediate  // : to ( n -- cccc )
 858+ 86CB             >                New_Def  TO, "TO", Enter_Ptr, is_immediate ; ok
 858+ 86CB             >temp_NFA        defl    $                   // save this NFA address to temp_NFA
 858+ 86CB             >
 858+ 86CB             >                // dummy db directives used to calculate length of namec
 858+ 86CB 54 4F       >                db      "TO"
 858+ 86CD             >len_NFA         defl    $ - temp_NFA
 858+ 86CD             >                org     $ - len_NFA         // rewind to temp_NFA and re-do NFA part
 858+ 86CB             >
 858+ 86CB C2          >                db      len_NFA | END_BIT | is_immediate  // The start of NFA must have msb set to signal the beginning of the sounted string
 858+ 86CC 54 4F       >                db      "TO"               // name string in 7-bit ascii, but
 858+ 86CE             >                org     $-1                 // alter last byte of Name just above to set
 858+ 86CD CF          >                db      {b $} | END_BIT     // msb as name end
 858+ 86CE             >
 858+ 86CE A3 86       >                dw      last_NFA            // Link to previous definition Name
 858+ 86D0             >TO:          if Enter_Ptr != 0 ; ok        // This is the start address of the direct jp(hl)
 858+ 86D0 CD DF 6B    >                call    Enter_Ptr ; ok        // for primitive definitions  actual code
 858+ 86D3             >
 858+ 86D3             >
 858+ 86D3             >                endif           ; ok        // for other definitions it "points" the correct handler
 858+ 86D3             >                // Use of "; ok" to suppress "warning[fwdref]"
 858+ 86D3             >
 858+ 86D3             >last_NFA        defl    temp_NFA            // keep track of NFA saved above
 859+ 86D3 3F 64 0C 6B                  dw LIT, STORE
 860+ 86D7 AA 86                        dw CTO
 861+ 86D9 F1 68                        dw EXIT
 862+ 86DB
 863+ 86DB
 864+ 86DB              Latest_Definition:
 865+ 86DB              //  ______________________________________________________________________
 866+ 86DB              //
 867+ 86DB              // \
 868+ 86DB                              Colon_Def BACKSLASH, "\\", is_immediate  // this is a single back-slash
 868+ 86DB             >                New_Def  BACKSLASH, "\\", Enter_Ptr, is_immediate ; ok
 868+ 86DB             >temp_NFA        defl    $                   // save this NFA address to temp_NFA
 868+ 86DB             >
 868+ 86DB             >                // dummy db directives used to calculate length of namec
 868+ 86DB 5C          >                db      "\\"
 868+ 86DC             >len_NFA         defl    $ - temp_NFA
 868+ 86DC             >                org     $ - len_NFA         // rewind to temp_NFA and re-do NFA part
 868+ 86DB             >
 868+ 86DB C1          >                db      len_NFA | END_BIT | is_immediate  // The start of NFA must have msb set to signal the beginning of the sounted string
 868+ 86DC 5C          >                db      "\\"               // name string in 7-bit ascii, but
 868+ 86DD             >                org     $-1                 // alter last byte of Name just above to set
 868+ 86DC DC          >                db      {b $} | END_BIT     // msb as name end
 868+ 86DD             >
 868+ 86DD CB 86       >                dw      last_NFA            // Link to previous definition Name
 868+ 86DF             >BACKSLASH:          if Enter_Ptr != 0 ; ok        // This is the start address of the direct jp(hl)
 868+ 86DF CD DF 6B    >                call    Enter_Ptr ; ok        // for primitive definitions  actual code
 868+ 86E2             >
 868+ 86E2             >
 868+ 86E2             >                endif           ; ok        // for other definitions it "points" the correct handler
 868+ 86E2             >                // Use of "; ok" to suppress "warning[fwdref]"
 868+ 86E2             >
 868+ 86E2             >last_NFA        defl    temp_NFA            // keep track of NFA saved above
 869+ 86E2 6D 6D 00 6B                  dw      BLK, FETCH
 870+ 86E6 B7 64                        dw      ZBRANCH
 871+ 86E8 18 00                        dw      Backslash_Else_1 - $
 872+ 86EA              //              dw          BLK, FETCH, ONE, GREATER  // BLOCK 1 is used as temp-line in INCLUDE file
 873+ 86EA              //              dw          ZBRANCH
 874+ 86EA              //              dw          Backslash_Else_2 - $
 875+ 86EA 77 6D 00 6B                  dw              TO_IN, FETCH, CL, MOD, CL
 875+ 86EE 91 6C 45 7B
 875+ 86F2 91 6C
 876+ 86F4 1B 6A B4 6E                  dw              SWAP, SUBTRACT, TO_IN, PLUSSTORE
 876+ 86F8 77 6D DF 6A
 877+ 86FC              //              dw          BRANCH
 878+ 86FC              //              dw          Backslash_Endif_2 - $
 879+ 86FC              // Backslash_Else_2:
 880+ 86FC              //              dw              BBUF, CELL_MINUS, TO_IN, STORE
 881+ 86FC              // Backslash_Endif_2:
 882+ 86FC A2 64                        dw      BRANCH
 883+ 86FE 10 00                        dw      Backslash_Endif_1 - $
 884+ 8700              Backslash_Else_1:
 885+ 8700 57 6C                        dw          ZERO
 886+ 8702 F7 6C 00 6B                  dw          TIB, FETCH
 887+ 8706 77 6D 00 6B                  dw          TO_IN, FETCH
 888+ 870A 5C 69 0C 6B                  dw          PLUS, STORE
 889+ 870E              Backslash_Endif_1:
 890+ 870E F1 68                        dw      EXIT
 891+ 8710              Fence_Word:
 892+ 8710
 893+ 8710              //  ______________________________________________________________________
 894+ 8710              //
 895+ 8710
 896+ 8710 00           Here_Dictionary db      0
 897+ 8711
# file closed: C:\Zx\CSpect\Projects\vForth16_MDR_MGT/source/L3.asm
 115  8711
 116  8711              // now we save the compiled file so we can either run it or debug it
 117  8711              //              SAVENEX OPEN "output/main.nex", ORIGIN
 118  8711              //              SAVENEX CORE 3, 0, 0                                // Next core 3.0.0 required as minimum
 119  8711              //              SAVENEX CFG  0
 120  8711              //              SAVENEX BANK 2, 0
 121  8711              //              SAVENEX AUTO
 122  8711              //              SAVENEX CLOSE
 123  8711
 124  8711              //              PAGE 7 ;set 7 page to current slot
 125  8711              //              SAVEBIN "ram7.bin",$C000,$4000 ;- save 4000h begin from C000h of RAM to file
 126  8711              //              SAVEBIN "output/ram2.bin", $8000, 9800 ;- save 3000h begin from 8000h of RAM to file
 127  8711
 128  8711                              SAVETAP "output/F16m.tap", CODE, "forth16", ORIGIN, 9100
 129  8711
 130  8711                              SAVEBIN "output/forth16.by", ORIGIN, 9100
 131  8711
 132  8711                              END
# file closed: C:\Zx\CSpect\Projects\vForth16_MDR_MGT/source/main.asm
