# file opened: C:\Zx\CSpect\Projects\vForth16_MDR_MGT/source/main.asm
   1  0000              //  ______________________________________________________________________
   2  0000              //
   3  0000              //  main.asm
   4  0000              //  ______________________________________________________________________
   5  0000              //
   6  0000              //  v-Forth 1.6 NextZXOS version
   7  0000              //  build 20240815
   8  0000              //
   9  0000              //  Indirect-Thread version.
  10  0000              //
  11  0000              //  48-128K MDR/MGT version
  12  0000              //  ______________________________________________________________________
  13  0000              //
  14  0000              //  This work is available as-is with no whatsoever warranty.
  15  0000              //  Copying, modifying and distributing this software is allowed
  16  0000              //  provided that the copyright notice is kept.
  17  0000              //  ______________________________________________________________________
  18  0000              //
  19  0000              //  by Matteo Vitturi, 1990-2021
  20  0000              //
  21  0000              //  https://sites.google.com/view/vforth/vforth15-next
  22  0000              //  https://www.oocities.org/matteo_vitturi/english/index.htm
  23  0000              //
  24  0000              //  This is the complete compiler for v.Forth for SINCLAIR ZX Spectrum Next.
  25  0000              //  Each line of this source list mustn't exceed 80 bytes.
  26  0000              //  Z80N (ZX Spectrum Next) extension is available.
  27  0000              //
  28  0000              //  This list has been tested using the following configuration:
  29  0000              //      - CSpect emulator V.2.12.30
  30  0000              //  The binary-code "forth16.by" has to be manually copied to microdrive cartridge
  31  0000              //  via "F16.tap" tape file which contains such a binary file.
  32  0000              //  I'm using Z80 the Sinclair ZX Spectrum 48/128K Emulator Version 4.00 by Gerton Lunter 1999
  33  0000              //  ______________________________________________________________________
  34  0000              //
  35  0000              //  Z80 Registers usage map
  36  0000              //
  37  0000              //  AF
  38  0000              //  BC - Instruction Pointer: should be preserved during ROM/OS calls
  39  0000              //  DE - Working
  40  0000              //  HL - Working
  41  0000              //
  42  0000              //  AF'- Sometime used for backup purpose
  43  0000              //  BC'- Not used
  44  0000              //  DE'- Not used
  45  0000              //  HL'- Not used: (saved at startup)
  46  0000              //
  47  0000              //  SP - Calculator Stack Pointer
  48  0000              //  IX - Inner interpreter "next" address pointer. This way jp (ix) is 2T-state faster than JP next
  49  0000              //  IY - (ZX System: must be preserved to interact with standard ROM)
  50  0000              //
  51  0000              //  ______________________________________________________________________
  52  0000              //
  53  0000              //  _________________
  54  0000              //
  55  0000              //  FORTH DEFINITIONS
  56  0000              //  _________________
  57  0000
  58  0000              //              OPT     --zxnext
  59  0000              //  ______________________________________________________________________
  60  0000              //
  61  0000              // this controls some debugging code in L0.asm
  62  0000              //  0 for final binary release.
  63  0000              //  1 for debugging with Visual Studio Code and DeZog
  64  0000              // -1 for for binary comparison with Forth generated code.
  65  0000              DEBUGGING       equ     0
  66  0000              //
  67  0000              //  ______________________________________________________________________
  68  0000
  69  0000                              if ( -1 == DEBUGGING )
  70  0000 ~            ORIGIN          equ    41980 - $80                    // for binary comparison
  71  0000 ~            //ORIGIN          equ     $8CC1                   // for binary comparison
  72  0000                              endif
  73  0000              //  ______________________________________________________________________
  74  0000
  75  0000                              if (  0 == DEBUGGING )
  76  0000              ORIGIN          equ     $6400                   // binary and Tape
  77  0000                              endif
  78  0000              //  ______________________________________________________________________
  79  0000
  80  0000                              if (  1 == DEBUGGING )
  81  0000 ~            ORIGIN          equ     $8080                   // for DeZog
  82  0000                              endif
  83  0000              //  ______________________________________________________________________
  84  0000
  85  0000                            DEVICE  ZXSPECTRUM48
  86  0000
  87  0000                              ORG     ORIGIN
  88  6400
  89  6400                              if ( -1 == DEBUGGING )
  90  6400 ~                            ds 128                            // for binary comparison
  91  6400                              endif
  92  6400
  93  6400              //  ______________________________________________________________________
  94  6400              //
  95  6400              //  Naming convention for Label vs Forth correspondance
  96  6400              //  Forth words are named as they are named for real with some exception to avoid assembler syntax errors.
  97  6400              //    - Leading "0" is converted into "Z_"
  98  6400              //    - Leading "(" is converted into "C_", closing bracket is omitted
  99  6400              //    - Leading numbers are converted in letters: ONE_  TWO_ etc.
 100  6400              //    - Question mark "?" is converted into "Q" or omitted if needed / useful.
 101  6400              //    - Plus sign "+" is converted in _PLUS or ADD_ depending.
 102  6400              //    - Minus sign "-" in L (for Line), MINUS or SUBTRACT depending
 103  6400              //    - Greater-Than sign ">" in _GREATER or TO_ depending
 104  6400              //    - Equal sign "=" is converted in EQUAL
 105  6400              //    - Less-Than sign "<" in _LESS or FROM_ (or TO_ again) depending
 106  6400              //    - Asterisk sign "*" is converted in _MUL or STAR
 107  6400              //    - Slash "/" is converted in _DIV or omitted if it is clear what it means
 108  6400              //    - Exclamation mark "!" is converted in STORE
 109  6400              //    - At-Sign "@" is converted in FETCH
 110  6400              //    - Words that collide with Assembler are normally suffixed with "_OP"
 111  6400
 112  6400                              include "system.asm"
# file opened: C:\Zx\CSpect\Projects\vForth16_MDR_MGT/source/system.asm
   1+ 6400              //  ______________________________________________________________________
   2+ 6400              //
   3+ 6400              //  system.asm
   4+ 6400              //  ______________________________________________________________________
   5+ 6400
   6+ 6400              // Registers:
   7+ 6400              //
   8+ 6400              //      BC: Instruction Pointer
   9+ 6400              //      DE:
  10+ 6400              //      HL: W register
  11+ 6400              //      SP: Calc stack Pointer
  12+ 6400              //      IX: Inner-Interpreter Address
  13+ 6400
  14+ 6400              //  ______________________________________________________________________
  15+ 6400              //
  16+ 6400              // ZX-Spectrum standard system variables
  17+ 6400              SCR_CT          equ     $5C8C                   // SCR-CT system variable
  18+ 6400              LASTK           equ     $5C08                   // LASTK system variable
  19+ 6400              BORDCR          equ     $5C48                   // BORDCR system variable
  20+ 6400              FLAGS2          equ     $5C6A                   // for caps-lock
  21+ 6400              DF_SZ           equ     $5C6B                   // Size in rows of Lower part of Screen
  22+ 6400              STRMS           equ     $5C16                   // Streams  address
  23+ 6400              CHANS           equ     $5C4F                   // Channels address
  24+ 6400
  25+ 6400              //  ______________________________________________________________________
  26+ 6400              //
  27+ 6400              // Flag constants
  28+ 6400              TRUE_FLAG       equ     $FFFF
  29+ 6400              FALSE_FLAG      equ     $0000
  30+ 6400
  31+ 6400              //  ______________________________________________________________________
  32+ 6400              //
  33+ 6400              // Ascii char constants
  34+ 6400              NUL_CHAR        equ     $00
  35+ 6400              COMMA_CHAR      equ     $06
  36+ 6400              BACKSPACE_CHAR  equ     $08
  37+ 6400              CR_CHAR         equ     $0D
  38+ 6400              BLANK_CHAR      equ     $20
  39+ 6400              QUOTE_CHAR      equ     "'"
  40+ 6400              DQUOTE_CHAR     equ     '"'
  41+ 6400              UNDERSCORE_CHAR equ     $5F
  42+ 6400              SOLIDBLOCK_CHAR equ     $8F
  43+ 6400              HALFBLOCK_CHAR  equ     $8C
  44+ 6400              LC_A_CHAR       equ     $61                 // lower-case "a"
  45+ 6400              LC_Z_CHAR       equ     $7A                 // lower-case "z"
  46+ 6400
  47+ 6400
  48+ 6400              //  ______________________________________________________________________
  49+ 6400              //
  50+ 6400
  51+ 6400                              // emulate something like:  ld hl,rp
  52+ 6400              ldhlrp          macro
  53+ 6400 ~                            ld      hl,(RP_Pointer)
  54+ 6400                              endm
  55+ 6400
  56+ 6400                              // emulate something like:  ld rp,hl
  57+ 6400              ldrphl          macro
  58+ 6400 ~                            ld      (RP_Pointer),hl
  59+ 6400                              endm
  60+ 6400
  61+ 6400              //  ______________________________________________________________________
  62+ 6400              //
  63+ 6400              //  Inner interpreter next-address pointer. This is 2T-state faster than "jp address"
  64+ 6400              next            macro
  65+ 6400 ~                            jp      (ix)
  66+ 6400                              endm
  67+ 6400
  68+ 6400              psh1            macro
  69+ 6400 ~                            push    hl
  70+ 6400 ~                            jp      (ix)
  71+ 6400                              endm
  72+ 6400
  73+ 6400              psh2            macro
  74+ 6400 ~                            push    de
  75+ 6400 ~                            push    hl
  76+ 6400 ~                            jp      (ix)
  77+ 6400                              endm
  78+ 6400
  79+ 6400              //  ______________________________________________________________________
  80+ 6400              //
  81+ 6400              // Bit constants in length-byte
  82+ 6400
  83+ 6400              SMUDGE_BIT      equ     %00100000               // $20
  84+ 6400              IMMEDIATE_BIT   equ     %01000000               // $40
  85+ 6400              END_BIT         equ     %10000000               // $80
  86+ 6400
  87+ 6400
  88+ 6400              //  ______________________________________________________________________
  89+ 6400              //
  90+ 6400              //  To create Forth words using this (nice) Assembler, we have to use the two following
  91+ 6400              //  pointers
  92+ 6400              temp_NFA        defl    0
  93+ 6400              last_NFA        defl    0
  94+ 6400              len_NFA         defl    0
  95+ 6400
  96+ 6400              is_code         equ     0                   // so the direct machine-code starts at CFA
  97+ 6400              is_normal       equ     0                   // so the direct machine-code starts at CFA
  98+ 6400              is_immediate    equ     IMMEDIATE_BIT       // $40 - the definition is IMMEDIATE.
  99+ 6400
 100+ 6400              //  ______________________________________________________________________
 101+ 6400              //
 102+ 6400              //  Create a new "low-level" definition
 103+ 6400              //  This macro is used in the form  Create FORTH_NAME,n,"forth_name"
 104+ 6400              //  to create a new Forth Dictionary entry the same way Forth itself would do.
 105+ 6400              //  A word begins with a Length-Byte in range 1-31. Top 3 msb are used as flags
 106+ 6400              //  see SMUDGE_BIT and IMMEDIATE_BIT constant above.
 107+ 6400              //  It is followed by the Name of the word, i.e. a string expressed in 7-bit Ascii.
 108+ 6400              //  The last character of the Name must have the msb set to signal the end of it (END_BIT)
 109+ 6400              //  This macro acts much like the standard Forth definition CREATE
 110+ 6400
 111+ 6400              New_Def         macro   label, namec, runcode, bits
 112+ 6400 ~            temp_NFA        defl    $                   // save this NFA address to temp_NFA
 113+ 6400 ~
 114+ 6400 ~                            // dummy db directives used to calculate length of namec
 115+ 6400 ~                            db      namec
 116+ 6400 ~            len_NFA         defl    $ - temp_NFA
 117+ 6400 ~                            org     $ - len_NFA         // rewind to temp_NFA and re-do NFA part
 118+ 6400 ~
 119+ 6400 ~                            db      len_NFA | END_BIT | bits  // The start of NFA must have msb set to signal the beginning of the sounted string
 120+ 6400 ~                            db      namec               // name string in 7-bit ascii, but
 121+ 6400 ~                            org     $-1                 // alter last byte of Name just above to set
 122+ 6400 ~                            db      {b $} | END_BIT     // msb as name end
 123+ 6400 ~
 124+ 6400 ~                            dw      last_NFA            // Link to previous definition Name
 125+ 6400 ~            label:          if runcode != 0 ; ok        // This is the start address of the direct jp(hl)
 126+ 6400 ~                            call    runcode ; ok        // for primitive definitions  actual code
 127+ 6400 ~
 128+ 6400 ~
 129+ 6400 ~                            endif           ; ok        // for other definitions it "points" the correct handler
 130+ 6400 ~                            // Use of "; ok" to suppress "warning[fwdref]"
 131+ 6400 ~
 132+ 6400 ~            last_NFA        defl    temp_NFA            // keep track of NFA saved above
 133+ 6400                              endm
 134+ 6400
 135+ 6400              //  ______________________________________________________________________
 136+ 6400              //
 137+ 6400              // Create a "constant"
 138+ 6400              // The constant value is compiled in first PFA cell
 139+ 6400              Constant_Def    macro   label, namec, constant_value
 140+ 6400 ~                            New_Def  label, namec, Constant_Ptr, is_normal
 141+ 6400 ~                            dw      constant_value
 142+ 6400                              endm
 143+ 6400
 144+ 6400              //  ______________________________________________________________________
 145+ 6400              //
 146+ 6400              // Create a "variable"
 147+ 6400              // The when invoked, a variable returns a pointer, the address of first PFA cell
 148+ 6400              // this allow creation of "variables" which content is  of any length
 149+ 6400              Variable_Def    macro   label, namec, initial_value
 150+ 6400 ~                            New_Def  label, namec, Variable_Ptr, is_normal
 151+ 6400 ~                            dw      initial_value
 152+ 6400                              endm
 153+ 6400
 154+ 6400              //  ______________________________________________________________________
 155+ 6400              //
 156+ 6400              // Create a "user"
 157+ 6400              // It uses a single byte as offset to calculate the address of the variable
 158+ 6400              User_Def        macro   label, namec, offset_value
 159+ 6400 ~                            New_Def  label, namec, User_Ptr, is_normal
 160+ 6400 ~                            db      offset_value
 161+ 6400                              endm
 162+ 6400
 163+ 6400              //  ______________________________________________________________________
 164+ 6400              //
 165+ 6400              // Create a "colon-definition"
 166+ 6400              // The CFA contains a small routine i.e. "call Enter_Ptr".
 167+ 6400              // The PFA, three bytes later, contains the actual Forth definition
 168+ 6400              Colon_Def       macro   label, namec, bits
 169+ 6400 ~                            New_Def  label, namec, Enter_Ptr, bits ; ok
 170+ 6400                              endm
 171+ 6400
 172+ 6400              //  ______________________________________________________________________
 173+ 6400              //
 174+ 6400
 175+ 6400              LIMIT_system:   equ     $FF58               // Address of first byte beyond last BUFFER
 176+ 6400              BUFFERS         equ     6                   // number of buffers available. must be the difference between LIMIT and FIRST divided by 516
 177+ 6400              FIRST_system:   equ     LIMIT_system - 516*BUFFERS // Address of first BUFFER
 178+ 6400              USER_system:    equ     FIRST_system - 80   // User variables zone.
 179+ 6400              R0_system:      equ     USER_system         // Address of top of Return Stack. This is S0 + $00A0
 180+ 6400              TIB_system      equ     R0_system - 160     // TIB grows upwards, Return-Stack downward.
 181+ 6400              S0_system:      equ     TIB_system          // Address of top of Calc Stack
 182+ 6400
# file closed: C:\Zx\CSpect\Projects\vForth16_MDR_MGT/source/system.asm
 113  6400                              include "L0.asm"
# file opened: C:\Zx\CSpect\Projects\vForth16_MDR_MGT/source/L0.asm
   1+ 6400              //  ______________________________________________________________________
   2+ 6400              //
   3+ 6400              //  L0.asm
   4+ 6400              //
   5+ 6400              //  Origin-Area and Level-0 definitions
   6+ 6400              //  ______________________________________________________________________
   7+ 6400
   8+ 6400              Cold_origin:
   9+ 6400 A7                           and     a
  10+ 6401 C3 E5 79                     jp      ColdRoutine
  11+ 6404              Warm_origin:
  12+ 6404 37                           scf
  13+ 6405 C3 E5 79                     jp      WarmRoutine
  14+ 6408
  15+ 6408              // +008
  16+ 6408 01 01        SP_Basic:       dw      $0101               // These are bits with some "standard" meaning... 0101
  17+ 640A
  18+ 640A              // +00A
  19+ 640A 00 0E                        dw      $0E00
  20+ 640C
  21+ 640C              // +00C
  22+ 640C C0 86        Latest_origin:  dw      Latest_Definition   // Latest word (used in Cold_Start)
  23+ 640E
  24+ 640E              // +00E
  25+ 640E 0C 00        DEL_Char_Ptr:   dw      $000C               // This is the characther used as "Back-Space"
  26+ 6410
  27+ 6410              // +010
  28+ 6410 50 B2        CPU_Id          dw      $B250               // Z80 expressed in base 36
  29+ 6412
  30+ 6412              // +012
  31+ 6412 50 F2        S0_origin:      dw      S0_system
  32+ 6414 F0 F2        R0_origin:      dw      R0_system
  33+ 6416 50 F2        TIB_origin:     dw      TIB_system
  34+ 6418 1F 00        WIDTH_origin:   dw      31
  35+ 641A 01 00        WARNING_origin: dw      1
  36+ 641C F5 86        FENCE_origin:   dw      Fence_Word
  37+ 641E F5 86        DP_origin       dw      Fence_Word
  38+ 6420 ED 78        VOCLINK_origin: dw      Voclink_Ptr
  39+ 6422 40 F3                        dw      FIRST_system
  40+ 6424 58 FF                        dw      LIMIT_system
  41+ 6426
  42+ 6426              // +026
  43+ 6426 8F           Block_Face:     db      SOLIDBLOCK_CHAR     // Caps-Lock   Cursor face
  44+ 6427 8C           Half_Face:      db      HALFBLOCK_CHAR      // Caps-unlock Cursor face
  45+ 6428 5F           Underscore_Face:db      UNDERSCORE_CHAR     // Underscore  Cursor face
  46+ 6429 00                           db      0
  47+ 642A
  48+ 642A              // +02A
  49+ 642A 00 00        IX_Echo:        dw      $0000               // Echo IX after NextOS call
  50+ 642C
  51+ 642C              // +02C
  52+ 642C 36 F0        SP_Saved:       dw      $F036               // Saved SP dufing NextOS call
  53+ 642E
  54+ 642E              // +02E
  55+ 642E F0 F2        USER_Pointer:   dw      USER_system
  56+ 6430
  57+ 6430              // +030
  58+ 6430 E0 F0        RP_Pointer:     dw      $F0E0 // R0_system
  59+ 6432
  60+ 6432              // +32
  61+ 6432              // SP_Basic        dw      0
  62+ 6432
  63+ 6432
  64+ 6432              //  ______________________________________________________________________
  65+ 6432
  66+ 6432              // from this point we can use LDHLRP and LDRPHL Assembler macros
  67+ 6432              // instead of their equivalent long sequences.
  68+ 6432
  69+ 6432              //  ______________________________________________________________________
  70+ 6432
  71+ 6432              // address for "next" - inner interpreter
  72+ 6432              // This address must always be pointed by IX
  73+ 6432              // "next" macro simply does a  jp(ix)  instruction
  74+ 6432
  75+ 6432              // Psh2_Ptr:       push    de
  76+ 6432              // Psh1_Ptr:       push    hl
  77+ 6432
  78+ 6432              Next_Ptr:       // This address must always be kept in IX: "next" relies on that
  79+ 6432
  80+ 6432                              if ( 1 == DEBUGGING )
  81+ 6432 ~                            ld      hl, Next_Breakpoint_1
  82+ 6432 ~                            and     a
  83+ 6432 ~                            sbc     hl, bc
  84+ 6432 ~                            jr      nz, Next_Continue
  85+ 6432 ~                            nop // This is where you have to put a real breakpoint to intercept BC values...
  86+ 6432                              endif
  87+ 6432
  88+ 6432              Next_Continue:
  89+ 6432 0A                           ld      a, (bc)
  90+ 6433 03                           inc     bc
  91+ 6434 6F                           ld      l, a
  92+ 6435 0A                           ld      a, (bc)
  93+ 6436 03                           inc     bc
  94+ 6437 67                           ld      h, a                // hl contains a CFA (xt) of word being executed
  95+ 6438
  96+ 6438              // Execute xt i.e. CFA held in HL
  97+ 6438              Exec_Ptr:
  98+ 6438
  99+ 6438
 100+ 6438
 101+ 6438
 102+ 6438 E9                           jp      (hl)                // and jump to it
 103+ 6439                                                          // there you'll find the real code or a CALL to a ;code part
 104+ 6439
 105+ 6439              //  ______________________________________________________________________
 106+ 6439              //
 107+ 6439              // lit          -- x
 108+ 6439              // puts on top of stack the value of the following word.
 109+ 6439              // it is compiled in colon definition before a literal number
 110+ 6439
 111+ 6439                              New_Def  LIT, "LIT", is_code, is_normal
 111+ 6439             >temp_NFA        defl    $                   // save this NFA address to temp_NFA
 111+ 6439             >
 111+ 6439             >                // dummy db directives used to calculate length of namec
 111+ 6439 4C 49 54    >                db      "LIT"
 111+ 643C             >len_NFA         defl    $ - temp_NFA
 111+ 643C             >                org     $ - len_NFA         // rewind to temp_NFA and re-do NFA part
 111+ 6439             >
 111+ 6439 83          >                db      len_NFA | END_BIT | is_normal  // The start of NFA must have msb set to signal the beginning of the sounted string
 111+ 643A 4C 49 54    >                db      "LIT"               // name string in 7-bit ascii, but
 111+ 643D             >                org     $-1                 // alter last byte of Name just above to set
 111+ 643C D4          >                db      {b $} | END_BIT     // msb as name end
 111+ 643D             >
 111+ 643D 00 00       >                dw      last_NFA            // Link to previous definition Name
 111+ 643F             >LIT:          if is_code != 0 ; ok        // This is the start address of the direct jp(hl)
 111+ 643F ~           >                call    runcode ; ok        // for primitive definitions  actual code
 111+ 643F ~           >
 111+ 643F ~           >
 111+ 643F             >                endif           ; ok        // for other definitions it "points" the correct handler
 111+ 643F             >                // Use of "; ok" to suppress "warning[fwdref]"
 111+ 643F             >
 111+ 643F             >last_NFA        defl    temp_NFA            // keep track of NFA saved above
 112+ 643F
 113+ 643F 0A                           ld      a, (bc)
 114+ 6440 03                           inc     bc
 115+ 6441 6F                           ld      l, a
 116+ 6442 0A                           ld      a, (bc)
 117+ 6443 03                           inc     bc
 118+ 6444 67                           ld      h, a
 119+ 6445 E5                           push    hl
 120+ 6446                              next
 120+ 6446 DD E9       >                jp      (ix)
 121+ 6448
 122+ 6448              //  ______________________________________________________________________
 123+ 6448              //
 124+ 6448              // execute      i*x xt -- j*x
 125+ 6448              // execution token. usually xt is given by CFA
 126+ 6448
 127+ 6448                              New_Def  EXECUTE, "EXECUTE", is_code, is_normal
 127+ 6448             >temp_NFA        defl    $                   // save this NFA address to temp_NFA
 127+ 6448             >
 127+ 6448             >                // dummy db directives used to calculate length of namec
 127+ 6448 45 58 45 43 >                db      "EXECUTE"
 127+ 644C 55 54 45    >
 127+ 644F             >len_NFA         defl    $ - temp_NFA
 127+ 644F             >                org     $ - len_NFA         // rewind to temp_NFA and re-do NFA part
 127+ 6448             >
 127+ 6448 87          >                db      len_NFA | END_BIT | is_normal  // The start of NFA must have msb set to signal the beginning of the sounted string
 127+ 6449 45 58 45 43 >                db      "EXECUTE"               // name string in 7-bit ascii, but
 127+ 644D 55 54 45    >
 127+ 6450             >                org     $-1                 // alter last byte of Name just above to set
 127+ 644F C5          >                db      {b $} | END_BIT     // msb as name end
 127+ 6450             >
 127+ 6450 39 64       >                dw      last_NFA            // Link to previous definition Name
 127+ 6452             >EXECUTE:          if is_code != 0 ; ok        // This is the start address of the direct jp(hl)
 127+ 6452 ~           >                call    runcode ; ok        // for primitive definitions  actual code
 127+ 6452 ~           >
 127+ 6452 ~           >
 127+ 6452             >                endif           ; ok        // for other definitions it "points" the correct handler
 127+ 6452             >                // Use of "; ok" to suppress "warning[fwdref]"
 127+ 6452             >
 127+ 6452             >last_NFA        defl    temp_NFA            // keep track of NFA saved above
 128+ 6452 C9                           ret
 129+ 6453
 130+ 6453
 131+ 6453              //  ______________________________________________________________________
 132+ 6453              //
 133+ 6453              // (+loop)      n --
 134+ 6453              // compiled by +LOOP. it uses the top two values of return-stack to
 135+ 6453              // keep track of index and limit, they are accessed via I and I'
 136+ 6453              // Add n to the loop index. If the loop index did not cross the boundary
 137+ 6453              // between the loop limit minus one and the loop limit, continue execution
 138+ 6453              // at the beginning of the loop. Otherwise, discard the current loop control
 139+ 6453              // parameters and continue execution immediately following the loop.
 140+ 6453                              New_Def C_PLOOP, "(+LOOP)", is_code, is_normal
 140+ 6453             >temp_NFA        defl    $                   // save this NFA address to temp_NFA
 140+ 6453             >
 140+ 6453             >                // dummy db directives used to calculate length of namec
 140+ 6453 28 2B 4C 4F >                db      "(+LOOP)"
 140+ 6457 4F 50 29    >
 140+ 645A             >len_NFA         defl    $ - temp_NFA
 140+ 645A             >                org     $ - len_NFA         // rewind to temp_NFA and re-do NFA part
 140+ 6453             >
 140+ 6453 87          >                db      len_NFA | END_BIT | is_normal  // The start of NFA must have msb set to signal the beginning of the sounted string
 140+ 6454 28 2B 4C 4F >                db      "(+LOOP)"               // name string in 7-bit ascii, but
 140+ 6458 4F 50 29    >
 140+ 645B             >                org     $-1                 // alter last byte of Name just above to set
 140+ 645A A9          >                db      {b $} | END_BIT     // msb as name end
 140+ 645B             >
 140+ 645B 48 64       >                dw      last_NFA            // Link to previous definition Name
 140+ 645D             >C_PLOOP:          if is_code != 0 ; ok        // This is the start address of the direct jp(hl)
 140+ 645D ~           >                call    runcode ; ok        // for primitive definitions  actual code
 140+ 645D ~           >
 140+ 645D ~           >
 140+ 645D             >                endif           ; ok        // for other definitions it "points" the correct handler
 140+ 645D             >                // Use of "; ok" to suppress "warning[fwdref]"
 140+ 645D             >
 140+ 645D             >last_NFA        defl    temp_NFA            // keep track of NFA saved above
 141+ 645D
 142+ 645D              Loop_Ptr:
 143+ 645D D5                           push    de
 144+ 645E D9                           exx
 145+ 645F E1                           pop     hl                  // HL is RP
 146+ 6460 D1                           pop     de                  // DE get increment
 147+ 6461 42                           ld      b, d                // bc is increment also
 148+ 6462 4B                           ld      c, e
 149+ 6463
 150+ 6463 5E                           ld      e, (hl)             // hl points to loop-index, add increment to it.
 151+ 6464 7B                           ld      a, e                // de keeps index before increment.
 152+ 6465 81                           add     c
 153+ 6466 77                           ld      (hl), a
 154+ 6467 23                           inc     hl
 155+ 6468 56                           ld      d, (hl)
 156+ 6469 7A                           ld      a, d
 157+ 646A 88                           adc     b
 158+ 646B 77                           ld      (hl),a
 159+ 646C 23                           inc     hl
 160+ 646D
 161+ 646D 7B                           ld      a, e
 162+ 646E 96                           sub     (hl)
 163+ 646F 5F                           ld      e, a
 164+ 6470 23                           inc     hl
 165+ 6471 7A                           ld      a, d
 166+ 6472 9E                           sbc     (hl)
 167+ 6473 57                           ld      d, a                // DE is index - limit : limit is the "new zero"
 168+ 6474
 169+ 6474 EB                           ex      de, hl              // swap HL and DE, so restore DE:=RP+3
 170+ 6475 09                           add     hl, bc
 171+ 6476 CB 78                        bit     7, b                // keep increment-sign just before overwriting d
 172+ 6478 28 01                        jr      z, Loop_NegativeIncrement
 173+ 647A 3F                               ccf                     // carry-flag tracks bonudary limit crossing.
 174+ 647B              Loop_NegativeIncrement:
 175+ 647B 38 0C                        jr      c, Loop_Endif
 176+ 647D D9                               exx                     // restore IP and RP
 177+ 647E              Branch_Ptr:
 178+ 647E 0A                               ld      a, (bc)
 179+ 647F 6F                               ld      l, a
 180+ 6480 03                               inc     bc
 181+ 6481 0A                               ld      a, (bc)
 182+ 6482 67                               ld      h, a
 183+ 6483 0B                               dec     bc
 184+ 6484 09                               add     hl, bc
 185+ 6485 4D                               ld      c, l
 186+ 6486 44                               ld      b, h
 187+ 6487                                  next
 187+ 6487 DD E9       >                jp      (ix)
 188+ 6489              Loop_Endif:
 189+ 6489 13                           inc     de                  // keep    RP+4 (exit from loop)
 190+ 648A D5                           push    de
 191+ 648B D9                           exx
 192+ 648C D1                           pop     de
 193+ 648D              End_Loop_Ptr:
 194+ 648D 03                           inc     bc                  // skip branch-style offset
 195+ 648E 03                           inc     bc
 196+ 648F                              next
 196+ 648F DD E9       >                jp      (ix)
 197+ 6491
 198+ 6491              //  ______________________________________________________________________
 199+ 6491              //
 200+ 6491              // (loop)       n --
 201+ 6491              // same as (LOOP) but index is incremented by 1
 202+ 6491              // compiled by LOOP.
 203+ 6491                              New_Def C_LOOP, "(LOOP)", is_code, is_normal
 203+ 6491             >temp_NFA        defl    $                   // save this NFA address to temp_NFA
 203+ 6491             >
 203+ 6491             >                // dummy db directives used to calculate length of namec
 203+ 6491 28 4C 4F 4F >                db      "(LOOP)"
 203+ 6495 50 29       >
 203+ 6497             >len_NFA         defl    $ - temp_NFA
 203+ 6497             >                org     $ - len_NFA         // rewind to temp_NFA and re-do NFA part
 203+ 6491             >
 203+ 6491 86          >                db      len_NFA | END_BIT | is_normal  // The start of NFA must have msb set to signal the beginning of the sounted string
 203+ 6492 28 4C 4F 4F >                db      "(LOOP)"               // name string in 7-bit ascii, but
 203+ 6496 50 29       >
 203+ 6498             >                org     $-1                 // alter last byte of Name just above to set
 203+ 6497 A9          >                db      {b $} | END_BIT     // msb as name end
 203+ 6498             >
 203+ 6498 53 64       >                dw      last_NFA            // Link to previous definition Name
 203+ 649A             >C_LOOP:          if is_code != 0 ; ok        // This is the start address of the direct jp(hl)
 203+ 649A ~           >                call    runcode ; ok        // for primitive definitions  actual code
 203+ 649A ~           >
 203+ 649A ~           >
 203+ 649A             >                endif           ; ok        // for other definitions it "points" the correct handler
 203+ 649A             >                // Use of "; ok" to suppress "warning[fwdref]"
 203+ 649A             >
 203+ 649A             >last_NFA        defl    temp_NFA            // keep track of NFA saved above
 204+ 649A 21 01 00                     ld      hl, 1
 205+ 649D E5                           push    hl
 206+ 649E 18 BD                        jr      Loop_Ptr
 207+ 64A0
 208+ 64A0              //  ______________________________________________________________________
 209+ 64A0              //
 210+ 64A0              // branch       --
 211+ 64A0              // unconditional branch in colon definition using the following cell as an offset from current IP value
 212+ 64A0              // compiled by ELSE, AGAIN and some other immediate words
 213+ 64A0
 214+ 64A0                              New_Def BRANCH, "BRANCH", is_code, is_normal
 214+ 64A0             >temp_NFA        defl    $                   // save this NFA address to temp_NFA
 214+ 64A0             >
 214+ 64A0             >                // dummy db directives used to calculate length of namec
 214+ 64A0 42 52 41 4E >                db      "BRANCH"
 214+ 64A4 43 48       >
 214+ 64A6             >len_NFA         defl    $ - temp_NFA
 214+ 64A6             >                org     $ - len_NFA         // rewind to temp_NFA and re-do NFA part
 214+ 64A0             >
 214+ 64A0 86          >                db      len_NFA | END_BIT | is_normal  // The start of NFA must have msb set to signal the beginning of the sounted string
 214+ 64A1 42 52 41 4E >                db      "BRANCH"               // name string in 7-bit ascii, but
 214+ 64A5 43 48       >
 214+ 64A7             >                org     $-1                 // alter last byte of Name just above to set
 214+ 64A6 C8          >                db      {b $} | END_BIT     // msb as name end
 214+ 64A7             >
 214+ 64A7 91 64       >                dw      last_NFA            // Link to previous definition Name
 214+ 64A9             >BRANCH:          if is_code != 0 ; ok        // This is the start address of the direct jp(hl)
 214+ 64A9 ~           >                call    runcode ; ok        // for primitive definitions  actual code
 214+ 64A9 ~           >
 214+ 64A9 ~           >
 214+ 64A9             >                endif           ; ok        // for other definitions it "points" the correct handler
 214+ 64A9             >                // Use of "; ok" to suppress "warning[fwdref]"
 214+ 64A9             >
 214+ 64A9             >last_NFA        defl    temp_NFA            // keep track of NFA saved above
 215+ 64A9 18 D3                        jr Branch_Ptr
 216+ 64AB
 217+ 64AB
 218+ 64AB              //  ______________________________________________________________________
 219+ 64AB              //
 220+ 64AB              // 0branch      f --
 221+ 64AB              // conditional branch if the top-of-stack is ZERO or FALSE.
 222+ 64AB              // compiled by IF, UNTIL and some other immediate words
 223+ 64AB
 224+ 64AB                              New_Def ZBRANCH, "0BRANCH", is_code, is_normal
 224+ 64AB             >temp_NFA        defl    $                   // save this NFA address to temp_NFA
 224+ 64AB             >
 224+ 64AB             >                // dummy db directives used to calculate length of namec
 224+ 64AB 30 42 52 41 >                db      "0BRANCH"
 224+ 64AF 4E 43 48    >
 224+ 64B2             >len_NFA         defl    $ - temp_NFA
 224+ 64B2             >                org     $ - len_NFA         // rewind to temp_NFA and re-do NFA part
 224+ 64AB             >
 224+ 64AB 87          >                db      len_NFA | END_BIT | is_normal  // The start of NFA must have msb set to signal the beginning of the sounted string
 224+ 64AC 30 42 52 41 >                db      "0BRANCH"               // name string in 7-bit ascii, but
 224+ 64B0 4E 43 48    >
 224+ 64B3             >                org     $-1                 // alter last byte of Name just above to set
 224+ 64B2 C8          >                db      {b $} | END_BIT     // msb as name end
 224+ 64B3             >
 224+ 64B3 A0 64       >                dw      last_NFA            // Link to previous definition Name
 224+ 64B5             >ZBRANCH:          if is_code != 0 ; ok        // This is the start address of the direct jp(hl)
 224+ 64B5 ~           >                call    runcode ; ok        // for primitive definitions  actual code
 224+ 64B5 ~           >
 224+ 64B5 ~           >
 224+ 64B5             >                endif           ; ok        // for other definitions it "points" the correct handler
 224+ 64B5             >                // Use of "; ok" to suppress "warning[fwdref]"
 224+ 64B5             >
 224+ 64B5             >last_NFA        defl    temp_NFA            // keep track of NFA saved above
 225+ 64B5              ZBranch_Ptr:
 226+ 64B5 E1                           pop     hl
 227+ 64B6 7D                           ld      a, l
 228+ 64B7 B4                           or      h
 229+ 64B8 28 C4                        jr      z, Branch_Ptr
 230+ 64BA 18 D1                        jr      End_Loop_Ptr
 231+ 64BC              //              inc     bc                  // skip branch-style offseet
 232+ 64BC              //              inc     bc
 233+ 64BC              //              next
 234+ 64BC
 235+ 64BC              //  ______________________________________________________________________
 236+ 64BC              //
 237+ 64BC              // (leave)        --
 238+ 64BC              // compiled by LEAVE
 239+ 64BC              // this forces to exit from loop and jump past
 240+ 64BC                              New_Def C_LEAVE, "(LEAVE)", is_code, is_normal
 240+ 64BC             >temp_NFA        defl    $                   // save this NFA address to temp_NFA
 240+ 64BC             >
 240+ 64BC             >                // dummy db directives used to calculate length of namec
 240+ 64BC 28 4C 45 41 >                db      "(LEAVE)"
 240+ 64C0 56 45 29    >
 240+ 64C3             >len_NFA         defl    $ - temp_NFA
 240+ 64C3             >                org     $ - len_NFA         // rewind to temp_NFA and re-do NFA part
 240+ 64BC             >
 240+ 64BC 87          >                db      len_NFA | END_BIT | is_normal  // The start of NFA must have msb set to signal the beginning of the sounted string
 240+ 64BD 28 4C 45 41 >                db      "(LEAVE)"               // name string in 7-bit ascii, but
 240+ 64C1 56 45 29    >
 240+ 64C4             >                org     $-1                 // alter last byte of Name just above to set
 240+ 64C3 A9          >                db      {b $} | END_BIT     // msb as name end
 240+ 64C4             >
 240+ 64C4 AB 64       >                dw      last_NFA            // Link to previous definition Name
 240+ 64C6             >C_LEAVE:          if is_code != 0 ; ok        // This is the start address of the direct jp(hl)
 240+ 64C6 ~           >                call    runcode ; ok        // for primitive definitions  actual code
 240+ 64C6 ~           >
 240+ 64C6 ~           >
 240+ 64C6             >                endif           ; ok        // for other definitions it "points" the correct handler
 240+ 64C6             >                // Use of "; ok" to suppress "warning[fwdref]"
 240+ 64C6             >
 240+ 64C6             >last_NFA        defl    temp_NFA            // keep track of NFA saved above
 241+ 64C6                              // ex      de, hl
 242+ 64C6                              // *** ldhlrp
 243+ 64C6 21 04 00                     ld      hl, 4
 244+ 64C9 19                           add     hl, de
 245+ 64CA                              // *** ldrphl
 246+ 64CA EB                           ex      de, hl
 247+ 64CB 18 B1                        jr      Branch_Ptr       // perform branch consuming following cell
 248+ 64CD                              next
 248+ 64CD DD E9       >                jp      (ix)
 249+ 64CF
 250+ 64CF              //  ______________________________________________________________________
 251+ 64CF              //
 252+ 64CF              // (?do)        lim ind --
 253+ 64CF              // compiled by ?DO to make a loop checking for lim == ind first
 254+ 64CF              // at run-time (?DO) must be followed by a BRANCH offset
 255+ 64CF              // used to skip the loop if lim == ind
 256+ 64CF                              New_Def C_Q_DO, "(?DO)", is_code, is_normal
 256+ 64CF             >temp_NFA        defl    $                   // save this NFA address to temp_NFA
 256+ 64CF             >
 256+ 64CF             >                // dummy db directives used to calculate length of namec
 256+ 64CF 28 3F 44 4F >                db      "(?DO)"
 256+ 64D3 29          >
 256+ 64D4             >len_NFA         defl    $ - temp_NFA
 256+ 64D4             >                org     $ - len_NFA         // rewind to temp_NFA and re-do NFA part
 256+ 64CF             >
 256+ 64CF 85          >                db      len_NFA | END_BIT | is_normal  // The start of NFA must have msb set to signal the beginning of the sounted string
 256+ 64D0 28 3F 44 4F >                db      "(?DO)"               // name string in 7-bit ascii, but
 256+ 64D4 29          >
 256+ 64D5             >                org     $-1                 // alter last byte of Name just above to set
 256+ 64D4 A9          >                db      {b $} | END_BIT     // msb as name end
 256+ 64D5             >
 256+ 64D5 BC 64       >                dw      last_NFA            // Link to previous definition Name
 256+ 64D7             >C_Q_DO:          if is_code != 0 ; ok        // This is the start address of the direct jp(hl)
 256+ 64D7 ~           >                call    runcode ; ok        // for primitive definitions  actual code
 256+ 64D7 ~           >
 256+ 64D7 ~           >
 256+ 64D7             >                endif           ; ok        // for other definitions it "points" the correct handler
 256+ 64D7             >                // Use of "; ok" to suppress "warning[fwdref]"
 256+ 64D7             >
 256+ 64D7             >last_NFA        defl    temp_NFA            // keep track of NFA saved above
 257+ 64D7 D9                           exx
 258+ 64D8 D1                            pop     de                  // de has the index
 259+ 64D9 E1                            pop     hl                  // hl has the limit
 260+ 64DA 44                            ld      b, h
 261+ 64DB 4D                            ld      c, l
 262+ 64DC E5                            push    hl                  // put them back to stack for later
 263+ 64DD D5                            push    de
 264+ 64DE A7                            and     a                   // reset carry flag
 265+ 64DF ED 52                         sbc     hl, de              // compute limit - index
 266+ 64E1 D9                           exx
 267+ 64E2 20 04                        jr      nz, Do_Ptr          // if zero then don't even begin loop
 268+ 64E4 E1                               pop     hl
 269+ 64E5 E1                               pop     hl
 270+ 64E6 18 96                            jr      Branch_Ptr          // perform branch consuming following cell
 271+ 64E8              Do_Ptr:
 272+ 64E8                              // *** ldhlrp                 // prepare RP
 273+ 64E8                              // *** ex      de, hl
 274+ 64E8 1B                           dec     de
 275+ 64E9 1B                           dec     de
 276+ 64EA 1B                           dec     de
 277+ 64EB 1B                           dec     de
 278+ 64EC D5                           push    de                  // pass it to h'l'
 279+ 64ED                              // *** ex      de, hl
 280+ 64ED                              // *** ldrphl
 281+ 64ED D9                           exx
 282+ 64EE E1                            pop     hl
 283+ 64EF
 284+ 64EF                               // store index as top RP
 285+ 64EF D1                            pop     de
 286+ 64F0 73                            ld      (hl), e
 287+ 64F1 23                            inc     hl
 288+ 64F2 72                            ld      (hl), d
 289+ 64F3 23                            inc     hl
 290+ 64F4                               // stores lim as second from top RP
 291+ 64F4 D1                            pop     de
 292+ 64F5 73                            ld      (hl), e
 293+ 64F6 23                            inc     hl
 294+ 64F7 72                            ld      (hl), d
 295+ 64F8 D9                           exx
 296+ 64F9 18 92                        jr      End_Loop_Ptr
 297+ 64FB              //              inc     bc                  // skip branch-style offseet
 298+ 64FB              //              inc     bc
 299+ 64FB              //              next
 300+ 64FB
 301+ 64FB              //  ______________________________________________________________________
 302+ 64FB              //
 303+ 64FB              // (do)        lim ind --
 304+ 64FB              // compiled by DO to make a loop checking for lim == ind first
 305+ 64FB              // this is a simpler version of (?DO)
 306+ 64FB                              New_Def C_DO, "(DO)", is_code, is_normal
 306+ 64FB             >temp_NFA        defl    $                   // save this NFA address to temp_NFA
 306+ 64FB             >
 306+ 64FB             >                // dummy db directives used to calculate length of namec
 306+ 64FB 28 44 4F 29 >                db      "(DO)"
 306+ 64FF             >len_NFA         defl    $ - temp_NFA
 306+ 64FF             >                org     $ - len_NFA         // rewind to temp_NFA and re-do NFA part
 306+ 64FB             >
 306+ 64FB 84          >                db      len_NFA | END_BIT | is_normal  // The start of NFA must have msb set to signal the beginning of the sounted string
 306+ 64FC 28 44 4F 29 >                db      "(DO)"               // name string in 7-bit ascii, but
 306+ 6500             >                org     $-1                 // alter last byte of Name just above to set
 306+ 64FF A9          >                db      {b $} | END_BIT     // msb as name end
 306+ 6500             >
 306+ 6500 CF 64       >                dw      last_NFA            // Link to previous definition Name
 306+ 6502             >C_DO:          if is_code != 0 ; ok        // This is the start address of the direct jp(hl)
 306+ 6502 ~           >                call    runcode ; ok        // for primitive definitions  actual code
 306+ 6502 ~           >
 306+ 6502 ~           >
 306+ 6502             >                endif           ; ok        // for other definitions it "points" the correct handler
 306+ 6502             >                // Use of "; ok" to suppress "warning[fwdref]"
 306+ 6502             >
 306+ 6502             >last_NFA        defl    temp_NFA            // keep track of NFA saved above
 307+ 6502 0B                           dec     bc                  // prepare IP beforehand
 308+ 6503 0B                           dec     bc                  // to balance the two final 2 inc bc in (?do)
 309+ 6504 18 E2                        jr      Do_Ptr
 310+ 6506
 311+ 6506              //  ______________________________________________________________________
 312+ 6506              //
 313+ 6506              // i            -- n
 314+ 6506              // used between DO and LOOP or between DO e +LOOP to copy on top of stack
 315+ 6506              // the current value of the index-loop
 316+ 6506                              New_Def I, "I", is_code, is_normal
 316+ 6506             >temp_NFA        defl    $                   // save this NFA address to temp_NFA
 316+ 6506             >
 316+ 6506             >                // dummy db directives used to calculate length of namec
 316+ 6506 49          >                db      "I"
 316+ 6507             >len_NFA         defl    $ - temp_NFA
 316+ 6507             >                org     $ - len_NFA         // rewind to temp_NFA and re-do NFA part
 316+ 6506             >
 316+ 6506 81          >                db      len_NFA | END_BIT | is_normal  // The start of NFA must have msb set to signal the beginning of the sounted string
 316+ 6507 49          >                db      "I"               // name string in 7-bit ascii, but
 316+ 6508             >                org     $-1                 // alter last byte of Name just above to set
 316+ 6507 C9          >                db      {b $} | END_BIT     // msb as name end
 316+ 6508             >
 316+ 6508 FB 64       >                dw      last_NFA            // Link to previous definition Name
 316+ 650A             >I:          if is_code != 0 ; ok        // This is the start address of the direct jp(hl)
 316+ 650A ~           >                call    runcode ; ok        // for primitive definitions  actual code
 316+ 650A ~           >
 316+ 650A ~           >
 316+ 650A             >                endif           ; ok        // for other definitions it "points" the correct handler
 316+ 650A             >                // Use of "; ok" to suppress "warning[fwdref]"
 316+ 650A             >
 316+ 650A             >last_NFA        defl    temp_NFA            // keep track of NFA saved above
 317+ 650A              I_Ptr:
 318+ 650A 62                           ld      h, d
 319+ 650B 6B                           ld      l, e
 320+ 650C                              // *** ldhlrp
 321+ 650C              I_Ptr_prime:
 322+ 650C 7E                           ld      a, (hl)
 323+ 650D 23                           inc     hl
 324+ 650E 66                           ld      h, (hl)
 325+ 650F 6F                           ld      l, a
 326+ 6510 E5                           push    hl
 327+ 6511                              next
 327+ 6511 DD E9       >                jp      (ix)
 328+ 6513
 329+ 6513
 330+ 6513              //  ______________________________________________________________________
 331+ 6513              //
 332+ 6513              // i'            -- n
 333+ 6513              // used between DO and LOOP or between DO e +LOOP to copy on top of stack
 334+ 6513              // the limit of the index-loop
 335+ 6513
 336+ 6513                              New_Def II, "I'", is_code, is_normal
 336+ 6513             >temp_NFA        defl    $                   // save this NFA address to temp_NFA
 336+ 6513             >
 336+ 6513             >                // dummy db directives used to calculate length of namec
 336+ 6513 49 27       >                db      "I'"
 336+ 6515             >len_NFA         defl    $ - temp_NFA
 336+ 6515             >                org     $ - len_NFA         // rewind to temp_NFA and re-do NFA part
 336+ 6513             >
 336+ 6513 82          >                db      len_NFA | END_BIT | is_normal  // The start of NFA must have msb set to signal the beginning of the sounted string
 336+ 6514 49 27       >                db      "I'"               // name string in 7-bit ascii, but
 336+ 6516             >                org     $-1                 // alter last byte of Name just above to set
 336+ 6515 A7          >                db      {b $} | END_BIT     // msb as name end
 336+ 6516             >
 336+ 6516 06 65       >                dw      last_NFA            // Link to previous definition Name
 336+ 6518             >II:          if is_code != 0 ; ok        // This is the start address of the direct jp(hl)
 336+ 6518 ~           >                call    runcode ; ok        // for primitive definitions  actual code
 336+ 6518 ~           >
 336+ 6518 ~           >
 336+ 6518             >                endif           ; ok        // for other definitions it "points" the correct handler
 336+ 6518             >                // Use of "; ok" to suppress "warning[fwdref]"
 336+ 6518             >
 336+ 6518             >last_NFA        defl    temp_NFA            // keep track of NFA saved above
 337+ 6518 62                           ld      h, d
 338+ 6519 6B                           ld      l, e
 339+ 651A                              // *** ldhlrp
 340+ 651A 23                           inc     hl
 341+ 651B 23                           inc     hl
 342+ 651C 18 EE                        jr      I_Ptr_prime
 343+ 651E
 344+ 651E
 345+ 651E              //  ______________________________________________________________________
 346+ 651E              //
 347+ 651E              // digit        c n -- u tf  |  ff
 348+ 651E              // convert a character c using base n
 349+ 651E              // returns a unsigned number and a true flag
 350+ 651E              // or just a false flag if the conversion fails
 351+ 651E                              New_Def DIGIT, "DIGIT", is_code, is_normal
 351+ 651E             >temp_NFA        defl    $                   // save this NFA address to temp_NFA
 351+ 651E             >
 351+ 651E             >                // dummy db directives used to calculate length of namec
 351+ 651E 44 49 47 49 >                db      "DIGIT"
 351+ 6522 54          >
 351+ 6523             >len_NFA         defl    $ - temp_NFA
 351+ 6523             >                org     $ - len_NFA         // rewind to temp_NFA and re-do NFA part
 351+ 651E             >
 351+ 651E 85          >                db      len_NFA | END_BIT | is_normal  // The start of NFA must have msb set to signal the beginning of the sounted string
 351+ 651F 44 49 47 49 >                db      "DIGIT"               // name string in 7-bit ascii, but
 351+ 6523 54          >
 351+ 6524             >                org     $-1                 // alter last byte of Name just above to set
 351+ 6523 D4          >                db      {b $} | END_BIT     // msb as name end
 351+ 6524             >
 351+ 6524 13 65       >                dw      last_NFA            // Link to previous definition Name
 351+ 6526             >DIGIT:          if is_code != 0 ; ok        // This is the start address of the direct jp(hl)
 351+ 6526 ~           >                call    runcode ; ok        // for primitive definitions  actual code
 351+ 6526 ~           >
 351+ 6526 ~           >
 351+ 6526             >                endif           ; ok        // for other definitions it "points" the correct handler
 351+ 6526             >                // Use of "; ok" to suppress "warning[fwdref]"
 351+ 6526             >
 351+ 6526             >last_NFA        defl    temp_NFA            // keep track of NFA saved above
 352+ 6526 D9                           exx
 353+ 6527 E1                           pop     hl                  // l has the base
 354+ 6528 D1                           pop     de                  // e has the digit
 355+ 6529 7B                           ld      a, e
 356+ 652A FE 60                        cp      $60                 // check if lowercase
 357+ 652C 38 02                        jr      c, Digit_Uppercase
 358+ 652E D6 20                            sub     $20                 // quick'n'dirty uppercase
 359+ 6530              Digit_Uppercase:
 360+ 6530 D6 30                        sub     $30
 361+ 6532 38 15                        jr      c, Digit_Fail       // fail when character < "0"
 362+ 6534 FE 0A                            cp      $0A
 363+ 6536 38 06                            jr      c, Digit_Decimal    // perhaps is not decimal
 364+ 6538 D6 07                                sub     7                   // try hex and subtract 7
 365+ 653A FE 0A                                cp      $0A
 366+ 653C 38 0B                                jr      c,  Digit_Fail      // it is not hex !
 367+ 653E
 368+ 653E              Digit_Decimal:
 369+ 653E                              // compare digit
 370+ 653E BD                           cp      l                   // compare with base
 371+ 653F 30 08                        jr      nc, Digit_Fail      // fail when greater than base
 372+ 6541 5F                               ld      e, a                // digit is returned as second from TOS
 373+ 6542                              //  ld      hl, -1
 374+ 6542 ED 62                            sbc     hl, hl
 375+ 6544 D5                               push    de
 376+ 6545 E5                               push    hl
 377+ 6546 D9                               exx
 378+ 6547                                  next
 378+ 6547 DD E9       >                jp      (ix)
 379+ 6549              Digit_Fail:
 380+ 6549 21 00 00                     ld      hl, 0
 381+ 654C E5                           push    hl
 382+ 654D D9                           exx
 383+ 654E                              next
 383+ 654E DD E9       >                jp      (ix)
 384+ 6550
 385+ 6550              //  ______________________________________________________________________
 386+ 6550              //
 387+ 6550              //  parametric uppercase routine
 388+ 6550              //  depending on the following op-code the routine can be by-passed
 389+ 6550              //  changing the behaviour of some callers.
 390+ 6550              //  If it is "ret" then the system is Case-Sensitive
 391+ 6550              //  If it is "Nop" then the system is Case-Insensitive
 392+ 6550              //  Only A register is touched.
 393+ 6550 00           Case_Sensitive: nop                         // Default is case-insensitive.
 394+ 6551              Case_Upper:
 395+ 6551 FE 61                        cp      LC_A_CHAR           // lower-case "a"
 396+ 6553 D8                           ret     c                   // no change if A < "a"
 397+ 6554 FE 7B                        cp      LC_Z_CHAR + 1       // lower-case "z" + 1
 398+ 6556 D0                           ret     nc                  // no change if A > "z"
 399+ 6557 D6 20                        sub     $20                 // Make uppercase if A in ["a".."z"]
 400+ 6559 C9                           ret
 401+ 655A
 402+ 655A              //  ______________________________________________________________________
 403+ 655A              //
 404+ 655A              //  caseon      --
 405+ 655A              // set system case-sensitivity on
 406+ 655A              // it patches a RET/NOP at the beginning of the uppercase-routine
 407+ 655A                              New_Def CASEON, "CASEON", is_code, is_normal
 407+ 655A             >temp_NFA        defl    $                   // save this NFA address to temp_NFA
 407+ 655A             >
 407+ 655A             >                // dummy db directives used to calculate length of namec
 407+ 655A 43 41 53 45 >                db      "CASEON"
 407+ 655E 4F 4E       >
 407+ 6560             >len_NFA         defl    $ - temp_NFA
 407+ 6560             >                org     $ - len_NFA         // rewind to temp_NFA and re-do NFA part
 407+ 655A             >
 407+ 655A 86          >                db      len_NFA | END_BIT | is_normal  // The start of NFA must have msb set to signal the beginning of the sounted string
 407+ 655B 43 41 53 45 >                db      "CASEON"               // name string in 7-bit ascii, but
 407+ 655F 4F 4E       >
 407+ 6561             >                org     $-1                 // alter last byte of Name just above to set
 407+ 6560 CE          >                db      {b $} | END_BIT     // msb as name end
 407+ 6561             >
 407+ 6561 1E 65       >                dw      last_NFA            // Link to previous definition Name
 407+ 6563             >CASEON:          if is_code != 0 ; ok        // This is the start address of the direct jp(hl)
 407+ 6563 ~           >                call    runcode ; ok        // for primitive definitions  actual code
 407+ 6563 ~           >
 407+ 6563 ~           >
 407+ 6563             >                endif           ; ok        // for other definitions it "points" the correct handler
 407+ 6563             >                // Use of "; ok" to suppress "warning[fwdref]"
 407+ 6563             >
 407+ 6563             >last_NFA        defl    temp_NFA            // keep track of NFA saved above
 408+ 6563 3E C9                        ld      a, $C9              // "ret"
 409+ 6565 32 50 65                     ld      (Case_Sensitive), a
 410+ 6568                              next
 410+ 6568 DD E9       >                jp      (ix)
 411+ 656A
 412+ 656A              //  ______________________________________________________________________
 413+ 656A              //
 414+ 656A              //  caseoff     --
 415+ 656A              // set system case-sensitivity on
 416+ 656A              // it patches a RET/NOP at the beginning of the uppercase-routine
 417+ 656A                              New_Def CASEOFF, "CASEOFF", is_code, is_normal
 417+ 656A             >temp_NFA        defl    $                   // save this NFA address to temp_NFA
 417+ 656A             >
 417+ 656A             >                // dummy db directives used to calculate length of namec
 417+ 656A 43 41 53 45 >                db      "CASEOFF"
 417+ 656E 4F 46 46    >
 417+ 6571             >len_NFA         defl    $ - temp_NFA
 417+ 6571             >                org     $ - len_NFA         // rewind to temp_NFA and re-do NFA part
 417+ 656A             >
 417+ 656A 87          >                db      len_NFA | END_BIT | is_normal  // The start of NFA must have msb set to signal the beginning of the sounted string
 417+ 656B 43 41 53 45 >                db      "CASEOFF"               // name string in 7-bit ascii, but
 417+ 656F 4F 46 46    >
 417+ 6572             >                org     $-1                 // alter last byte of Name just above to set
 417+ 6571 C6          >                db      {b $} | END_BIT     // msb as name end
 417+ 6572             >
 417+ 6572 5A 65       >                dw      last_NFA            // Link to previous definition Name
 417+ 6574             >CASEOFF:          if is_code != 0 ; ok        // This is the start address of the direct jp(hl)
 417+ 6574 ~           >                call    runcode ; ok        // for primitive definitions  actual code
 417+ 6574 ~           >
 417+ 6574 ~           >
 417+ 6574             >                endif           ; ok        // for other definitions it "points" the correct handler
 417+ 6574             >                // Use of "; ok" to suppress "warning[fwdref]"
 417+ 6574             >
 417+ 6574             >last_NFA        defl    temp_NFA            // keep track of NFA saved above
 418+ 6574 3E 00                        ld      a, $00              // "nop"
 419+ 6576 32 50 65                     ld      (Case_Sensitive), a
 420+ 6579                              next
 420+ 6579 DD E9       >                jp      (ix)
 421+ 657B
 422+ 657B              //  ______________________________________________________________________
 423+ 657B              //
 424+ 657B              //  upper       c1 -- c1 | c2
 425+ 657B              // character on top of stack is forced to Uppercase.
 426+ 657B                              New_Def UPPER, "UPPER", is_code, is_normal
 426+ 657B             >temp_NFA        defl    $                   // save this NFA address to temp_NFA
 426+ 657B             >
 426+ 657B             >                // dummy db directives used to calculate length of namec
 426+ 657B 55 50 50 45 >                db      "UPPER"
 426+ 657F 52          >
 426+ 6580             >len_NFA         defl    $ - temp_NFA
 426+ 6580             >                org     $ - len_NFA         // rewind to temp_NFA and re-do NFA part
 426+ 657B             >
 426+ 657B 85          >                db      len_NFA | END_BIT | is_normal  // The start of NFA must have msb set to signal the beginning of the sounted string
 426+ 657C 55 50 50 45 >                db      "UPPER"               // name string in 7-bit ascii, but
 426+ 6580 52          >
 426+ 6581             >                org     $-1                 // alter last byte of Name just above to set
 426+ 6580 D2          >                db      {b $} | END_BIT     // msb as name end
 426+ 6581             >
 426+ 6581 6A 65       >                dw      last_NFA            // Link to previous definition Name
 426+ 6583             >UPPER:          if is_code != 0 ; ok        // This is the start address of the direct jp(hl)
 426+ 6583 ~           >                call    runcode ; ok        // for primitive definitions  actual code
 426+ 6583 ~           >
 426+ 6583 ~           >
 426+ 6583             >                endif           ; ok        // for other definitions it "points" the correct handler
 426+ 6583             >                // Use of "; ok" to suppress "warning[fwdref]"
 426+ 6583             >
 426+ 6583             >last_NFA        defl    temp_NFA            // keep track of NFA saved above
 427+ 6583 E1                           pop     hl
 428+ 6584 7D                           ld      a, l
 429+ 6585 CD 51 65                     call    Case_Upper
 430+ 6588 6F                           ld      l, a
 431+ 6589
 432+ 6589                              psh1
 432+ 6589 E5          >                push    hl
 432+ 658A DD E9       >                jp      (ix)
 433+ 658C
 434+ 658C              //  ______________________________________________________________________
 435+ 658C              //
 436+ 658C              // (find)       addr voc -- 0 | cfa b 1
 437+ 658C              // vocabulary search,
 438+ 658C              // - voc is starting word's NFA
 439+ 658C              // - addr is the string to be searched for
 440+ 658C              // On success, it returns the CFA of found word, the first NFA byte
 441+ 658C              // (which contains length and some flags) and a true flag.
 442+ 658C              // On fail, a false flag  (no more: leaves addr unchanged)
 443+ 658C                              New_Def C_FIND, "(FIND)", is_code, is_normal
 443+ 658C             >temp_NFA        defl    $                   // save this NFA address to temp_NFA
 443+ 658C             >
 443+ 658C             >                // dummy db directives used to calculate length of namec
 443+ 658C 28 46 49 4E >                db      "(FIND)"
 443+ 6590 44 29       >
 443+ 6592             >len_NFA         defl    $ - temp_NFA
 443+ 6592             >                org     $ - len_NFA         // rewind to temp_NFA and re-do NFA part
 443+ 658C             >
 443+ 658C 86          >                db      len_NFA | END_BIT | is_normal  // The start of NFA must have msb set to signal the beginning of the sounted string
 443+ 658D 28 46 49 4E >                db      "(FIND)"               // name string in 7-bit ascii, but
 443+ 6591 44 29       >
 443+ 6593             >                org     $-1                 // alter last byte of Name just above to set
 443+ 6592 A9          >                db      {b $} | END_BIT     // msb as name end
 443+ 6593             >
 443+ 6593 7B 65       >                dw      last_NFA            // Link to previous definition Name
 443+ 6595             >C_FIND:          if is_code != 0 ; ok        // This is the start address of the direct jp(hl)
 443+ 6595 ~           >                call    runcode ; ok        // for primitive definitions  actual code
 443+ 6595 ~           >
 443+ 6595 ~           >
 443+ 6595             >                endif           ; ok        // for other definitions it "points" the correct handler
 443+ 6595             >                // Use of "; ok" to suppress "warning[fwdref]"
 443+ 6595             >
 443+ 6595             >last_NFA        defl    temp_NFA            // keep track of NFA saved above
 444+ 6595 D9                           exx
 445+ 6596 D1                           pop     de                      // de has dictionary pointer
 446+ 6597              Find_VocabularyLoop:
 447+ 6597 E1                               pop     hl                  // string pointer to search for
 448+ 6598 E5                               push    hl                  // keep it on stack too for the end.
 449+ 6599 1A                               ld      a, (de)             // save NFA length byte
 450+ 659A 08                               ex      af,af'              // for later use (!)
 451+ 659B 1A                               ld      a, (de)             // reload NFA length byte
 452+ 659C AE                               xor     (hl)                // check if same length
 453+ 659D E6 3F                            and     $3F                 // by resetting 3 high bits (flags)
 454+ 659F                                  // word and text haven't the same length, skip to next vocabulary entry
 455+ 659F 20 2B                            jr      nz, Find_DifferentLenght
 456+ 65A1
 457+ 65A1              Find_ThisWord:      // begin loop
 458+ 65A1 23                                   inc     hl
 459+ 65A2 13                                   inc     de
 460+ 65A3 1A                                   ld      a, (de)
 461+ 65A4                                      // case insensitive option - begin
 462+ 65A4                                      // push    bc
 463+ 65A4 E6 80                                and     $80                 // split A in msb and the rest
 464+ 65A6 47                                   ld      b, a
 465+ 65A7 1A                                   ld      a, (de)
 466+ 65A8 E6 7F                                and     $7F                 // ... the rest (lower 7 bits)
 467+ 65AA CD 50 65                             call    Case_Sensitive      // uppercase routine
 468+ 65AD 4F                                   ld      c, a
 469+ 65AE 7E                                   ld      a, (hl)
 470+ 65AF CD 50 65                             call    Case_Sensitive      // uppercase routine
 471+ 65B2 A9                                   xor     c
 472+ 65B3 A8                                   xor     b
 473+ 65B4                                      // pop     bc
 474+ 65B4                                      // case insensitive option - end
 475+ 65B4 87                                   add     a                   // ignore msb during compare
 476+ 65B5 20 13                                jr      nz, Find_DidntMatch  // jump if doesn't match (*)
 477+ 65B7
 478+ 65B7                                  // loop back until last byte msb is found set
 479+ 65B7                                  // that bit marks the ending char of this word
 480+ 65B7 30 E8                            jr      nc, Find_ThisWord
 481+ 65B9
 482+ 65B9                                  // match found !
 483+ 65B9 21 03 00                         ld      hl, 3               // 3 bytes for CFA offset to skip LFA
 484+ 65BC 19                               add     hl, de
 485+ 65BD E3                               ex      (sp), hl            // CFA on stack and drop addr
 486+ 65BE 08                               ex      af, af'             // retrieve NFA byte (!)
 487+ 65BF 5F                               ld      e, a
 488+ 65C0 16 00                            ld      d, 0
 489+ 65C2 21 FF FF                         ld      hl, -1
 490+ 65C5 D5                               push    de
 491+ 65C6 E5                               push    hl
 492+ 65C7 D9                               exx
 493+ 65C8                                  next
 493+ 65C8 DD E9       >                jp      (ix)
 494+ 65CA
 495+ 65CA              Find_DidntMatch: // didn't match (*)
 496+ 65CA 38 05                            jr      c,  Find_WordEnd   // jump if not end of word (**)
 497+ 65CC
 498+ 65CC              Find_DifferentLenght:
 499+ 65CC                                  // consume chars until the end of the word
 500+ 65CC                                  // that is last byte msb is found set
 501+ 65CC 13                                   inc     de
 502+ 65CD 1A                                   ld      a, (de)
 503+ 65CE 87                                   add     a, a
 504+ 65CF 30 FB                            jr      nc, Find_DifferentLenght
 505+ 65D1
 506+ 65D1              Find_WordEnd:   // word-end  found (**)
 507+ 65D1                                  // take LFA and use it
 508+ 65D1 13                               inc     de
 509+ 65D2 EB                               ex      de, hl
 510+ 65D3 5E                               ld      e, (hl)
 511+ 65D4 23                               inc     hl
 512+ 65D5 56                               ld      d, (hl)
 513+ 65D6 7A                               ld      a, d
 514+ 65D7 B3                               or      e
 515+ 65D8
 516+ 65D8                              // loop until end of vocabulary
 517+ 65D8 20 BD                        jr      nz, Find_VocabularyLoop
 518+ 65DA
 519+ 65DA E1                           pop     hl              // without this, leaves addr unchanged
 520+ 65DB 21 00 00                     ld      hl, 0
 521+ 65DE E5                           push    hl
 522+ 65DF D9                           exx
 523+ 65E0                              next
 523+ 65E0 DD E9       >                jp      (ix)
 524+ 65E2
 525+ 65E2              //  ______________________________________________________________________
 526+ 65E2              //
 527+ 65E2              // enclose      a c -- a  n1 n2 n3
 528+ 65E2              // starting from a, using delimiter c, determines the offsets:
 529+ 65E2              //   n1   the first character non-delimiter
 530+ 65E2              //   n2   the first delimiter after the text
 531+ 65E2              //   n3   the first character non enclosed.
 532+ 65E2              // This procedure does not go beyond a 'nul' ASCII (0x00) that represents
 533+ 65E2              // an uncoditional delimiter.
 534+ 65E2              // Examples:
 535+ 65E2              //   i:	c  c  x  x  x  c  x	 -- 2  5  6
 536+ 65E2              //  ii:	c  c  x  x  x  'nul' -- 2  5  5
 537+ 65E2              // iii:	c  c  'nul'          -- 2  3  2
 538+ 65E2                              New_Def ENCLOSE, "ENCLOSE", is_code, is_normal
 538+ 65E2             >temp_NFA        defl    $                   // save this NFA address to temp_NFA
 538+ 65E2             >
 538+ 65E2             >                // dummy db directives used to calculate length of namec
 538+ 65E2 45 4E 43 4C >                db      "ENCLOSE"
 538+ 65E6 4F 53 45    >
 538+ 65E9             >len_NFA         defl    $ - temp_NFA
 538+ 65E9             >                org     $ - len_NFA         // rewind to temp_NFA and re-do NFA part
 538+ 65E2             >
 538+ 65E2 87          >                db      len_NFA | END_BIT | is_normal  // The start of NFA must have msb set to signal the beginning of the sounted string
 538+ 65E3 45 4E 43 4C >                db      "ENCLOSE"               // name string in 7-bit ascii, but
 538+ 65E7 4F 53 45    >
 538+ 65EA             >                org     $-1                 // alter last byte of Name just above to set
 538+ 65E9 C5          >                db      {b $} | END_BIT     // msb as name end
 538+ 65EA             >
 538+ 65EA 8C 65       >                dw      last_NFA            // Link to previous definition Name
 538+ 65EC             >ENCLOSE:          if is_code != 0 ; ok        // This is the start address of the direct jp(hl)
 538+ 65EC ~           >                call    runcode ; ok        // for primitive definitions  actual code
 538+ 65EC ~           >
 538+ 65EC ~           >
 538+ 65EC             >                endif           ; ok        // for other definitions it "points" the correct handler
 538+ 65EC             >                // Use of "; ok" to suppress "warning[fwdref]"
 538+ 65EC             >
 538+ 65EC             >last_NFA        defl    temp_NFA            // keep track of NFA saved above
 539+ 65EC D9                           exx
 540+ 65ED D1                           pop     de                  //  e has the character
 541+ 65EE E1                           pop     hl                  // hl has the string address
 542+ 65EF E5                           push    hl
 543+ 65F0 7B                           ld      a, e
 544+ 65F1 11 FF FF                     ld      de, -1              // let's start from -1
 545+ 65F4 2B                           dec     hl
 546+ 65F5              Enclose_NonDelimiter:
 547+ 65F5                              // find first non delimiter
 548+ 65F5 23                               inc     hl
 549+ 65F6 13                               inc     de
 550+ 65F7 BE                               cp      (hl)
 551+ 65F8 28 FB                        jr      z, Enclose_NonDelimiter
 552+ 65FA D5                           push    de
 553+ 65FB
 554+ 65FB                              // push    bc                  // save Instruction Pointer
 555+ 65FB
 556+ 65FB 4F                           ld      c, a                // save char
 557+ 65FC 7E                           ld      a, (hl)
 558+ 65FD A7                           and     a                   // stop if 0x00
 559+ 65FE 20 07                        jr      nz, Enclose_NextChar
 560+ 6600                              /// case iii. no more character in string
 561+ 6600                                  // pop     bc                  // restore Instruction Pointer
 562+ 6600 13                               inc     de
 563+ 6601 D5                               push    de
 564+ 6602 1B                               dec     de
 565+ 6603 D5                               push    de
 566+ 6604 D9                               exx
 567+ 6605                                  next
 567+ 6605 DD E9       >                jp      (ix)
 568+ 6607              Enclose_NextChar:
 569+ 6607 79                               ld      a, c
 570+ 6608 23                               inc     hl
 571+ 6609 13                               inc     de
 572+ 660A BE                               cp      (hl)
 573+ 660B 20 06                            jr      nz, Enclose_NonSeparator
 574+ 660D                                      // case i. first non enclosed
 575+ 660D                                      // pop     bc                  // restore Instruction Pointer
 576+ 660D D5                                   push    de
 577+ 660E 13                                   inc     de
 578+ 660F D5                                   push    de
 579+ 6610 D9                                   exx
 580+ 6611                                      next
 580+ 6611 DD E9       >                jp      (ix)
 581+ 6613              Enclose_NonSeparator:
 582+ 6613 7E                               ld      a, (hl)
 583+ 6614 A7                               and     a
 584+ 6615 20 F0                        jr      nz, Enclose_NextChar
 585+ 6617
 586+ 6617                              // case ii. separator & terminator
 587+ 6617                              // pop     bc                  // restore Instruction Pointer
 588+ 6617 D5                           push    de
 589+ 6618 D5                           push    de
 590+ 6619 D9                           exx
 591+ 661A                              next
 591+ 661A DD E9       >                jp      (ix)
 592+ 661C
 593+ 661C              //  ______________________________________________________________________
 594+ 661C              //
 595+ 661C              // (map)        a2 a1 n c1 -- c2
 596+ 661C              // translate character c1 using mapping string a2 and a2
 597+ 661C              // if c1 is not present within string a1 then
 598+ 661C              // c2 = c2 if it is not translated. n is the length of both a1 and a2.
 599+ 661C                              New_Def C_MAP, "(MAP)", is_code, is_normal
 599+ 661C             >temp_NFA        defl    $                   // save this NFA address to temp_NFA
 599+ 661C             >
 599+ 661C             >                // dummy db directives used to calculate length of namec
 599+ 661C 28 4D 41 50 >                db      "(MAP)"
 599+ 6620 29          >
 599+ 6621             >len_NFA         defl    $ - temp_NFA
 599+ 6621             >                org     $ - len_NFA         // rewind to temp_NFA and re-do NFA part
 599+ 661C             >
 599+ 661C 85          >                db      len_NFA | END_BIT | is_normal  // The start of NFA must have msb set to signal the beginning of the sounted string
 599+ 661D 28 4D 41 50 >                db      "(MAP)"               // name string in 7-bit ascii, but
 599+ 6621 29          >
 599+ 6622             >                org     $-1                 // alter last byte of Name just above to set
 599+ 6621 A9          >                db      {b $} | END_BIT     // msb as name end
 599+ 6622             >
 599+ 6622 E2 65       >                dw      last_NFA            // Link to previous definition Name
 599+ 6624             >C_MAP:          if is_code != 0 ; ok        // This is the start address of the direct jp(hl)
 599+ 6624 ~           >                call    runcode ; ok        // for primitive definitions  actual code
 599+ 6624 ~           >
 599+ 6624 ~           >
 599+ 6624             >                endif           ; ok        // for other definitions it "points" the correct handler
 599+ 6624             >                // Use of "; ok" to suppress "warning[fwdref]"
 599+ 6624             >
 599+ 6624             >last_NFA        defl    temp_NFA            // keep track of NFA saved above
 600+ 6624 D9                           exx
 601+ 6625 E1                           pop     hl
 602+ 6626 7D                           ld      a, l
 603+ 6627 C1                           pop     bc
 604+ 6628 E1                           pop     hl
 605+ 6629 50                           ld      d, b
 606+ 662A 59                           ld      e, c
 607+ 662B ED B1                        cpir
 608+ 662D E1                           pop     hl
 609+ 662E 20 05                        jr      nz, C_Map_Then
 609+ 6630
 610+ 6630 19                               add     hl, de
 611+ 6631 2B                               dec     hl
 612+ 6632 ED 42                            sbc     hl, bc
 613+ 6634 7E                               ld      a, (hl)
 614+ 6635              C_Map_Then:
 615+ 6635 6F                           ld      l, a
 616+ 6636 26 00                        ld      h, 0
 617+ 6638 E5                           push    hl
 618+ 6639 D9                           exx
 619+ 663A                              next
 619+ 663A DD E9       >                jp      (ix)
 620+ 663C
 621+ 663C              //  ______________________________________________________________________
 622+ 663C              //
 623+ 663C              // (compare)    a1 a2 n -- b
 624+ 663C              // this word performs a lexicographic compare of n bytes of text at address a1
 625+ 663C              // with n bytes of text at address a2. It returns numeric a value:
 626+ 663C              //  0 : if strings are equal
 627+ 663C              // +1 : if string at a1 greater than string at a2
 628+ 663C              // -1 : if string at a1 less than string at a2
 629+ 663C              // strings can be 256 bytes in length at most.
 630+ 663C                              New_Def C_COMPARE, "(COMPARE)", is_code, is_normal
 630+ 663C             >temp_NFA        defl    $                   // save this NFA address to temp_NFA
 630+ 663C             >
 630+ 663C             >                // dummy db directives used to calculate length of namec
 630+ 663C 28 43 4F 4D >                db      "(COMPARE)"
 630+ 6640 50 41 52 45 >
 630+ 6644 29          >
 630+ 6645             >len_NFA         defl    $ - temp_NFA
 630+ 6645             >                org     $ - len_NFA         // rewind to temp_NFA and re-do NFA part
 630+ 663C             >
 630+ 663C 89          >                db      len_NFA | END_BIT | is_normal  // The start of NFA must have msb set to signal the beginning of the sounted string
 630+ 663D 28 43 4F 4D >                db      "(COMPARE)"               // name string in 7-bit ascii, but
 630+ 6641 50 41 52 45 >
 630+ 6645 29          >
 630+ 6646             >                org     $-1                 // alter last byte of Name just above to set
 630+ 6645 A9          >                db      {b $} | END_BIT     // msb as name end
 630+ 6646             >
 630+ 6646 1C 66       >                dw      last_NFA            // Link to previous definition Name
 630+ 6648             >C_COMPARE:          if is_code != 0 ; ok        // This is the start address of the direct jp(hl)
 630+ 6648 ~           >                call    runcode ; ok        // for primitive definitions  actual code
 630+ 6648 ~           >
 630+ 6648 ~           >
 630+ 6648             >                endif           ; ok        // for other definitions it "points" the correct handler
 630+ 6648             >                // Use of "; ok" to suppress "warning[fwdref]"
 630+ 6648             >
 630+ 6648             >last_NFA        defl    temp_NFA            // keep track of NFA saved above
 631+ 6648 D9                           exx
 632+ 6649 E1                           pop     hl                  // Number of bytes
 633+ 664A 7D                           ld      a, l
 634+ 664B E1                           pop     hl                  // hl points string a2
 635+ 664C D1                           pop     de                  // hl points string a1
 636+ 664D              //              push    bc                  // Instruction pointer on stack
 637+ 664D 47                           ld      b, a
 638+ 664E              C_Compare_Loop:
 639+ 664E 7E                               ld      a, (hl)
 640+ 664F CD 50 65                         call    Case_Sensitive
 641+ 6652 4F                               ld      c, a
 642+ 6653 1A                               ld      a, (de)
 643+ 6654 CD 50 65                         call    Case_Sensitive
 644+ 6657 B9                               cp      c
 645+ 6658 13                               inc     de
 646+ 6659 23                               inc     hl
 647+ 665A 28 0E                            jr      z, C_Compare_Equal
 648+ 665C 38 05                                jr      c, C_Compare_NotLessThan  // If LessThan
 649+ 665E 21 01 00                                 ld      hl, 1               // a1 gt a2
 650+ 6661 18 03                                jr      C_Compare_Then      // Else
 651+ 6663              C_Compare_NotLessThan:
 652+ 6663 21 FF FF                                 ld      hl, -1              // a1 lt a2
 653+ 6666              C_Compare_Then:                                 // Endif
 654+ 6666              //                      pop     bc              // restore Instruction Pointer
 655+ 6666 E5                                   push    hl
 656+ 6667 D9                                   exx
 657+ 6668
 658+ 6668                                      next
 658+ 6668 DD E9       >                jp      (ix)
 659+ 666A
 660+ 666A              C_Compare_Equal:
 661+ 666A 10 E2                        djnz    C_Compare_Loop
 662+ 666C 21 00 00                     ld      hl, 0               // a1 eq a2
 663+ 666F              //              pop     bc                  // restore Instruction Pointer
 664+ 666F E5                           push    hl
 665+ 6670 D9                           exx
 666+ 6671
 667+ 6671                              next
 667+ 6671 DD E9       >                jp      (ix)
 668+ 6673
 669+ 6673              //  ______________________________________________________________________
 670+ 6673              //
 671+ 6673              // emitc        c --
 672+ 6673              // low level emit, calls ROM routine at #10 to send a character to
 673+ 6673              // the the current channel (see SELECT to change stream-channel)
 674+ 6673                              New_Def EMITC, "EMITC", is_code, is_normal
 674+ 6673             >temp_NFA        defl    $                   // save this NFA address to temp_NFA
 674+ 6673             >
 674+ 6673             >                // dummy db directives used to calculate length of namec
 674+ 6673 45 4D 49 54 >                db      "EMITC"
 674+ 6677 43          >
 674+ 6678             >len_NFA         defl    $ - temp_NFA
 674+ 6678             >                org     $ - len_NFA         // rewind to temp_NFA and re-do NFA part
 674+ 6673             >
 674+ 6673 85          >                db      len_NFA | END_BIT | is_normal  // The start of NFA must have msb set to signal the beginning of the sounted string
 674+ 6674 45 4D 49 54 >                db      "EMITC"               // name string in 7-bit ascii, but
 674+ 6678 43          >
 674+ 6679             >                org     $-1                 // alter last byte of Name just above to set
 674+ 6678 C3          >                db      {b $} | END_BIT     // msb as name end
 674+ 6679             >
 674+ 6679 3C 66       >                dw      last_NFA            // Link to previous definition Name
 674+ 667B             >EMITC:          if is_code != 0 ; ok        // This is the start address of the direct jp(hl)
 674+ 667B ~           >                call    runcode ; ok        // for primitive definitions  actual code
 674+ 667B ~           >
 674+ 667B ~           >
 674+ 667B             >                endif           ; ok        // for other definitions it "points" the correct handler
 674+ 667B             >                // Use of "; ok" to suppress "warning[fwdref]"
 674+ 667B             >
 674+ 667B             >last_NFA        defl    temp_NFA            // keep track of NFA saved above
 675+ 667B E1                           pop     hl
 676+ 667C 7D                           ld      a, l
 677+ 667D              Emitc_Ptr:
 678+ 667D C5                           push    bc
 679+ 667E D5                           push    de
 680+ 667F DD E5                        push    ix
 681+ 6681 D7                           rst     $10
 682+ 6682 DD E1                        pop     ix
 683+ 6684 D1                           pop     de
 684+ 6685 C1                           pop     bc
 685+ 6686 3E FF                        ld      a, 255            // max possible
 686+ 6688 32 8C 5C                     ld      (SCR_CT), a
 687+ 668B                              next
 687+ 668B DD E9       >                jp      (ix)
 688+ 668D
 689+ 668D              //  ______________________________________________________________________
 690+ 668D              //
 691+ 668D              // cr           --
 692+ 668D              // send a CR via EMITC
 693+ 668D                              New_Def CR, "CR", is_code, is_normal
 693+ 668D             >temp_NFA        defl    $                   // save this NFA address to temp_NFA
 693+ 668D             >
 693+ 668D             >                // dummy db directives used to calculate length of namec
 693+ 668D 43 52       >                db      "CR"
 693+ 668F             >len_NFA         defl    $ - temp_NFA
 693+ 668F             >                org     $ - len_NFA         // rewind to temp_NFA and re-do NFA part
 693+ 668D             >
 693+ 668D 82          >                db      len_NFA | END_BIT | is_normal  // The start of NFA must have msb set to signal the beginning of the sounted string
 693+ 668E 43 52       >                db      "CR"               // name string in 7-bit ascii, but
 693+ 6690             >                org     $-1                 // alter last byte of Name just above to set
 693+ 668F D2          >                db      {b $} | END_BIT     // msb as name end
 693+ 6690             >
 693+ 6690 73 66       >                dw      last_NFA            // Link to previous definition Name
 693+ 6692             >CR:          if is_code != 0 ; ok        // This is the start address of the direct jp(hl)
 693+ 6692 ~           >                call    runcode ; ok        // for primitive definitions  actual code
 693+ 6692 ~           >
 693+ 6692 ~           >
 693+ 6692             >                endif           ; ok        // for other definitions it "points" the correct handler
 693+ 6692             >                // Use of "; ok" to suppress "warning[fwdref]"
 693+ 6692             >
 693+ 6692             >last_NFA        defl    temp_NFA            // keep track of NFA saved above
 694+ 6692
 695+ 6692 3E 0D                        ld      a, CR_CHAR
 696+ 6694 18 E7                        jr      Emitc_Ptr
 697+ 6696
 698+ 6696              Emitc_Vec:
 699+ 6696 D7 66                        dw      C_Emit_Printable  // comma
 700+ 6698 DE 66                        dw      C_Emit_Bel        // bel
 701+ 669A D7 66                        dw      C_Emit_Printable  // bs
 702+ 669C F6 66                        dw      C_Emit_Tab        // tab
 703+ 669E D7 66                        dw      C_Emit_Printable  // cr
 704+ 66A0 FA 66                        dw      C_Emit_NL         // lf (unix newline)
 705+ 66A2 D7 66                        dw      C_Emit_Printable  // blank
 706+ 66A4 D7 66                        dw      C_Emit_Printable  // blank
 707+ 66A6
 708+ 66A6              Emit_Selector_Start:
 709+ 66A6 06                           db      $06                 // comma
 710+ 66A7 07                           db      $07                 // bel
 711+ 66A8 08                           db      $08                 // bs
 712+ 66A9 09                           db      $09                 // tab
 713+ 66AA 0D                           db      $0D                 // cr
 714+ 66AB 0A                           db      $0A                 // lf (unix newline)
 715+ 66AC 20                           db      $20
 716+ 66AD              Emit_Selector_End:
 717+ 66AD 20                           db      $20
 718+ 66AE
 719+ 66AE              //  ______________________________________________________________________
 720+ 66AE              //
 721+ 66AE              // (?emit)      c1 -- c2 | c1
 722+ 66AE              // decode a character to be sent via EMIT
 723+ 66AE              // search first the Emit_Selector table, if found jump to the corresponding routine in Emit_Vector
 724+ 66AE              // the routine should resolve anything and convert the character anyway.
 725+ 66AE                              New_Def C_EMIT, "(?EMIT)", is_code, is_normal
 725+ 66AE             >temp_NFA        defl    $                   // save this NFA address to temp_NFA
 725+ 66AE             >
 725+ 66AE             >                // dummy db directives used to calculate length of namec
 725+ 66AE 28 3F 45 4D >                db      "(?EMIT)"
 725+ 66B2 49 54 29    >
 725+ 66B5             >len_NFA         defl    $ - temp_NFA
 725+ 66B5             >                org     $ - len_NFA         // rewind to temp_NFA and re-do NFA part
 725+ 66AE             >
 725+ 66AE 87          >                db      len_NFA | END_BIT | is_normal  // The start of NFA must have msb set to signal the beginning of the sounted string
 725+ 66AF 28 3F 45 4D >                db      "(?EMIT)"               // name string in 7-bit ascii, but
 725+ 66B3 49 54 29    >
 725+ 66B6             >                org     $-1                 // alter last byte of Name just above to set
 725+ 66B5 A9          >                db      {b $} | END_BIT     // msb as name end
 725+ 66B6             >
 725+ 66B6 8D 66       >                dw      last_NFA            // Link to previous definition Name
 725+ 66B8             >C_EMIT:          if is_code != 0 ; ok        // This is the start address of the direct jp(hl)
 725+ 66B8 ~           >                call    runcode ; ok        // for primitive definitions  actual code
 725+ 66B8 ~           >
 725+ 66B8 ~           >
 725+ 66B8             >                endif           ; ok        // for other definitions it "points" the correct handler
 725+ 66B8             >                // Use of "; ok" to suppress "warning[fwdref]"
 725+ 66B8             >
 725+ 66B8             >last_NFA        defl    temp_NFA            // keep track of NFA saved above
 726+ 66B8 D9                           exx
 727+ 66B9 D1                           pop     de
 728+ 66BA 7B                           ld      a, e                //  de has c1
 729+ 66BB E6 7F                        and     $7F                 // 7-bit ascii only
 730+ 66BD                              // push    bc                  // save Instruction Pointer
 731+ 66BD 01 08 00                     ld      bc, Emit_Selector_End - Emit_Selector_Start + 1
 732+ 66C0 21 AD 66                     ld      hl, Emit_Selector_End
 733+ 66C3 ED B9                        cpdr                        // search for c1 in Emit_Selector table, backward
 734+ 66C5 20 0A                        jr      nz, C_Emit_Not_Found
 735+ 66C7                                  // Found then decode it
 736+ 66C7 21 96 66                         ld      hl, Emitc_Vec
 737+ 66CA 09                               add     hl, bc
 738+ 66CB 09                               add     hl, bc
 739+ 66CC 5E                               ld      e, (hl)
 740+ 66CD 23                               inc     hl
 741+ 66CE 56                               ld      d, (hl)
 742+ 66CF EB                               ex      de, hl
 743+ 66D0                                  // pop     bc                  // restore Instruction Pointer
 744+ 66D0 E9                               jp      (hl)                // one of the following labels
 745+ 66D1              C_Emit_Not_Found:
 746+ 66D1                              // pop     bc                  // restore Instruction Pointer
 747+ 66D1 FE 20                        cp      BLANK_CHAR          // cp $20 non-printable check
 748+ 66D3 30 02                        jr      nc, C_Emit_Printable
 749+ 66D5 3E 00                            ld      a, NUL_CHAR         // NUL is never "printed"
 750+ 66D7              C_Emit_Printable:
 751+ 66D7 6F                           ld      l, a
 752+ 66D8 26 00                        ld      h, 0
 753+ 66DA E5                           push    hl
 754+ 66DB D9                           exx
 755+ 66DC                              next
 755+ 66DC DD E9       >                jp      (ix)
 756+ 66DE
 757+ 66DE              C_Emit_Bel:
 758+ 66DE D9                            exx
 759+ 66DF C5                           push    bc                  // save Instruction Pointer
 760+ 66E0 D5                           push    de
 761+ 66E1 11 00 01                     ld      de, $0100
 762+ 66E4 21 00 02                     ld      hl, $0200
 763+ 66E7 DD E5                        push    ix                  // save Next Pointer
 764+ 66E9 CD B6 03                     call    $03B6               // bleep Standard-ROM routine
 765+ 66EC
 766+ 66EC
 767+ 66EC
 768+ 66EC
 769+ 66EC DD E1                        pop     ix                  // restore Next Pointer
 770+ 66EE D1                           pop     de
 771+ 66EF C1                           pop     bc                  // restore Instruction Pointer
 772+ 66F0 21 00 00                     ld      hl, NUL_CHAR
 773+ 66F3 E5                           push    hl
 774+ 66F4                              next
 774+ 66F4 DD E9       >                jp      (ix)
 775+ 66F6
 776+ 66F6 3E 06        C_Emit_Tab:     ld      a, COMMA_CHAR
 777+ 66F8 18 DD                        jr      C_Emit_Printable
 778+ 66FA                          //  push    hl
 779+ 66FA                          //  exx
 780+ 66FA                          //  next
 781+ 66FA
 782+ 66FA 3E 0D        C_Emit_NL       ld      a, CR_CHAR           // 0x0A --> 0x0D  à la Spectrum
 783+ 66FC 18 D9                        jr      C_Emit_Printable
 784+ 66FE                          //  push    hl
 785+ 66FE                          //  exx
 786+ 66FE                          //  next
 787+ 66FE
 788+ 66FE              //  ______________________________________________________________________
 789+ 66FE
 790+ 66FE              Key_Table:
 791+ 66FE E2                           db      $E2                 //  0: STOP  --> SYMBOL+A : ~
 792+ 66FF C3                           db      $C3                 //  1: NOT   --> SYMBOL+S : |
 793+ 6700 CD                           db      $CD                 //  2: STEP  --> SYMBOl+D : //
 794+ 6701 CC                           db      $CC                 //  3: TO    --> SYMBOL+F : {
 795+ 6702 CB                           db      $CB                 //  4: THEN  --> SYMBOL+G : }
 796+ 6703 C6                           db      $C6                 //  5: AND   --> SYMBOL+Y : [
 797+ 6704 C5                           db      $C5                 //  6: OR    --> SYMBOL+U : ]
 798+ 6705 AC                           db      $AC                 //  7: AT    --> SYMBOL+I : (C) copyright symbol
 799+ 6706 C7                           db      $C7                 //  8: <=    --> same as SHIFT-1 [EDIT]
 800+ 6707 C8                           db      $C8                 //  9: >=    --> same as SHIFT-0 [BACKSPACE]
 801+ 6708 C9                           db      $C9                 // 10: <>    --> SYMBOL+W is the same as CAPS (toggle) SHIFT+2
 802+ 6709              Key_MapTo:
 803+ 6709 06                           db      $06                 // 10: SYMBOL+W is the same as CAPS (toggle) SHIFT+2
 804+ 670A 0C                           db      $0C                 //  9: same as SHIFT-0 [BACKSPACE]
 805+ 670B 07                           db      $07                 //  8: same as SHIFT-1 [EDIT]
 806+ 670C 7F                           db      $7F                 //  7: SYMBOL+I : (C) copyright symbol
 807+ 670D 5D                           db      $5D                 //  6: SYMBOL+U : ]
 808+ 670E 5B                           db      $5B                 //  5: SYMBOL+Y : [
 809+ 670F 7D                           db      $7D                 //  4: SYMBOL+G : }
 810+ 6710 7B                           db      $7B                 //  3: SYMBOL+F : {
 811+ 6711 5C                           db      $5C                 //  2: SYMBOl+D : //
 812+ 6712 7C                           db      $7C                 //  1: SYMBOL+S : |
 813+ 6713 7E                           db      $7E                 //  0: SYMBOL+A : ~
 814+ 6714
 815+ 6714              //  ______________________________________________________________________
 816+ 6714              //
 817+ 6714              // curs         -- c
 818+ 6714              // wait for a keypress
 819+ 6714              // This definition need Standard ROM Interrupt to be served
 820+ 6714
 821+ 6714                              New_Def CUR, "CURS", is_code, is_normal
 821+ 6714             >temp_NFA        defl    $                   // save this NFA address to temp_NFA
 821+ 6714             >
 821+ 6714             >                // dummy db directives used to calculate length of namec
 821+ 6714 43 55 52 53 >                db      "CURS"
 821+ 6718             >len_NFA         defl    $ - temp_NFA
 821+ 6718             >                org     $ - len_NFA         // rewind to temp_NFA and re-do NFA part
 821+ 6714             >
 821+ 6714 84          >                db      len_NFA | END_BIT | is_normal  // The start of NFA must have msb set to signal the beginning of the sounted string
 821+ 6715 43 55 52 53 >                db      "CURS"               // name string in 7-bit ascii, but
 821+ 6719             >                org     $-1                 // alter last byte of Name just above to set
 821+ 6718 D3          >                db      {b $} | END_BIT     // msb as name end
 821+ 6719             >
 821+ 6719 AE 66       >                dw      last_NFA            // Link to previous definition Name
 821+ 671B             >CUR:          if is_code != 0 ; ok        // This is the start address of the direct jp(hl)
 821+ 671B ~           >                call    runcode ; ok        // for primitive definitions  actual code
 821+ 671B ~           >
 821+ 671B ~           >
 821+ 671B             >                endif           ; ok        // for other definitions it "points" the correct handler
 821+ 671B             >                // Use of "; ok" to suppress "warning[fwdref]"
 821+ 671B             >
 821+ 671B             >last_NFA        defl    temp_NFA            // keep track of NFA saved above
 822+ 671B
 823+ 671B C5                           push    bc                  // save Instruction Pointer
 824+ 671C D5                           push    de                  // save Return Stack Pointer
 825+ 671D DD E5                        push    ix
 826+ 671F ED 73 2C 64                  ld      (SP_Saved), sp      // be sure to not to be paged out.
 827+ 6723 31 FB 63                     ld      sp, Cold_origin - 5 // maybe $8000 in the future...
 828+ 6726 FD CB 01 AE                  res     5, (iy + 1)         // FLAGS (5C3A+1)
 829+ 672A
 830+ 672A              Cur_Wait:
 831+ 672A 76                               halt
 832+ 672B 3E 02                            ld      a, 2                // selec channel #2 (Upper Video)
 833+ 672D CD 01 16                         call    $1601               // SELECT Standard-ROM Routine
 834+ 6730
 835+ 6730                                  // software-flash: flips face every 320 ms
 836+ 6730 3E 20                            ld      a, $20              // Timing based
 837+ 6732 FD A6 3E                         and     (iy + $3E)          // FRAMES (5C3A+3E)
 838+ 6735
 839+ 6735 3A 26 64                         ld      a, (Block_Face)     // see origin.asm
 840+ 6738 20 0C                            jr      nz, Cur_Cursor
 841+ 673A 3A 27 64                             ld      a, (Half_Face)      // see origin.asm
 842+ 673D FD CB 30 5E                          bit     3, (iy + $30)       // FLAGS2 (5C3A+$30) that is CAPS-LOCK
 843+ 6741 28 03                                jr      z, Cur_Cursor
 844+ 6743 3A 28 64                                 ld      a, (Underscore_Face) // see origin
 845+ 6746              Cur_Cursor:
 846+ 6746 D7                               rst     $10
 847+ 6747 3E 08                            ld      a, BACKSPACE_CHAR    // backspace
 848+ 6749 D7                               rst     $10
 849+ 674A
 850+ 674A FD CB 01 6E                      bit     5, (iy + 1)         // FLAGS (5C3A+1)
 851+ 674E 28 DA                        jr      z, Cur_Wait
 852+ 6750
 853+ 6750 76                           halt    // this is to sync flashing cursor.
 854+ 6751
 855+ 6751 3E 20                        ld      a, BLANK_CHAR       // space to blank cursor
 856+ 6753 D7                           rst     $10
 857+ 6754 3E 08                        ld      a, BACKSPACE_CHAR   // backspace
 858+ 6756 D7                           rst     $10
 859+ 6757
 860+ 6757 ED 7B 2C 64                  ld      sp, (SP_Saved)
 861+ 675B
 862+ 675B DD E1                        pop     ix
 863+ 675D D1                           pop     de                  // Restore Return Stack Pointer
 864+ 675E C1                           pop     bc                  // Restore Instruction Pointer
 865+ 675F                              next
 865+ 675F DD E9       >                jp      (ix)
 866+ 6761
 867+ 6761
 868+ 6761              //  ______________________________________________________________________
 869+ 6761              //
 870+ 6761              // key          -- c
 871+ 6761              // This definition need Standard ROM Interrupt to be served
 872+ 6761
 873+ 6761                              New_Def KEY, "KEY", is_code, is_normal
 873+ 6761             >temp_NFA        defl    $                   // save this NFA address to temp_NFA
 873+ 6761             >
 873+ 6761             >                // dummy db directives used to calculate length of namec
 873+ 6761 4B 45 59    >                db      "KEY"
 873+ 6764             >len_NFA         defl    $ - temp_NFA
 873+ 6764             >                org     $ - len_NFA         // rewind to temp_NFA and re-do NFA part
 873+ 6761             >
 873+ 6761 83          >                db      len_NFA | END_BIT | is_normal  // The start of NFA must have msb set to signal the beginning of the sounted string
 873+ 6762 4B 45 59    >                db      "KEY"               // name string in 7-bit ascii, but
 873+ 6765             >                org     $-1                 // alter last byte of Name just above to set
 873+ 6764 D9          >                db      {b $} | END_BIT     // msb as name end
 873+ 6765             >
 873+ 6765 14 67       >                dw      last_NFA            // Link to previous definition Name
 873+ 6767             >KEY:          if is_code != 0 ; ok        // This is the start address of the direct jp(hl)
 873+ 6767 ~           >                call    runcode ; ok        // for primitive definitions  actual code
 873+ 6767 ~           >
 873+ 6767 ~           >
 873+ 6767             >                endif           ; ok        // for other definitions it "points" the correct handler
 873+ 6767             >                // Use of "; ok" to suppress "warning[fwdref]"
 873+ 6767             >
 873+ 6767             >last_NFA        defl    temp_NFA            // keep track of NFA saved above
 874+ 6767
 875+ 6767 C5                           push    bc                  // Save Instruction Pointer
 876+ 6768
 877+ 6768              Key_Wait:
 878+ 6768 FD CB 01 6E                      bit     5, (iy + 1)         // FLAGS (5C3A+1)
 879+ 676C 28 FA                        jr      z, Key_Wait
 880+ 676E
 881+ 676E 3A 08 5C                     ld      a, (LASTK)          // get typed character (5C08)
 882+ 6771
 883+ 6771                              // decode character from above table
 884+ 6771 21 FE 66                     ld      hl, Key_Table
 885+ 6774 01 0B 00                     ld      bc, $000B
 886+ 6777 ED B1                        cpir
 887+ 6779 20 05                        jr      nz, Key_DontMap
 888+ 677B 21 09 67                         ld      hl, Key_MapTo
 889+ 677E 09                               add     hl, bc
 890+ 677F 7E                               ld      a, (hl)
 891+ 6780 FE 06        Key_DontMap:    cp      $06                 // CAPS-LOCK management
 892+ 6782 20 09                        jr      nz, Key_NoCapsLock
 893+ 6784 21 6A 5C                         ld      hl, $5C6A           // FLAGS2
 894+ 6787 7E                               ld      a, (hl)
 895+ 6788 EE 08                            xor     $08
 896+ 678A 77                               ld      (hl), a
 897+ 678B 3E 00                            ld      a, NUL_CHAR
 898+ 678D 6F           Key_NoCapsLock: ld      l, a
 899+ 678E 26 00                        ld      h, 0                // Prepare TOS
 900+ 6790
 901+ 6790 FD CB 01 AE                  res     5, (iy + 1)         // FLAGS (5C3A+1)
 902+ 6794
 903+ 6794 C1                           pop     bc                  // Restore Instruction Pointer
 904+ 6795
 905+ 6795                              psh1
 905+ 6795 E5          >                push    hl
 905+ 6796 DD E9       >                jp      (ix)
 906+ 6798
 907+ 6798
 908+ 6798              //  ______________________________________________________________________
 909+ 6798              //
 910+ 6798              // click        --
 911+ 6798              // This definition need Standard ROM Interrupt to be served
 912+ 6798              //
 913+ 6798              //              New_Def CLICK, "CLICK", is_code, is_normal
 914+ 6798              //
 915+ 6798              //                push    bc
 916+ 6798              //              ld      a, ($5C48)          // BORDCR system variable
 917+ 6798              //              rra
 918+ 6798              //              rra
 919+ 6798              //              rra
 920+ 6798              //              or      $18                 // quick'n'dirty click
 921+ 6798              //              out     ($fe), a
 922+ 6798              //              ld      b, 0
 923+ 6798              //              djnz    $                   // wait loop
 924+ 6798              //              xor     $18
 925+ 6798              //              out     ($fe), a
 926+ 6798              //                pop     bc
 927+ 6798
 928+ 6798              //              next
 929+ 6798
 930+ 6798              //  ______________________________________________________________________
 931+ 6798              //
 932+ 6798              // key?         -- f
 933+ 6798              // key available
 934+ 6798              //
 935+ 6798              //              New_Def KEY_Q, "KEY?", is_code, is_normal
 936+ 6798              //
 937+ 6798              //              ld      hl, 0000
 938+ 6798              //              bit     5, (iy + 1)         // FLAGS (5C3A+1)
 939+ 6798              //              jr      z, Key_Q
 940+ 6798              //                  dec     hl
 941+ 6798              // Key_Q:
 942+ 6798              //                psh1
 943+ 6798              //              next
 944+ 6798
 945+ 6798              //  ______________________________________________________________________
 946+ 6798              //
 947+ 6798              // ?terminal    -- FALSE | TRUE
 948+ 6798              // test for BREAK keypress
 949+ 6798                              New_Def QTERMINAL, "?TERMINAL", is_code, is_normal
 949+ 6798             >temp_NFA        defl    $                   // save this NFA address to temp_NFA
 949+ 6798             >
 949+ 6798             >                // dummy db directives used to calculate length of namec
 949+ 6798 3F 54 45 52 >                db      "?TERMINAL"
 949+ 679C 4D 49 4E 41 >
 949+ 67A0 4C          >
 949+ 67A1             >len_NFA         defl    $ - temp_NFA
 949+ 67A1             >                org     $ - len_NFA         // rewind to temp_NFA and re-do NFA part
 949+ 6798             >
 949+ 6798 89          >                db      len_NFA | END_BIT | is_normal  // The start of NFA must have msb set to signal the beginning of the sounted string
 949+ 6799 3F 54 45 52 >                db      "?TERMINAL"               // name string in 7-bit ascii, but
 949+ 679D 4D 49 4E 41 >
 949+ 67A1 4C          >
 949+ 67A2             >                org     $-1                 // alter last byte of Name just above to set
 949+ 67A1 CC          >                db      {b $} | END_BIT     // msb as name end
 949+ 67A2             >
 949+ 67A2 61 67       >                dw      last_NFA            // Link to previous definition Name
 949+ 67A4             >QTERMINAL:          if is_code != 0 ; ok        // This is the start address of the direct jp(hl)
 949+ 67A4 ~           >                call    runcode ; ok        // for primitive definitions  actual code
 949+ 67A4 ~           >
 949+ 67A4 ~           >
 949+ 67A4             >                endif           ; ok        // for other definitions it "points" the correct handler
 949+ 67A4             >                // Use of "; ok" to suppress "warning[fwdref]"
 949+ 67A4             >
 949+ 67A4             >last_NFA        defl    temp_NFA            // keep track of NFA saved above
 950+ 67A4 D9                           exx
 951+ 67A5 01 FE 7F                     ld      bc, $7ffe
 952+ 67A8 ED 50                        in      d, (c)
 953+ 67AA 41                           ld      b, c
 954+ 67AB ED 78                        in      a, (c)
 955+ 67AD B2                           or       d
 956+ 67AE 1F                           rra
 957+ 67AF 3F                           ccf
 958+ 67B0 ED 62                        sbc     hl, hl
 959+ 67B2 E5                           push    hl
 960+ 67B3 D9                           exx
 961+ 67B4                              next
 961+ 67B4 DD E9       >                jp      (ix)
 962+ 67B6
 963+ 67B6
 964+ 67B6              //  ______________________________________________________________________
 965+ 67B6              //
 966+ 67B6              // inkey        -- c | 0
 967+ 67B6              // call ROM inkey$ routine, returns c or "zero".
 968+ 67B6              //
 969+ 67B6                              New_Def INKEY, "INKEY", is_code, is_normal
 969+ 67B6             >temp_NFA        defl    $                   // save this NFA address to temp_NFA
 969+ 67B6             >
 969+ 67B6             >                // dummy db directives used to calculate length of namec
 969+ 67B6 49 4E 4B 45 >                db      "INKEY"
 969+ 67BA 59          >
 969+ 67BB             >len_NFA         defl    $ - temp_NFA
 969+ 67BB             >                org     $ - len_NFA         // rewind to temp_NFA and re-do NFA part
 969+ 67B6             >
 969+ 67B6 85          >                db      len_NFA | END_BIT | is_normal  // The start of NFA must have msb set to signal the beginning of the sounted string
 969+ 67B7 49 4E 4B 45 >                db      "INKEY"               // name string in 7-bit ascii, but
 969+ 67BB 59          >
 969+ 67BC             >                org     $-1                 // alter last byte of Name just above to set
 969+ 67BB D9          >                db      {b $} | END_BIT     // msb as name end
 969+ 67BC             >
 969+ 67BC 98 67       >                dw      last_NFA            // Link to previous definition Name
 969+ 67BE             >INKEY:          if is_code != 0 ; ok        // This is the start address of the direct jp(hl)
 969+ 67BE ~           >                call    runcode ; ok        // for primitive definitions  actual code
 969+ 67BE ~           >
 969+ 67BE ~           >
 969+ 67BE             >                endif           ; ok        // for other definitions it "points" the correct handler
 969+ 67BE             >                // Use of "; ok" to suppress "warning[fwdref]"
 969+ 67BE             >
 969+ 67BE             >last_NFA        defl    temp_NFA            // keep track of NFA saved above
 970+ 67BE C5                           push    bc
 971+ 67BF D5                           push    de
 972+ 67C0 ED 73 2C 64                  ld      (SP_Saved), sp
 973+ 67C4 31 FB 63                     ld      sp, Cold_origin - 5
 974+ 67C7 DD E5                        push    ix
 975+ 67C9 CD E6 15                     call    $15E6                   // instead of 15E9
 976+ 67CC DD E1                        pop     ix
 977+ 67CE ED 7B 2C 64                  ld      sp, (SP_Saved)
 978+ 67D2 6F                           ld      l, a
 979+ 67D3 26 00                        ld      h, 0
 980+ 67D5 D1                           pop     de
 981+ 67D6 C1                           pop     bc
 982+ 67D7 E5                           push    hl
 983+ 67D8                              next
 983+ 67D8 DD E9       >                jp      (ix)
 984+ 67DA
 985+ 67DA              //  ______________________________________________________________________
 986+ 67DA              //
 987+ 67DA              // select      n --
 988+ 67DA              // selects the given channel number
 989+ 67DA
 990+ 67DA                              New_Def SELECT, "SELECT", is_code, is_normal
 990+ 67DA             >temp_NFA        defl    $                   // save this NFA address to temp_NFA
 990+ 67DA             >
 990+ 67DA             >                // dummy db directives used to calculate length of namec
 990+ 67DA 53 45 4C 45 >                db      "SELECT"
 990+ 67DE 43 54       >
 990+ 67E0             >len_NFA         defl    $ - temp_NFA
 990+ 67E0             >                org     $ - len_NFA         // rewind to temp_NFA and re-do NFA part
 990+ 67DA             >
 990+ 67DA 86          >                db      len_NFA | END_BIT | is_normal  // The start of NFA must have msb set to signal the beginning of the sounted string
 990+ 67DB 53 45 4C 45 >                db      "SELECT"               // name string in 7-bit ascii, but
 990+ 67DF 43 54       >
 990+ 67E1             >                org     $-1                 // alter last byte of Name just above to set
 990+ 67E0 D4          >                db      {b $} | END_BIT     // msb as name end
 990+ 67E1             >
 990+ 67E1 B6 67       >                dw      last_NFA            // Link to previous definition Name
 990+ 67E3             >SELECT:          if is_code != 0 ; ok        // This is the start address of the direct jp(hl)
 990+ 67E3 ~           >                call    runcode ; ok        // for primitive definitions  actual code
 990+ 67E3 ~           >
 990+ 67E3 ~           >
 990+ 67E3             >                endif           ; ok        // for other definitions it "points" the correct handler
 990+ 67E3             >                // Use of "; ok" to suppress "warning[fwdref]"
 990+ 67E3             >
 990+ 67E3             >last_NFA        defl    temp_NFA            // keep track of NFA saved above
 991+ 67E3 E1                           pop     hl
 992+ 67E4 C5                           push    bc
 993+ 67E5 D5                           push    de
 994+ 67E6 7D                           ld      a, l
 995+ 67E7 ED 73 2C 64                  ld      (SP_Saved), sp
 996+ 67EB 31 FB 63                     ld      sp, Cold_origin - 5
 997+ 67EE DD E5                        push    ix
 998+ 67F0 CD 01 16                     call    $1601
 999+ 67F3 DD E1                        pop     ix
1000+ 67F5 ED 7B 2C 64                  ld      sp, (SP_Saved)
1001+ 67F9 D1                           pop     de
1002+ 67FA C1                           pop     bc
1003+ 67FB                              next
1003+ 67FB DD E9       >                jp      (ix)
1004+ 67FD
1005+ 67FD              //  ______________________________________________________________________
1006+ 67FD              //
1007+ 67FD              // ZX Spectrum Next - Low Level disk primitives.
1008+ 67FD              // this include is "here" for backward compatibility
1009+ 67FD
1010+ 67FD              //                include "mdr-mgt-opt.asm"
1011+ 67FD
1012+ 67FD
1013+ 67FD              //  ______________________________________________________________________
1014+ 67FD              //
1015+ 67FD              // cmove    a1 a2 u --
1016+ 67FD              // If u > 0, moves memory content starting at address a1 for n bytes long
1017+ 67FD              // storing then starting at address addr2.
1018+ 67FD              // The content of a1 is moved first. See CMOVE> also.
1019+ 67FD                              New_Def CMOVE, "CMOVE", is_code, is_normal
1019+ 67FD             >temp_NFA        defl    $                   // save this NFA address to temp_NFA
1019+ 67FD             >
1019+ 67FD             >                // dummy db directives used to calculate length of namec
1019+ 67FD 43 4D 4F 56 >                db      "CMOVE"
1019+ 6801 45          >
1019+ 6802             >len_NFA         defl    $ - temp_NFA
1019+ 6802             >                org     $ - len_NFA         // rewind to temp_NFA and re-do NFA part
1019+ 67FD             >
1019+ 67FD 85          >                db      len_NFA | END_BIT | is_normal  // The start of NFA must have msb set to signal the beginning of the sounted string
1019+ 67FE 43 4D 4F 56 >                db      "CMOVE"               // name string in 7-bit ascii, but
1019+ 6802 45          >
1019+ 6803             >                org     $-1                 // alter last byte of Name just above to set
1019+ 6802 C5          >                db      {b $} | END_BIT     // msb as name end
1019+ 6803             >
1019+ 6803 DA 67       >                dw      last_NFA            // Link to previous definition Name
1019+ 6805             >CMOVE:          if is_code != 0 ; ok        // This is the start address of the direct jp(hl)
1019+ 6805 ~           >                call    runcode ; ok        // for primitive definitions  actual code
1019+ 6805 ~           >
1019+ 6805 ~           >
1019+ 6805             >                endif           ; ok        // for other definitions it "points" the correct handler
1019+ 6805             >                // Use of "; ok" to suppress "warning[fwdref]"
1019+ 6805             >
1019+ 6805             >last_NFA        defl    temp_NFA            // keep track of NFA saved above
1020+ 6805 D9                           exx
1021+ 6806
1022+ 6806 C1                           pop     bc                  // bc has counter
1023+ 6807 D1                           pop     de                  // de now has dest
1024+ 6808 E1                           pop     hl                 // hl has source, save Instruction Pointer
1025+ 6809 78                           ld      a, b
1026+ 680A B1                           or      c
1027+ 680B 28 02                        jr      z, Cmove_NoMove
1028+ 680D ED B0                            ldir
1029+ 680F              Cmove_NoMove:
1030+ 680F D9                           exx
1031+ 6810
1032+ 6810                              next
1032+ 6810 DD E9       >                jp      (ix)
1033+ 6812
1034+ 6812              //  ______________________________________________________________________
1035+ 6812              //
1036+ 6812              // cmove>    a1 a2 u --
1037+ 6812              // If u > 0, moves memory content starting at address a1 for n bytes long
1038+ 6812              // storing then starting at address addr2.
1039+ 6812              // The content of a1 is moved last. See cmove.
1040+ 6812                              New_Def CMOVE_TO, "CMOVE>", is_code, is_normal
1040+ 6812             >temp_NFA        defl    $                   // save this NFA address to temp_NFA
1040+ 6812             >
1040+ 6812             >                // dummy db directives used to calculate length of namec
1040+ 6812 43 4D 4F 56 >                db      "CMOVE>"
1040+ 6816 45 3E       >
1040+ 6818             >len_NFA         defl    $ - temp_NFA
1040+ 6818             >                org     $ - len_NFA         // rewind to temp_NFA and re-do NFA part
1040+ 6812             >
1040+ 6812 86          >                db      len_NFA | END_BIT | is_normal  // The start of NFA must have msb set to signal the beginning of the sounted string
1040+ 6813 43 4D 4F 56 >                db      "CMOVE>"               // name string in 7-bit ascii, but
1040+ 6817 45 3E       >
1040+ 6819             >                org     $-1                 // alter last byte of Name just above to set
1040+ 6818 BE          >                db      {b $} | END_BIT     // msb as name end
1040+ 6819             >
1040+ 6819 FD 67       >                dw      last_NFA            // Link to previous definition Name
1040+ 681B             >CMOVE_TO:          if is_code != 0 ; ok        // This is the start address of the direct jp(hl)
1040+ 681B ~           >                call    runcode ; ok        // for primitive definitions  actual code
1040+ 681B ~           >
1040+ 681B ~           >
1040+ 681B             >                endif           ; ok        // for other definitions it "points" the correct handler
1040+ 681B             >                // Use of "; ok" to suppress "warning[fwdref]"
1040+ 681B             >
1040+ 681B             >last_NFA        defl    temp_NFA            // keep track of NFA saved above
1041+ 681B D9                           exx
1042+ 681C
1043+ 681C C1                           pop     bc                  // bc has counter
1044+ 681D D1                           pop     de                  // de has dest
1045+ 681E E1                           pop     hl                  // hl has source, save Instruction Pointer
1046+ 681F 78                           ld      a, b
1047+ 6820 B1                           or      c
1048+ 6821 28 08                        jr      z, CmoveV_NoMove
1049+ 6823 EB                               ex      de, hl              // compute address to
1050+ 6824 09                               add     hl, bc              // operate backward
1051+ 6825 2B                               dec     hl
1052+ 6826 EB                               ex      de, hl
1053+ 6827 09                               add     hl, bc
1054+ 6828 2B                               dec     hl
1055+ 6829 ED B8                            lddr                        // backward
1056+ 682B              CmoveV_NoMove:
1057+ 682B D9                           exx
1058+ 682C
1059+ 682C                              next
1059+ 682C DD E9       >                jp      (ix)
1060+ 682E
1061+ 682E              //  ______________________________________________________________________
1062+ 682E              //
1063+ 682E              // um*      u1 u2 -- ud
1064+ 682E              // Unsigned multiplication
1065+ 682E              // A double-integer is kept in CPU registers as DEHL then pushed on stack.
1066+ 682E              // On the stack a double number is treated as two single numbers
1067+ 682E              // where DE is on the top of the stack and HL is the second from top,
1068+ 682E              // Instead, in 2VARIABLE a double number is stored as EDLH.
1069+ 682E              // this definition could use "MUL" Z80N new op-code.
1070+ 682E                              New_Def UM_MUL, "UM*", is_code, is_normal
1070+ 682E             >temp_NFA        defl    $                   // save this NFA address to temp_NFA
1070+ 682E             >
1070+ 682E             >                // dummy db directives used to calculate length of namec
1070+ 682E 55 4D 2A    >                db      "UM*"
1070+ 6831             >len_NFA         defl    $ - temp_NFA
1070+ 6831             >                org     $ - len_NFA         // rewind to temp_NFA and re-do NFA part
1070+ 682E             >
1070+ 682E 83          >                db      len_NFA | END_BIT | is_normal  // The start of NFA must have msb set to signal the beginning of the sounted string
1070+ 682F 55 4D 2A    >                db      "UM*"               // name string in 7-bit ascii, but
1070+ 6832             >                org     $-1                 // alter last byte of Name just above to set
1070+ 6831 AA          >                db      {b $} | END_BIT     // msb as name end
1070+ 6832             >
1070+ 6832 12 68       >                dw      last_NFA            // Link to previous definition Name
1070+ 6834             >UM_MUL:          if is_code != 0 ; ok        // This is the start address of the direct jp(hl)
1070+ 6834 ~           >                call    runcode ; ok        // for primitive definitions  actual code
1070+ 6834 ~           >
1070+ 6834 ~           >
1070+ 6834             >                endif           ; ok        // for other definitions it "points" the correct handler
1070+ 6834             >                // Use of "; ok" to suppress "warning[fwdref]"
1070+ 6834             >
1070+ 6834             >last_NFA        defl    temp_NFA            // keep track of NFA saved above
1071+ 6834 D9                           exx
1072+ 6835 D1                           pop     de                    // de has u2 operand
1073+ 6836 C1                           pop     bc                    // hl has u1 operand
1074+ 6837              //              push    bc                    // Save Instruction Pointer
1075+ 6837              //              ld      b, h
1076+ 6837              //              ld      c, l
1077+ 6837 21 00 00                     ld      hl, 0
1078+ 683A 3E 10                        ld      a, 16
1079+ 683C              UM_Mul_1:
1080+ 683C 29                               add     hl, hl
1081+ 683D CB 13                            rl      e
1082+ 683F CB 12                            rl      d
1083+ 6841 30 04                            jr      nc, UM_Mul_Carry
1084+ 6843 09                                   add     hl, bc
1085+ 6844 30 01                                jr      nc, UM_Mul_Carry
1086+ 6846 13                                       inc     de
1087+ 6847              UM_Mul_Carry:
1088+ 6847 3D                               dec     a
1089+ 6848 20 F2                            jr      nz, UM_Mul_1
1090+ 684A              //              ex      de, hl
1091+ 684A              //              pop     bc
1092+ 684A E5                           push    hl
1093+ 684B D5                           push    de
1094+ 684C D9                           exx
1095+ 684D                              next
1095+ 684D DD E9       >                jp      (ix)
1096+ 684F
1097+ 684F              //  ______________________________________________________________________
1098+ 684F              //
1099+ 684F              // um/mod      ud u1 -- q r
1100+ 684F              // divides ud into u1 giving quotient q and remainder r
1101+ 684F              // algorithm takes 16 bit at a time starting from msb
1102+ 684F              // DE grows from lsb upward with quotient result
1103+ 684F              // HL keeps the remainder at each stage of division
1104+ 684F              // each loop 'lowers' the next binary digit to form the current dividend
1105+ 684F                              New_Def UMDIVMOD, "UM/MOD", is_code, is_normal
1105+ 684F             >temp_NFA        defl    $                   // save this NFA address to temp_NFA
1105+ 684F             >
1105+ 684F             >                // dummy db directives used to calculate length of namec
1105+ 684F 55 4D 2F 4D >                db      "UM/MOD"
1105+ 6853 4F 44       >
1105+ 6855             >len_NFA         defl    $ - temp_NFA
1105+ 6855             >                org     $ - len_NFA         // rewind to temp_NFA and re-do NFA part
1105+ 684F             >
1105+ 684F 86          >                db      len_NFA | END_BIT | is_normal  // The start of NFA must have msb set to signal the beginning of the sounted string
1105+ 6850 55 4D 2F 4D >                db      "UM/MOD"               // name string in 7-bit ascii, but
1105+ 6854 4F 44       >
1105+ 6856             >                org     $-1                 // alter last byte of Name just above to set
1105+ 6855 C4          >                db      {b $} | END_BIT     // msb as name end
1105+ 6856             >
1105+ 6856 2E 68       >                dw      last_NFA            // Link to previous definition Name
1105+ 6858             >UMDIVMOD:          if is_code != 0 ; ok        // This is the start address of the direct jp(hl)
1105+ 6858 ~           >                call    runcode ; ok        // for primitive definitions  actual code
1105+ 6858 ~           >
1105+ 6858 ~           >
1105+ 6858             >                endif           ; ok        // for other definitions it "points" the correct handler
1105+ 6858             >                // Use of "; ok" to suppress "warning[fwdref]"
1105+ 6858             >
1105+ 6858             >last_NFA        defl    temp_NFA            // keep track of NFA saved above
1106+ 6858 D9                           exx
1107+ 6859 C1                           pop     bc                      // divisor
1108+ 685A
1109+ 685A E1                           pop     hl                      // < high part
1110+ 685B D1                           pop     de                      // < low part and
1111+ 685C
1112+ 685C 7D                           ld      a, l                    // check without changing arguments
1113+ 685D 91                           sub     c                       // if divisor is greater than high part
1114+ 685E 7C                           ld      a, h                    // so quotient will be in range
1115+ 685F 98                           sbc     a, b
1116+ 6860 30 20                        jr      nc, Um_DivMod_OutOfRange
1117+ 6862 3E 10                            ld      a, 16
1118+ 6864              Um_DivMod_Loop:
1119+ 6864 CB 23                                sla     e
1120+ 6866 CB 12                                rl      d
1121+ 6868 ED 6A                                adc     hl, hl
1122+ 686A 30 05                                jr      nc, Um_DivMod_Carry
1123+ 686C A7                                       and     a
1124+ 686D ED 42                                    sbc     hl, bc
1125+ 686F 18 07                                jr      Um_DivMod_Endif    // else
1126+ 6871              Um_DivMod_Carry:
1127+ 6871 A7                                       and     a
1128+ 6872 ED 42                                    sbc     hl, bc
1129+ 6874 30 02                                    jr      nc, Um_DivMod_Endif
1130+ 6876 09                                           add     hl, bc
1131+ 6877 1B                                           dec     de
1132+ 6878              Um_DivMod_Endif:                                   // endif
1133+ 6878 13                                   inc     de
1134+ 6879 3D                                   dec     a
1135+ 687A 20 E8                            jr      nz, Um_DivMod_Loop
1136+ 687C EB                               ex      de, hl
1137+ 687D              Um_DivMod_Bailout:
1138+ 687D D5                               push    de                  // de := remanider
1139+ 687E E5                               push    hl                  // hl := quotient
1140+ 687F D9                               exx
1141+ 6880                                  next
1141+ 6880 DD E9       >                jp      (ix)
1142+ 6882
1143+ 6882              Um_DivMod_OutOfRange:
1144+ 6882 21 FF FF                     ld      hl, -1
1145+ 6885 54                           ld      d, h
1146+ 6886 5D                           ld      e, l
1147+ 6887 18 F4                        jr      Um_DivMod_Bailout
1148+ 6889
1149+ 6889              //  ______________________________________________________________________
1150+ 6889              //
1151+ 6889              // and          n1 n2 -- n3
1152+ 6889              // bit logical AND. Returns n3 as n1 & n2
1153+ 6889                              New_Def AND_OP, "AND", is_code, is_normal
1153+ 6889             >temp_NFA        defl    $                   // save this NFA address to temp_NFA
1153+ 6889             >
1153+ 6889             >                // dummy db directives used to calculate length of namec
1153+ 6889 41 4E 44    >                db      "AND"
1153+ 688C             >len_NFA         defl    $ - temp_NFA
1153+ 688C             >                org     $ - len_NFA         // rewind to temp_NFA and re-do NFA part
1153+ 6889             >
1153+ 6889 83          >                db      len_NFA | END_BIT | is_normal  // The start of NFA must have msb set to signal the beginning of the sounted string
1153+ 688A 41 4E 44    >                db      "AND"               // name string in 7-bit ascii, but
1153+ 688D             >                org     $-1                 // alter last byte of Name just above to set
1153+ 688C C4          >                db      {b $} | END_BIT     // msb as name end
1153+ 688D             >
1153+ 688D 4F 68       >                dw      last_NFA            // Link to previous definition Name
1153+ 688F             >AND_OP:          if is_code != 0 ; ok        // This is the start address of the direct jp(hl)
1153+ 688F ~           >                call    runcode ; ok        // for primitive definitions  actual code
1153+ 688F ~           >
1153+ 688F ~           >
1153+ 688F             >                endif           ; ok        // for other definitions it "points" the correct handler
1153+ 688F             >                // Use of "; ok" to suppress "warning[fwdref]"
1153+ 688F             >
1153+ 688F             >last_NFA        defl    temp_NFA            // keep track of NFA saved above
1154+ 688F D9                           exx
1155+ 6890 D1                           pop     de
1156+ 6891 E1                           pop     hl
1157+ 6892 7B                           ld      a, e
1158+ 6893 A5                           and     l
1159+ 6894 6F                           ld      l, a
1160+ 6895 7A                           ld      a, d
1161+ 6896 A4                           and     h
1162+ 6897              Boolean_exit:
1163+ 6897 67                           ld      h, a
1164+ 6898 E5                           push    hl
1165+ 6899 D9                           exx
1166+ 689A                              next
1166+ 689A DD E9       >                jp      (ix)
1167+ 689C
1168+ 689C              //  ______________________________________________________________________
1169+ 689C              //
1170+ 689C              // or           n1 n2 -- n3
1171+ 689C              // bit logical OR. Returns n3 as n1 | n2
1172+ 689C                              New_Def OR_OP, "OR", is_code, is_normal
1172+ 689C             >temp_NFA        defl    $                   // save this NFA address to temp_NFA
1172+ 689C             >
1172+ 689C             >                // dummy db directives used to calculate length of namec
1172+ 689C 4F 52       >                db      "OR"
1172+ 689E             >len_NFA         defl    $ - temp_NFA
1172+ 689E             >                org     $ - len_NFA         // rewind to temp_NFA and re-do NFA part
1172+ 689C             >
1172+ 689C 82          >                db      len_NFA | END_BIT | is_normal  // The start of NFA must have msb set to signal the beginning of the sounted string
1172+ 689D 4F 52       >                db      "OR"               // name string in 7-bit ascii, but
1172+ 689F             >                org     $-1                 // alter last byte of Name just above to set
1172+ 689E D2          >                db      {b $} | END_BIT     // msb as name end
1172+ 689F             >
1172+ 689F 89 68       >                dw      last_NFA            // Link to previous definition Name
1172+ 68A1             >OR_OP:          if is_code != 0 ; ok        // This is the start address of the direct jp(hl)
1172+ 68A1 ~           >                call    runcode ; ok        // for primitive definitions  actual code
1172+ 68A1 ~           >
1172+ 68A1 ~           >
1172+ 68A1             >                endif           ; ok        // for other definitions it "points" the correct handler
1172+ 68A1             >                // Use of "; ok" to suppress "warning[fwdref]"
1172+ 68A1             >
1172+ 68A1             >last_NFA        defl    temp_NFA            // keep track of NFA saved above
1173+ 68A1 D9                           exx
1174+ 68A2 D1                           pop     de
1175+ 68A3 E1                           pop     hl
1176+ 68A4 7B                           ld      a, e
1177+ 68A5 B5                           or      l
1178+ 68A6 6F                           ld      l, a
1179+ 68A7 7A                           ld      a, d
1180+ 68A8 B4                           or      h
1181+ 68A9 18 EC                        jr      Boolean_exit
1182+ 68AB              //              ld      h, a
1183+ 68AB              //              push    hl
1184+ 68AB              //              exx
1185+ 68AB              //              next
1186+ 68AB
1187+ 68AB              //  ______________________________________________________________________
1188+ 68AB              //
1189+ 68AB              // xor          n1 n2 -- n3
1190+ 68AB              // bit logical OR. Returns n3 as n1 ^ n2
1191+ 68AB                              New_Def XOR_OP, "XOR", is_code, is_normal
1191+ 68AB             >temp_NFA        defl    $                   // save this NFA address to temp_NFA
1191+ 68AB             >
1191+ 68AB             >                // dummy db directives used to calculate length of namec
1191+ 68AB 58 4F 52    >                db      "XOR"
1191+ 68AE             >len_NFA         defl    $ - temp_NFA
1191+ 68AE             >                org     $ - len_NFA         // rewind to temp_NFA and re-do NFA part
1191+ 68AB             >
1191+ 68AB 83          >                db      len_NFA | END_BIT | is_normal  // The start of NFA must have msb set to signal the beginning of the sounted string
1191+ 68AC 58 4F 52    >                db      "XOR"               // name string in 7-bit ascii, but
1191+ 68AF             >                org     $-1                 // alter last byte of Name just above to set
1191+ 68AE D2          >                db      {b $} | END_BIT     // msb as name end
1191+ 68AF             >
1191+ 68AF 9C 68       >                dw      last_NFA            // Link to previous definition Name
1191+ 68B1             >XOR_OP:          if is_code != 0 ; ok        // This is the start address of the direct jp(hl)
1191+ 68B1 ~           >                call    runcode ; ok        // for primitive definitions  actual code
1191+ 68B1 ~           >
1191+ 68B1 ~           >
1191+ 68B1             >                endif           ; ok        // for other definitions it "points" the correct handler
1191+ 68B1             >                // Use of "; ok" to suppress "warning[fwdref]"
1191+ 68B1             >
1191+ 68B1             >last_NFA        defl    temp_NFA            // keep track of NFA saved above
1192+ 68B1 D9                           exx
1193+ 68B2 D1                           pop     de
1194+ 68B3 E1                           pop     hl
1195+ 68B4 7B                           ld      a, e
1196+ 68B5 AD                           xor     l
1197+ 68B6 6F                           ld      l, a
1198+ 68B7 7A                           ld      a, d
1199+ 68B8 AC                           xor     h
1200+ 68B9 18 DC                        jr      Boolean_exit
1201+ 68BB              //              ld      h, a
1202+ 68BB              //              push    hl
1203+ 68BB              //              exx
1204+ 68BB              //              next
1205+ 68BB
1206+ 68BB              //  ______________________________________________________________________
1207+ 68BB              //
1208+ 68BB              // sp@      -- a
1209+ 68BB              // returns on top of stack the value of SP before execution
1210+ 68BB                              New_Def SPFETCH, "SP@", is_code, is_normal
1210+ 68BB             >temp_NFA        defl    $                   // save this NFA address to temp_NFA
1210+ 68BB             >
1210+ 68BB             >                // dummy db directives used to calculate length of namec
1210+ 68BB 53 50 40    >                db      "SP@"
1210+ 68BE             >len_NFA         defl    $ - temp_NFA
1210+ 68BE             >                org     $ - len_NFA         // rewind to temp_NFA and re-do NFA part
1210+ 68BB             >
1210+ 68BB 83          >                db      len_NFA | END_BIT | is_normal  // The start of NFA must have msb set to signal the beginning of the sounted string
1210+ 68BC 53 50 40    >                db      "SP@"               // name string in 7-bit ascii, but
1210+ 68BF             >                org     $-1                 // alter last byte of Name just above to set
1210+ 68BE C0          >                db      {b $} | END_BIT     // msb as name end
1210+ 68BF             >
1210+ 68BF AB 68       >                dw      last_NFA            // Link to previous definition Name
1210+ 68C1             >SPFETCH:          if is_code != 0 ; ok        // This is the start address of the direct jp(hl)
1210+ 68C1 ~           >                call    runcode ; ok        // for primitive definitions  actual code
1210+ 68C1 ~           >
1210+ 68C1 ~           >
1210+ 68C1             >                endif           ; ok        // for other definitions it "points" the correct handler
1210+ 68C1             >                // Use of "; ok" to suppress "warning[fwdref]"
1210+ 68C1             >
1210+ 68C1             >last_NFA        defl    temp_NFA            // keep track of NFA saved above
1211+ 68C1
1212+ 68C1 21 00 00                     ld      hl, 0
1213+ 68C4 39                           add     hl, sp
1214+ 68C5
1215+ 68C5                              psh1
1215+ 68C5 E5          >                push    hl
1215+ 68C6 DD E9       >                jp      (ix)
1216+ 68C8
1217+ 68C8              //  ______________________________________________________________________
1218+ 68C8              //
1219+ 68C8              // sp!      a --
1220+ 68C8              // restore SP to the initial value passed
1221+ 68C8              // normally it is S0, i.e. the word at offset 6 and 7 of user variabiles area.
1222+ 68C8                              New_Def SPSTORE, "SP!", is_code, is_normal
1222+ 68C8             >temp_NFA        defl    $                   // save this NFA address to temp_NFA
1222+ 68C8             >
1222+ 68C8             >                // dummy db directives used to calculate length of namec
1222+ 68C8 53 50 21    >                db      "SP!"
1222+ 68CB             >len_NFA         defl    $ - temp_NFA
1222+ 68CB             >                org     $ - len_NFA         // rewind to temp_NFA and re-do NFA part
1222+ 68C8             >
1222+ 68C8 83          >                db      len_NFA | END_BIT | is_normal  // The start of NFA must have msb set to signal the beginning of the sounted string
1222+ 68C9 53 50 21    >                db      "SP!"               // name string in 7-bit ascii, but
1222+ 68CC             >                org     $-1                 // alter last byte of Name just above to set
1222+ 68CB A1          >                db      {b $} | END_BIT     // msb as name end
1222+ 68CC             >
1222+ 68CC BB 68       >                dw      last_NFA            // Link to previous definition Name
1222+ 68CE             >SPSTORE:          if is_code != 0 ; ok        // This is the start address of the direct jp(hl)
1222+ 68CE ~           >                call    runcode ; ok        // for primitive definitions  actual code
1222+ 68CE ~           >
1222+ 68CE ~           >
1222+ 68CE             >                endif           ; ok        // for other definitions it "points" the correct handler
1222+ 68CE             >                // Use of "; ok" to suppress "warning[fwdref]"
1222+ 68CE             >
1222+ 68CE             >last_NFA        defl    temp_NFA            // keep track of NFA saved above
1223+ 68CE E1                           pop     hl
1224+ 68CF F9                           ld      sp, hl
1225+ 68D0
1226+ 68D0                              next
1226+ 68D0 DD E9       >                jp      (ix)
1227+ 68D2
1228+ 68D2              //  ______________________________________________________________________
1229+ 68D2              //
1230+ 68D2              // rp@      -- a
1231+ 68D2              // returns on top of stack the value of Return-Pointer
1232+ 68D2                              New_Def RPFETCH, "RP@", is_code, is_normal
1232+ 68D2             >temp_NFA        defl    $                   // save this NFA address to temp_NFA
1232+ 68D2             >
1232+ 68D2             >                // dummy db directives used to calculate length of namec
1232+ 68D2 52 50 40    >                db      "RP@"
1232+ 68D5             >len_NFA         defl    $ - temp_NFA
1232+ 68D5             >                org     $ - len_NFA         // rewind to temp_NFA and re-do NFA part
1232+ 68D2             >
1232+ 68D2 83          >                db      len_NFA | END_BIT | is_normal  // The start of NFA must have msb set to signal the beginning of the sounted string
1232+ 68D3 52 50 40    >                db      "RP@"               // name string in 7-bit ascii, but
1232+ 68D6             >                org     $-1                 // alter last byte of Name just above to set
1232+ 68D5 C0          >                db      {b $} | END_BIT     // msb as name end
1232+ 68D6             >
1232+ 68D6 C8 68       >                dw      last_NFA            // Link to previous definition Name
1232+ 68D8             >RPFETCH:          if is_code != 0 ; ok        // This is the start address of the direct jp(hl)
1232+ 68D8 ~           >                call    runcode ; ok        // for primitive definitions  actual code
1232+ 68D8 ~           >
1232+ 68D8 ~           >
1232+ 68D8             >                endif           ; ok        // for other definitions it "points" the correct handler
1232+ 68D8             >                // Use of "; ok" to suppress "warning[fwdref]"
1232+ 68D8             >
1232+ 68D8             >last_NFA        defl    temp_NFA            // keep track of NFA saved above
1233+ 68D8
1234+ 68D8                              // *** ldhlrp
1235+ 68D8                              // *** ex      de, hl
1236+ 68D8 D5                           push de
1237+ 68D9
1238+ 68D9                              next
1238+ 68D9 DD E9       >                jp      (ix)
1239+ 68DB
1240+ 68DB              //  ______________________________________________________________________
1241+ 68DB              //
1242+ 68DB              // rp!      a --
1243+ 68DB              // restore RP to the initial value passed
1244+ 68DB              // normally it is R0 @, i.e. the word at offset 8 of user variabiles area.
1245+ 68DB                              New_Def RPSTORE, "RP!", is_code, is_normal
1245+ 68DB             >temp_NFA        defl    $                   // save this NFA address to temp_NFA
1245+ 68DB             >
1245+ 68DB             >                // dummy db directives used to calculate length of namec
1245+ 68DB 52 50 21    >                db      "RP!"
1245+ 68DE             >len_NFA         defl    $ - temp_NFA
1245+ 68DE             >                org     $ - len_NFA         // rewind to temp_NFA and re-do NFA part
1245+ 68DB             >
1245+ 68DB 83          >                db      len_NFA | END_BIT | is_normal  // The start of NFA must have msb set to signal the beginning of the sounted string
1245+ 68DC 52 50 21    >                db      "RP!"               // name string in 7-bit ascii, but
1245+ 68DF             >                org     $-1                 // alter last byte of Name just above to set
1245+ 68DE A1          >                db      {b $} | END_BIT     // msb as name end
1245+ 68DF             >
1245+ 68DF D2 68       >                dw      last_NFA            // Link to previous definition Name
1245+ 68E1             >RPSTORE:          if is_code != 0 ; ok        // This is the start address of the direct jp(hl)
1245+ 68E1 ~           >                call    runcode ; ok        // for primitive definitions  actual code
1245+ 68E1 ~           >
1245+ 68E1 ~           >
1245+ 68E1             >                endif           ; ok        // for other definitions it "points" the correct handler
1245+ 68E1             >                // Use of "; ok" to suppress "warning[fwdref]"
1245+ 68E1             >
1245+ 68E1             >last_NFA        defl    temp_NFA            // keep track of NFA saved above
1246+ 68E1 D1                           pop     de
1247+ 68E2                              // *** ex      de, hl
1248+ 68E2                              // *** ldrphl
1249+ 68E2
1250+ 68E2                              next
1250+ 68E2 DD E9       >                jp      (ix)
1251+ 68E4
1252+ 68E4              //  ______________________________________________________________________
1253+ 68E4              //
1254+ 68E4              // exit       --
1255+ 68E4              // exits back to the caller word
1256+ 68E4                              New_Def EXIT, "EXIT", is_code, is_normal
1256+ 68E4             >temp_NFA        defl    $                   // save this NFA address to temp_NFA
1256+ 68E4             >
1256+ 68E4             >                // dummy db directives used to calculate length of namec
1256+ 68E4 45 58 49 54 >                db      "EXIT"
1256+ 68E8             >len_NFA         defl    $ - temp_NFA
1256+ 68E8             >                org     $ - len_NFA         // rewind to temp_NFA and re-do NFA part
1256+ 68E4             >
1256+ 68E4 84          >                db      len_NFA | END_BIT | is_normal  // The start of NFA must have msb set to signal the beginning of the sounted string
1256+ 68E5 45 58 49 54 >                db      "EXIT"               // name string in 7-bit ascii, but
1256+ 68E9             >                org     $-1                 // alter last byte of Name just above to set
1256+ 68E8 D4          >                db      {b $} | END_BIT     // msb as name end
1256+ 68E9             >
1256+ 68E9 DB 68       >                dw      last_NFA            // Link to previous definition Name
1256+ 68EB             >EXIT:          if is_code != 0 ; ok        // This is the start address of the direct jp(hl)
1256+ 68EB ~           >                call    runcode ; ok        // for primitive definitions  actual code
1256+ 68EB ~           >
1256+ 68EB ~           >
1256+ 68EB             >                endif           ; ok        // for other definitions it "points" the correct handler
1256+ 68EB             >                // Use of "; ok" to suppress "warning[fwdref]"
1256+ 68EB             >
1256+ 68EB             >last_NFA        defl    temp_NFA            // keep track of NFA saved above
1257+ 68EB EB                           ex      de, hl
1258+ 68EC                              // *** ldhlrp                      // Get Return Stack Pointer
1259+ 68EC 4E                           ld      c, (hl)             // pop Instruction Pointer
1260+ 68ED 23                           inc     hl                  // from Return Stack
1261+ 68EE 46                           ld      b, (hl)
1262+ 68EF 23                           inc     hl
1263+ 68F0                              // *** ldrphl                      // Set Return Stack Pointer
1264+ 68F0 EB                           ex      de, hl
1265+ 68F1                              next
1265+ 68F1 DD E9       >                jp      (ix)
1266+ 68F3
1267+ 68F3              //  ______________________________________________________________________
1268+ 68F3              //
1269+ 68F3              // lastl      --
1270+ 68F3              // exits back to the caller word
1271+ 68F3              //              New_Def EXIT, "LASTL", is_code, is_normal
1272+ 68F3              //              push    de
1273+ 68F3              //              ex      de, hl //**
1274+ 68F3              //              // *** ldhlrp                      // Get Return Stack Pointer
1275+ 68F3              //              ld      e, (hl)             // pop Instruction Pointer
1276+ 68F3              //              inc     hl                  // from Return Stack
1277+ 68F3              //              ld      d, (hl)
1278+ 68F3              //              inc     hl
1279+ 68F3              //              ld      (hl), e
1280+ 68F3              //              inc     hl
1281+ 68F3              //              ld      (hl), d
1282+ 68F3              //              add     hl, -3
1283+ 68F3              //              pop     de
1284+ 68F3              //              next
1285+ 68F3
1286+ 68F3              //  ______________________________________________________________________
1287+ 68F3              //
1288+ 68F3              // >r      n --
1289+ 68F3              // pop from calculator-stack and push into return-stack
1290+ 68F3                              New_Def TO_R, ">R", is_code, is_normal
1290+ 68F3             >temp_NFA        defl    $                   // save this NFA address to temp_NFA
1290+ 68F3             >
1290+ 68F3             >                // dummy db directives used to calculate length of namec
1290+ 68F3 3E 52       >                db      ">R"
1290+ 68F5             >len_NFA         defl    $ - temp_NFA
1290+ 68F5             >                org     $ - len_NFA         // rewind to temp_NFA and re-do NFA part
1290+ 68F3             >
1290+ 68F3 82          >                db      len_NFA | END_BIT | is_normal  // The start of NFA must have msb set to signal the beginning of the sounted string
1290+ 68F4 3E 52       >                db      ">R"               // name string in 7-bit ascii, but
1290+ 68F6             >                org     $-1                 // alter last byte of Name just above to set
1290+ 68F5 D2          >                db      {b $} | END_BIT     // msb as name end
1290+ 68F6             >
1290+ 68F6 E4 68       >                dw      last_NFA            // Link to previous definition Name
1290+ 68F8             >TO_R:          if is_code != 0 ; ok        // This is the start address of the direct jp(hl)
1290+ 68F8 ~           >                call    runcode ; ok        // for primitive definitions  actual code
1290+ 68F8 ~           >
1290+ 68F8 ~           >
1290+ 68F8             >                endif           ; ok        // for other definitions it "points" the correct handler
1290+ 68F8             >                // Use of "; ok" to suppress "warning[fwdref]"
1290+ 68F8             >
1290+ 68F8             >last_NFA        defl    temp_NFA            // keep track of NFA saved above
1291+ 68F8 E1                           pop     hl
1292+ 68F9 EB                           ex      de, hl //**
1293+ 68FA                              // *** ldhlrp
1294+ 68FA 2B                           dec     hl
1295+ 68FB 72                           ld      (hl), d             // store current TOS
1296+ 68FC 2B                           dec     hl                  // to Return Stack
1297+ 68FD 73                           ld      (hl), e
1298+ 68FE                              // *** ldrphl
1299+ 68FE EB                           ex      de, hl //**
1300+ 68FF                              next
1300+ 68FF DD E9       >                jp      (ix)
1301+ 6901
1302+ 6901              //  ______________________________________________________________________
1303+ 6901              //
1304+ 6901              // r>      -- n
1305+ 6901              // pop from return-stack and push into calculator-stack
1306+ 6901                              New_Def R_TO, "R>", is_code, is_normal
1306+ 6901             >temp_NFA        defl    $                   // save this NFA address to temp_NFA
1306+ 6901             >
1306+ 6901             >                // dummy db directives used to calculate length of namec
1306+ 6901 52 3E       >                db      "R>"
1306+ 6903             >len_NFA         defl    $ - temp_NFA
1306+ 6903             >                org     $ - len_NFA         // rewind to temp_NFA and re-do NFA part
1306+ 6901             >
1306+ 6901 82          >                db      len_NFA | END_BIT | is_normal  // The start of NFA must have msb set to signal the beginning of the sounted string
1306+ 6902 52 3E       >                db      "R>"               // name string in 7-bit ascii, but
1306+ 6904             >                org     $-1                 // alter last byte of Name just above to set
1306+ 6903 BE          >                db      {b $} | END_BIT     // msb as name end
1306+ 6904             >
1306+ 6904 F3 68       >                dw      last_NFA            // Link to previous definition Name
1306+ 6906             >R_TO:          if is_code != 0 ; ok        // This is the start address of the direct jp(hl)
1306+ 6906 ~           >                call    runcode ; ok        // for primitive definitions  actual code
1306+ 6906 ~           >
1306+ 6906 ~           >
1306+ 6906             >                endif           ; ok        // for other definitions it "points" the correct handler
1306+ 6906             >                // Use of "; ok" to suppress "warning[fwdref]"
1306+ 6906             >
1306+ 6906             >last_NFA        defl    temp_NFA            // keep track of NFA saved above
1307+ 6906
1308+ 6906 EB                           ex      de, hl //**
1309+ 6907                              // *** ldhlrp
1310+ 6907 5E                           ld      e, (hl)             // retrieve from Return Stack
1311+ 6908 23                           inc     hl
1312+ 6909 56                           ld      d, (hl)
1313+ 690A 23                           inc     hl
1314+ 690B                              // *** ldrphl
1315+ 690B EB                           ex      de, hl //**
1316+ 690C E5                           push    hl
1317+ 690D                              next
1317+ 690D DD E9       >                jp      (ix)
1318+ 690F
1319+ 690F              //  ______________________________________________________________________
1320+ 690F              //
1321+ 690F              // r@           -- n
1322+ 690F              // return on top of stack the value of top of return-stack
1323+ 690F              // Since this is the same as I, we alter R's CFA to jump there
1324+ 690F                              New_Def R_OP, "R@", is_code, is_normal
1324+ 690F             >temp_NFA        defl    $                   // save this NFA address to temp_NFA
1324+ 690F             >
1324+ 690F             >                // dummy db directives used to calculate length of namec
1324+ 690F 52 40       >                db      "R@"
1324+ 6911             >len_NFA         defl    $ - temp_NFA
1324+ 6911             >                org     $ - len_NFA         // rewind to temp_NFA and re-do NFA part
1324+ 690F             >
1324+ 690F 82          >                db      len_NFA | END_BIT | is_normal  // The start of NFA must have msb set to signal the beginning of the sounted string
1324+ 6910 52 40       >                db      "R@"               // name string in 7-bit ascii, but
1324+ 6912             >                org     $-1                 // alter last byte of Name just above to set
1324+ 6911 C0          >                db      {b $} | END_BIT     // msb as name end
1324+ 6912             >
1324+ 6912 01 69       >                dw      last_NFA            // Link to previous definition Name
1324+ 6914             >R_OP:          if is_code != 0 ; ok        // This is the start address of the direct jp(hl)
1324+ 6914 ~           >                call    runcode ; ok        // for primitive definitions  actual code
1324+ 6914 ~           >
1324+ 6914 ~           >
1324+ 6914             >                endif           ; ok        // for other definitions it "points" the correct handler
1324+ 6914             >                // Use of "; ok" to suppress "warning[fwdref]"
1324+ 6914             >
1324+ 6914             >last_NFA        defl    temp_NFA            // keep track of NFA saved above
1325+ 6914 C3 0A 65                     jp      I_Ptr
1326+ 6917
1327+ 6917              //  ______________________________________________________________________
1328+ 6917              //
1329+ 6917              // r            -- n
1330+ 6917              // return on top of stack the value of top of return-stack
1331+ 6917              // Since this is the same as I, we alter R's CFA to jump there
1332+ 6917              //              New_Def R_OLD, "R", is_code, is_normal
1333+ 6917              //              jp      I_Ptr
1334+ 6917
1335+ 6917              //  ______________________________________________________________________
1336+ 6917              //
1337+ 6917              // 0=           n -- f
1338+ 6917              // true (non zero) if n is zero, false (0) elsewere
1339+ 6917                              New_Def ZEQUAL, "0=", is_code, is_normal
1339+ 6917             >temp_NFA        defl    $                   // save this NFA address to temp_NFA
1339+ 6917             >
1339+ 6917             >                // dummy db directives used to calculate length of namec
1339+ 6917 30 3D       >                db      "0="
1339+ 6919             >len_NFA         defl    $ - temp_NFA
1339+ 6919             >                org     $ - len_NFA         // rewind to temp_NFA and re-do NFA part
1339+ 6917             >
1339+ 6917 82          >                db      len_NFA | END_BIT | is_normal  // The start of NFA must have msb set to signal the beginning of the sounted string
1339+ 6918 30 3D       >                db      "0="               // name string in 7-bit ascii, but
1339+ 691A             >                org     $-1                 // alter last byte of Name just above to set
1339+ 6919 BD          >                db      {b $} | END_BIT     // msb as name end
1339+ 691A             >
1339+ 691A 0F 69       >                dw      last_NFA            // Link to previous definition Name
1339+ 691C             >ZEQUAL:          if is_code != 0 ; ok        // This is the start address of the direct jp(hl)
1339+ 691C ~           >                call    runcode ; ok        // for primitive definitions  actual code
1339+ 691C ~           >
1339+ 691C ~           >
1339+ 691C             >                endif           ; ok        // for other definitions it "points" the correct handler
1339+ 691C             >                // Use of "; ok" to suppress "warning[fwdref]"
1339+ 691C             >
1339+ 691C             >last_NFA        defl    temp_NFA            // keep track of NFA saved above
1340+ 691C              Zero_Equal:
1341+ 691C E1                           pop     hl
1342+ 691D 7D                           ld      a, l
1343+ 691E B4                           or      h
1344+ 691F 20 01                        jr      nz, ZEqual_Skip
1345+ 6921 3F                               ccf
1346+ 6922              ZEqual_Skip:
1347+ 6922 ED 62                        sbc     hl, hl
1348+ 6924                              psh1
1348+ 6924 E5          >                push    hl
1348+ 6925 DD E9       >                jp      (ix)
1349+ 6927
1350+ 6927              //  ______________________________________________________________________
1351+ 6927              //
1352+ 6927              // not         a1 -- a2
1353+ 6927              // increment by 2 top of stack
1354+ 6927                              New_Def NOT_OP, "NOT", is_code, is_normal
1354+ 6927             >temp_NFA        defl    $                   // save this NFA address to temp_NFA
1354+ 6927             >
1354+ 6927             >                // dummy db directives used to calculate length of namec
1354+ 6927 4E 4F 54    >                db      "NOT"
1354+ 692A             >len_NFA         defl    $ - temp_NFA
1354+ 692A             >                org     $ - len_NFA         // rewind to temp_NFA and re-do NFA part
1354+ 6927             >
1354+ 6927 83          >                db      len_NFA | END_BIT | is_normal  // The start of NFA must have msb set to signal the beginning of the sounted string
1354+ 6928 4E 4F 54    >                db      "NOT"               // name string in 7-bit ascii, but
1354+ 692B             >                org     $-1                 // alter last byte of Name just above to set
1354+ 692A D4          >                db      {b $} | END_BIT     // msb as name end
1354+ 692B             >
1354+ 692B 17 69       >                dw      last_NFA            // Link to previous definition Name
1354+ 692D             >NOT_OP:          if is_code != 0 ; ok        // This is the start address of the direct jp(hl)
1354+ 692D ~           >                call    runcode ; ok        // for primitive definitions  actual code
1354+ 692D ~           >
1354+ 692D ~           >
1354+ 692D             >                endif           ; ok        // for other definitions it "points" the correct handler
1354+ 692D             >                // Use of "; ok" to suppress "warning[fwdref]"
1354+ 692D             >
1354+ 692D             >last_NFA        defl    temp_NFA            // keep track of NFA saved above
1355+ 692D C3 1C 69                     jp      Zero_Equal
1356+ 6930
1357+ 6930              //  ______________________________________________________________________
1358+ 6930              //
1359+ 6930              // 0<           n -- f
1360+ 6930              // true (non zero) if n is less than zero, false (0) elsewere
1361+ 6930                              New_Def ZLESS, "0<", is_code, is_normal
1361+ 6930             >temp_NFA        defl    $                   // save this NFA address to temp_NFA
1361+ 6930             >
1361+ 6930             >                // dummy db directives used to calculate length of namec
1361+ 6930 30 3C       >                db      "0<"
1361+ 6932             >len_NFA         defl    $ - temp_NFA
1361+ 6932             >                org     $ - len_NFA         // rewind to temp_NFA and re-do NFA part
1361+ 6930             >
1361+ 6930 82          >                db      len_NFA | END_BIT | is_normal  // The start of NFA must have msb set to signal the beginning of the sounted string
1361+ 6931 30 3C       >                db      "0<"               // name string in 7-bit ascii, but
1361+ 6933             >                org     $-1                 // alter last byte of Name just above to set
1361+ 6932 BC          >                db      {b $} | END_BIT     // msb as name end
1361+ 6933             >
1361+ 6933 27 69       >                dw      last_NFA            // Link to previous definition Name
1361+ 6935             >ZLESS:          if is_code != 0 ; ok        // This is the start address of the direct jp(hl)
1361+ 6935 ~           >                call    runcode ; ok        // for primitive definitions  actual code
1361+ 6935 ~           >
1361+ 6935 ~           >
1361+ 6935             >                endif           ; ok        // for other definitions it "points" the correct handler
1361+ 6935             >                // Use of "; ok" to suppress "warning[fwdref]"
1361+ 6935             >
1361+ 6935             >last_NFA        defl    temp_NFA            // keep track of NFA saved above
1362+ 6935 E1                           pop     hl
1363+ 6936 29                           add     hl, hl
1364+ 6937 ED 62                        sbc     hl, hl
1365+ 6939                              psh1
1365+ 6939 E5          >                push    hl
1365+ 693A DD E9       >                jp      (ix)
1366+ 693C
1367+ 693C              //  ______________________________________________________________________
1368+ 693C              //
1369+ 693C              // 0>           n -- f
1370+ 693C              // true (non zero) if n is less than zero, false (0) elsewere
1371+ 693C                              New_Def ZGREATER, "0>", is_code, is_normal
1371+ 693C             >temp_NFA        defl    $                   // save this NFA address to temp_NFA
1371+ 693C             >
1371+ 693C             >                // dummy db directives used to calculate length of namec
1371+ 693C 30 3E       >                db      "0>"
1371+ 693E             >len_NFA         defl    $ - temp_NFA
1371+ 693E             >                org     $ - len_NFA         // rewind to temp_NFA and re-do NFA part
1371+ 693C             >
1371+ 693C 82          >                db      len_NFA | END_BIT | is_normal  // The start of NFA must have msb set to signal the beginning of the sounted string
1371+ 693D 30 3E       >                db      "0>"               // name string in 7-bit ascii, but
1371+ 693F             >                org     $-1                 // alter last byte of Name just above to set
1371+ 693E BE          >                db      {b $} | END_BIT     // msb as name end
1371+ 693F             >
1371+ 693F 30 69       >                dw      last_NFA            // Link to previous definition Name
1371+ 6941             >ZGREATER:          if is_code != 0 ; ok        // This is the start address of the direct jp(hl)
1371+ 6941 ~           >                call    runcode ; ok        // for primitive definitions  actual code
1371+ 6941 ~           >
1371+ 6941 ~           >
1371+ 6941             >                endif           ; ok        // for other definitions it "points" the correct handler
1371+ 6941             >                // Use of "; ok" to suppress "warning[fwdref]"
1371+ 6941             >
1371+ 6941             >last_NFA        defl    temp_NFA            // keep track of NFA saved above
1372+ 6941 E1                           pop     hl
1373+ 6942 7D                           ld      a, l
1374+ 6943 B4                           or      h
1375+ 6944 28 04                        jr      z, ZGreater_Skip
1376+ 6946 29                           add     hl, hl
1377+ 6947 3F                           ccf
1378+ 6948 ED 62                        sbc     hl, hl
1379+ 694A              ZGreater_Skip:
1380+ 694A                              psh1
1380+ 694A E5          >                push    hl
1380+ 694B DD E9       >                jp      (ix)
1381+ 694D
1382+ 694D              //  ______________________________________________________________________
1383+ 694D              //
1384+ 694D              // +            n1 n2 -- n3
1385+ 694D              // returns the unsigned sum of two top values
1386+ 694D                              New_Def PLUS, "+", is_code, is_normal
1386+ 694D             >temp_NFA        defl    $                   // save this NFA address to temp_NFA
1386+ 694D             >
1386+ 694D             >                // dummy db directives used to calculate length of namec
1386+ 694D 2B          >                db      "+"
1386+ 694E             >len_NFA         defl    $ - temp_NFA
1386+ 694E             >                org     $ - len_NFA         // rewind to temp_NFA and re-do NFA part
1386+ 694D             >
1386+ 694D 81          >                db      len_NFA | END_BIT | is_normal  // The start of NFA must have msb set to signal the beginning of the sounted string
1386+ 694E 2B          >                db      "+"               // name string in 7-bit ascii, but
1386+ 694F             >                org     $-1                 // alter last byte of Name just above to set
1386+ 694E AB          >                db      {b $} | END_BIT     // msb as name end
1386+ 694F             >
1386+ 694F 3C 69       >                dw      last_NFA            // Link to previous definition Name
1386+ 6951             >PLUS:          if is_code != 0 ; ok        // This is the start address of the direct jp(hl)
1386+ 6951 ~           >                call    runcode ; ok        // for primitive definitions  actual code
1386+ 6951 ~           >
1386+ 6951 ~           >
1386+ 6951             >                endif           ; ok        // for other definitions it "points" the correct handler
1386+ 6951             >                // Use of "; ok" to suppress "warning[fwdref]"
1386+ 6951             >
1386+ 6951             >last_NFA        defl    temp_NFA            // keep track of NFA saved above
1387+ 6951 D9                           exx
1388+ 6952 E1                           pop     hl
1389+ 6953 D1                           pop     de
1390+ 6954 19                           add     hl, de
1391+ 6955 E5                           push    hl
1392+ 6956 D9                           exx
1393+ 6957                              next
1393+ 6957 DD E9       >                jp      (ix)
1394+ 6959
1395+ 6959
1396+ 6959              //  ______________________________________________________________________
1397+ 6959              //
1398+ 6959              // d+           d1 d2 -- d3
1399+ 6959              // returns the unsigned sum of two top double-numbers
1400+ 6959              //      d2  d1
1401+ 6959              //      h l h l
1402+ 6959              // SP   LHEDLHED
1403+ 6959              // SP  +01234567
1404+ 6959                              New_Def DPLUS, "D+", is_code, is_normal
1404+ 6959             >temp_NFA        defl    $                   // save this NFA address to temp_NFA
1404+ 6959             >
1404+ 6959             >                // dummy db directives used to calculate length of namec
1404+ 6959 44 2B       >                db      "D+"
1404+ 695B             >len_NFA         defl    $ - temp_NFA
1404+ 695B             >                org     $ - len_NFA         // rewind to temp_NFA and re-do NFA part
1404+ 6959             >
1404+ 6959 82          >                db      len_NFA | END_BIT | is_normal  // The start of NFA must have msb set to signal the beginning of the sounted string
1404+ 695A 44 2B       >                db      "D+"               // name string in 7-bit ascii, but
1404+ 695C             >                org     $-1                 // alter last byte of Name just above to set
1404+ 695B AB          >                db      {b $} | END_BIT     // msb as name end
1404+ 695C             >
1404+ 695C 4D 69       >                dw      last_NFA            // Link to previous definition Name
1404+ 695E             >DPLUS:          if is_code != 0 ; ok        // This is the start address of the direct jp(hl)
1404+ 695E ~           >                call    runcode ; ok        // for primitive definitions  actual code
1404+ 695E ~           >
1404+ 695E ~           >
1404+ 695E             >                endif           ; ok        // for other definitions it "points" the correct handler
1404+ 695E             >                // Use of "; ok" to suppress "warning[fwdref]"
1404+ 695E             >
1404+ 695E             >last_NFA        defl    temp_NFA            // keep track of NFA saved above
1405+ 695E
1406+ 695E D9                           exx
1407+ 695F C1                           pop     bc                  // bc := d2.H
1408+ 6960 D1                           pop     de                  // hl := d2.L
1409+ 6961 E1                           pop     hl                  // d1.H
1410+ 6962 E3                           ex      (sp), hl            // d1.L
1411+ 6963 19                           add     hl, de              // hl := d2.L + d1.L
1412+ 6964 E3                           ex      (sp), hl            // d1.H
1413+ 6965 ED 4A                        adc     hl, bc              // d1.H + d2.H
1414+ 6967 E5                           push    hl
1415+ 6968 D9                           exx
1416+ 6969                              next
1416+ 6969 DD E9       >                jp      (ix)
1417+ 696B
1418+ 696B              //  ______________________________________________________________________
1419+ 696B              //
1420+ 696B              // 1+           n1 -- n2
1421+ 696B              // increment by 1 top of stack
1422+ 696B                              New_Def ONE_PLUS, "1+", is_code, is_normal
1422+ 696B             >temp_NFA        defl    $                   // save this NFA address to temp_NFA
1422+ 696B             >
1422+ 696B             >                // dummy db directives used to calculate length of namec
1422+ 696B 31 2B       >                db      "1+"
1422+ 696D             >len_NFA         defl    $ - temp_NFA
1422+ 696D             >                org     $ - len_NFA         // rewind to temp_NFA and re-do NFA part
1422+ 696B             >
1422+ 696B 82          >                db      len_NFA | END_BIT | is_normal  // The start of NFA must have msb set to signal the beginning of the sounted string
1422+ 696C 31 2B       >                db      "1+"               // name string in 7-bit ascii, but
1422+ 696E             >                org     $-1                 // alter last byte of Name just above to set
1422+ 696D AB          >                db      {b $} | END_BIT     // msb as name end
1422+ 696E             >
1422+ 696E 59 69       >                dw      last_NFA            // Link to previous definition Name
1422+ 6970             >ONE_PLUS:          if is_code != 0 ; ok        // This is the start address of the direct jp(hl)
1422+ 6970 ~           >                call    runcode ; ok        // for primitive definitions  actual code
1422+ 6970 ~           >
1422+ 6970 ~           >
1422+ 6970             >                endif           ; ok        // for other definitions it "points" the correct handler
1422+ 6970             >                // Use of "; ok" to suppress "warning[fwdref]"
1422+ 6970             >
1422+ 6970             >last_NFA        defl    temp_NFA            // keep track of NFA saved above
1423+ 6970 E1                           pop     hl
1424+ 6971 23                           inc     hl
1425+ 6972
1426+ 6972                              psh1
1426+ 6972 E5          >                push    hl
1426+ 6973 DD E9       >                jp      (ix)
1427+ 6975
1428+ 6975              //  ______________________________________________________________________
1429+ 6975              //
1430+ 6975              // 1-           n1 -- n2
1431+ 6975              // decrement by 1 top of stack
1432+ 6975                              New_Def ONE_SUBTRACT, "1-", is_code, is_normal
1432+ 6975             >temp_NFA        defl    $                   // save this NFA address to temp_NFA
1432+ 6975             >
1432+ 6975             >                // dummy db directives used to calculate length of namec
1432+ 6975 31 2D       >                db      "1-"
1432+ 6977             >len_NFA         defl    $ - temp_NFA
1432+ 6977             >                org     $ - len_NFA         // rewind to temp_NFA and re-do NFA part
1432+ 6975             >
1432+ 6975 82          >                db      len_NFA | END_BIT | is_normal  // The start of NFA must have msb set to signal the beginning of the sounted string
1432+ 6976 31 2D       >                db      "1-"               // name string in 7-bit ascii, but
1432+ 6978             >                org     $-1                 // alter last byte of Name just above to set
1432+ 6977 AD          >                db      {b $} | END_BIT     // msb as name end
1432+ 6978             >
1432+ 6978 6B 69       >                dw      last_NFA            // Link to previous definition Name
1432+ 697A             >ONE_SUBTRACT:          if is_code != 0 ; ok        // This is the start address of the direct jp(hl)
1432+ 697A ~           >                call    runcode ; ok        // for primitive definitions  actual code
1432+ 697A ~           >
1432+ 697A ~           >
1432+ 697A             >                endif           ; ok        // for other definitions it "points" the correct handler
1432+ 697A             >                // Use of "; ok" to suppress "warning[fwdref]"
1432+ 697A             >
1432+ 697A             >last_NFA        defl    temp_NFA            // keep track of NFA saved above
1433+ 697A E1                           pop     hl
1434+ 697B 2B                           dec     hl
1435+ 697C
1436+ 697C                              psh1
1436+ 697C E5          >                push    hl
1436+ 697D DD E9       >                jp      (ix)
1437+ 697F
1438+ 697F              //  ______________________________________________________________________
1439+ 697F              //
1440+ 697F              // 2+           n1 -- n2
1441+ 697F              // increment by 2 top of stack
1442+ 697F                              New_Def TWO_PLUS, "2+", is_code, is_normal
1442+ 697F             >temp_NFA        defl    $                   // save this NFA address to temp_NFA
1442+ 697F             >
1442+ 697F             >                // dummy db directives used to calculate length of namec
1442+ 697F 32 2B       >                db      "2+"
1442+ 6981             >len_NFA         defl    $ - temp_NFA
1442+ 6981             >                org     $ - len_NFA         // rewind to temp_NFA and re-do NFA part
1442+ 697F             >
1442+ 697F 82          >                db      len_NFA | END_BIT | is_normal  // The start of NFA must have msb set to signal the beginning of the sounted string
1442+ 6980 32 2B       >                db      "2+"               // name string in 7-bit ascii, but
1442+ 6982             >                org     $-1                 // alter last byte of Name just above to set
1442+ 6981 AB          >                db      {b $} | END_BIT     // msb as name end
1442+ 6982             >
1442+ 6982 75 69       >                dw      last_NFA            // Link to previous definition Name
1442+ 6984             >TWO_PLUS:          if is_code != 0 ; ok        // This is the start address of the direct jp(hl)
1442+ 6984 ~           >                call    runcode ; ok        // for primitive definitions  actual code
1442+ 6984 ~           >
1442+ 6984 ~           >
1442+ 6984             >                endif           ; ok        // for other definitions it "points" the correct handler
1442+ 6984             >                // Use of "; ok" to suppress "warning[fwdref]"
1442+ 6984             >
1442+ 6984             >last_NFA        defl    temp_NFA            // keep track of NFA saved above
1443+ 6984              Two_Plus:
1444+ 6984 E1                           pop     hl
1445+ 6985 23                           inc     hl
1446+ 6986 23                           inc     hl
1447+ 6987
1448+ 6987                              psh1
1448+ 6987 E5          >                push    hl
1448+ 6988 DD E9       >                jp      (ix)
1449+ 698A
1450+ 698A              //  ______________________________________________________________________
1451+ 698A              //
1452+ 698A              // cell+        a1 -- a2
1453+ 698A              // increment by 2 top of stack
1454+ 698A                              New_Def CELL_PLUS, "CELL+", is_code, is_normal
1454+ 698A             >temp_NFA        defl    $                   // save this NFA address to temp_NFA
1454+ 698A             >
1454+ 698A             >                // dummy db directives used to calculate length of namec
1454+ 698A 43 45 4C 4C >                db      "CELL+"
1454+ 698E 2B          >
1454+ 698F             >len_NFA         defl    $ - temp_NFA
1454+ 698F             >                org     $ - len_NFA         // rewind to temp_NFA and re-do NFA part
1454+ 698A             >
1454+ 698A 85          >                db      len_NFA | END_BIT | is_normal  // The start of NFA must have msb set to signal the beginning of the sounted string
1454+ 698B 43 45 4C 4C >                db      "CELL+"               // name string in 7-bit ascii, but
1454+ 698F 2B          >
1454+ 6990             >                org     $-1                 // alter last byte of Name just above to set
1454+ 698F AB          >                db      {b $} | END_BIT     // msb as name end
1454+ 6990             >
1454+ 6990 7F 69       >                dw      last_NFA            // Link to previous definition Name
1454+ 6992             >CELL_PLUS:          if is_code != 0 ; ok        // This is the start address of the direct jp(hl)
1454+ 6992 ~           >                call    runcode ; ok        // for primitive definitions  actual code
1454+ 6992 ~           >
1454+ 6992 ~           >
1454+ 6992             >                endif           ; ok        // for other definitions it "points" the correct handler
1454+ 6992             >                // Use of "; ok" to suppress "warning[fwdref]"
1454+ 6992             >
1454+ 6992             >last_NFA        defl    temp_NFA            // keep track of NFA saved above
1455+ 6992 18 F0                        jr      Two_Plus
1456+ 6994
1457+ 6994              //  ______________________________________________________________________
1458+ 6994              //
1459+ 6994              // align        a1 -- a2
1460+ 6994              // align memory : not used
1461+ 6994              //              New_Def ALIGN_ADDR, "ALIGN", is_code, is_normal
1462+ 6994              //            next
1463+ 6994
1464+ 6994              //  ______________________________________________________________________
1465+ 6994              //
1466+ 6994              // cell-        a1 -- a2
1467+ 6994              // decrement by 2 top of stack
1468+ 6994                              New_Def CELL_MINUS, "CELL-", is_code, is_normal
1468+ 6994             >temp_NFA        defl    $                   // save this NFA address to temp_NFA
1468+ 6994             >
1468+ 6994             >                // dummy db directives used to calculate length of namec
1468+ 6994 43 45 4C 4C >                db      "CELL-"
1468+ 6998 2D          >
1468+ 6999             >len_NFA         defl    $ - temp_NFA
1468+ 6999             >                org     $ - len_NFA         // rewind to temp_NFA and re-do NFA part
1468+ 6994             >
1468+ 6994 85          >                db      len_NFA | END_BIT | is_normal  // The start of NFA must have msb set to signal the beginning of the sounted string
1468+ 6995 43 45 4C 4C >                db      "CELL-"               // name string in 7-bit ascii, but
1468+ 6999 2D          >
1468+ 699A             >                org     $-1                 // alter last byte of Name just above to set
1468+ 6999 AD          >                db      {b $} | END_BIT     // msb as name end
1468+ 699A             >
1468+ 699A 8A 69       >                dw      last_NFA            // Link to previous definition Name
1468+ 699C             >CELL_MINUS:          if is_code != 0 ; ok        // This is the start address of the direct jp(hl)
1468+ 699C ~           >                call    runcode ; ok        // for primitive definitions  actual code
1468+ 699C ~           >
1468+ 699C ~           >
1468+ 699C             >                endif           ; ok        // for other definitions it "points" the correct handler
1468+ 699C             >                // Use of "; ok" to suppress "warning[fwdref]"
1468+ 699C             >
1468+ 699C             >last_NFA        defl    temp_NFA            // keep track of NFA saved above
1469+ 699C              CellMinus:
1470+ 699C E1                           pop     hl
1471+ 699D 2B                           dec     hl
1472+ 699E 2B                           dec     hl
1473+ 699F
1474+ 699F                              psh1
1474+ 699F E5          >                push    hl
1474+ 69A0 DD E9       >                jp      (ix)
1475+ 69A2
1476+ 69A2              //  ______________________________________________________________________
1477+ 69A2              //
1478+ 69A2              // 2-           a1 -- a2
1479+ 69A2              // decrement by 2 top of stack
1480+ 69A2                              New_Def TWO_MINUS, "2-", is_code, is_normal
1480+ 69A2             >temp_NFA        defl    $                   // save this NFA address to temp_NFA
1480+ 69A2             >
1480+ 69A2             >                // dummy db directives used to calculate length of namec
1480+ 69A2 32 2D       >                db      "2-"
1480+ 69A4             >len_NFA         defl    $ - temp_NFA
1480+ 69A4             >                org     $ - len_NFA         // rewind to temp_NFA and re-do NFA part
1480+ 69A2             >
1480+ 69A2 82          >                db      len_NFA | END_BIT | is_normal  // The start of NFA must have msb set to signal the beginning of the sounted string
1480+ 69A3 32 2D       >                db      "2-"               // name string in 7-bit ascii, but
1480+ 69A5             >                org     $-1                 // alter last byte of Name just above to set
1480+ 69A4 AD          >                db      {b $} | END_BIT     // msb as name end
1480+ 69A5             >
1480+ 69A5 94 69       >                dw      last_NFA            // Link to previous definition Name
1480+ 69A7             >TWO_MINUS:          if is_code != 0 ; ok        // This is the start address of the direct jp(hl)
1480+ 69A7 ~           >                call    runcode ; ok        // for primitive definitions  actual code
1480+ 69A7 ~           >
1480+ 69A7 ~           >
1480+ 69A7             >                endif           ; ok        // for other definitions it "points" the correct handler
1480+ 69A7             >                // Use of "; ok" to suppress "warning[fwdref]"
1480+ 69A7             >
1480+ 69A7             >last_NFA        defl    temp_NFA            // keep track of NFA saved above
1481+ 69A7 C3 9C 69                     jp      CellMinus
1482+ 69AA
1483+ 69AA              //  ______________________________________________________________________
1484+ 69AA              //
1485+ 69AA              // negate       n1 -- n2
1486+ 69AA              // change the sign of number
1487+ 69AA                              New_Def MINUS, "NEGATE", is_code, is_normal
1487+ 69AA             >temp_NFA        defl    $                   // save this NFA address to temp_NFA
1487+ 69AA             >
1487+ 69AA             >                // dummy db directives used to calculate length of namec
1487+ 69AA 4E 45 47 41 >                db      "NEGATE"
1487+ 69AE 54 45       >
1487+ 69B0             >len_NFA         defl    $ - temp_NFA
1487+ 69B0             >                org     $ - len_NFA         // rewind to temp_NFA and re-do NFA part
1487+ 69AA             >
1487+ 69AA 86          >                db      len_NFA | END_BIT | is_normal  // The start of NFA must have msb set to signal the beginning of the sounted string
1487+ 69AB 4E 45 47 41 >                db      "NEGATE"               // name string in 7-bit ascii, but
1487+ 69AF 54 45       >
1487+ 69B1             >                org     $-1                 // alter last byte of Name just above to set
1487+ 69B0 C5          >                db      {b $} | END_BIT     // msb as name end
1487+ 69B1             >
1487+ 69B1 A2 69       >                dw      last_NFA            // Link to previous definition Name
1487+ 69B3             >MINUS:          if is_code != 0 ; ok        // This is the start address of the direct jp(hl)
1487+ 69B3 ~           >                call    runcode ; ok        // for primitive definitions  actual code
1487+ 69B3 ~           >
1487+ 69B3 ~           >
1487+ 69B3             >                endif           ; ok        // for other definitions it "points" the correct handler
1487+ 69B3             >                // Use of "; ok" to suppress "warning[fwdref]"
1487+ 69B3             >
1487+ 69B3             >last_NFA        defl    temp_NFA            // keep track of NFA saved above
1488+ 69B3 D9                           exx
1489+ 69B4 D1                           pop     de
1490+ 69B5 AF                           xor     a
1491+ 69B6              Negate_Ptr:
1492+ 69B6 67                           ld      h, a               // subtract from 0
1493+ 69B7 6F                           ld      l, a
1494+ 69B8 ED 52                        sbc     hl, de
1495+ 69BA E5                           push    hl
1496+ 69BB D9                           exx
1497+ 69BC                              next
1497+ 69BC DD E9       >                jp      (ix)
1498+ 69BE
1499+ 69BE              //  ______________________________________________________________________
1500+ 69BE              //
1501+ 69BE              // dnegate      d1 -- d2
1502+ 69BE              // change the sign of a double number
1503+ 69BE                              New_Def DMINUS, "DNEGATE", is_code, is_normal
1503+ 69BE             >temp_NFA        defl    $                   // save this NFA address to temp_NFA
1503+ 69BE             >
1503+ 69BE             >                // dummy db directives used to calculate length of namec
1503+ 69BE 44 4E 45 47 >                db      "DNEGATE"
1503+ 69C2 41 54 45    >
1503+ 69C5             >len_NFA         defl    $ - temp_NFA
1503+ 69C5             >                org     $ - len_NFA         // rewind to temp_NFA and re-do NFA part
1503+ 69BE             >
1503+ 69BE 87          >                db      len_NFA | END_BIT | is_normal  // The start of NFA must have msb set to signal the beginning of the sounted string
1503+ 69BF 44 4E 45 47 >                db      "DNEGATE"               // name string in 7-bit ascii, but
1503+ 69C3 41 54 45    >
1503+ 69C6             >                org     $-1                 // alter last byte of Name just above to set
1503+ 69C5 C5          >                db      {b $} | END_BIT     // msb as name end
1503+ 69C6             >
1503+ 69C6 AA 69       >                dw      last_NFA            // Link to previous definition Name
1503+ 69C8             >DMINUS:          if is_code != 0 ; ok        // This is the start address of the direct jp(hl)
1503+ 69C8 ~           >                call    runcode ; ok        // for primitive definitions  actual code
1503+ 69C8 ~           >
1503+ 69C8 ~           >
1503+ 69C8             >                endif           ; ok        // for other definitions it "points" the correct handler
1503+ 69C8             >                // Use of "; ok" to suppress "warning[fwdref]"
1503+ 69C8             >
1503+ 69C8             >last_NFA        defl    temp_NFA            // keep track of NFA saved above
1504+ 69C8 D9                           exx
1505+ 69C9 D1                           pop     de                  // d1.H
1506+ 69CA C1                           pop     bc                  // d1.L
1507+ 69CB AF                           xor     a
1508+ 69CC
1509+ 69CC 67                           ld      h, a
1510+ 69CD 6F                           ld      l, a
1511+ 69CE ED 42                        sbc     hl, bc              // subtact from zero
1512+ 69D0 E5                           push    hl                  // > d2-L
1513+ 69D1 18 E3                        jr      Negate_Ptr
1514+ 69D3              //              ld      h, a
1515+ 69D3              //              ld      l, a
1516+ 69D3              //              sbc     hl, de              // subtract from zero with carry
1517+ 69D3                                                          // > d2-H
1518+ 69D3              //              push    hl
1519+ 69D3              //              exx
1520+ 69D3              //              next
1521+ 69D3
1522+ 69D3              //  ______________________________________________________________________
1523+ 69D3              //
1524+ 69D3              // over         n1 n2 -- n1 n2 n1
1525+ 69D3              // copy the second value of stack and put it on top.
1526+ 69D3                              New_Def OVER, "OVER", is_code, is_normal
1526+ 69D3             >temp_NFA        defl    $                   // save this NFA address to temp_NFA
1526+ 69D3             >
1526+ 69D3             >                // dummy db directives used to calculate length of namec
1526+ 69D3 4F 56 45 52 >                db      "OVER"
1526+ 69D7             >len_NFA         defl    $ - temp_NFA
1526+ 69D7             >                org     $ - len_NFA         // rewind to temp_NFA and re-do NFA part
1526+ 69D3             >
1526+ 69D3 84          >                db      len_NFA | END_BIT | is_normal  // The start of NFA must have msb set to signal the beginning of the sounted string
1526+ 69D4 4F 56 45 52 >                db      "OVER"               // name string in 7-bit ascii, but
1526+ 69D8             >                org     $-1                 // alter last byte of Name just above to set
1526+ 69D7 D2          >                db      {b $} | END_BIT     // msb as name end
1526+ 69D8             >
1526+ 69D8 BE 69       >                dw      last_NFA            // Link to previous definition Name
1526+ 69DA             >OVER:          if is_code != 0 ; ok        // This is the start address of the direct jp(hl)
1526+ 69DA ~           >                call    runcode ; ok        // for primitive definitions  actual code
1526+ 69DA ~           >
1526+ 69DA ~           >
1526+ 69DA             >                endif           ; ok        // for other definitions it "points" the correct handler
1526+ 69DA             >                // Use of "; ok" to suppress "warning[fwdref]"
1526+ 69DA             >
1526+ 69DA             >last_NFA        defl    temp_NFA            // keep track of NFA saved above
1527+ 69DA                              // exx     // we can use af instead OPTIMIZATION possible
1528+ 69DA F1                           pop     af                  //   n2
1529+ 69DB E1                           pop     hl                  // < n1
1530+ 69DC E5                           push    hl                  // > n1
1531+ 69DD F5                           push    af                  // > n2
1532+ 69DE E5                           push    hl                  // > n1
1533+ 69DF                              // exx
1534+ 69DF                              next
1534+ 69DF DD E9       >                jp      (ix)
1535+ 69E1
1536+ 69E1              //  ______________________________________________________________________
1537+ 69E1              //
1538+ 69E1              // drop         n1 --
1539+ 69E1              // drops the top of stack
1540+ 69E1                              New_Def DROP, "DROP", is_code, is_normal
1540+ 69E1             >temp_NFA        defl    $                   // save this NFA address to temp_NFA
1540+ 69E1             >
1540+ 69E1             >                // dummy db directives used to calculate length of namec
1540+ 69E1 44 52 4F 50 >                db      "DROP"
1540+ 69E5             >len_NFA         defl    $ - temp_NFA
1540+ 69E5             >                org     $ - len_NFA         // rewind to temp_NFA and re-do NFA part
1540+ 69E1             >
1540+ 69E1 84          >                db      len_NFA | END_BIT | is_normal  // The start of NFA must have msb set to signal the beginning of the sounted string
1540+ 69E2 44 52 4F 50 >                db      "DROP"               // name string in 7-bit ascii, but
1540+ 69E6             >                org     $-1                 // alter last byte of Name just above to set
1540+ 69E5 D0          >                db      {b $} | END_BIT     // msb as name end
1540+ 69E6             >
1540+ 69E6 D3 69       >                dw      last_NFA            // Link to previous definition Name
1540+ 69E8             >DROP:          if is_code != 0 ; ok        // This is the start address of the direct jp(hl)
1540+ 69E8 ~           >                call    runcode ; ok        // for primitive definitions  actual code
1540+ 69E8 ~           >
1540+ 69E8 ~           >
1540+ 69E8             >                endif           ; ok        // for other definitions it "points" the correct handler
1540+ 69E8             >                // Use of "; ok" to suppress "warning[fwdref]"
1540+ 69E8             >
1540+ 69E8             >last_NFA        defl    temp_NFA            // keep track of NFA saved above
1541+ 69E8 E1                           pop     hl                  // < n1 and discard previous TOS
1542+ 69E9                              next
1542+ 69E9 DD E9       >                jp      (ix)
1543+ 69EB
1544+ 69EB              //  ______________________________________________________________________
1545+ 69EB              //
1546+ 69EB              // nip          n1 n2 -- n2
1547+ 69EB              // drops the second elemento on the stack
1548+ 69EB                              New_Def NIP, "NIP", is_code, is_normal
1548+ 69EB             >temp_NFA        defl    $                   // save this NFA address to temp_NFA
1548+ 69EB             >
1548+ 69EB             >                // dummy db directives used to calculate length of namec
1548+ 69EB 4E 49 50    >                db      "NIP"
1548+ 69EE             >len_NFA         defl    $ - temp_NFA
1548+ 69EE             >                org     $ - len_NFA         // rewind to temp_NFA and re-do NFA part
1548+ 69EB             >
1548+ 69EB 83          >                db      len_NFA | END_BIT | is_normal  // The start of NFA must have msb set to signal the beginning of the sounted string
1548+ 69EC 4E 49 50    >                db      "NIP"               // name string in 7-bit ascii, but
1548+ 69EF             >                org     $-1                 // alter last byte of Name just above to set
1548+ 69EE D0          >                db      {b $} | END_BIT     // msb as name end
1548+ 69EF             >
1548+ 69EF E1 69       >                dw      last_NFA            // Link to previous definition Name
1548+ 69F1             >NIP:          if is_code != 0 ; ok        // This is the start address of the direct jp(hl)
1548+ 69F1 ~           >                call    runcode ; ok        // for primitive definitions  actual code
1548+ 69F1 ~           >
1548+ 69F1 ~           >
1548+ 69F1             >                endif           ; ok        // for other definitions it "points" the correct handler
1548+ 69F1             >                // Use of "; ok" to suppress "warning[fwdref]"
1548+ 69F1             >
1548+ 69F1             >last_NFA        defl    temp_NFA            // keep track of NFA saved above
1549+ 69F1
1550+ 69F1 E1                           pop     hl                  // < n1 discarded
1551+ 69F2 E3                           ex      (sp), hl
1552+ 69F3                              next
1552+ 69F3 DD E9       >                jp      (ix)
1553+ 69F5
1554+ 69F5              //  ______________________________________________________________________
1555+ 69F5              //
1556+ 69F5              // tuck         n1 n2 -- n2 n1 n2
1557+ 69F5              // copy the top element after the second.
1558+ 69F5                              New_Def TUCK, "TUCK", is_code, is_normal
1558+ 69F5             >temp_NFA        defl    $                   // save this NFA address to temp_NFA
1558+ 69F5             >
1558+ 69F5             >                // dummy db directives used to calculate length of namec
1558+ 69F5 54 55 43 4B >                db      "TUCK"
1558+ 69F9             >len_NFA         defl    $ - temp_NFA
1558+ 69F9             >                org     $ - len_NFA         // rewind to temp_NFA and re-do NFA part
1558+ 69F5             >
1558+ 69F5 84          >                db      len_NFA | END_BIT | is_normal  // The start of NFA must have msb set to signal the beginning of the sounted string
1558+ 69F6 54 55 43 4B >                db      "TUCK"               // name string in 7-bit ascii, but
1558+ 69FA             >                org     $-1                 // alter last byte of Name just above to set
1558+ 69F9 CB          >                db      {b $} | END_BIT     // msb as name end
1558+ 69FA             >
1558+ 69FA EB 69       >                dw      last_NFA            // Link to previous definition Name
1558+ 69FC             >TUCK:          if is_code != 0 ; ok        // This is the start address of the direct jp(hl)
1558+ 69FC ~           >                call    runcode ; ok        // for primitive definitions  actual code
1558+ 69FC ~           >
1558+ 69FC ~           >
1558+ 69FC             >                endif           ; ok        // for other definitions it "points" the correct handler
1558+ 69FC             >                // Use of "; ok" to suppress "warning[fwdref]"
1558+ 69FC             >
1558+ 69FC             >last_NFA        defl    temp_NFA            // keep track of NFA saved above
1559+ 69FC E1                           pop     hl
1560+ 69FD F1                           pop     af                  // < n1
1561+ 69FE E5                           push    hl                  // > n2  and TOS
1562+ 69FF F5                           push    af                  // > n1
1563+ 6A00 E5                           push    hl
1564+ 6A01                              next
1564+ 6A01 DD E9       >                jp      (ix)
1565+ 6A03
1566+ 6A03              //  ______________________________________________________________________
1567+ 6A03              //
1568+ 6A03              // swap         n1 n2 -- n2 n1
1569+ 6A03              // swaps the two values on top of stack
1570+ 6A03                              New_Def SWAP, "SWAP", is_code, is_normal
1570+ 6A03             >temp_NFA        defl    $                   // save this NFA address to temp_NFA
1570+ 6A03             >
1570+ 6A03             >                // dummy db directives used to calculate length of namec
1570+ 6A03 53 57 41 50 >                db      "SWAP"
1570+ 6A07             >len_NFA         defl    $ - temp_NFA
1570+ 6A07             >                org     $ - len_NFA         // rewind to temp_NFA and re-do NFA part
1570+ 6A03             >
1570+ 6A03 84          >                db      len_NFA | END_BIT | is_normal  // The start of NFA must have msb set to signal the beginning of the sounted string
1570+ 6A04 53 57 41 50 >                db      "SWAP"               // name string in 7-bit ascii, but
1570+ 6A08             >                org     $-1                 // alter last byte of Name just above to set
1570+ 6A07 D0          >                db      {b $} | END_BIT     // msb as name end
1570+ 6A08             >
1570+ 6A08 F5 69       >                dw      last_NFA            // Link to previous definition Name
1570+ 6A0A             >SWAP:          if is_code != 0 ; ok        // This is the start address of the direct jp(hl)
1570+ 6A0A ~           >                call    runcode ; ok        // for primitive definitions  actual code
1570+ 6A0A ~           >
1570+ 6A0A ~           >
1570+ 6A0A             >                endif           ; ok        // for other definitions it "points" the correct handler
1570+ 6A0A             >                // Use of "; ok" to suppress "warning[fwdref]"
1570+ 6A0A             >
1570+ 6A0A             >last_NFA        defl    temp_NFA            // keep track of NFA saved above
1571+ 6A0A E1                           pop     hl                  // < n1
1572+ 6A0B E3                           ex      (sp),hl             // > n2
1573+ 6A0C E5                           push    hl                  // copy n1 to TOS
1574+ 6A0D                              next
1574+ 6A0D DD E9       >                jp      (ix)
1575+ 6A0F
1576+ 6A0F              //  ______________________________________________________________________
1577+ 6A0F              //
1578+ 6A0F              // dup         n -- n n
1579+ 6A0F              // duplicates the top value of stack
1580+ 6A0F                              New_Def DUP, "DUP", is_code, is_normal
1580+ 6A0F             >temp_NFA        defl    $                   // save this NFA address to temp_NFA
1580+ 6A0F             >
1580+ 6A0F             >                // dummy db directives used to calculate length of namec
1580+ 6A0F 44 55 50    >                db      "DUP"
1580+ 6A12             >len_NFA         defl    $ - temp_NFA
1580+ 6A12             >                org     $ - len_NFA         // rewind to temp_NFA and re-do NFA part
1580+ 6A0F             >
1580+ 6A0F 83          >                db      len_NFA | END_BIT | is_normal  // The start of NFA must have msb set to signal the beginning of the sounted string
1580+ 6A10 44 55 50    >                db      "DUP"               // name string in 7-bit ascii, but
1580+ 6A13             >                org     $-1                 // alter last byte of Name just above to set
1580+ 6A12 D0          >                db      {b $} | END_BIT     // msb as name end
1580+ 6A13             >
1580+ 6A13 03 6A       >                dw      last_NFA            // Link to previous definition Name
1580+ 6A15             >DUP:          if is_code != 0 ; ok        // This is the start address of the direct jp(hl)
1580+ 6A15 ~           >                call    runcode ; ok        // for primitive definitions  actual code
1580+ 6A15 ~           >
1580+ 6A15 ~           >
1580+ 6A15             >                endif           ; ok        // for other definitions it "points" the correct handler
1580+ 6A15             >                // Use of "; ok" to suppress "warning[fwdref]"
1580+ 6A15             >
1580+ 6A15             >last_NFA        defl    temp_NFA            // keep track of NFA saved above
1581+ 6A15 E1                           pop     hl
1582+ 6A16 E5                           push    hl                  // > n duplicate TOS
1583+ 6A17 E5                           push    hl
1584+ 6A18                              next
1584+ 6A18 DD E9       >                jp      (ix)
1585+ 6A1A
1586+ 6A1A              //  ______________________________________________________________________
1587+ 6A1A              //
1588+ 6A1A              // rot         n1 n2 n3 -- n2 n3 n1
1589+ 6A1A              // Rotates the 3 top values of stack by picking the 3rd in access-order
1590+ 6A1A              // and putting it on top. The other two are shifted down one place.
1591+ 6A1A                              New_Def ROT, "ROT", is_code, is_normal
1591+ 6A1A             >temp_NFA        defl    $                   // save this NFA address to temp_NFA
1591+ 6A1A             >
1591+ 6A1A             >                // dummy db directives used to calculate length of namec
1591+ 6A1A 52 4F 54    >                db      "ROT"
1591+ 6A1D             >len_NFA         defl    $ - temp_NFA
1591+ 6A1D             >                org     $ - len_NFA         // rewind to temp_NFA and re-do NFA part
1591+ 6A1A             >
1591+ 6A1A 83          >                db      len_NFA | END_BIT | is_normal  // The start of NFA must have msb set to signal the beginning of the sounted string
1591+ 6A1B 52 4F 54    >                db      "ROT"               // name string in 7-bit ascii, but
1591+ 6A1E             >                org     $-1                 // alter last byte of Name just above to set
1591+ 6A1D D4          >                db      {b $} | END_BIT     // msb as name end
1591+ 6A1E             >
1591+ 6A1E 0F 6A       >                dw      last_NFA            // Link to previous definition Name
1591+ 6A20             >ROT:          if is_code != 0 ; ok        // This is the start address of the direct jp(hl)
1591+ 6A20 ~           >                call    runcode ; ok        // for primitive definitions  actual code
1591+ 6A20 ~           >
1591+ 6A20 ~           >
1591+ 6A20             >                endif           ; ok        // for other definitions it "points" the correct handler
1591+ 6A20             >                // Use of "; ok" to suppress "warning[fwdref]"
1591+ 6A20             >
1591+ 6A20             >last_NFA        defl    temp_NFA            // keep track of NFA saved above
1592+ 6A20              //              exx
1593+ 6A20 F1                           pop     af                  // < n3
1594+ 6A21 E1                           pop     hl                  // < n2
1595+ 6A22 E3                           ex      (sp),hl             // > n2 < n1
1596+ 6A23 F5                           push    af                  // > n3
1597+ 6A24 E5                           push    hl                  // copy n1 to TOS
1598+ 6A25              //              exx
1599+ 6A25                              next
1599+ 6A25 DD E9       >                jp      (ix)
1600+ 6A27
1601+ 6A27              //  ______________________________________________________________________
1602+ 6A27              //
1603+ 6A27              // -rot         n1 n2 n3 -- n3 n1 n2
1604+ 6A27              // Rotates the 3 top values of stack by picking the 1st in access-order
1605+ 6A27              // and putting back to 3rd place. The other two are shifted down one place.
1606+ 6A27                              New_Def DASH_ROT, "-ROT", is_code, is_normal
1606+ 6A27             >temp_NFA        defl    $                   // save this NFA address to temp_NFA
1606+ 6A27             >
1606+ 6A27             >                // dummy db directives used to calculate length of namec
1606+ 6A27 2D 52 4F 54 >                db      "-ROT"
1606+ 6A2B             >len_NFA         defl    $ - temp_NFA
1606+ 6A2B             >                org     $ - len_NFA         // rewind to temp_NFA and re-do NFA part
1606+ 6A27             >
1606+ 6A27 84          >                db      len_NFA | END_BIT | is_normal  // The start of NFA must have msb set to signal the beginning of the sounted string
1606+ 6A28 2D 52 4F 54 >                db      "-ROT"               // name string in 7-bit ascii, but
1606+ 6A2C             >                org     $-1                 // alter last byte of Name just above to set
1606+ 6A2B D4          >                db      {b $} | END_BIT     // msb as name end
1606+ 6A2C             >
1606+ 6A2C 1A 6A       >                dw      last_NFA            // Link to previous definition Name
1606+ 6A2E             >DASH_ROT:          if is_code != 0 ; ok        // This is the start address of the direct jp(hl)
1606+ 6A2E ~           >                call    runcode ; ok        // for primitive definitions  actual code
1606+ 6A2E ~           >
1606+ 6A2E ~           >
1606+ 6A2E             >                endif           ; ok        // for other definitions it "points" the correct handler
1606+ 6A2E             >                // Use of "; ok" to suppress "warning[fwdref]"
1606+ 6A2E             >
1606+ 6A2E             >last_NFA        defl    temp_NFA            // keep track of NFA saved above
1607+ 6A2E              //              exx
1608+ 6A2E E1                           pop     hl                  // < n3
1609+ 6A2F F1                           pop     af                  // < n2
1610+ 6A30 E3                           ex      (sp),hl             // > n3 < n1
1611+ 6A31 E5                           push    hl                  // > n1
1612+ 6A32 F5                           push    af                  // copy n3 to TOS
1613+ 6A33              //              exx
1614+ 6A33                              next
1614+ 6A33 DD E9       >                jp      (ix)
1615+ 6A35
1616+ 6A35              //  ______________________________________________________________________
1617+ 6A35              //
1618+ 6A35              // pick        n1 -- nx
1619+ 6A35              // picks the nth element from TOS
1620+ 6A35                              New_Def PICK, "PICK", is_code, is_normal
1620+ 6A35             >temp_NFA        defl    $                   // save this NFA address to temp_NFA
1620+ 6A35             >
1620+ 6A35             >                // dummy db directives used to calculate length of namec
1620+ 6A35 50 49 43 4B >                db      "PICK"
1620+ 6A39             >len_NFA         defl    $ - temp_NFA
1620+ 6A39             >                org     $ - len_NFA         // rewind to temp_NFA and re-do NFA part
1620+ 6A35             >
1620+ 6A35 84          >                db      len_NFA | END_BIT | is_normal  // The start of NFA must have msb set to signal the beginning of the sounted string
1620+ 6A36 50 49 43 4B >                db      "PICK"               // name string in 7-bit ascii, but
1620+ 6A3A             >                org     $-1                 // alter last byte of Name just above to set
1620+ 6A39 CB          >                db      {b $} | END_BIT     // msb as name end
1620+ 6A3A             >
1620+ 6A3A 27 6A       >                dw      last_NFA            // Link to previous definition Name
1620+ 6A3C             >PICK:          if is_code != 0 ; ok        // This is the start address of the direct jp(hl)
1620+ 6A3C ~           >                call    runcode ; ok        // for primitive definitions  actual code
1620+ 6A3C ~           >
1620+ 6A3C ~           >
1620+ 6A3C             >                endif           ; ok        // for other definitions it "points" the correct handler
1620+ 6A3C             >                // Use of "; ok" to suppress "warning[fwdref]"
1620+ 6A3C             >
1620+ 6A3C             >last_NFA        defl    temp_NFA            // keep track of NFA saved above
1621+ 6A3C E1                           pop     hl                  // take TOS as index
1622+ 6A3D 29                           add     hl, hl              // as cells
1623+ 6A3E 39                           add     hl, sp              // from Stack Pointer
1624+ 6A3F 7E                           ld      a, (hl)             // replace TOS
1625+ 6A40 23                           inc     hl
1626+ 6A41 66                           ld      h, (hl)
1627+ 6A42 6F                           ld      l, a
1628+ 6A43 E5                           push    hl
1629+ 6A44                              next
1629+ 6A44 DD E9       >                jp      (ix)
1630+ 6A46
1631+ 6A46
1632+ 6A46              //  ______________________________________________________________________
1633+ 6A46              //
1634+ 6A46              // roll        n1 n2 n3 ... n -- n2 n3 ... n1
1635+ 6A46              // picks the nth element from TOS
1636+ 6A46                              New_Def ROLL, "ROLL", is_code, is_normal
1636+ 6A46             >temp_NFA        defl    $                   // save this NFA address to temp_NFA
1636+ 6A46             >
1636+ 6A46             >                // dummy db directives used to calculate length of namec
1636+ 6A46 52 4F 4C 4C >                db      "ROLL"
1636+ 6A4A             >len_NFA         defl    $ - temp_NFA
1636+ 6A4A             >                org     $ - len_NFA         // rewind to temp_NFA and re-do NFA part
1636+ 6A46             >
1636+ 6A46 84          >                db      len_NFA | END_BIT | is_normal  // The start of NFA must have msb set to signal the beginning of the sounted string
1636+ 6A47 52 4F 4C 4C >                db      "ROLL"               // name string in 7-bit ascii, but
1636+ 6A4B             >                org     $-1                 // alter last byte of Name just above to set
1636+ 6A4A CC          >                db      {b $} | END_BIT     // msb as name end
1636+ 6A4B             >
1636+ 6A4B 35 6A       >                dw      last_NFA            // Link to previous definition Name
1636+ 6A4D             >ROLL:          if is_code != 0 ; ok        // This is the start address of the direct jp(hl)
1636+ 6A4D ~           >                call    runcode ; ok        // for primitive definitions  actual code
1636+ 6A4D ~           >
1636+ 6A4D ~           >
1636+ 6A4D             >                endif           ; ok        // for other definitions it "points" the correct handler
1636+ 6A4D             >                // Use of "; ok" to suppress "warning[fwdref]"
1636+ 6A4D             >
1636+ 6A4D             >last_NFA        defl    temp_NFA            // keep track of NFA saved above
1637+ 6A4D D9                           exx                     // we need all registers free
1638+ 6A4E E1                           pop     hl              // number of cells to roll
1639+ 6A4F 7C                           ld      a, h
1640+ 6A50 B5                           or       l
1641+ 6A51 28 13                        jr      z, Roll_Zero
1642+ 6A53 29                               add     hl, hl              // number of bytes to move
1643+ 6A54 44                               ld      b, h
1644+ 6A55 4D                               ld      c, l
1645+ 6A56 39                               add     hl, sp          // address of n1
1646+ 6A57 7E                               ld      a, (hl)         // take n1 into a and a,
1647+ 6A58 23                               inc     hl
1648+ 6A59 08                               ex      af, af'
1649+ 6A5A 7E                               ld      a, (hl)         // take n1 into a and a,
1650+ 6A5B 54                               ld      d, h
1651+ 6A5C 5D                               ld      e, l
1652+ 6A5D 2B                               dec     hl
1653+ 6A5E 2B                               dec     hl
1654+ 6A5F ED B8                            lddr
1655+ 6A61 EB                               ex      de, hl
1656+ 6A62 77                               ld      (hl), a
1657+ 6A63 2B                               dec     hl
1658+ 6A64 08                               ex      af, af'
1659+ 6A65 77                               ld      (hl), a
1660+ 6A66              Roll_Zero:
1661+ 6A66 D9                           exx
1662+ 6A67                              next
1662+ 6A67 DD E9       >                jp      (ix)
1663+ 6A69
1664+ 6A69
1665+ 6A69              //  ______________________________________________________________________
1666+ 6A69              //
1667+ 6A69              // 2over        d1 d2 -- d1 d2 d1
1668+ 6A69              //              n1 n2 n3 n4 -- n1 n2 n3 n4 n1 n2
1669+ 6A69              // copy the second double of stack and put on top.
1670+ 6A69                              New_Def TWO_OVER, "2OVER", is_code, is_normal
1670+ 6A69             >temp_NFA        defl    $                   // save this NFA address to temp_NFA
1670+ 6A69             >
1670+ 6A69             >                // dummy db directives used to calculate length of namec
1670+ 6A69 32 4F 56 45 >                db      "2OVER"
1670+ 6A6D 52          >
1670+ 6A6E             >len_NFA         defl    $ - temp_NFA
1670+ 6A6E             >                org     $ - len_NFA         // rewind to temp_NFA and re-do NFA part
1670+ 6A69             >
1670+ 6A69 85          >                db      len_NFA | END_BIT | is_normal  // The start of NFA must have msb set to signal the beginning of the sounted string
1670+ 6A6A 32 4F 56 45 >                db      "2OVER"               // name string in 7-bit ascii, but
1670+ 6A6E 52          >
1670+ 6A6F             >                org     $-1                 // alter last byte of Name just above to set
1670+ 6A6E D2          >                db      {b $} | END_BIT     // msb as name end
1670+ 6A6F             >
1670+ 6A6F 46 6A       >                dw      last_NFA            // Link to previous definition Name
1670+ 6A71             >TWO_OVER:          if is_code != 0 ; ok        // This is the start address of the direct jp(hl)
1670+ 6A71 ~           >                call    runcode ; ok        // for primitive definitions  actual code
1670+ 6A71 ~           >
1670+ 6A71 ~           >
1670+ 6A71             >                endif           ; ok        // for other definitions it "points" the correct handler
1670+ 6A71             >                // Use of "; ok" to suppress "warning[fwdref]"
1670+ 6A71             >
1670+ 6A71             >last_NFA        defl    temp_NFA            // keep track of NFA saved above
1671+ 6A71 D9                           exx
1672+ 6A72              //              ld      hl, 7
1673+ 6A72              //              add     hl, sp
1674+ 6A72              //              ld      d, (hl)
1675+ 6A72              //              dec     hl
1676+ 6A72              //              ld      e, (hl)             // d1-L
1677+ 6A72              //              push    de
1678+ 6A72              //              dec     hl
1679+ 6A72              //              ld      d, (hl)
1680+ 6A72              //              dec     hl
1681+ 6A72              //              ld      e, (hl)             // d1-H
1682+ 6A72              //              push    de
1683+ 6A72
1684+ 6A72 E1                           pop     hl      // 10
1685+ 6A73 D1                           pop     de      // 10
1686+ 6A74 C1                           pop     bc      // 10
1687+ 6A75 F1                           pop     af      // 10
1688+ 6A76 F5                           push    af      // 11
1689+ 6A77 C5                           push    bc      // 11
1690+ 6A78 D5                           push    de      // 11
1691+ 6A79 E5                           push    hl      // 11
1692+ 6A7A F5                           push    af      // 11
1693+ 6A7B C5                           push    bc      // 11
1694+ 6A7C
1695+ 6A7C D9                           exx
1696+ 6A7D                              next
1696+ 6A7D DD E9       >                jp      (ix)
1697+ 6A7F
1698+ 6A7F              //  ______________________________________________________________________
1699+ 6A7F              //
1700+ 6A7F              // 2drop        d --
1701+ 6A7F              //              n1 n2 --
1702+ 6A7F              // drops the top double from stack
1703+ 6A7F                              New_Def TWO_DROP, "2DROP", is_code, is_normal
1703+ 6A7F             >temp_NFA        defl    $                   // save this NFA address to temp_NFA
1703+ 6A7F             >
1703+ 6A7F             >                // dummy db directives used to calculate length of namec
1703+ 6A7F 32 44 52 4F >                db      "2DROP"
1703+ 6A83 50          >
1703+ 6A84             >len_NFA         defl    $ - temp_NFA
1703+ 6A84             >                org     $ - len_NFA         // rewind to temp_NFA and re-do NFA part
1703+ 6A7F             >
1703+ 6A7F 85          >                db      len_NFA | END_BIT | is_normal  // The start of NFA must have msb set to signal the beginning of the sounted string
1703+ 6A80 32 44 52 4F >                db      "2DROP"               // name string in 7-bit ascii, but
1703+ 6A84 50          >
1703+ 6A85             >                org     $-1                 // alter last byte of Name just above to set
1703+ 6A84 D0          >                db      {b $} | END_BIT     // msb as name end
1703+ 6A85             >
1703+ 6A85 69 6A       >                dw      last_NFA            // Link to previous definition Name
1703+ 6A87             >TWO_DROP:          if is_code != 0 ; ok        // This is the start address of the direct jp(hl)
1703+ 6A87 ~           >                call    runcode ; ok        // for primitive definitions  actual code
1703+ 6A87 ~           >
1703+ 6A87 ~           >
1703+ 6A87             >                endif           ; ok        // for other definitions it "points" the correct handler
1703+ 6A87             >                // Use of "; ok" to suppress "warning[fwdref]"
1703+ 6A87             >
1703+ 6A87             >last_NFA        defl    temp_NFA            // keep track of NFA saved above
1704+ 6A87 E1                           pop     hl
1705+ 6A88 E1                           pop     hl
1706+ 6A89                              next
1706+ 6A89 DD E9       >                jp      (ix)
1707+ 6A8B
1708+ 6A8B              //  ______________________________________________________________________
1709+ 6A8B              //
1710+ 6A8B              // 2nip         d1 d2 -- d2
1711+ 6A8B              //              n1 n2 n3 n4 -- n3 n4
1712+ 6A8B              // drops the second double on the stack
1713+ 6A8B              //              New_Def TWO_NIP, 4, "2nip"
1714+ 6A8B              //              ...
1715+ 6A8B
1716+ 6A8B              //  ______________________________________________________________________
1717+ 6A8B              //
1718+ 6A8B              // 2tuck         d1 d2 -- d2 d1 d2
1719+ 6A8B              // copy the top element after the second.
1720+ 6A8B              //              New_Def TWO_TUCK, 5, "2tuck"
1721+ 6A8B              //              ...
1722+ 6A8B
1723+ 6A8B              //  ______________________________________________________________________
1724+ 6A8B              //
1725+ 6A8B              // 2swap         d1 d2 -- d2 d1
1726+ 6A8B              //               n1 n2 n3 n4 -- n3 n4 n1 n2
1727+ 6A8B              // swaps the two doubles on top of stack
1728+ 6A8B                              New_Def TWO_SWAP, "2SWAP", is_code, is_normal
1728+ 6A8B             >temp_NFA        defl    $                   // save this NFA address to temp_NFA
1728+ 6A8B             >
1728+ 6A8B             >                // dummy db directives used to calculate length of namec
1728+ 6A8B 32 53 57 41 >                db      "2SWAP"
1728+ 6A8F 50          >
1728+ 6A90             >len_NFA         defl    $ - temp_NFA
1728+ 6A90             >                org     $ - len_NFA         // rewind to temp_NFA and re-do NFA part
1728+ 6A8B             >
1728+ 6A8B 85          >                db      len_NFA | END_BIT | is_normal  // The start of NFA must have msb set to signal the beginning of the sounted string
1728+ 6A8C 32 53 57 41 >                db      "2SWAP"               // name string in 7-bit ascii, but
1728+ 6A90 50          >
1728+ 6A91             >                org     $-1                 // alter last byte of Name just above to set
1728+ 6A90 D0          >                db      {b $} | END_BIT     // msb as name end
1728+ 6A91             >
1728+ 6A91 7F 6A       >                dw      last_NFA            // Link to previous definition Name
1728+ 6A93             >TWO_SWAP:          if is_code != 0 ; ok        // This is the start address of the direct jp(hl)
1728+ 6A93 ~           >                call    runcode ; ok        // for primitive definitions  actual code
1728+ 6A93 ~           >
1728+ 6A93 ~           >
1728+ 6A93             >                endif           ; ok        // for other definitions it "points" the correct handler
1728+ 6A93             >                // Use of "; ok" to suppress "warning[fwdref]"
1728+ 6A93             >
1728+ 6A93             >last_NFA        defl    temp_NFA            // keep track of NFA saved above
1729+ 6A93 D9                           exx
1730+ 6A94 F1                           pop     af                  //   d2-H
1731+ 6A95 E1                           pop     hl                  // < d2-L
1732+ 6A96 D1                           pop     de                  // < d1-H
1733+ 6A97 E3                           ex      (sp), hl            // < d1-L > d2-L
1734+ 6A98 F5                           push    af                  // > d2-H
1735+ 6A99 E5                           push    hl                  // > d1-L
1736+ 6A9A D5                           push    de
1737+ 6A9B D9                           exx
1738+ 6A9C                              next
1738+ 6A9C DD E9       >                jp      (ix)
1739+ 6A9E
1740+ 6A9E              //  ______________________________________________________________________
1741+ 6A9E              //
1742+ 6A9E              // 2dup         d -- d d
1743+ 6A9E              //              n1 n2 -- n1 n2 n1 n2
1744+ 6A9E              // duplicates the top double of stack
1745+ 6A9E                              New_Def TWO_DUP, "2DUP", is_code, is_normal
1745+ 6A9E             >temp_NFA        defl    $                   // save this NFA address to temp_NFA
1745+ 6A9E             >
1745+ 6A9E             >                // dummy db directives used to calculate length of namec
1745+ 6A9E 32 44 55 50 >                db      "2DUP"
1745+ 6AA2             >len_NFA         defl    $ - temp_NFA
1745+ 6AA2             >                org     $ - len_NFA         // rewind to temp_NFA and re-do NFA part
1745+ 6A9E             >
1745+ 6A9E 84          >                db      len_NFA | END_BIT | is_normal  // The start of NFA must have msb set to signal the beginning of the sounted string
1745+ 6A9F 32 44 55 50 >                db      "2DUP"               // name string in 7-bit ascii, but
1745+ 6AA3             >                org     $-1                 // alter last byte of Name just above to set
1745+ 6AA2 D0          >                db      {b $} | END_BIT     // msb as name end
1745+ 6AA3             >
1745+ 6AA3 8B 6A       >                dw      last_NFA            // Link to previous definition Name
1745+ 6AA5             >TWO_DUP:          if is_code != 0 ; ok        // This is the start address of the direct jp(hl)
1745+ 6AA5 ~           >                call    runcode ; ok        // for primitive definitions  actual code
1745+ 6AA5 ~           >
1745+ 6AA5 ~           >
1745+ 6AA5             >                endif           ; ok        // for other definitions it "points" the correct handler
1745+ 6AA5             >                // Use of "; ok" to suppress "warning[fwdref]"
1745+ 6AA5             >
1745+ 6AA5             >last_NFA        defl    temp_NFA            // keep track of NFA saved above
1746+ 6AA5 E1                           pop     hl                  // < d-H
1747+ 6AA6 F1                           pop     af                  // < d-L
1748+ 6AA7 F5                           push    af                  // < d-L
1749+ 6AA8 E5                           push    hl                  // > d-H
1750+ 6AA9 F5                           push    af                  // > d-L
1751+ 6AAA E5                           push    hl                  // > d-H
1752+ 6AAB                              next
1752+ 6AAB DD E9       >                jp      (ix)
1753+ 6AAD
1754+ 6AAD              //  ______________________________________________________________________
1755+ 6AAD              //
1756+ 6AAD              // 2rot         d1 d2 d3 -- d2 d3 d1
1757+ 6AAD              //              n1 n2 n3 n4 n5 n6 -- n3 n4 n5 n6 n1 n2
1758+ 6AAD              // Rotates the 3 top doubles of stack by picking the 3rd in access-order
1759+ 6AAD              // and putting it on top. The other two are shifted down one place.
1760+ 6AAD              //                New_Def TWO?ROT, 4, "2rot"
1761+ 6AAD              //                ...
1762+ 6AAD                              New_Def TWO_ROT, "2ROT", is_code, is_normal
1762+ 6AAD             >temp_NFA        defl    $                   // save this NFA address to temp_NFA
1762+ 6AAD             >
1762+ 6AAD             >                // dummy db directives used to calculate length of namec
1762+ 6AAD 32 52 4F 54 >                db      "2ROT"
1762+ 6AB1             >len_NFA         defl    $ - temp_NFA
1762+ 6AB1             >                org     $ - len_NFA         // rewind to temp_NFA and re-do NFA part
1762+ 6AAD             >
1762+ 6AAD 84          >                db      len_NFA | END_BIT | is_normal  // The start of NFA must have msb set to signal the beginning of the sounted string
1762+ 6AAE 32 52 4F 54 >                db      "2ROT"               // name string in 7-bit ascii, but
1762+ 6AB2             >                org     $-1                 // alter last byte of Name just above to set
1762+ 6AB1 D4          >                db      {b $} | END_BIT     // msb as name end
1762+ 6AB2             >
1762+ 6AB2 9E 6A       >                dw      last_NFA            // Link to previous definition Name
1762+ 6AB4             >TWO_ROT:          if is_code != 0 ; ok        // This is the start address of the direct jp(hl)
1762+ 6AB4 ~           >                call    runcode ; ok        // for primitive definitions  actual code
1762+ 6AB4 ~           >
1762+ 6AB4 ~           >
1762+ 6AB4             >                endif           ; ok        // for other definitions it "points" the correct handler
1762+ 6AB4             >                // Use of "; ok" to suppress "warning[fwdref]"
1762+ 6AB4             >
1762+ 6AB4             >last_NFA        defl    temp_NFA            // keep track of NFA saved above
1763+ 6AB4
1764+ 6AB4              //   ( n1 n2 n3 n4 n5 n6 -- n3 n4 n5 n6 n1 n2 )
1765+ 6AB4              // \      d3  |d2  |d1  |
1766+ 6AB4              // \      h l |h l |h l |
1767+ 6AB4              // \ SP   LHED|LHED|LHED|
1768+ 6AB4              // \ SP  +0123|4567|89ab|
1769+ 6AB4              // CODE 2rot  ( d1 d2 d3 -- d2 d3 d1 )
1770+ 6AB4              //
1771+ 6AB4 D9                           exx
1772+ 6AB5 E1                            pop     hl      ; d3
1773+ 6AB6 D1                            pop     de
1774+ 6AB7 C1                            pop     bc      ; d2
1775+ 6AB8 F1                            pop     af
1776+ 6AB9 D9                           exx
1777+ 6ABA 08                           ex      af, af'
1778+ 6ABB E1                           pop     hl      ; d1
1779+ 6ABC F1                           pop     af
1780+ 6ABD 08                           ex      af, af'
1781+ 6ABE D9                           exx
1782+ 6ABF F5                            push    af      ; d2
1783+ 6AC0 C5                            push    bc
1784+ 6AC1 D5                            push    de      ; d3
1785+ 6AC2 E5                            push    hl
1786+ 6AC3 D9                           exx
1787+ 6AC4 08                           ex      af, af'
1788+ 6AC5 F5                           push    af      ; d1
1789+ 6AC6 E5                           push    hl
1790+ 6AC7
1791+ 6AC7                              next
1791+ 6AC7 DD E9       >                jp      (ix)
1792+ 6AC9
1793+ 6AC9
1794+ 6AC9              //  ______________________________________________________________________
1795+ 6AC9              //
1796+ 6AC9              // +!           n a --
1797+ 6AC9              // Sums to the content of address a the number n.
1798+ 6AC9              // It is the same of  a @ n + a !
1799+ 6AC9                              New_Def PLUSSTORE, "+!", is_code, is_normal
1799+ 6AC9             >temp_NFA        defl    $                   // save this NFA address to temp_NFA
1799+ 6AC9             >
1799+ 6AC9             >                // dummy db directives used to calculate length of namec
1799+ 6AC9 2B 21       >                db      "+!"
1799+ 6ACB             >len_NFA         defl    $ - temp_NFA
1799+ 6ACB             >                org     $ - len_NFA         // rewind to temp_NFA and re-do NFA part
1799+ 6AC9             >
1799+ 6AC9 82          >                db      len_NFA | END_BIT | is_normal  // The start of NFA must have msb set to signal the beginning of the sounted string
1799+ 6ACA 2B 21       >                db      "+!"               // name string in 7-bit ascii, but
1799+ 6ACC             >                org     $-1                 // alter last byte of Name just above to set
1799+ 6ACB A1          >                db      {b $} | END_BIT     // msb as name end
1799+ 6ACC             >
1799+ 6ACC AD 6A       >                dw      last_NFA            // Link to previous definition Name
1799+ 6ACE             >PLUSSTORE:          if is_code != 0 ; ok        // This is the start address of the direct jp(hl)
1799+ 6ACE ~           >                call    runcode ; ok        // for primitive definitions  actual code
1799+ 6ACE ~           >
1799+ 6ACE ~           >
1799+ 6ACE             >                endif           ; ok        // for other definitions it "points" the correct handler
1799+ 6ACE             >                // Use of "; ok" to suppress "warning[fwdref]"
1799+ 6ACE             >
1799+ 6ACE             >last_NFA        defl    temp_NFA            // keep track of NFA saved above
1800+ 6ACE D9                           exx
1801+ 6ACF E1                           pop     hl                  // hl is the address
1802+ 6AD0 D1                           pop     de                  // de is the number
1803+ 6AD1 7E                           ld      a, (hl)
1804+ 6AD2 83                           add     e
1805+ 6AD3 77                           ld      (hl), a
1806+ 6AD4 23                           inc     hl
1807+ 6AD5 7E                           ld      a, (hl)
1808+ 6AD6 8A                           adc     d
1809+ 6AD7 77                           ld      (hl), a
1810+ 6AD8 D9                           exx
1811+ 6AD9                              next
1811+ 6AD9 DD E9       >                jp      (ix)
1812+ 6ADB
1813+ 6ADB              //  ______________________________________________________________________
1814+ 6ADB              //
1815+ 6ADB              // toggle       a n --
1816+ 6ADB              // Complements (xor) the byte at addrress  a  with the model n.
1817+ 6ADB                              New_Def TOGGLE, "TOGGLE", is_code, is_normal
1817+ 6ADB             >temp_NFA        defl    $                   // save this NFA address to temp_NFA
1817+ 6ADB             >
1817+ 6ADB             >                // dummy db directives used to calculate length of namec
1817+ 6ADB 54 4F 47 47 >                db      "TOGGLE"
1817+ 6ADF 4C 45       >
1817+ 6AE1             >len_NFA         defl    $ - temp_NFA
1817+ 6AE1             >                org     $ - len_NFA         // rewind to temp_NFA and re-do NFA part
1817+ 6ADB             >
1817+ 6ADB 86          >                db      len_NFA | END_BIT | is_normal  // The start of NFA must have msb set to signal the beginning of the sounted string
1817+ 6ADC 54 4F 47 47 >                db      "TOGGLE"               // name string in 7-bit ascii, but
1817+ 6AE0 4C 45       >
1817+ 6AE2             >                org     $-1                 // alter last byte of Name just above to set
1817+ 6AE1 C5          >                db      {b $} | END_BIT     // msb as name end
1817+ 6AE2             >
1817+ 6AE2 C9 6A       >                dw      last_NFA            // Link to previous definition Name
1817+ 6AE4             >TOGGLE:          if is_code != 0 ; ok        // This is the start address of the direct jp(hl)
1817+ 6AE4 ~           >                call    runcode ; ok        // for primitive definitions  actual code
1817+ 6AE4 ~           >
1817+ 6AE4 ~           >
1817+ 6AE4             >                endif           ; ok        // for other definitions it "points" the correct handler
1817+ 6AE4             >                // Use of "; ok" to suppress "warning[fwdref]"
1817+ 6AE4             >
1817+ 6AE4             >last_NFA        defl    temp_NFA            // keep track of NFA saved above
1818+ 6AE4 E1                           pop     hl
1819+ 6AE5 7D                           ld      a, l
1820+ 6AE6 E1                           pop     hl
1821+ 6AE7 AE                           xor     (hl)
1822+ 6AE8 77                           ld      (hl), a
1823+ 6AE9
1824+ 6AE9                              next
1824+ 6AE9 DD E9       >                jp      (ix)
1825+ 6AEB
1826+ 6AEB              //  ______________________________________________________________________
1827+ 6AEB              //
1828+ 6AEB              // @            a -- n
1829+ 6AEB              // fetch 16 bit number n from address a. Z80 keeps high byte is in high memory
1830+ 6AEB                              New_Def FETCH, "@", is_code, is_normal
1830+ 6AEB             >temp_NFA        defl    $                   // save this NFA address to temp_NFA
1830+ 6AEB             >
1830+ 6AEB             >                // dummy db directives used to calculate length of namec
1830+ 6AEB 40          >                db      "@"
1830+ 6AEC             >len_NFA         defl    $ - temp_NFA
1830+ 6AEC             >                org     $ - len_NFA         // rewind to temp_NFA and re-do NFA part
1830+ 6AEB             >
1830+ 6AEB 81          >                db      len_NFA | END_BIT | is_normal  // The start of NFA must have msb set to signal the beginning of the sounted string
1830+ 6AEC 40          >                db      "@"               // name string in 7-bit ascii, but
1830+ 6AED             >                org     $-1                 // alter last byte of Name just above to set
1830+ 6AEC C0          >                db      {b $} | END_BIT     // msb as name end
1830+ 6AED             >
1830+ 6AED DB 6A       >                dw      last_NFA            // Link to previous definition Name
1830+ 6AEF             >FETCH:          if is_code != 0 ; ok        // This is the start address of the direct jp(hl)
1830+ 6AEF ~           >                call    runcode ; ok        // for primitive definitions  actual code
1830+ 6AEF ~           >
1830+ 6AEF ~           >
1830+ 6AEF             >                endif           ; ok        // for other definitions it "points" the correct handler
1830+ 6AEF             >                // Use of "; ok" to suppress "warning[fwdref]"
1830+ 6AEF             >
1830+ 6AEF             >last_NFA        defl    temp_NFA            // keep track of NFA saved above
1831+ 6AEF E1                           pop     hl
1832+ 6AF0 7E                           ld      a, (hl)             // low-byte
1833+ 6AF1 23                           inc     hl
1834+ 6AF2 66                           ld      h, (hl)             // high-byte
1835+ 6AF3 6F                           ld      l, a
1836+ 6AF4 E5                           push    hl
1837+ 6AF5                              next
1837+ 6AF5 DD E9       >                jp      (ix)
1838+ 6AF7
1839+ 6AF7              //  ______________________________________________________________________
1840+ 6AF7              //
1841+ 6AF7              // !            n a --
1842+ 6AF7              // store 16 bit number n from address a. Z80 keeps high byte is in high memory
1843+ 6AF7                              New_Def STORE, "!", is_code, is_normal
1843+ 6AF7             >temp_NFA        defl    $                   // save this NFA address to temp_NFA
1843+ 6AF7             >
1843+ 6AF7             >                // dummy db directives used to calculate length of namec
1843+ 6AF7 21          >                db      "!"
1843+ 6AF8             >len_NFA         defl    $ - temp_NFA
1843+ 6AF8             >                org     $ - len_NFA         // rewind to temp_NFA and re-do NFA part
1843+ 6AF7             >
1843+ 6AF7 81          >                db      len_NFA | END_BIT | is_normal  // The start of NFA must have msb set to signal the beginning of the sounted string
1843+ 6AF8 21          >                db      "!"               // name string in 7-bit ascii, but
1843+ 6AF9             >                org     $-1                 // alter last byte of Name just above to set
1843+ 6AF8 A1          >                db      {b $} | END_BIT     // msb as name end
1843+ 6AF9             >
1843+ 6AF9 EB 6A       >                dw      last_NFA            // Link to previous definition Name
1843+ 6AFB             >STORE:          if is_code != 0 ; ok        // This is the start address of the direct jp(hl)
1843+ 6AFB ~           >                call    runcode ; ok        // for primitive definitions  actual code
1843+ 6AFB ~           >
1843+ 6AFB ~           >
1843+ 6AFB             >                endif           ; ok        // for other definitions it "points" the correct handler
1843+ 6AFB             >                // Use of "; ok" to suppress "warning[fwdref]"
1843+ 6AFB             >
1843+ 6AFB             >last_NFA        defl    temp_NFA            // keep track of NFA saved above
1844+ 6AFB D9                           exx
1845+ 6AFC E1                           pop     hl                  // address
1846+ 6AFD D1                           pop     de                  // < n
1847+ 6AFE 73                           ld      (hl), e             // low-byte
1848+ 6AFF 23                           inc     hl
1849+ 6B00 72                           ld      (hl), d             // high-byte
1850+ 6B01 D9                           exx
1851+ 6B02                              next
1851+ 6B02 DD E9       >                jp      (ix)
1852+ 6B04
1853+ 6B04              //  ______________________________________________________________________
1854+ 6B04              //
1855+ 6B04              // c@           a -- c
1856+ 6B04              // fetch a character n from address a
1857+ 6B04                              New_Def CFETCH, "C@", is_code, is_normal
1857+ 6B04             >temp_NFA        defl    $                   // save this NFA address to temp_NFA
1857+ 6B04             >
1857+ 6B04             >                // dummy db directives used to calculate length of namec
1857+ 6B04 43 40       >                db      "C@"
1857+ 6B06             >len_NFA         defl    $ - temp_NFA
1857+ 6B06             >                org     $ - len_NFA         // rewind to temp_NFA and re-do NFA part
1857+ 6B04             >
1857+ 6B04 82          >                db      len_NFA | END_BIT | is_normal  // The start of NFA must have msb set to signal the beginning of the sounted string
1857+ 6B05 43 40       >                db      "C@"               // name string in 7-bit ascii, but
1857+ 6B07             >                org     $-1                 // alter last byte of Name just above to set
1857+ 6B06 C0          >                db      {b $} | END_BIT     // msb as name end
1857+ 6B07             >
1857+ 6B07 F7 6A       >                dw      last_NFA            // Link to previous definition Name
1857+ 6B09             >CFETCH:          if is_code != 0 ; ok        // This is the start address of the direct jp(hl)
1857+ 6B09 ~           >                call    runcode ; ok        // for primitive definitions  actual code
1857+ 6B09 ~           >
1857+ 6B09 ~           >
1857+ 6B09             >                endif           ; ok        // for other definitions it "points" the correct handler
1857+ 6B09             >                // Use of "; ok" to suppress "warning[fwdref]"
1857+ 6B09             >
1857+ 6B09             >last_NFA        defl    temp_NFA            // keep track of NFA saved above
1858+ 6B09 E1                           pop     hl
1859+ 6B0A 6E                           ld      l, (hl)             // low-byte
1860+ 6B0B 26 00                        ld      h, 0
1861+ 6B0D
1862+ 6B0D                              psh1
1862+ 6B0D E5          >                push    hl
1862+ 6B0E DD E9       >                jp      (ix)
1863+ 6B10
1864+ 6B10              //  ______________________________________________________________________
1865+ 6B10              //
1866+ 6B10              // c!           c a --
1867+ 6B10              // fetch 16 bit number n from address a. Z80 keeps high byte is in high memory
1868+ 6B10                              New_Def CSTORE, "C!", is_code, is_normal
1868+ 6B10             >temp_NFA        defl    $                   // save this NFA address to temp_NFA
1868+ 6B10             >
1868+ 6B10             >                // dummy db directives used to calculate length of namec
1868+ 6B10 43 21       >                db      "C!"
1868+ 6B12             >len_NFA         defl    $ - temp_NFA
1868+ 6B12             >                org     $ - len_NFA         // rewind to temp_NFA and re-do NFA part
1868+ 6B10             >
1868+ 6B10 82          >                db      len_NFA | END_BIT | is_normal  // The start of NFA must have msb set to signal the beginning of the sounted string
1868+ 6B11 43 21       >                db      "C!"               // name string in 7-bit ascii, but
1868+ 6B13             >                org     $-1                 // alter last byte of Name just above to set
1868+ 6B12 A1          >                db      {b $} | END_BIT     // msb as name end
1868+ 6B13             >
1868+ 6B13 04 6B       >                dw      last_NFA            // Link to previous definition Name
1868+ 6B15             >CSTORE:          if is_code != 0 ; ok        // This is the start address of the direct jp(hl)
1868+ 6B15 ~           >                call    runcode ; ok        // for primitive definitions  actual code
1868+ 6B15 ~           >
1868+ 6B15 ~           >
1868+ 6B15             >                endif           ; ok        // for other definitions it "points" the correct handler
1868+ 6B15             >                // Use of "; ok" to suppress "warning[fwdref]"
1868+ 6B15             >
1868+ 6B15             >last_NFA        defl    temp_NFA            // keep track of NFA saved above
1869+ 6B15 D9                           exx
1870+ 6B16 E1                           pop     hl                  // < address
1871+ 6B17 D1                           pop     de
1872+ 6B18 73                           ld      (hl), e             // low-byte
1873+ 6B19 D9                           exx
1874+ 6B1A                              next
1874+ 6B1A DD E9       >                jp      (ix)
1875+ 6B1C
1876+ 6B1C              //  ______________________________________________________________________
1877+ 6B1C              //
1878+ 6B1C              // 2@           a -- d
1879+ 6B1C              // fetch a 32 bits number d from address a and leaves it on top of the
1880+ 6B1C              // stack as two single numbers, high part as top of the stack.
1881+ 6B1C              // A double number is normally kept in CPU registers as HLDE.
1882+ 6B1C              // On stack a double number is treated as two single numbers
1883+ 6B1C              // where BC is on the top of the stack and HL is the second from top,
1884+ 6B1C              // so the sign of the number can be checked on top of stack
1885+ 6B1C              // and in the stack memory it appears as LHED.
1886+ 6B1C                              New_Def TWO_FETCH, "2@", is_code, is_normal
1886+ 6B1C             >temp_NFA        defl    $                   // save this NFA address to temp_NFA
1886+ 6B1C             >
1886+ 6B1C             >                // dummy db directives used to calculate length of namec
1886+ 6B1C 32 40       >                db      "2@"
1886+ 6B1E             >len_NFA         defl    $ - temp_NFA
1886+ 6B1E             >                org     $ - len_NFA         // rewind to temp_NFA and re-do NFA part
1886+ 6B1C             >
1886+ 6B1C 82          >                db      len_NFA | END_BIT | is_normal  // The start of NFA must have msb set to signal the beginning of the sounted string
1886+ 6B1D 32 40       >                db      "2@"               // name string in 7-bit ascii, but
1886+ 6B1F             >                org     $-1                 // alter last byte of Name just above to set
1886+ 6B1E C0          >                db      {b $} | END_BIT     // msb as name end
1886+ 6B1F             >
1886+ 6B1F 10 6B       >                dw      last_NFA            // Link to previous definition Name
1886+ 6B21             >TWO_FETCH:          if is_code != 0 ; ok        // This is the start address of the direct jp(hl)
1886+ 6B21 ~           >                call    runcode ; ok        // for primitive definitions  actual code
1886+ 6B21 ~           >
1886+ 6B21 ~           >
1886+ 6B21             >                endif           ; ok        // for other definitions it "points" the correct handler
1886+ 6B21             >                // Use of "; ok" to suppress "warning[fwdref]"
1886+ 6B21             >
1886+ 6B21             >last_NFA        defl    temp_NFA            // keep track of NFA saved above
1887+ 6B21 D9                           exx
1888+ 6B22 E1                           pop     hl                  // address
1889+ 6B23 5E                           ld      e, (hl)             // low-byte
1890+ 6B24 23                           inc     hl
1891+ 6B25 56                           ld      d, (hl)             // high-byte
1892+ 6B26 23                           inc     hl
1893+ 6B27 4E                           ld      c, (hl)             // low-byte
1894+ 6B28 23                           inc     hl
1895+ 6B29 46                           ld      b, (hl)             // high-byte
1896+ 6B2A C5                           push    bc
1897+ 6B2B D5                           push    de
1898+ 6B2C D9                           exx
1899+ 6B2D                              next
1899+ 6B2D DD E9       >                jp      (ix)
1900+ 6B2F
1901+ 6B2F              //  ______________________________________________________________________
1902+ 6B2F              //
1903+ 6B2F              // 2!           d a --
1904+ 6B2F              // stores a 32 bits number d from address a and leaves it on top of the
1905+ 6B2F              // stack as two single numbers, high part as top of the stack.
1906+ 6B2F              // A double number is normally kept in CPU registers as HLDE.
1907+ 6B2F              // On stack a double number is treated as two single numbers
1908+ 6B2F              // where BC is on the top of the stack and HL is the second from top,
1909+ 6B2F              // so the sign of the number can be checked on top of stack
1910+ 6B2F              // and in the stack memory it appears as LHED.
1911+ 6B2F                              New_Def TWO_STORE, "2!", is_code, is_normal
1911+ 6B2F             >temp_NFA        defl    $                   // save this NFA address to temp_NFA
1911+ 6B2F             >
1911+ 6B2F             >                // dummy db directives used to calculate length of namec
1911+ 6B2F 32 21       >                db      "2!"
1911+ 6B31             >len_NFA         defl    $ - temp_NFA
1911+ 6B31             >                org     $ - len_NFA         // rewind to temp_NFA and re-do NFA part
1911+ 6B2F             >
1911+ 6B2F 82          >                db      len_NFA | END_BIT | is_normal  // The start of NFA must have msb set to signal the beginning of the sounted string
1911+ 6B30 32 21       >                db      "2!"               // name string in 7-bit ascii, but
1911+ 6B32             >                org     $-1                 // alter last byte of Name just above to set
1911+ 6B31 A1          >                db      {b $} | END_BIT     // msb as name end
1911+ 6B32             >
1911+ 6B32 1C 6B       >                dw      last_NFA            // Link to previous definition Name
1911+ 6B34             >TWO_STORE:          if is_code != 0 ; ok        // This is the start address of the direct jp(hl)
1911+ 6B34 ~           >                call    runcode ; ok        // for primitive definitions  actual code
1911+ 6B34 ~           >
1911+ 6B34 ~           >
1911+ 6B34             >                endif           ; ok        // for other definitions it "points" the correct handler
1911+ 6B34             >                // Use of "; ok" to suppress "warning[fwdref]"
1911+ 6B34             >
1911+ 6B34             >last_NFA        defl    temp_NFA            // keep track of NFA saved above
1912+ 6B34 D9                           exx
1913+ 6B35 E1                           pop     hl                  // address
1914+ 6B36 C1                           pop     bc                  // < high-part
1915+ 6B37 D1                           pop     de                  // < low-part > Instruction Pointer
1916+ 6B38 71                           ld      (hl), c
1917+ 6B39 23                           inc     hl
1918+ 6B3A 70                           ld      (hl), b
1919+ 6B3B 23                           inc     hl
1920+ 6B3C 73                           ld      (hl), e
1921+ 6B3D 23                           inc     hl
1922+ 6B3E 72                           ld      (hl), d
1923+ 6B3F D9                           exx
1924+ 6B40                              next
1924+ 6B40 DD E9       >                jp      (ix)
1925+ 6B42
1926+ 6B42              //  ______________________________________________________________________
1927+ 6B42              //
1928+ 6B42              // p@           a -- c
1929+ 6B42              // Read one byte from port a and leave the result on top of stack
1930+ 6B42                              New_Def PFETCH, "P@", is_code, is_normal
1930+ 6B42             >temp_NFA        defl    $                   // save this NFA address to temp_NFA
1930+ 6B42             >
1930+ 6B42             >                // dummy db directives used to calculate length of namec
1930+ 6B42 50 40       >                db      "P@"
1930+ 6B44             >len_NFA         defl    $ - temp_NFA
1930+ 6B44             >                org     $ - len_NFA         // rewind to temp_NFA and re-do NFA part
1930+ 6B42             >
1930+ 6B42 82          >                db      len_NFA | END_BIT | is_normal  // The start of NFA must have msb set to signal the beginning of the sounted string
1930+ 6B43 50 40       >                db      "P@"               // name string in 7-bit ascii, but
1930+ 6B45             >                org     $-1                 // alter last byte of Name just above to set
1930+ 6B44 C0          >                db      {b $} | END_BIT     // msb as name end
1930+ 6B45             >
1930+ 6B45 2F 6B       >                dw      last_NFA            // Link to previous definition Name
1930+ 6B47             >PFETCH:          if is_code != 0 ; ok        // This is the start address of the direct jp(hl)
1930+ 6B47 ~           >                call    runcode ; ok        // for primitive definitions  actual code
1930+ 6B47 ~           >
1930+ 6B47 ~           >
1930+ 6B47             >                endif           ; ok        // for other definitions it "points" the correct handler
1930+ 6B47             >                // Use of "; ok" to suppress "warning[fwdref]"
1930+ 6B47             >
1930+ 6B47             >last_NFA        defl    temp_NFA            // keep track of NFA saved above
1931+ 6B47 D9                           exx
1932+ 6B48 C1                           pop     bc
1933+ 6B49 26 00                        ld      h, 0
1934+ 6B4B ED 68                        in      l, (c)
1935+ 6B4D E5                           push    hl
1936+ 6B4E D9                           exx
1937+ 6B4F                              next
1937+ 6B4F DD E9       >                jp      (ix)
1938+ 6B51
1939+ 6B51              //  ______________________________________________________________________
1940+ 6B51              //
1941+ 6B51              // p!           c a --
1942+ 6B51              // Send one byte (top of stack) to port a
1943+ 6B51                              New_Def PSTORE, "P!", is_code, is_normal
1943+ 6B51             >temp_NFA        defl    $                   // save this NFA address to temp_NFA
1943+ 6B51             >
1943+ 6B51             >                // dummy db directives used to calculate length of namec
1943+ 6B51 50 21       >                db      "P!"
1943+ 6B53             >len_NFA         defl    $ - temp_NFA
1943+ 6B53             >                org     $ - len_NFA         // rewind to temp_NFA and re-do NFA part
1943+ 6B51             >
1943+ 6B51 82          >                db      len_NFA | END_BIT | is_normal  // The start of NFA must have msb set to signal the beginning of the sounted string
1943+ 6B52 50 21       >                db      "P!"               // name string in 7-bit ascii, but
1943+ 6B54             >                org     $-1                 // alter last byte of Name just above to set
1943+ 6B53 A1          >                db      {b $} | END_BIT     // msb as name end
1943+ 6B54             >
1943+ 6B54 42 6B       >                dw      last_NFA            // Link to previous definition Name
1943+ 6B56             >PSTORE:          if is_code != 0 ; ok        // This is the start address of the direct jp(hl)
1943+ 6B56 ~           >                call    runcode ; ok        // for primitive definitions  actual code
1943+ 6B56 ~           >
1943+ 6B56 ~           >
1943+ 6B56             >                endif           ; ok        // for other definitions it "points" the correct handler
1943+ 6B56             >                // Use of "; ok" to suppress "warning[fwdref]"
1943+ 6B56             >
1943+ 6B56             >last_NFA        defl    temp_NFA            // keep track of NFA saved above
1944+ 6B56 D9                           exx
1945+ 6B57 C1                           pop     bc
1946+ 6B58 E1                           pop     hl                  // < c
1947+ 6B59 ED 69                        out     (c), l              // low-byte
1948+ 6B5B D9                           exx
1949+ 6B5C                              next
1949+ 6B5C DD E9       >                jp      (ix)
1950+ 6B5E
1951+ 6B5E
1952+ 6B5E              //  ______________________________________________________________________
1953+ 6B5E              //
1954+ 6B5E              // 2*           n1 -- n2
1955+ 6B5E              // doubles the number at top of stack
1956+ 6B5E                              New_Def TWO_MUL, "2*", is_code, is_normal
1956+ 6B5E             >temp_NFA        defl    $                   // save this NFA address to temp_NFA
1956+ 6B5E             >
1956+ 6B5E             >                // dummy db directives used to calculate length of namec
1956+ 6B5E 32 2A       >                db      "2*"
1956+ 6B60             >len_NFA         defl    $ - temp_NFA
1956+ 6B60             >                org     $ - len_NFA         // rewind to temp_NFA and re-do NFA part
1956+ 6B5E             >
1956+ 6B5E 82          >                db      len_NFA | END_BIT | is_normal  // The start of NFA must have msb set to signal the beginning of the sounted string
1956+ 6B5F 32 2A       >                db      "2*"               // name string in 7-bit ascii, but
1956+ 6B61             >                org     $-1                 // alter last byte of Name just above to set
1956+ 6B60 AA          >                db      {b $} | END_BIT     // msb as name end
1956+ 6B61             >
1956+ 6B61 51 6B       >                dw      last_NFA            // Link to previous definition Name
1956+ 6B63             >TWO_MUL:          if is_code != 0 ; ok        // This is the start address of the direct jp(hl)
1956+ 6B63 ~           >                call    runcode ; ok        // for primitive definitions  actual code
1956+ 6B63 ~           >
1956+ 6B63 ~           >
1956+ 6B63             >                endif           ; ok        // for other definitions it "points" the correct handler
1956+ 6B63             >                // Use of "; ok" to suppress "warning[fwdref]"
1956+ 6B63             >
1956+ 6B63             >last_NFA        defl    temp_NFA            // keep track of NFA saved above
1957+ 6B63              Two_Mul_Ptr:
1958+ 6B63 E1                           pop     hl
1959+ 6B64 29                           add     hl, hl
1960+ 6B65
1961+ 6B65                              psh1
1961+ 6B65 E5          >                push    hl
1961+ 6B66 DD E9       >                jp      (ix)
1962+ 6B68
1963+ 6B68              //  ______________________________________________________________________
1964+ 6B68              //
1965+ 6B68              // 2/           n1 -- n2
1966+ 6B68              // halves the top of stack, sign is unchanged
1967+ 6B68                              New_Def TWO_DIV, "2/", is_code, is_normal
1967+ 6B68             >temp_NFA        defl    $                   // save this NFA address to temp_NFA
1967+ 6B68             >
1967+ 6B68             >                // dummy db directives used to calculate length of namec
1967+ 6B68 32 2F       >                db      "2/"
1967+ 6B6A             >len_NFA         defl    $ - temp_NFA
1967+ 6B6A             >                org     $ - len_NFA         // rewind to temp_NFA and re-do NFA part
1967+ 6B68             >
1967+ 6B68 82          >                db      len_NFA | END_BIT | is_normal  // The start of NFA must have msb set to signal the beginning of the sounted string
1967+ 6B69 32 2F       >                db      "2/"               // name string in 7-bit ascii, but
1967+ 6B6B             >                org     $-1                 // alter last byte of Name just above to set
1967+ 6B6A AF          >                db      {b $} | END_BIT     // msb as name end
1967+ 6B6B             >
1967+ 6B6B 5E 6B       >                dw      last_NFA            // Link to previous definition Name
1967+ 6B6D             >TWO_DIV:          if is_code != 0 ; ok        // This is the start address of the direct jp(hl)
1967+ 6B6D ~           >                call    runcode ; ok        // for primitive definitions  actual code
1967+ 6B6D ~           >
1967+ 6B6D ~           >
1967+ 6B6D             >                endif           ; ok        // for other definitions it "points" the correct handler
1967+ 6B6D             >                // Use of "; ok" to suppress "warning[fwdref]"
1967+ 6B6D             >
1967+ 6B6D             >last_NFA        defl    temp_NFA            // keep track of NFA saved above
1968+ 6B6D E1                           pop     hl
1969+ 6B6E CB 2C                        sra     h
1970+ 6B70 CB 1D                        rr      l
1971+ 6B72
1972+ 6B72                              psh1
1972+ 6B72 E5          >                push    hl
1972+ 6B73 DD E9       >                jp      (ix)
1973+ 6B75
1974+ 6B75              //  ______________________________________________________________________
1975+ 6B75              //
1976+ 6B75              // lshift       n1 u -- n2
1977+ 6B75              // bit left shift of u bits
1978+ 6B75                              New_Def LSHIFT, "LSHIFT", is_code, is_normal
1978+ 6B75             >temp_NFA        defl    $                   // save this NFA address to temp_NFA
1978+ 6B75             >
1978+ 6B75             >                // dummy db directives used to calculate length of namec
1978+ 6B75 4C 53 48 49 >                db      "LSHIFT"
1978+ 6B79 46 54       >
1978+ 6B7B             >len_NFA         defl    $ - temp_NFA
1978+ 6B7B             >                org     $ - len_NFA         // rewind to temp_NFA and re-do NFA part
1978+ 6B75             >
1978+ 6B75 86          >                db      len_NFA | END_BIT | is_normal  // The start of NFA must have msb set to signal the beginning of the sounted string
1978+ 6B76 4C 53 48 49 >                db      "LSHIFT"               // name string in 7-bit ascii, but
1978+ 6B7A 46 54       >
1978+ 6B7C             >                org     $-1                 // alter last byte of Name just above to set
1978+ 6B7B D4          >                db      {b $} | END_BIT     // msb as name end
1978+ 6B7C             >
1978+ 6B7C 68 6B       >                dw      last_NFA            // Link to previous definition Name
1978+ 6B7E             >LSHIFT:          if is_code != 0 ; ok        // This is the start address of the direct jp(hl)
1978+ 6B7E ~           >                call    runcode ; ok        // for primitive definitions  actual code
1978+ 6B7E ~           >
1978+ 6B7E ~           >
1978+ 6B7E             >                endif           ; ok        // for other definitions it "points" the correct handler
1978+ 6B7E             >                // Use of "; ok" to suppress "warning[fwdref]"
1978+ 6B7E             >
1978+ 6B7E             >last_NFA        defl    temp_NFA            // keep track of NFA saved above
1979+ 6B7E D9                           exx
1980+ 6B7F D1                           pop     de
1981+ 6B80 E1                           pop     hl
1982+ 6B81              Lshift_Loop:
1983+ 6B81 7A                           ld      a, d
1984+ 6B82 B3                           or      e
1985+ 6B83 28 04                            jr      z, Lshift_Zero
1986+ 6B85
1987+ 6B85 29                               add     hl, hl
1988+ 6B86 1B                               dec     de
1989+ 6B87 18 F8                            jr      Lshift_Loop
1990+ 6B89
1991+ 6B89              Lshift_Zero:
1992+ 6B89 E5                           push    hl
1993+ 6B8A D9                           exx
1994+ 6B8B                              next
1994+ 6B8B DD E9       >                jp      (ix)
1995+ 6B8D
1996+ 6B8D              //  ______________________________________________________________________
1997+ 6B8D              //
1998+ 6B8D              // rshift       n1 u -- n2
1999+ 6B8D              // bit right shift of u bits
2000+ 6B8D                              New_Def RSHIFT, "RSHIFT", is_code, is_normal
2000+ 6B8D             >temp_NFA        defl    $                   // save this NFA address to temp_NFA
2000+ 6B8D             >
2000+ 6B8D             >                // dummy db directives used to calculate length of namec
2000+ 6B8D 52 53 48 49 >                db      "RSHIFT"
2000+ 6B91 46 54       >
2000+ 6B93             >len_NFA         defl    $ - temp_NFA
2000+ 6B93             >                org     $ - len_NFA         // rewind to temp_NFA and re-do NFA part
2000+ 6B8D             >
2000+ 6B8D 86          >                db      len_NFA | END_BIT | is_normal  // The start of NFA must have msb set to signal the beginning of the sounted string
2000+ 6B8E 52 53 48 49 >                db      "RSHIFT"               // name string in 7-bit ascii, but
2000+ 6B92 46 54       >
2000+ 6B94             >                org     $-1                 // alter last byte of Name just above to set
2000+ 6B93 D4          >                db      {b $} | END_BIT     // msb as name end
2000+ 6B94             >
2000+ 6B94 75 6B       >                dw      last_NFA            // Link to previous definition Name
2000+ 6B96             >RSHIFT:          if is_code != 0 ; ok        // This is the start address of the direct jp(hl)
2000+ 6B96 ~           >                call    runcode ; ok        // for primitive definitions  actual code
2000+ 6B96 ~           >
2000+ 6B96 ~           >
2000+ 6B96             >                endif           ; ok        // for other definitions it "points" the correct handler
2000+ 6B96             >                // Use of "; ok" to suppress "warning[fwdref]"
2000+ 6B96             >
2000+ 6B96             >last_NFA        defl    temp_NFA            // keep track of NFA saved above
2001+ 6B96 D9                           exx
2002+ 6B97 D1                           pop     de
2003+ 6B98 E1                           pop     hl
2004+ 6B99              Rshift_Loop:
2005+ 6B99 7B                           ld      a, e
2006+ 6B9A B2                           or      d
2007+ 6B9B 28 07                        jr      z, Rshift_Zero
2008+ 6B9D CB 3C                            srl     h
2009+ 6B9F CB 1D                            rr      l
2010+ 6BA1 1B                               dec     de
2011+ 6BA2 18 F5                            jr      Rshift_Loop
2012+ 6BA4              Rshift_Zero:
2013+ 6BA4 E5                           push    hl
2014+ 6BA5 D9                           exx
2015+ 6BA6                              next
2015+ 6BA6 DD E9       >                jp      (ix)
2016+ 6BA8
2017+ 6BA8              //  ______________________________________________________________________
2018+ 6BA8              //
2019+ 6BA8              // cells        n1 -- n2
2020+ 6BA8              // decrement by 2 top of stack
2021+ 6BA8                              New_Def CELLS, "CELLS", is_code, is_normal
2021+ 6BA8             >temp_NFA        defl    $                   // save this NFA address to temp_NFA
2021+ 6BA8             >
2021+ 6BA8             >                // dummy db directives used to calculate length of namec
2021+ 6BA8 43 45 4C 4C >                db      "CELLS"
2021+ 6BAC 53          >
2021+ 6BAD             >len_NFA         defl    $ - temp_NFA
2021+ 6BAD             >                org     $ - len_NFA         // rewind to temp_NFA and re-do NFA part
2021+ 6BA8             >
2021+ 6BA8 85          >                db      len_NFA | END_BIT | is_normal  // The start of NFA must have msb set to signal the beginning of the sounted string
2021+ 6BA9 43 45 4C 4C >                db      "CELLS"               // name string in 7-bit ascii, but
2021+ 6BAD 53          >
2021+ 6BAE             >                org     $-1                 // alter last byte of Name just above to set
2021+ 6BAD D3          >                db      {b $} | END_BIT     // msb as name end
2021+ 6BAE             >
2021+ 6BAE 8D 6B       >                dw      last_NFA            // Link to previous definition Name
2021+ 6BB0             >CELLS:          if is_code != 0 ; ok        // This is the start address of the direct jp(hl)
2021+ 6BB0 ~           >                call    runcode ; ok        // for primitive definitions  actual code
2021+ 6BB0 ~           >
2021+ 6BB0 ~           >
2021+ 6BB0             >                endif           ; ok        // for other definitions it "points" the correct handler
2021+ 6BB0             >                // Use of "; ok" to suppress "warning[fwdref]"
2021+ 6BB0             >
2021+ 6BB0             >last_NFA        defl    temp_NFA            // keep track of NFA saved above
2022+ 6BB0 C3 63 6B                     jp      Two_Mul_Ptr
2023+ 6BB3
2024+ 6BB3
2025+ 6BB3              //  ______________________________________________________________________
2026+ 6BB3
# file closed: C:\Zx\CSpect\Projects\vForth16_MDR_MGT/source/L0.asm
 114  6BB3                              include "L1.asm"
# file opened: C:\Zx\CSpect\Projects\vForth16_MDR_MGT/source/L1.asm
   1+ 6BB3              //  ______________________________________________________________________
   2+ 6BB3              //
   3+ 6BB3              //  L1.asm
   4+ 6BB3              //
   5+ 6BB3              //  Level-1 definitions and derivate
   6+ 6BB3              //  ______________________________________________________________________
   7+ 6BB3
   8+ 6BB3              //  ______________________________________________________________________
   9+ 6BB3              //
  10+ 6BB3              // :            -- cccc     ( compile time )
  11+ 6BB3              //              i*x -- j*x  ( run time )
  12+ 6BB3              // Colon Definition
  13+ 6BB3                              Colon_Def COLON, ":", is_normal      // has forward-ref
  13+ 6BB3             >                New_Def  COLON, ":", Enter_Ptr, is_normal ; ok
  13+ 6BB3             >temp_NFA        defl    $                   // save this NFA address to temp_NFA
  13+ 6BB3             >
  13+ 6BB3             >                // dummy db directives used to calculate length of namec
  13+ 6BB3 3A          >                db      ":"
  13+ 6BB4             >len_NFA         defl    $ - temp_NFA
  13+ 6BB4             >                org     $ - len_NFA         // rewind to temp_NFA and re-do NFA part
  13+ 6BB3             >
  13+ 6BB3 81          >                db      len_NFA | END_BIT | is_normal  // The start of NFA must have msb set to signal the beginning of the sounted string
  13+ 6BB4 3A          >                db      ":"               // name string in 7-bit ascii, but
  13+ 6BB5             >                org     $-1                 // alter last byte of Name just above to set
  13+ 6BB4 BA          >                db      {b $} | END_BIT     // msb as name end
  13+ 6BB5             >
  13+ 6BB5 A8 6B       >                dw      last_NFA            // Link to previous definition Name
  13+ 6BB7             >COLON:          if Enter_Ptr != 0 ; ok        // This is the start address of the direct jp(hl)
  13+ 6BB7 CD CE 6B    >                call    Enter_Ptr ; ok        // for primitive definitions  actual code
  13+ 6BBA             >
  13+ 6BBA             >
  13+ 6BBA             >                endif           ; ok        // for other definitions it "points" the correct handler
  13+ 6BBA             >                // Use of "; ok" to suppress "warning[fwdref]"
  13+ 6BBA             >
  13+ 6BBA             >last_NFA        defl    temp_NFA            // keep track of NFA saved above
  14+ 6BBA
  15+ 6BBA 51 70                        dw      QEXEC                   // ?exec
  16+ 6BBC 09 70                        dw      STORE_CSP               // !csp
  17+ 6BBE A3 6D EF 6A                  dw      CURRENT, FETCH          // current @
  18+ 6BC2 95 6D FB 6A                  dw      CONTEXT, STORE          // context !
  19+ 6BC6 57 77                        dw      CREATE                  // create  ( forward )
  20+ 6BC8 04 71                        dw      SMUDGE                  // dmudge
  21+ 6BCA EE 70                        dw      SQUARED_CLOSE           // ]
  22+ 6BCC 5E 71                        dw      C_SEMICOLON_CODE        // ;code ( change the 3-bytes CFA of defining word to call Enter_Ptr )
  23+ 6BCE                                                              // ... immediate
  24+ 6BCE              Enter_Ptr:
  25+ 6BCE                              // via call coded in CFA
  26+ 6BCE EB                           ex      de, hl //**
  27+ 6BCF                              // *** ldhlrp
  28+ 6BCF 2B                           dec     hl                  // push on Return-Stack current Instruction-Pointer
  29+ 6BD0 70                           ld      (hl), b
  30+ 6BD1 2B                           dec     hl
  31+ 6BD2 71                           ld      (hl), c
  32+ 6BD3                              // *** ldrphl
  33+ 6BD3 EB                           ex      de, hl //**
  34+ 6BD4
  35+ 6BD4
  36+ 6BD4 C1                           pop     bc                  // points to PFA of "this" word
  37+ 6BD5                              next
  37+ 6BD5 DD E9       >                jp      (ix)
  38+ 6BD7
  39+ 6BD7              //  ______________________________________________________________________
  40+ 6BD7              //
  41+ 6BD7              // ;            --
  42+ 6BD7              // Semicolon. End of Colon-Definition. Stack must be balanced.
  43+ 6BD7                              Colon_Def SEMICOLON, ";", is_immediate   // has forward-ref
  43+ 6BD7             >                New_Def  SEMICOLON, ";", Enter_Ptr, is_immediate ; ok
  43+ 6BD7             >temp_NFA        defl    $                   // save this NFA address to temp_NFA
  43+ 6BD7             >
  43+ 6BD7             >                // dummy db directives used to calculate length of namec
  43+ 6BD7 3B          >                db      ";"
  43+ 6BD8             >len_NFA         defl    $ - temp_NFA
  43+ 6BD8             >                org     $ - len_NFA         // rewind to temp_NFA and re-do NFA part
  43+ 6BD7             >
  43+ 6BD7 C1          >                db      len_NFA | END_BIT | is_immediate  // The start of NFA must have msb set to signal the beginning of the sounted string
  43+ 6BD8 3B          >                db      ";"               // name string in 7-bit ascii, but
  43+ 6BD9             >                org     $-1                 // alter last byte of Name just above to set
  43+ 6BD8 BB          >                db      {b $} | END_BIT     // msb as name end
  43+ 6BD9             >
  43+ 6BD9 B3 6B       >                dw      last_NFA            // Link to previous definition Name
  43+ 6BDB             >SEMICOLON:          if Enter_Ptr != 0 ; ok        // This is the start address of the direct jp(hl)
  43+ 6BDB CD CE 6B    >                call    Enter_Ptr ; ok        // for primitive definitions  actual code
  43+ 6BDE             >
  43+ 6BDE             >
  43+ 6BDE             >                endif           ; ok        // for other definitions it "points" the correct handler
  43+ 6BDE             >                // Use of "; ok" to suppress "warning[fwdref]"
  43+ 6BDE             >
  43+ 6BDE             >last_NFA        defl    temp_NFA            // keep track of NFA saved above
  44+ 6BDE
  45+ 6BDE 7D 70                        dw      QCSP                    // ?csp
  46+ 6BE0 B6 70 EB 68                  dw      COMPILE, EXIT           // [compile] ;s
  47+ 6BE4 04 71                        dw      SMUDGE                  // smudge
  48+ 6BE6 DF 70                        dw      SQUARED_OPEN            // [
  49+ 6BE8 EB 68                        dw      EXIT                    // ; immediate
  50+ 6BEA
  51+ 6BEA              //  ______________________________________________________________________
  52+ 6BEA              //
  53+ 6BEA              // noop         --
  54+ 6BEA
  55+ 6BEA                              New_Def NOOP, "NOOP", is_code, is_normal
  55+ 6BEA             >temp_NFA        defl    $                   // save this NFA address to temp_NFA
  55+ 6BEA             >
  55+ 6BEA             >                // dummy db directives used to calculate length of namec
  55+ 6BEA 4E 4F 4F 50 >                db      "NOOP"
  55+ 6BEE             >len_NFA         defl    $ - temp_NFA
  55+ 6BEE             >                org     $ - len_NFA         // rewind to temp_NFA and re-do NFA part
  55+ 6BEA             >
  55+ 6BEA 84          >                db      len_NFA | END_BIT | is_normal  // The start of NFA must have msb set to signal the beginning of the sounted string
  55+ 6BEB 4E 4F 4F 50 >                db      "NOOP"               // name string in 7-bit ascii, but
  55+ 6BEF             >                org     $-1                 // alter last byte of Name just above to set
  55+ 6BEE D0          >                db      {b $} | END_BIT     // msb as name end
  55+ 6BEF             >
  55+ 6BEF D7 6B       >                dw      last_NFA            // Link to previous definition Name
  55+ 6BF1             >NOOP:          if is_code != 0 ; ok        // This is the start address of the direct jp(hl)
  55+ 6BF1 ~           >                call    runcode ; ok        // for primitive definitions  actual code
  55+ 6BF1 ~           >
  55+ 6BF1 ~           >
  55+ 6BF1             >                endif           ; ok        // for other definitions it "points" the correct handler
  55+ 6BF1             >                // Use of "; ok" to suppress "warning[fwdref]"
  55+ 6BF1             >
  55+ 6BF1             >last_NFA        defl    temp_NFA            // keep track of NFA saved above
  56+ 6BF1                              next
  56+ 6BF1 DD E9       >                jp      (ix)
  57+ 6BF3
  58+ 6BF3              //  ______________________________________________________________________
  59+ 6BF3              //
  60+ 6BF3              // constant     n -- cccc     ( compile time )
  61+ 6BF3              //              -- n          ( run time )
  62+ 6BF3              // Constant definition.
  63+ 6BF3                              Colon_Def CONSTANT, "CONSTANT", is_normal   // has forward-ref
  63+ 6BF3             >                New_Def  CONSTANT, "CONSTANT", Enter_Ptr, is_normal ; ok
  63+ 6BF3             >temp_NFA        defl    $                   // save this NFA address to temp_NFA
  63+ 6BF3             >
  63+ 6BF3             >                // dummy db directives used to calculate length of namec
  63+ 6BF3 43 4F 4E 53 >                db      "CONSTANT"
  63+ 6BF7 54 41 4E 54 >
  63+ 6BFB             >len_NFA         defl    $ - temp_NFA
  63+ 6BFB             >                org     $ - len_NFA         // rewind to temp_NFA and re-do NFA part
  63+ 6BF3             >
  63+ 6BF3 88          >                db      len_NFA | END_BIT | is_normal  // The start of NFA must have msb set to signal the beginning of the sounted string
  63+ 6BF4 43 4F 4E 53 >                db      "CONSTANT"               // name string in 7-bit ascii, but
  63+ 6BF8 54 41 4E 54 >
  63+ 6BFC             >                org     $-1                 // alter last byte of Name just above to set
  63+ 6BFB D4          >                db      {b $} | END_BIT     // msb as name end
  63+ 6BFC             >
  63+ 6BFC EA 6B       >                dw      last_NFA            // Link to previous definition Name
  63+ 6BFE             >CONSTANT:          if Enter_Ptr != 0 ; ok        // This is the start address of the direct jp(hl)
  63+ 6BFE CD CE 6B    >                call    Enter_Ptr ; ok        // for primitive definitions  actual code
  63+ 6C01             >
  63+ 6C01             >
  63+ 6C01             >                endif           ; ok        // for other definitions it "points" the correct handler
  63+ 6C01             >                // Use of "; ok" to suppress "warning[fwdref]"
  63+ 6C01             >
  63+ 6C01             >last_NFA        defl    temp_NFA            // keep track of NFA saved above
  64+ 6C01
  65+ 6C01 57 77                        dw      CREATE                  // create
  66+ 6C03 71 6E                        dw      COMMA                   // ,    ( at PFA then, store the value )
  67+ 6C05 5E 71                        dw      C_SEMICOLON_CODE        // ;code (  changes the 3-bytes CFA to call Constant_Ptr )
  68+ 6C07              Constant_Ptr:
  69+ 6C07
  70+ 6C07
  71+ 6C07 E1                           pop     hl
  72+ 6C08
  73+ 6C08 7E                           ld      a, (hl)
  74+ 6C09 23                           inc     hl
  75+ 6C0A 66                           ld      h, (hl)
  76+ 6C0B 6F                           ld      l, a
  77+ 6C0C E5                           push    hl
  78+ 6C0D                              next
  78+ 6C0D DD E9       >                jp      (ix)
  79+ 6C0F
  80+ 6C0F              //  ______________________________________________________________________
  81+ 6C0F              //
  82+ 6C0F              // variable     n -- cccc     ( compile time )
  83+ 6C0F              //              -- a          ( run time )
  84+ 6C0F              // Variable definition, n is the initial value.
  85+ 6C0F                              Colon_Def VARIABLE, "VARIABLE", is_normal   // has forward-ref
  85+ 6C0F             >                New_Def  VARIABLE, "VARIABLE", Enter_Ptr, is_normal ; ok
  85+ 6C0F             >temp_NFA        defl    $                   // save this NFA address to temp_NFA
  85+ 6C0F             >
  85+ 6C0F             >                // dummy db directives used to calculate length of namec
  85+ 6C0F 56 41 52 49 >                db      "VARIABLE"
  85+ 6C13 41 42 4C 45 >
  85+ 6C17             >len_NFA         defl    $ - temp_NFA
  85+ 6C17             >                org     $ - len_NFA         // rewind to temp_NFA and re-do NFA part
  85+ 6C0F             >
  85+ 6C0F 88          >                db      len_NFA | END_BIT | is_normal  // The start of NFA must have msb set to signal the beginning of the sounted string
  85+ 6C10 56 41 52 49 >                db      "VARIABLE"               // name string in 7-bit ascii, but
  85+ 6C14 41 42 4C 45 >
  85+ 6C18             >                org     $-1                 // alter last byte of Name just above to set
  85+ 6C17 C5          >                db      {b $} | END_BIT     // msb as name end
  85+ 6C18             >
  85+ 6C18 F3 6B       >                dw      last_NFA            // Link to previous definition Name
  85+ 6C1A             >VARIABLE:          if Enter_Ptr != 0 ; ok        // This is the start address of the direct jp(hl)
  85+ 6C1A CD CE 6B    >                call    Enter_Ptr ; ok        // for primitive definitions  actual code
  85+ 6C1D             >
  85+ 6C1D             >
  85+ 6C1D             >                endif           ; ok        // for other definitions it "points" the correct handler
  85+ 6C1D             >                // Use of "; ok" to suppress "warning[fwdref]"
  85+ 6C1D             >
  85+ 6C1D             >last_NFA        defl    temp_NFA            // keep track of NFA saved above
  86+ 6C1D
  87+ 6C1D 46 6C                        dw      ZERO
  88+ 6C1F FE 6B                        dw      CONSTANT                // constant
  89+ 6C21 5E 71                        dw      C_SEMICOLON_CODE        // ;code ( changes the 3-bytes CFA to call Variable_Ptr )
  90+ 6C23              Variable_Ptr:
  91+ 6C23
  92+ 6C23
  93+ 6C23
  94+ 6C23
  95+ 6C23                              next
  95+ 6C23 DD E9       >                jp      (ix)
  96+ 6C25
  97+ 6C25              //  ______________________________________________________________________
  98+ 6C25              //
  99+ 6C25              // user         b -- cccc     ( compile time )
 100+ 6C25              //              -- a          ( run time )
 101+ 6C25              // User variable definition
 102+ 6C25                              Colon_Def USER, "USER", is_normal
 102+ 6C25             >                New_Def  USER, "USER", Enter_Ptr, is_normal ; ok
 102+ 6C25             >temp_NFA        defl    $                   // save this NFA address to temp_NFA
 102+ 6C25             >
 102+ 6C25             >                // dummy db directives used to calculate length of namec
 102+ 6C25 55 53 45 52 >                db      "USER"
 102+ 6C29             >len_NFA         defl    $ - temp_NFA
 102+ 6C29             >                org     $ - len_NFA         // rewind to temp_NFA and re-do NFA part
 102+ 6C25             >
 102+ 6C25 84          >                db      len_NFA | END_BIT | is_normal  // The start of NFA must have msb set to signal the beginning of the sounted string
 102+ 6C26 55 53 45 52 >                db      "USER"               // name string in 7-bit ascii, but
 102+ 6C2A             >                org     $-1                 // alter last byte of Name just above to set
 102+ 6C29 D2          >                db      {b $} | END_BIT     // msb as name end
 102+ 6C2A             >
 102+ 6C2A 0F 6C       >                dw      last_NFA            // Link to previous definition Name
 102+ 6C2C             >USER:          if Enter_Ptr != 0 ; ok        // This is the start address of the direct jp(hl)
 102+ 6C2C CD CE 6B    >                call    Enter_Ptr ; ok        // for primitive definitions  actual code
 102+ 6C2F             >
 102+ 6C2F             >
 102+ 6C2F             >                endif           ; ok        // for other definitions it "points" the correct handler
 102+ 6C2F             >                // Use of "; ok" to suppress "warning[fwdref]"
 102+ 6C2F             >
 102+ 6C2F             >last_NFA        defl    temp_NFA            // keep track of NFA saved above
 103+ 6C2F
 104+ 6C2F 57 77                        dw      CREATE                  // create
 105+ 6C31 83 6E                        dw      CCOMMA                  // c,
 106+ 6C33 5E 71                        dw      C_SEMICOLON_CODE        // ;code () changes the 3-bytes CFA to call User_Ptr )
 107+ 6C35
 108+ 6C35
 109+ 6C35              User_Ptr:
 110+ 6C35                              // via call coded in CFA
 111+ 6C35 D9                           exx
 112+ 6C36 E1                           pop     hl
 113+ 6C37 5E                           ld      e, (hl)
 114+ 6C38 16 00                        ld      d, 0
 115+ 6C3A 2A 2E 64                     ld      hl, (USER_Pointer)
 116+ 6C3D 19                           add     hl, de
 117+ 6C3E E5                           push    hl
 118+ 6C3F D9                           exx
 119+ 6C40                              next
 119+ 6C40 DD E9       >                jp      (ix)
 120+ 6C42
 121+ 6C42              //  ______________________________________________________________________
 122+ 6C42              //
 123+ 6C42                              Constant_Def ZERO       ,   "0"     ,   0
 123+ 6C42             >                New_Def  ZERO, "0", Constant_Ptr, is_normal
 123+ 6C42             >temp_NFA        defl    $                   // save this NFA address to temp_NFA
 123+ 6C42             >
 123+ 6C42             >                // dummy db directives used to calculate length of namec
 123+ 6C42 30          >                db      "0"
 123+ 6C43             >len_NFA         defl    $ - temp_NFA
 123+ 6C43             >                org     $ - len_NFA         // rewind to temp_NFA and re-do NFA part
 123+ 6C42             >
 123+ 6C42 81          >                db      len_NFA | END_BIT | is_normal  // The start of NFA must have msb set to signal the beginning of the sounted string
 123+ 6C43 30          >                db      "0"               // name string in 7-bit ascii, but
 123+ 6C44             >                org     $-1                 // alter last byte of Name just above to set
 123+ 6C43 B0          >                db      {b $} | END_BIT     // msb as name end
 123+ 6C44             >
 123+ 6C44 25 6C       >                dw      last_NFA            // Link to previous definition Name
 123+ 6C46             >ZERO:          if Constant_Ptr != 0 ; ok        // This is the start address of the direct jp(hl)
 123+ 6C46 CD 07 6C    >                call    Constant_Ptr ; ok        // for primitive definitions  actual code
 123+ 6C49             >
 123+ 6C49             >
 123+ 6C49             >                endif           ; ok        // for other definitions it "points" the correct handler
 123+ 6C49             >                // Use of "; ok" to suppress "warning[fwdref]"
 123+ 6C49             >
 123+ 6C49             >last_NFA        defl    temp_NFA            // keep track of NFA saved above
 123+ 6C49 00 00       >                dw      0
 124+ 6C4B                              Constant_Def ONE        ,   "1"     ,   1
 124+ 6C4B             >                New_Def  ONE, "1", Constant_Ptr, is_normal
 124+ 6C4B             >temp_NFA        defl    $                   // save this NFA address to temp_NFA
 124+ 6C4B             >
 124+ 6C4B             >                // dummy db directives used to calculate length of namec
 124+ 6C4B 31          >                db      "1"
 124+ 6C4C             >len_NFA         defl    $ - temp_NFA
 124+ 6C4C             >                org     $ - len_NFA         // rewind to temp_NFA and re-do NFA part
 124+ 6C4B             >
 124+ 6C4B 81          >                db      len_NFA | END_BIT | is_normal  // The start of NFA must have msb set to signal the beginning of the sounted string
 124+ 6C4C 31          >                db      "1"               // name string in 7-bit ascii, but
 124+ 6C4D             >                org     $-1                 // alter last byte of Name just above to set
 124+ 6C4C B1          >                db      {b $} | END_BIT     // msb as name end
 124+ 6C4D             >
 124+ 6C4D 42 6C       >                dw      last_NFA            // Link to previous definition Name
 124+ 6C4F             >ONE:          if Constant_Ptr != 0 ; ok        // This is the start address of the direct jp(hl)
 124+ 6C4F CD 07 6C    >                call    Constant_Ptr ; ok        // for primitive definitions  actual code
 124+ 6C52             >
 124+ 6C52             >
 124+ 6C52             >                endif           ; ok        // for other definitions it "points" the correct handler
 124+ 6C52             >                // Use of "; ok" to suppress "warning[fwdref]"
 124+ 6C52             >
 124+ 6C52             >last_NFA        defl    temp_NFA            // keep track of NFA saved above
 124+ 6C52 01 00       >                dw      1
 125+ 6C54                              Constant_Def TWO        ,   "2"     ,   2
 125+ 6C54             >                New_Def  TWO, "2", Constant_Ptr, is_normal
 125+ 6C54             >temp_NFA        defl    $                   // save this NFA address to temp_NFA
 125+ 6C54             >
 125+ 6C54             >                // dummy db directives used to calculate length of namec
 125+ 6C54 32          >                db      "2"
 125+ 6C55             >len_NFA         defl    $ - temp_NFA
 125+ 6C55             >                org     $ - len_NFA         // rewind to temp_NFA and re-do NFA part
 125+ 6C54             >
 125+ 6C54 81          >                db      len_NFA | END_BIT | is_normal  // The start of NFA must have msb set to signal the beginning of the sounted string
 125+ 6C55 32          >                db      "2"               // name string in 7-bit ascii, but
 125+ 6C56             >                org     $-1                 // alter last byte of Name just above to set
 125+ 6C55 B2          >                db      {b $} | END_BIT     // msb as name end
 125+ 6C56             >
 125+ 6C56 4B 6C       >                dw      last_NFA            // Link to previous definition Name
 125+ 6C58             >TWO:          if Constant_Ptr != 0 ; ok        // This is the start address of the direct jp(hl)
 125+ 6C58 CD 07 6C    >                call    Constant_Ptr ; ok        // for primitive definitions  actual code
 125+ 6C5B             >
 125+ 6C5B             >
 125+ 6C5B             >                endif           ; ok        // for other definitions it "points" the correct handler
 125+ 6C5B             >                // Use of "; ok" to suppress "warning[fwdref]"
 125+ 6C5B             >
 125+ 6C5B             >last_NFA        defl    temp_NFA            // keep track of NFA saved above
 125+ 6C5B 02 00       >                dw      2
 126+ 6C5D                              Constant_Def THREE      ,   "3"     ,   3
 126+ 6C5D             >                New_Def  THREE, "3", Constant_Ptr, is_normal
 126+ 6C5D             >temp_NFA        defl    $                   // save this NFA address to temp_NFA
 126+ 6C5D             >
 126+ 6C5D             >                // dummy db directives used to calculate length of namec
 126+ 6C5D 33          >                db      "3"
 126+ 6C5E             >len_NFA         defl    $ - temp_NFA
 126+ 6C5E             >                org     $ - len_NFA         // rewind to temp_NFA and re-do NFA part
 126+ 6C5D             >
 126+ 6C5D 81          >                db      len_NFA | END_BIT | is_normal  // The start of NFA must have msb set to signal the beginning of the sounted string
 126+ 6C5E 33          >                db      "3"               // name string in 7-bit ascii, but
 126+ 6C5F             >                org     $-1                 // alter last byte of Name just above to set
 126+ 6C5E B3          >                db      {b $} | END_BIT     // msb as name end
 126+ 6C5F             >
 126+ 6C5F 54 6C       >                dw      last_NFA            // Link to previous definition Name
 126+ 6C61             >THREE:          if Constant_Ptr != 0 ; ok        // This is the start address of the direct jp(hl)
 126+ 6C61 CD 07 6C    >                call    Constant_Ptr ; ok        // for primitive definitions  actual code
 126+ 6C64             >
 126+ 6C64             >
 126+ 6C64             >                endif           ; ok        // for other definitions it "points" the correct handler
 126+ 6C64             >                // Use of "; ok" to suppress "warning[fwdref]"
 126+ 6C64             >
 126+ 6C64             >last_NFA        defl    temp_NFA            // keep track of NFA saved above
 126+ 6C64 03 00       >                dw      3
 127+ 6C66                              Constant_Def NEG_ONE    ,   "-1"    ,  -1
 127+ 6C66             >                New_Def  NEG_ONE, "-1", Constant_Ptr, is_normal
 127+ 6C66             >temp_NFA        defl    $                   // save this NFA address to temp_NFA
 127+ 6C66             >
 127+ 6C66             >                // dummy db directives used to calculate length of namec
 127+ 6C66 2D 31       >                db      "-1"
 127+ 6C68             >len_NFA         defl    $ - temp_NFA
 127+ 6C68             >                org     $ - len_NFA         // rewind to temp_NFA and re-do NFA part
 127+ 6C66             >
 127+ 6C66 82          >                db      len_NFA | END_BIT | is_normal  // The start of NFA must have msb set to signal the beginning of the sounted string
 127+ 6C67 2D 31       >                db      "-1"               // name string in 7-bit ascii, but
 127+ 6C69             >                org     $-1                 // alter last byte of Name just above to set
 127+ 6C68 B1          >                db      {b $} | END_BIT     // msb as name end
 127+ 6C69             >
 127+ 6C69 5D 6C       >                dw      last_NFA            // Link to previous definition Name
 127+ 6C6B             >NEG_ONE:          if Constant_Ptr != 0 ; ok        // This is the start address of the direct jp(hl)
 127+ 6C6B CD 07 6C    >                call    Constant_Ptr ; ok        // for primitive definitions  actual code
 127+ 6C6E             >
 127+ 6C6E             >
 127+ 6C6E             >                endif           ; ok        // for other definitions it "points" the correct handler
 127+ 6C6E             >                // Use of "; ok" to suppress "warning[fwdref]"
 127+ 6C6E             >
 127+ 6C6E             >last_NFA        defl    temp_NFA            // keep track of NFA saved above
 127+ 6C6E FF FF       >                dw      -1
 128+ 6C70                              Constant_Def BL         ,   "BL"    , $20
 128+ 6C70             >                New_Def  BL, "BL", Constant_Ptr, is_normal
 128+ 6C70             >temp_NFA        defl    $                   // save this NFA address to temp_NFA
 128+ 6C70             >
 128+ 6C70             >                // dummy db directives used to calculate length of namec
 128+ 6C70 42 4C       >                db      "BL"
 128+ 6C72             >len_NFA         defl    $ - temp_NFA
 128+ 6C72             >                org     $ - len_NFA         // rewind to temp_NFA and re-do NFA part
 128+ 6C70             >
 128+ 6C70 82          >                db      len_NFA | END_BIT | is_normal  // The start of NFA must have msb set to signal the beginning of the sounted string
 128+ 6C71 42 4C       >                db      "BL"               // name string in 7-bit ascii, but
 128+ 6C73             >                org     $-1                 // alter last byte of Name just above to set
 128+ 6C72 CC          >                db      {b $} | END_BIT     // msb as name end
 128+ 6C73             >
 128+ 6C73 66 6C       >                dw      last_NFA            // Link to previous definition Name
 128+ 6C75             >BL:          if Constant_Ptr != 0 ; ok        // This is the start address of the direct jp(hl)
 128+ 6C75 CD 07 6C    >                call    Constant_Ptr ; ok        // for primitive definitions  actual code
 128+ 6C78             >
 128+ 6C78             >
 128+ 6C78             >                endif           ; ok        // for other definitions it "points" the correct handler
 128+ 6C78             >                // Use of "; ok" to suppress "warning[fwdref]"
 128+ 6C78             >
 128+ 6C78             >last_NFA        defl    temp_NFA            // keep track of NFA saved above
 128+ 6C78 20 00       >                dw      $20
 129+ 6C7A                              Constant_Def CL         ,   "C/L"   ,  32
 129+ 6C7A             >                New_Def  CL, "C/L", Constant_Ptr, is_normal
 129+ 6C7A             >temp_NFA        defl    $                   // save this NFA address to temp_NFA
 129+ 6C7A             >
 129+ 6C7A             >                // dummy db directives used to calculate length of namec
 129+ 6C7A 43 2F 4C    >                db      "C/L"
 129+ 6C7D             >len_NFA         defl    $ - temp_NFA
 129+ 6C7D             >                org     $ - len_NFA         // rewind to temp_NFA and re-do NFA part
 129+ 6C7A             >
 129+ 6C7A 83          >                db      len_NFA | END_BIT | is_normal  // The start of NFA must have msb set to signal the beginning of the sounted string
 129+ 6C7B 43 2F 4C    >                db      "C/L"               // name string in 7-bit ascii, but
 129+ 6C7E             >                org     $-1                 // alter last byte of Name just above to set
 129+ 6C7D CC          >                db      {b $} | END_BIT     // msb as name end
 129+ 6C7E             >
 129+ 6C7E 70 6C       >                dw      last_NFA            // Link to previous definition Name
 129+ 6C80             >CL:          if Constant_Ptr != 0 ; ok        // This is the start address of the direct jp(hl)
 129+ 6C80 CD 07 6C    >                call    Constant_Ptr ; ok        // for primitive definitions  actual code
 129+ 6C83             >
 129+ 6C83             >
 129+ 6C83             >                endif           ; ok        // for other definitions it "points" the correct handler
 129+ 6C83             >                // Use of "; ok" to suppress "warning[fwdref]"
 129+ 6C83             >
 129+ 6C83             >last_NFA        defl    temp_NFA            // keep track of NFA saved above
 129+ 6C83 20 00       >                dw      32
 130+ 6C85                              Constant_Def BBUF       ,   "B/BUF" , 512
 130+ 6C85             >                New_Def  BBUF, "B/BUF", Constant_Ptr, is_normal
 130+ 6C85             >temp_NFA        defl    $                   // save this NFA address to temp_NFA
 130+ 6C85             >
 130+ 6C85             >                // dummy db directives used to calculate length of namec
 130+ 6C85 42 2F 42 55 >                db      "B/BUF"
 130+ 6C89 46          >
 130+ 6C8A             >len_NFA         defl    $ - temp_NFA
 130+ 6C8A             >                org     $ - len_NFA         // rewind to temp_NFA and re-do NFA part
 130+ 6C85             >
 130+ 6C85 85          >                db      len_NFA | END_BIT | is_normal  // The start of NFA must have msb set to signal the beginning of the sounted string
 130+ 6C86 42 2F 42 55 >                db      "B/BUF"               // name string in 7-bit ascii, but
 130+ 6C8A 46          >
 130+ 6C8B             >                org     $-1                 // alter last byte of Name just above to set
 130+ 6C8A C6          >                db      {b $} | END_BIT     // msb as name end
 130+ 6C8B             >
 130+ 6C8B 7A 6C       >                dw      last_NFA            // Link to previous definition Name
 130+ 6C8D             >BBUF:          if Constant_Ptr != 0 ; ok        // This is the start address of the direct jp(hl)
 130+ 6C8D CD 07 6C    >                call    Constant_Ptr ; ok        // for primitive definitions  actual code
 130+ 6C90             >
 130+ 6C90             >
 130+ 6C90             >                endif           ; ok        // for other definitions it "points" the correct handler
 130+ 6C90             >                // Use of "; ok" to suppress "warning[fwdref]"
 130+ 6C90             >
 130+ 6C90             >last_NFA        defl    temp_NFA            // keep track of NFA saved above
 130+ 6C90 00 02       >                dw      512
 131+ 6C92                              Constant_Def BSCR       ,   "B/SCR" ,   1
 131+ 6C92             >                New_Def  BSCR, "B/SCR", Constant_Ptr, is_normal
 131+ 6C92             >temp_NFA        defl    $                   // save this NFA address to temp_NFA
 131+ 6C92             >
 131+ 6C92             >                // dummy db directives used to calculate length of namec
 131+ 6C92 42 2F 53 43 >                db      "B/SCR"
 131+ 6C96 52          >
 131+ 6C97             >len_NFA         defl    $ - temp_NFA
 131+ 6C97             >                org     $ - len_NFA         // rewind to temp_NFA and re-do NFA part
 131+ 6C92             >
 131+ 6C92 85          >                db      len_NFA | END_BIT | is_normal  // The start of NFA must have msb set to signal the beginning of the sounted string
 131+ 6C93 42 2F 53 43 >                db      "B/SCR"               // name string in 7-bit ascii, but
 131+ 6C97 52          >
 131+ 6C98             >                org     $-1                 // alter last byte of Name just above to set
 131+ 6C97 D2          >                db      {b $} | END_BIT     // msb as name end
 131+ 6C98             >
 131+ 6C98 85 6C       >                dw      last_NFA            // Link to previous definition Name
 131+ 6C9A             >BSCR:          if Constant_Ptr != 0 ; ok        // This is the start address of the direct jp(hl)
 131+ 6C9A CD 07 6C    >                call    Constant_Ptr ; ok        // for primitive definitions  actual code
 131+ 6C9D             >
 131+ 6C9D             >
 131+ 6C9D             >                endif           ; ok        // for other definitions it "points" the correct handler
 131+ 6C9D             >                // Use of "; ok" to suppress "warning[fwdref]"
 131+ 6C9D             >
 131+ 6C9D             >last_NFA        defl    temp_NFA            // keep track of NFA saved above
 131+ 6C9D 01 00       >                dw      1
 132+ 6C9F                              Constant_Def LSCR       ,   "L/SCR" ,  16
 132+ 6C9F             >                New_Def  LSCR, "L/SCR", Constant_Ptr, is_normal
 132+ 6C9F             >temp_NFA        defl    $                   // save this NFA address to temp_NFA
 132+ 6C9F             >
 132+ 6C9F             >                // dummy db directives used to calculate length of namec
 132+ 6C9F 4C 2F 53 43 >                db      "L/SCR"
 132+ 6CA3 52          >
 132+ 6CA4             >len_NFA         defl    $ - temp_NFA
 132+ 6CA4             >                org     $ - len_NFA         // rewind to temp_NFA and re-do NFA part
 132+ 6C9F             >
 132+ 6C9F 85          >                db      len_NFA | END_BIT | is_normal  // The start of NFA must have msb set to signal the beginning of the sounted string
 132+ 6CA0 4C 2F 53 43 >                db      "L/SCR"               // name string in 7-bit ascii, but
 132+ 6CA4 52          >
 132+ 6CA5             >                org     $-1                 // alter last byte of Name just above to set
 132+ 6CA4 D2          >                db      {b $} | END_BIT     // msb as name end
 132+ 6CA5             >
 132+ 6CA5 92 6C       >                dw      last_NFA            // Link to previous definition Name
 132+ 6CA7             >LSCR:          if Constant_Ptr != 0 ; ok        // This is the start address of the direct jp(hl)
 132+ 6CA7 CD 07 6C    >                call    Constant_Ptr ; ok        // for primitive definitions  actual code
 132+ 6CAA             >
 132+ 6CAA             >
 132+ 6CAA             >                endif           ; ok        // for other definitions it "points" the correct handler
 132+ 6CAA             >                // Use of "; ok" to suppress "warning[fwdref]"
 132+ 6CAA             >
 132+ 6CAA             >last_NFA        defl    temp_NFA            // keep track of NFA saved above
 132+ 6CAA 10 00       >                dw      16
 133+ 6CAC
 134+ 6CAC              //  ______________________________________________________________________
 135+ 6CAC              //
 136+ 6CAC              // +origin         --
 137+ 6CAC              //              Colon_Def PLUS_ORIGIN, "+ORIGIN", is_normal
 138+ 6CAC              //              dw      LIT, Cold_origin        // [ hex 6366 ] literal
 139+ 6CAC              //              dw      PLUS                    // +
 140+ 6CAC              //              dw      EXIT                    // ;
 141+ 6CAC                              New_Def  PLUS_ORIGIN, "+ORIGIN", is_code, is_normal
 141+ 6CAC             >temp_NFA        defl    $                   // save this NFA address to temp_NFA
 141+ 6CAC             >
 141+ 6CAC             >                // dummy db directives used to calculate length of namec
 141+ 6CAC 2B 4F 52 49 >                db      "+ORIGIN"
 141+ 6CB0 47 49 4E    >
 141+ 6CB3             >len_NFA         defl    $ - temp_NFA
 141+ 6CB3             >                org     $ - len_NFA         // rewind to temp_NFA and re-do NFA part
 141+ 6CAC             >
 141+ 6CAC 87          >                db      len_NFA | END_BIT | is_normal  // The start of NFA must have msb set to signal the beginning of the sounted string
 141+ 6CAD 2B 4F 52 49 >                db      "+ORIGIN"               // name string in 7-bit ascii, but
 141+ 6CB1 47 49 4E    >
 141+ 6CB4             >                org     $-1                 // alter last byte of Name just above to set
 141+ 6CB3 CE          >                db      {b $} | END_BIT     // msb as name end
 141+ 6CB4             >
 141+ 6CB4 9F 6C       >                dw      last_NFA            // Link to previous definition Name
 141+ 6CB6             >PLUS_ORIGIN:          if is_code != 0 ; ok        // This is the start address of the direct jp(hl)
 141+ 6CB6 ~           >                call    runcode ; ok        // for primitive definitions  actual code
 141+ 6CB6 ~           >
 141+ 6CB6 ~           >
 141+ 6CB6             >                endif           ; ok        // for other definitions it "points" the correct handler
 141+ 6CB6             >                // Use of "; ok" to suppress "warning[fwdref]"
 141+ 6CB6             >
 141+ 6CB6             >last_NFA        defl    temp_NFA            // keep track of NFA saved above
 142+ 6CB6 D9                           exx
 143+ 6CB7 E1                           pop     hl
 144+ 6CB8 11 00 64                     ld      de, Cold_origin
 145+ 6CBB 19                           add     hl, de
 146+ 6CBC E5                           push    hl
 147+ 6CBD D9                           exx
 148+ 6CBE                              next
 148+ 6CBE DD E9       >                jp      (ix)
 149+ 6CC0
 150+ 6CC0
 151+ 6CC0              //  ______________________________________________________________________
 152+ 6CC0              //
 153+ 6CC0                              Constant_Def CNEXT      ,   "(NEXT)", Next_Ptr
 153+ 6CC0             >                New_Def  CNEXT, "(NEXT)", Constant_Ptr, is_normal
 153+ 6CC0             >temp_NFA        defl    $                   // save this NFA address to temp_NFA
 153+ 6CC0             >
 153+ 6CC0             >                // dummy db directives used to calculate length of namec
 153+ 6CC0 28 4E 45 58 >                db      "(NEXT)"
 153+ 6CC4 54 29       >
 153+ 6CC6             >len_NFA         defl    $ - temp_NFA
 153+ 6CC6             >                org     $ - len_NFA         // rewind to temp_NFA and re-do NFA part
 153+ 6CC0             >
 153+ 6CC0 86          >                db      len_NFA | END_BIT | is_normal  // The start of NFA must have msb set to signal the beginning of the sounted string
 153+ 6CC1 28 4E 45 58 >                db      "(NEXT)"               // name string in 7-bit ascii, but
 153+ 6CC5 54 29       >
 153+ 6CC7             >                org     $-1                 // alter last byte of Name just above to set
 153+ 6CC6 A9          >                db      {b $} | END_BIT     // msb as name end
 153+ 6CC7             >
 153+ 6CC7 AC 6C       >                dw      last_NFA            // Link to previous definition Name
 153+ 6CC9             >CNEXT:          if Constant_Ptr != 0 ; ok        // This is the start address of the direct jp(hl)
 153+ 6CC9 CD 07 6C    >                call    Constant_Ptr ; ok        // for primitive definitions  actual code
 153+ 6CCC             >
 153+ 6CCC             >
 153+ 6CCC             >                endif           ; ok        // for other definitions it "points" the correct handler
 153+ 6CCC             >                // Use of "; ok" to suppress "warning[fwdref]"
 153+ 6CCC             >
 153+ 6CCC             >last_NFA        defl    temp_NFA            // keep track of NFA saved above
 153+ 6CCC 32 64       >                dw      Next_Ptr
 154+ 6CCE
 155+ 6CCE              //  ______________________________________________________________________
 156+ 6CCE              //
 157+ 6CCE
 158+ 6CCE                              User_Def S0         , "S0"        , 06 // starting value of Stack-Pointer
 158+ 6CCE             >                New_Def  S0, "S0", User_Ptr, is_normal
 158+ 6CCE             >temp_NFA        defl    $                   // save this NFA address to temp_NFA
 158+ 6CCE             >
 158+ 6CCE             >                // dummy db directives used to calculate length of namec
 158+ 6CCE 53 30       >                db      "S0"
 158+ 6CD0             >len_NFA         defl    $ - temp_NFA
 158+ 6CD0             >                org     $ - len_NFA         // rewind to temp_NFA and re-do NFA part
 158+ 6CCE             >
 158+ 6CCE 82          >                db      len_NFA | END_BIT | is_normal  // The start of NFA must have msb set to signal the beginning of the sounted string
 158+ 6CCF 53 30       >                db      "S0"               // name string in 7-bit ascii, but
 158+ 6CD1             >                org     $-1                 // alter last byte of Name just above to set
 158+ 6CD0 B0          >                db      {b $} | END_BIT     // msb as name end
 158+ 6CD1             >
 158+ 6CD1 C0 6C       >                dw      last_NFA            // Link to previous definition Name
 158+ 6CD3             >S0:          if User_Ptr != 0 ; ok        // This is the start address of the direct jp(hl)
 158+ 6CD3 CD 35 6C    >                call    User_Ptr ; ok        // for primitive definitions  actual code
 158+ 6CD6             >
 158+ 6CD6             >
 158+ 6CD6             >                endif           ; ok        // for other definitions it "points" the correct handler
 158+ 6CD6             >                // Use of "; ok" to suppress "warning[fwdref]"
 158+ 6CD6             >
 158+ 6CD6             >last_NFA        defl    temp_NFA            // keep track of NFA saved above
 158+ 6CD6 06          >                db      06
 159+ 6CD7                              User_Def R0         , "R0"        , 08 // starting value of Return-Pointer
 159+ 6CD7             >                New_Def  R0, "R0", User_Ptr, is_normal
 159+ 6CD7             >temp_NFA        defl    $                   // save this NFA address to temp_NFA
 159+ 6CD7             >
 159+ 6CD7             >                // dummy db directives used to calculate length of namec
 159+ 6CD7 52 30       >                db      "R0"
 159+ 6CD9             >len_NFA         defl    $ - temp_NFA
 159+ 6CD9             >                org     $ - len_NFA         // rewind to temp_NFA and re-do NFA part
 159+ 6CD7             >
 159+ 6CD7 82          >                db      len_NFA | END_BIT | is_normal  // The start of NFA must have msb set to signal the beginning of the sounted string
 159+ 6CD8 52 30       >                db      "R0"               // name string in 7-bit ascii, but
 159+ 6CDA             >                org     $-1                 // alter last byte of Name just above to set
 159+ 6CD9 B0          >                db      {b $} | END_BIT     // msb as name end
 159+ 6CDA             >
 159+ 6CDA CE 6C       >                dw      last_NFA            // Link to previous definition Name
 159+ 6CDC             >R0:          if User_Ptr != 0 ; ok        // This is the start address of the direct jp(hl)
 159+ 6CDC CD 35 6C    >                call    User_Ptr ; ok        // for primitive definitions  actual code
 159+ 6CDF             >
 159+ 6CDF             >
 159+ 6CDF             >                endif           ; ok        // for other definitions it "points" the correct handler
 159+ 6CDF             >                // Use of "; ok" to suppress "warning[fwdref]"
 159+ 6CDF             >
 159+ 6CDF             >last_NFA        defl    temp_NFA            // keep track of NFA saved above
 159+ 6CDF 08          >                db      08
 160+ 6CE0                              User_Def TIB        , "TIB"       , 10 // input terminal buffer address
 160+ 6CE0             >                New_Def  TIB, "TIB", User_Ptr, is_normal
 160+ 6CE0             >temp_NFA        defl    $                   // save this NFA address to temp_NFA
 160+ 6CE0             >
 160+ 6CE0             >                // dummy db directives used to calculate length of namec
 160+ 6CE0 54 49 42    >                db      "TIB"
 160+ 6CE3             >len_NFA         defl    $ - temp_NFA
 160+ 6CE3             >                org     $ - len_NFA         // rewind to temp_NFA and re-do NFA part
 160+ 6CE0             >
 160+ 6CE0 83          >                db      len_NFA | END_BIT | is_normal  // The start of NFA must have msb set to signal the beginning of the sounted string
 160+ 6CE1 54 49 42    >                db      "TIB"               // name string in 7-bit ascii, but
 160+ 6CE4             >                org     $-1                 // alter last byte of Name just above to set
 160+ 6CE3 C2          >                db      {b $} | END_BIT     // msb as name end
 160+ 6CE4             >
 160+ 6CE4 D7 6C       >                dw      last_NFA            // Link to previous definition Name
 160+ 6CE6             >TIB:          if User_Ptr != 0 ; ok        // This is the start address of the direct jp(hl)
 160+ 6CE6 CD 35 6C    >                call    User_Ptr ; ok        // for primitive definitions  actual code
 160+ 6CE9             >
 160+ 6CE9             >
 160+ 6CE9             >                endif           ; ok        // for other definitions it "points" the correct handler
 160+ 6CE9             >                // Use of "; ok" to suppress "warning[fwdref]"
 160+ 6CE9             >
 160+ 6CE9             >last_NFA        defl    temp_NFA            // keep track of NFA saved above
 160+ 6CE9 0A          >                db      10
 161+ 6CEA                              User_Def WIDTH      , "WIDTH"     , 12 // maximum number of characters for a word name
 161+ 6CEA             >                New_Def  WIDTH, "WIDTH", User_Ptr, is_normal
 161+ 6CEA             >temp_NFA        defl    $                   // save this NFA address to temp_NFA
 161+ 6CEA             >
 161+ 6CEA             >                // dummy db directives used to calculate length of namec
 161+ 6CEA 57 49 44 54 >                db      "WIDTH"
 161+ 6CEE 48          >
 161+ 6CEF             >len_NFA         defl    $ - temp_NFA
 161+ 6CEF             >                org     $ - len_NFA         // rewind to temp_NFA and re-do NFA part
 161+ 6CEA             >
 161+ 6CEA 85          >                db      len_NFA | END_BIT | is_normal  // The start of NFA must have msb set to signal the beginning of the sounted string
 161+ 6CEB 57 49 44 54 >                db      "WIDTH"               // name string in 7-bit ascii, but
 161+ 6CEF 48          >
 161+ 6CF0             >                org     $-1                 // alter last byte of Name just above to set
 161+ 6CEF C8          >                db      {b $} | END_BIT     // msb as name end
 161+ 6CF0             >
 161+ 6CF0 E0 6C       >                dw      last_NFA            // Link to previous definition Name
 161+ 6CF2             >WIDTH:          if User_Ptr != 0 ; ok        // This is the start address of the direct jp(hl)
 161+ 6CF2 CD 35 6C    >                call    User_Ptr ; ok        // for primitive definitions  actual code
 161+ 6CF5             >
 161+ 6CF5             >
 161+ 6CF5             >                endif           ; ok        // for other definitions it "points" the correct handler
 161+ 6CF5             >                // Use of "; ok" to suppress "warning[fwdref]"
 161+ 6CF5             >
 161+ 6CF5             >last_NFA        defl    temp_NFA            // keep track of NFA saved above
 161+ 6CF5 0C          >                db      12
 162+ 6CF6                              User_Def WARNING    , "WARNING"   , 14 // error reporting method: 0 base, 1 verbose
 162+ 6CF6             >                New_Def  WARNING, "WARNING", User_Ptr, is_normal
 162+ 6CF6             >temp_NFA        defl    $                   // save this NFA address to temp_NFA
 162+ 6CF6             >
 162+ 6CF6             >                // dummy db directives used to calculate length of namec
 162+ 6CF6 57 41 52 4E >                db      "WARNING"
 162+ 6CFA 49 4E 47    >
 162+ 6CFD             >len_NFA         defl    $ - temp_NFA
 162+ 6CFD             >                org     $ - len_NFA         // rewind to temp_NFA and re-do NFA part
 162+ 6CF6             >
 162+ 6CF6 87          >                db      len_NFA | END_BIT | is_normal  // The start of NFA must have msb set to signal the beginning of the sounted string
 162+ 6CF7 57 41 52 4E >                db      "WARNING"               // name string in 7-bit ascii, but
 162+ 6CFB 49 4E 47    >
 162+ 6CFE             >                org     $-1                 // alter last byte of Name just above to set
 162+ 6CFD C7          >                db      {b $} | END_BIT     // msb as name end
 162+ 6CFE             >
 162+ 6CFE EA 6C       >                dw      last_NFA            // Link to previous definition Name
 162+ 6D00             >WARNING:          if User_Ptr != 0 ; ok        // This is the start address of the direct jp(hl)
 162+ 6D00 CD 35 6C    >                call    User_Ptr ; ok        // for primitive definitions  actual code
 162+ 6D03             >
 162+ 6D03             >
 162+ 6D03             >                endif           ; ok        // for other definitions it "points" the correct handler
 162+ 6D03             >                // Use of "; ok" to suppress "warning[fwdref]"
 162+ 6D03             >
 162+ 6D03             >last_NFA        defl    temp_NFA            // keep track of NFA saved above
 162+ 6D03 0E          >                db      14
 163+ 6D04                              User_Def FENCE      , "FENCE"     , 16 // minimum address where FORGET can work
 163+ 6D04             >                New_Def  FENCE, "FENCE", User_Ptr, is_normal
 163+ 6D04             >temp_NFA        defl    $                   // save this NFA address to temp_NFA
 163+ 6D04             >
 163+ 6D04             >                // dummy db directives used to calculate length of namec
 163+ 6D04 46 45 4E 43 >                db      "FENCE"
 163+ 6D08 45          >
 163+ 6D09             >len_NFA         defl    $ - temp_NFA
 163+ 6D09             >                org     $ - len_NFA         // rewind to temp_NFA and re-do NFA part
 163+ 6D04             >
 163+ 6D04 85          >                db      len_NFA | END_BIT | is_normal  // The start of NFA must have msb set to signal the beginning of the sounted string
 163+ 6D05 46 45 4E 43 >                db      "FENCE"               // name string in 7-bit ascii, but
 163+ 6D09 45          >
 163+ 6D0A             >                org     $-1                 // alter last byte of Name just above to set
 163+ 6D09 C5          >                db      {b $} | END_BIT     // msb as name end
 163+ 6D0A             >
 163+ 6D0A F6 6C       >                dw      last_NFA            // Link to previous definition Name
 163+ 6D0C             >FENCE:          if User_Ptr != 0 ; ok        // This is the start address of the direct jp(hl)
 163+ 6D0C CD 35 6C    >                call    User_Ptr ; ok        // for primitive definitions  actual code
 163+ 6D0F             >
 163+ 6D0F             >
 163+ 6D0F             >                endif           ; ok        // for other definitions it "points" the correct handler
 163+ 6D0F             >                // Use of "; ok" to suppress "warning[fwdref]"
 163+ 6D0F             >
 163+ 6D0F             >last_NFA        defl    temp_NFA            // keep track of NFA saved above
 163+ 6D0F 10          >                db      16
 164+ 6D10                              User_Def DP         , "DP"        , 18 // Dictionary Pointer
 164+ 6D10             >                New_Def  DP, "DP", User_Ptr, is_normal
 164+ 6D10             >temp_NFA        defl    $                   // save this NFA address to temp_NFA
 164+ 6D10             >
 164+ 6D10             >                // dummy db directives used to calculate length of namec
 164+ 6D10 44 50       >                db      "DP"
 164+ 6D12             >len_NFA         defl    $ - temp_NFA
 164+ 6D12             >                org     $ - len_NFA         // rewind to temp_NFA and re-do NFA part
 164+ 6D10             >
 164+ 6D10 82          >                db      len_NFA | END_BIT | is_normal  // The start of NFA must have msb set to signal the beginning of the sounted string
 164+ 6D11 44 50       >                db      "DP"               // name string in 7-bit ascii, but
 164+ 6D13             >                org     $-1                 // alter last byte of Name just above to set
 164+ 6D12 D0          >                db      {b $} | END_BIT     // msb as name end
 164+ 6D13             >
 164+ 6D13 04 6D       >                dw      last_NFA            // Link to previous definition Name
 164+ 6D15             >DP:          if User_Ptr != 0 ; ok        // This is the start address of the direct jp(hl)
 164+ 6D15 CD 35 6C    >                call    User_Ptr ; ok        // for primitive definitions  actual code
 164+ 6D18             >
 164+ 6D18             >
 164+ 6D18             >                endif           ; ok        // for other definitions it "points" the correct handler
 164+ 6D18             >                // Use of "; ok" to suppress "warning[fwdref]"
 164+ 6D18             >
 164+ 6D18             >last_NFA        defl    temp_NFA            // keep track of NFA saved above
 164+ 6D18 12          >                db      18
 165+ 6D19                              User_Def VOC_LINK   , "VOC-LINK"  , 20 // pointer to the latest vocabulary
 165+ 6D19             >                New_Def  VOC_LINK, "VOC-LINK", User_Ptr, is_normal
 165+ 6D19             >temp_NFA        defl    $                   // save this NFA address to temp_NFA
 165+ 6D19             >
 165+ 6D19             >                // dummy db directives used to calculate length of namec
 165+ 6D19 56 4F 43 2D >                db      "VOC-LINK"
 165+ 6D1D 4C 49 4E 4B >
 165+ 6D21             >len_NFA         defl    $ - temp_NFA
 165+ 6D21             >                org     $ - len_NFA         // rewind to temp_NFA and re-do NFA part
 165+ 6D19             >
 165+ 6D19 88          >                db      len_NFA | END_BIT | is_normal  // The start of NFA must have msb set to signal the beginning of the sounted string
 165+ 6D1A 56 4F 43 2D >                db      "VOC-LINK"               // name string in 7-bit ascii, but
 165+ 6D1E 4C 49 4E 4B >
 165+ 6D22             >                org     $-1                 // alter last byte of Name just above to set
 165+ 6D21 CB          >                db      {b $} | END_BIT     // msb as name end
 165+ 6D22             >
 165+ 6D22 10 6D       >                dw      last_NFA            // Link to previous definition Name
 165+ 6D24             >VOC_LINK:          if User_Ptr != 0 ; ok        // This is the start address of the direct jp(hl)
 165+ 6D24 CD 35 6C    >                call    User_Ptr ; ok        // for primitive definitions  actual code
 165+ 6D27             >
 165+ 6D27             >
 165+ 6D27             >                endif           ; ok        // for other definitions it "points" the correct handler
 165+ 6D27             >                // Use of "; ok" to suppress "warning[fwdref]"
 165+ 6D27             >
 165+ 6D27             >last_NFA        defl    temp_NFA            // keep track of NFA saved above
 165+ 6D27 14          >                db      20
 166+ 6D28                              User_Def FIRST      , "FIRST"     , 22 // address of first buffer
 166+ 6D28             >                New_Def  FIRST, "FIRST", User_Ptr, is_normal
 166+ 6D28             >temp_NFA        defl    $                   // save this NFA address to temp_NFA
 166+ 6D28             >
 166+ 6D28             >                // dummy db directives used to calculate length of namec
 166+ 6D28 46 49 52 53 >                db      "FIRST"
 166+ 6D2C 54          >
 166+ 6D2D             >len_NFA         defl    $ - temp_NFA
 166+ 6D2D             >                org     $ - len_NFA         // rewind to temp_NFA and re-do NFA part
 166+ 6D28             >
 166+ 6D28 85          >                db      len_NFA | END_BIT | is_normal  // The start of NFA must have msb set to signal the beginning of the sounted string
 166+ 6D29 46 49 52 53 >                db      "FIRST"               // name string in 7-bit ascii, but
 166+ 6D2D 54          >
 166+ 6D2E             >                org     $-1                 // alter last byte of Name just above to set
 166+ 6D2D D4          >                db      {b $} | END_BIT     // msb as name end
 166+ 6D2E             >
 166+ 6D2E 19 6D       >                dw      last_NFA            // Link to previous definition Name
 166+ 6D30             >FIRST:          if User_Ptr != 0 ; ok        // This is the start address of the direct jp(hl)
 166+ 6D30 CD 35 6C    >                call    User_Ptr ; ok        // for primitive definitions  actual code
 166+ 6D33             >
 166+ 6D33             >
 166+ 6D33             >                endif           ; ok        // for other definitions it "points" the correct handler
 166+ 6D33             >                // Use of "; ok" to suppress "warning[fwdref]"
 166+ 6D33             >
 166+ 6D33             >last_NFA        defl    temp_NFA            // keep track of NFA saved above
 166+ 6D33 16          >                db      22
 167+ 6D34                              User_Def LIMIT      , "LIMIT"     , 24 // address of last buffer
 167+ 6D34             >                New_Def  LIMIT, "LIMIT", User_Ptr, is_normal
 167+ 6D34             >temp_NFA        defl    $                   // save this NFA address to temp_NFA
 167+ 6D34             >
 167+ 6D34             >                // dummy db directives used to calculate length of namec
 167+ 6D34 4C 49 4D 49 >                db      "LIMIT"
 167+ 6D38 54          >
 167+ 6D39             >len_NFA         defl    $ - temp_NFA
 167+ 6D39             >                org     $ - len_NFA         // rewind to temp_NFA and re-do NFA part
 167+ 6D34             >
 167+ 6D34 85          >                db      len_NFA | END_BIT | is_normal  // The start of NFA must have msb set to signal the beginning of the sounted string
 167+ 6D35 4C 49 4D 49 >                db      "LIMIT"               // name string in 7-bit ascii, but
 167+ 6D39 54          >
 167+ 6D3A             >                org     $-1                 // alter last byte of Name just above to set
 167+ 6D39 D4          >                db      {b $} | END_BIT     // msb as name end
 167+ 6D3A             >
 167+ 6D3A 28 6D       >                dw      last_NFA            // Link to previous definition Name
 167+ 6D3C             >LIMIT:          if User_Ptr != 0 ; ok        // This is the start address of the direct jp(hl)
 167+ 6D3C CD 35 6C    >                call    User_Ptr ; ok        // for primitive definitions  actual code
 167+ 6D3F             >
 167+ 6D3F             >
 167+ 6D3F             >                endif           ; ok        // for other definitions it "points" the correct handler
 167+ 6D3F             >                // Use of "; ok" to suppress "warning[fwdref]"
 167+ 6D3F             >
 167+ 6D3F             >last_NFA        defl    temp_NFA            // keep track of NFA saved above
 167+ 6D3F 18          >                db      24
 168+ 6D40                              User_Def EXP        , "EXP"       , 26 // keeps the exponent in number conversion
 168+ 6D40             >                New_Def  EXP, "EXP", User_Ptr, is_normal
 168+ 6D40             >temp_NFA        defl    $                   // save this NFA address to temp_NFA
 168+ 6D40             >
 168+ 6D40             >                // dummy db directives used to calculate length of namec
 168+ 6D40 45 58 50    >                db      "EXP"
 168+ 6D43             >len_NFA         defl    $ - temp_NFA
 168+ 6D43             >                org     $ - len_NFA         // rewind to temp_NFA and re-do NFA part
 168+ 6D40             >
 168+ 6D40 83          >                db      len_NFA | END_BIT | is_normal  // The start of NFA must have msb set to signal the beginning of the sounted string
 168+ 6D41 45 58 50    >                db      "EXP"               // name string in 7-bit ascii, but
 168+ 6D44             >                org     $-1                 // alter last byte of Name just above to set
 168+ 6D43 D0          >                db      {b $} | END_BIT     // msb as name end
 168+ 6D44             >
 168+ 6D44 34 6D       >                dw      last_NFA            // Link to previous definition Name
 168+ 6D46             >EXP:          if User_Ptr != 0 ; ok        // This is the start address of the direct jp(hl)
 168+ 6D46 CD 35 6C    >                call    User_Ptr ; ok        // for primitive definitions  actual code
 168+ 6D49             >
 168+ 6D49             >
 168+ 6D49             >                endif           ; ok        // for other definitions it "points" the correct handler
 168+ 6D49             >                // Use of "; ok" to suppress "warning[fwdref]"
 168+ 6D49             >
 168+ 6D49             >last_NFA        defl    temp_NFA            // keep track of NFA saved above
 168+ 6D49 1A          >                db      26
 169+ 6D4A                              User_Def NMODE      , "NMODE"     , 28 // number mode: 0 integer, 1 floating point
 169+ 6D4A             >                New_Def  NMODE, "NMODE", User_Ptr, is_normal
 169+ 6D4A             >temp_NFA        defl    $                   // save this NFA address to temp_NFA
 169+ 6D4A             >
 169+ 6D4A             >                // dummy db directives used to calculate length of namec
 169+ 6D4A 4E 4D 4F 44 >                db      "NMODE"
 169+ 6D4E 45          >
 169+ 6D4F             >len_NFA         defl    $ - temp_NFA
 169+ 6D4F             >                org     $ - len_NFA         // rewind to temp_NFA and re-do NFA part
 169+ 6D4A             >
 169+ 6D4A 85          >                db      len_NFA | END_BIT | is_normal  // The start of NFA must have msb set to signal the beginning of the sounted string
 169+ 6D4B 4E 4D 4F 44 >                db      "NMODE"               // name string in 7-bit ascii, but
 169+ 6D4F 45          >
 169+ 6D50             >                org     $-1                 // alter last byte of Name just above to set
 169+ 6D4F C5          >                db      {b $} | END_BIT     // msb as name end
 169+ 6D50             >
 169+ 6D50 40 6D       >                dw      last_NFA            // Link to previous definition Name
 169+ 6D52             >NMODE:          if User_Ptr != 0 ; ok        // This is the start address of the direct jp(hl)
 169+ 6D52 CD 35 6C    >                call    User_Ptr ; ok        // for primitive definitions  actual code
 169+ 6D55             >
 169+ 6D55             >
 169+ 6D55             >                endif           ; ok        // for other definitions it "points" the correct handler
 169+ 6D55             >                // Use of "; ok" to suppress "warning[fwdref]"
 169+ 6D55             >
 169+ 6D55             >last_NFA        defl    temp_NFA            // keep track of NFA saved above
 169+ 6D55 1C          >                db      28
 170+ 6D56                              User_Def BLK        , "BLK"       , 30 // block number to be interpreted. 0 for terminal
 170+ 6D56             >                New_Def  BLK, "BLK", User_Ptr, is_normal
 170+ 6D56             >temp_NFA        defl    $                   // save this NFA address to temp_NFA
 170+ 6D56             >
 170+ 6D56             >                // dummy db directives used to calculate length of namec
 170+ 6D56 42 4C 4B    >                db      "BLK"
 170+ 6D59             >len_NFA         defl    $ - temp_NFA
 170+ 6D59             >                org     $ - len_NFA         // rewind to temp_NFA and re-do NFA part
 170+ 6D56             >
 170+ 6D56 83          >                db      len_NFA | END_BIT | is_normal  // The start of NFA must have msb set to signal the beginning of the sounted string
 170+ 6D57 42 4C 4B    >                db      "BLK"               // name string in 7-bit ascii, but
 170+ 6D5A             >                org     $-1                 // alter last byte of Name just above to set
 170+ 6D59 CB          >                db      {b $} | END_BIT     // msb as name end
 170+ 6D5A             >
 170+ 6D5A 4A 6D       >                dw      last_NFA            // Link to previous definition Name
 170+ 6D5C             >BLK:          if User_Ptr != 0 ; ok        // This is the start address of the direct jp(hl)
 170+ 6D5C CD 35 6C    >                call    User_Ptr ; ok        // for primitive definitions  actual code
 170+ 6D5F             >
 170+ 6D5F             >
 170+ 6D5F             >                endif           ; ok        // for other definitions it "points" the correct handler
 170+ 6D5F             >                // Use of "; ok" to suppress "warning[fwdref]"
 170+ 6D5F             >
 170+ 6D5F             >last_NFA        defl    temp_NFA            // keep track of NFA saved above
 170+ 6D5F 1E          >                db      30
 171+ 6D60                              User_Def TO_IN      , ">IN"       , 32 // incremented when consuming input buffer
 171+ 6D60             >                New_Def  TO_IN, ">IN", User_Ptr, is_normal
 171+ 6D60             >temp_NFA        defl    $                   // save this NFA address to temp_NFA
 171+ 6D60             >
 171+ 6D60             >                // dummy db directives used to calculate length of namec
 171+ 6D60 3E 49 4E    >                db      ">IN"
 171+ 6D63             >len_NFA         defl    $ - temp_NFA
 171+ 6D63             >                org     $ - len_NFA         // rewind to temp_NFA and re-do NFA part
 171+ 6D60             >
 171+ 6D60 83          >                db      len_NFA | END_BIT | is_normal  // The start of NFA must have msb set to signal the beginning of the sounted string
 171+ 6D61 3E 49 4E    >                db      ">IN"               // name string in 7-bit ascii, but
 171+ 6D64             >                org     $-1                 // alter last byte of Name just above to set
 171+ 6D63 CE          >                db      {b $} | END_BIT     // msb as name end
 171+ 6D64             >
 171+ 6D64 56 6D       >                dw      last_NFA            // Link to previous definition Name
 171+ 6D66             >TO_IN:          if User_Ptr != 0 ; ok        // This is the start address of the direct jp(hl)
 171+ 6D66 CD 35 6C    >                call    User_Ptr ; ok        // for primitive definitions  actual code
 171+ 6D69             >
 171+ 6D69             >
 171+ 6D69             >                endif           ; ok        // for other definitions it "points" the correct handler
 171+ 6D69             >                // Use of "; ok" to suppress "warning[fwdref]"
 171+ 6D69             >
 171+ 6D69             >last_NFA        defl    temp_NFA            // keep track of NFA saved above
 171+ 6D69 20          >                db      32
 172+ 6D6A                              User_Def OUT        , "OUT"       , 34 // incremented when sending to output
 172+ 6D6A             >                New_Def  OUT, "OUT", User_Ptr, is_normal
 172+ 6D6A             >temp_NFA        defl    $                   // save this NFA address to temp_NFA
 172+ 6D6A             >
 172+ 6D6A             >                // dummy db directives used to calculate length of namec
 172+ 6D6A 4F 55 54    >                db      "OUT"
 172+ 6D6D             >len_NFA         defl    $ - temp_NFA
 172+ 6D6D             >                org     $ - len_NFA         // rewind to temp_NFA and re-do NFA part
 172+ 6D6A             >
 172+ 6D6A 83          >                db      len_NFA | END_BIT | is_normal  // The start of NFA must have msb set to signal the beginning of the sounted string
 172+ 6D6B 4F 55 54    >                db      "OUT"               // name string in 7-bit ascii, but
 172+ 6D6E             >                org     $-1                 // alter last byte of Name just above to set
 172+ 6D6D D4          >                db      {b $} | END_BIT     // msb as name end
 172+ 6D6E             >
 172+ 6D6E 60 6D       >                dw      last_NFA            // Link to previous definition Name
 172+ 6D70             >OUT:          if User_Ptr != 0 ; ok        // This is the start address of the direct jp(hl)
 172+ 6D70 CD 35 6C    >                call    User_Ptr ; ok        // for primitive definitions  actual code
 172+ 6D73             >
 172+ 6D73             >
 172+ 6D73             >                endif           ; ok        // for other definitions it "points" the correct handler
 172+ 6D73             >                // Use of "; ok" to suppress "warning[fwdref]"
 172+ 6D73             >
 172+ 6D73             >last_NFA        defl    temp_NFA            // keep track of NFA saved above
 172+ 6D73 22          >                db      34
 173+ 6D74                              User_Def SCR        , "SCR"       , 36 // latest screen retreieved by LIST
 173+ 6D74             >                New_Def  SCR, "SCR", User_Ptr, is_normal
 173+ 6D74             >temp_NFA        defl    $                   // save this NFA address to temp_NFA
 173+ 6D74             >
 173+ 6D74             >                // dummy db directives used to calculate length of namec
 173+ 6D74 53 43 52    >                db      "SCR"
 173+ 6D77             >len_NFA         defl    $ - temp_NFA
 173+ 6D77             >                org     $ - len_NFA         // rewind to temp_NFA and re-do NFA part
 173+ 6D74             >
 173+ 6D74 83          >                db      len_NFA | END_BIT | is_normal  // The start of NFA must have msb set to signal the beginning of the sounted string
 173+ 6D75 53 43 52    >                db      "SCR"               // name string in 7-bit ascii, but
 173+ 6D78             >                org     $-1                 // alter last byte of Name just above to set
 173+ 6D77 D2          >                db      {b $} | END_BIT     // msb as name end
 173+ 6D78             >
 173+ 6D78 6A 6D       >                dw      last_NFA            // Link to previous definition Name
 173+ 6D7A             >SCR:          if User_Ptr != 0 ; ok        // This is the start address of the direct jp(hl)
 173+ 6D7A CD 35 6C    >                call    User_Ptr ; ok        // for primitive definitions  actual code
 173+ 6D7D             >
 173+ 6D7D             >
 173+ 6D7D             >                endif           ; ok        // for other definitions it "points" the correct handler
 173+ 6D7D             >                // Use of "; ok" to suppress "warning[fwdref]"
 173+ 6D7D             >
 173+ 6D7D             >last_NFA        defl    temp_NFA            // keep track of NFA saved above
 173+ 6D7D 24          >                db      36
 174+ 6D7E                              User_Def OFFSET     , "OFFSET"    , 38 //
 174+ 6D7E             >                New_Def  OFFSET, "OFFSET", User_Ptr, is_normal
 174+ 6D7E             >temp_NFA        defl    $                   // save this NFA address to temp_NFA
 174+ 6D7E             >
 174+ 6D7E             >                // dummy db directives used to calculate length of namec
 174+ 6D7E 4F 46 46 53 >                db      "OFFSET"
 174+ 6D82 45 54       >
 174+ 6D84             >len_NFA         defl    $ - temp_NFA
 174+ 6D84             >                org     $ - len_NFA         // rewind to temp_NFA and re-do NFA part
 174+ 6D7E             >
 174+ 6D7E 86          >                db      len_NFA | END_BIT | is_normal  // The start of NFA must have msb set to signal the beginning of the sounted string
 174+ 6D7F 4F 46 46 53 >                db      "OFFSET"               // name string in 7-bit ascii, but
 174+ 6D83 45 54       >
 174+ 6D85             >                org     $-1                 // alter last byte of Name just above to set
 174+ 6D84 D4          >                db      {b $} | END_BIT     // msb as name end
 174+ 6D85             >
 174+ 6D85 74 6D       >                dw      last_NFA            // Link to previous definition Name
 174+ 6D87             >OFFSET:          if User_Ptr != 0 ; ok        // This is the start address of the direct jp(hl)
 174+ 6D87 CD 35 6C    >                call    User_Ptr ; ok        // for primitive definitions  actual code
 174+ 6D8A             >
 174+ 6D8A             >
 174+ 6D8A             >                endif           ; ok        // for other definitions it "points" the correct handler
 174+ 6D8A             >                // Use of "; ok" to suppress "warning[fwdref]"
 174+ 6D8A             >
 174+ 6D8A             >last_NFA        defl    temp_NFA            // keep track of NFA saved above
 174+ 6D8A 26          >                db      38
 175+ 6D8B                              User_Def CONTEXT    , "CONTEXT"   , 40 // pointer to the vocabulary where search begins
 175+ 6D8B             >                New_Def  CONTEXT, "CONTEXT", User_Ptr, is_normal
 175+ 6D8B             >temp_NFA        defl    $                   // save this NFA address to temp_NFA
 175+ 6D8B             >
 175+ 6D8B             >                // dummy db directives used to calculate length of namec
 175+ 6D8B 43 4F 4E 54 >                db      "CONTEXT"
 175+ 6D8F 45 58 54    >
 175+ 6D92             >len_NFA         defl    $ - temp_NFA
 175+ 6D92             >                org     $ - len_NFA         // rewind to temp_NFA and re-do NFA part
 175+ 6D8B             >
 175+ 6D8B 87          >                db      len_NFA | END_BIT | is_normal  // The start of NFA must have msb set to signal the beginning of the sounted string
 175+ 6D8C 43 4F 4E 54 >                db      "CONTEXT"               // name string in 7-bit ascii, but
 175+ 6D90 45 58 54    >
 175+ 6D93             >                org     $-1                 // alter last byte of Name just above to set
 175+ 6D92 D4          >                db      {b $} | END_BIT     // msb as name end
 175+ 6D93             >
 175+ 6D93 7E 6D       >                dw      last_NFA            // Link to previous definition Name
 175+ 6D95             >CONTEXT:          if User_Ptr != 0 ; ok        // This is the start address of the direct jp(hl)
 175+ 6D95 CD 35 6C    >                call    User_Ptr ; ok        // for primitive definitions  actual code
 175+ 6D98             >
 175+ 6D98             >
 175+ 6D98             >                endif           ; ok        // for other definitions it "points" the correct handler
 175+ 6D98             >                // Use of "; ok" to suppress "warning[fwdref]"
 175+ 6D98             >
 175+ 6D98             >last_NFA        defl    temp_NFA            // keep track of NFA saved above
 175+ 6D98 28          >                db      40
 176+ 6D99                              User_Def CURRENT    , "CURRENT"   , 42 // pointer to the vocabulary where search continues
 176+ 6D99             >                New_Def  CURRENT, "CURRENT", User_Ptr, is_normal
 176+ 6D99             >temp_NFA        defl    $                   // save this NFA address to temp_NFA
 176+ 6D99             >
 176+ 6D99             >                // dummy db directives used to calculate length of namec
 176+ 6D99 43 55 52 52 >                db      "CURRENT"
 176+ 6D9D 45 4E 54    >
 176+ 6DA0             >len_NFA         defl    $ - temp_NFA
 176+ 6DA0             >                org     $ - len_NFA         // rewind to temp_NFA and re-do NFA part
 176+ 6D99             >
 176+ 6D99 87          >                db      len_NFA | END_BIT | is_normal  // The start of NFA must have msb set to signal the beginning of the sounted string
 176+ 6D9A 43 55 52 52 >                db      "CURRENT"               // name string in 7-bit ascii, but
 176+ 6D9E 45 4E 54    >
 176+ 6DA1             >                org     $-1                 // alter last byte of Name just above to set
 176+ 6DA0 D4          >                db      {b $} | END_BIT     // msb as name end
 176+ 6DA1             >
 176+ 6DA1 8B 6D       >                dw      last_NFA            // Link to previous definition Name
 176+ 6DA3             >CURRENT:          if User_Ptr != 0 ; ok        // This is the start address of the direct jp(hl)
 176+ 6DA3 CD 35 6C    >                call    User_Ptr ; ok        // for primitive definitions  actual code
 176+ 6DA6             >
 176+ 6DA6             >
 176+ 6DA6             >                endif           ; ok        // for other definitions it "points" the correct handler
 176+ 6DA6             >                // Use of "; ok" to suppress "warning[fwdref]"
 176+ 6DA6             >
 176+ 6DA6             >last_NFA        defl    temp_NFA            // keep track of NFA saved above
 176+ 6DA6 2A          >                db      42
 177+ 6DA7                              User_Def STATE      , "STATE"     , 44 // compilation status. 0 interpreting.
 177+ 6DA7             >                New_Def  STATE, "STATE", User_Ptr, is_normal
 177+ 6DA7             >temp_NFA        defl    $                   // save this NFA address to temp_NFA
 177+ 6DA7             >
 177+ 6DA7             >                // dummy db directives used to calculate length of namec
 177+ 6DA7 53 54 41 54 >                db      "STATE"
 177+ 6DAB 45          >
 177+ 6DAC             >len_NFA         defl    $ - temp_NFA
 177+ 6DAC             >                org     $ - len_NFA         // rewind to temp_NFA and re-do NFA part
 177+ 6DA7             >
 177+ 6DA7 85          >                db      len_NFA | END_BIT | is_normal  // The start of NFA must have msb set to signal the beginning of the sounted string
 177+ 6DA8 53 54 41 54 >                db      "STATE"               // name string in 7-bit ascii, but
 177+ 6DAC 45          >
 177+ 6DAD             >                org     $-1                 // alter last byte of Name just above to set
 177+ 6DAC C5          >                db      {b $} | END_BIT     // msb as name end
 177+ 6DAD             >
 177+ 6DAD 99 6D       >                dw      last_NFA            // Link to previous definition Name
 177+ 6DAF             >STATE:          if User_Ptr != 0 ; ok        // This is the start address of the direct jp(hl)
 177+ 6DAF CD 35 6C    >                call    User_Ptr ; ok        // for primitive definitions  actual code
 177+ 6DB2             >
 177+ 6DB2             >
 177+ 6DB2             >                endif           ; ok        // for other definitions it "points" the correct handler
 177+ 6DB2             >                // Use of "; ok" to suppress "warning[fwdref]"
 177+ 6DB2             >
 177+ 6DB2             >last_NFA        defl    temp_NFA            // keep track of NFA saved above
 177+ 6DB2 2C          >                db      44
 178+ 6DB3                              User_Def BASE       , "BASE"      , 46 //
 178+ 6DB3             >                New_Def  BASE, "BASE", User_Ptr, is_normal
 178+ 6DB3             >temp_NFA        defl    $                   // save this NFA address to temp_NFA
 178+ 6DB3             >
 178+ 6DB3             >                // dummy db directives used to calculate length of namec
 178+ 6DB3 42 41 53 45 >                db      "BASE"
 178+ 6DB7             >len_NFA         defl    $ - temp_NFA
 178+ 6DB7             >                org     $ - len_NFA         // rewind to temp_NFA and re-do NFA part
 178+ 6DB3             >
 178+ 6DB3 84          >                db      len_NFA | END_BIT | is_normal  // The start of NFA must have msb set to signal the beginning of the sounted string
 178+ 6DB4 42 41 53 45 >                db      "BASE"               // name string in 7-bit ascii, but
 178+ 6DB8             >                org     $-1                 // alter last byte of Name just above to set
 178+ 6DB7 C5          >                db      {b $} | END_BIT     // msb as name end
 178+ 6DB8             >
 178+ 6DB8 A7 6D       >                dw      last_NFA            // Link to previous definition Name
 178+ 6DBA             >BASE:          if User_Ptr != 0 ; ok        // This is the start address of the direct jp(hl)
 178+ 6DBA CD 35 6C    >                call    User_Ptr ; ok        // for primitive definitions  actual code
 178+ 6DBD             >
 178+ 6DBD             >
 178+ 6DBD             >                endif           ; ok        // for other definitions it "points" the correct handler
 178+ 6DBD             >                // Use of "; ok" to suppress "warning[fwdref]"
 178+ 6DBD             >
 178+ 6DBD             >last_NFA        defl    temp_NFA            // keep track of NFA saved above
 178+ 6DBD 2E          >                db      46
 179+ 6DBE                              User_Def DPL        , "DPL"       , 48 // number of digits after decimal point in conversion
 179+ 6DBE             >                New_Def  DPL, "DPL", User_Ptr, is_normal
 179+ 6DBE             >temp_NFA        defl    $                   // save this NFA address to temp_NFA
 179+ 6DBE             >
 179+ 6DBE             >                // dummy db directives used to calculate length of namec
 179+ 6DBE 44 50 4C    >                db      "DPL"
 179+ 6DC1             >len_NFA         defl    $ - temp_NFA
 179+ 6DC1             >                org     $ - len_NFA         // rewind to temp_NFA and re-do NFA part
 179+ 6DBE             >
 179+ 6DBE 83          >                db      len_NFA | END_BIT | is_normal  // The start of NFA must have msb set to signal the beginning of the sounted string
 179+ 6DBF 44 50 4C    >                db      "DPL"               // name string in 7-bit ascii, but
 179+ 6DC2             >                org     $-1                 // alter last byte of Name just above to set
 179+ 6DC1 CC          >                db      {b $} | END_BIT     // msb as name end
 179+ 6DC2             >
 179+ 6DC2 B3 6D       >                dw      last_NFA            // Link to previous definition Name
 179+ 6DC4             >DPL:          if User_Ptr != 0 ; ok        // This is the start address of the direct jp(hl)
 179+ 6DC4 CD 35 6C    >                call    User_Ptr ; ok        // for primitive definitions  actual code
 179+ 6DC7             >
 179+ 6DC7             >
 179+ 6DC7             >                endif           ; ok        // for other definitions it "points" the correct handler
 179+ 6DC7             >                // Use of "; ok" to suppress "warning[fwdref]"
 179+ 6DC7             >
 179+ 6DC7             >last_NFA        defl    temp_NFA            // keep track of NFA saved above
 179+ 6DC7 30          >                db      48
 180+ 6DC8                              User_Def FLD        , "FLD"       , 50 // output field width
 180+ 6DC8             >                New_Def  FLD, "FLD", User_Ptr, is_normal
 180+ 6DC8             >temp_NFA        defl    $                   // save this NFA address to temp_NFA
 180+ 6DC8             >
 180+ 6DC8             >                // dummy db directives used to calculate length of namec
 180+ 6DC8 46 4C 44    >                db      "FLD"
 180+ 6DCB             >len_NFA         defl    $ - temp_NFA
 180+ 6DCB             >                org     $ - len_NFA         // rewind to temp_NFA and re-do NFA part
 180+ 6DC8             >
 180+ 6DC8 83          >                db      len_NFA | END_BIT | is_normal  // The start of NFA must have msb set to signal the beginning of the sounted string
 180+ 6DC9 46 4C 44    >                db      "FLD"               // name string in 7-bit ascii, but
 180+ 6DCC             >                org     $-1                 // alter last byte of Name just above to set
 180+ 6DCB C4          >                db      {b $} | END_BIT     // msb as name end
 180+ 6DCC             >
 180+ 6DCC BE 6D       >                dw      last_NFA            // Link to previous definition Name
 180+ 6DCE             >FLD:          if User_Ptr != 0 ; ok        // This is the start address of the direct jp(hl)
 180+ 6DCE CD 35 6C    >                call    User_Ptr ; ok        // for primitive definitions  actual code
 180+ 6DD1             >
 180+ 6DD1             >
 180+ 6DD1             >                endif           ; ok        // for other definitions it "points" the correct handler
 180+ 6DD1             >                // Use of "; ok" to suppress "warning[fwdref]"
 180+ 6DD1             >
 180+ 6DD1             >last_NFA        defl    temp_NFA            // keep track of NFA saved above
 180+ 6DD1 32          >                db      50
 181+ 6DD2                              User_Def CSP        , "CSP"       , 52 // used to temporary store Stack-Pointer value
 181+ 6DD2             >                New_Def  CSP, "CSP", User_Ptr, is_normal
 181+ 6DD2             >temp_NFA        defl    $                   // save this NFA address to temp_NFA
 181+ 6DD2             >
 181+ 6DD2             >                // dummy db directives used to calculate length of namec
 181+ 6DD2 43 53 50    >                db      "CSP"
 181+ 6DD5             >len_NFA         defl    $ - temp_NFA
 181+ 6DD5             >                org     $ - len_NFA         // rewind to temp_NFA and re-do NFA part
 181+ 6DD2             >
 181+ 6DD2 83          >                db      len_NFA | END_BIT | is_normal  // The start of NFA must have msb set to signal the beginning of the sounted string
 181+ 6DD3 43 53 50    >                db      "CSP"               // name string in 7-bit ascii, but
 181+ 6DD6             >                org     $-1                 // alter last byte of Name just above to set
 181+ 6DD5 D0          >                db      {b $} | END_BIT     // msb as name end
 181+ 6DD6             >
 181+ 6DD6 C8 6D       >                dw      last_NFA            // Link to previous definition Name
 181+ 6DD8             >CSP:          if User_Ptr != 0 ; ok        // This is the start address of the direct jp(hl)
 181+ 6DD8 CD 35 6C    >                call    User_Ptr ; ok        // for primitive definitions  actual code
 181+ 6DDB             >
 181+ 6DDB             >
 181+ 6DDB             >                endif           ; ok        // for other definitions it "points" the correct handler
 181+ 6DDB             >                // Use of "; ok" to suppress "warning[fwdref]"
 181+ 6DDB             >
 181+ 6DDB             >last_NFA        defl    temp_NFA            // keep track of NFA saved above
 181+ 6DDB 34          >                db      52
 182+ 6DDC                              User_Def RSHARP     , "R#"        , 54 // location of editing cursor
 182+ 6DDC             >                New_Def  RSHARP, "R#", User_Ptr, is_normal
 182+ 6DDC             >temp_NFA        defl    $                   // save this NFA address to temp_NFA
 182+ 6DDC             >
 182+ 6DDC             >                // dummy db directives used to calculate length of namec
 182+ 6DDC 52 23       >                db      "R#"
 182+ 6DDE             >len_NFA         defl    $ - temp_NFA
 182+ 6DDE             >                org     $ - len_NFA         // rewind to temp_NFA and re-do NFA part
 182+ 6DDC             >
 182+ 6DDC 82          >                db      len_NFA | END_BIT | is_normal  // The start of NFA must have msb set to signal the beginning of the sounted string
 182+ 6DDD 52 23       >                db      "R#"               // name string in 7-bit ascii, but
 182+ 6DDF             >                org     $-1                 // alter last byte of Name just above to set
 182+ 6DDE A3          >                db      {b $} | END_BIT     // msb as name end
 182+ 6DDF             >
 182+ 6DDF D2 6D       >                dw      last_NFA            // Link to previous definition Name
 182+ 6DE1             >RSHARP:          if User_Ptr != 0 ; ok        // This is the start address of the direct jp(hl)
 182+ 6DE1 CD 35 6C    >                call    User_Ptr ; ok        // for primitive definitions  actual code
 182+ 6DE4             >
 182+ 6DE4             >
 182+ 6DE4             >                endif           ; ok        // for other definitions it "points" the correct handler
 182+ 6DE4             >                // Use of "; ok" to suppress "warning[fwdref]"
 182+ 6DE4             >
 182+ 6DE4             >last_NFA        defl    temp_NFA            // keep track of NFA saved above
 182+ 6DE4 36          >                db      54
 183+ 6DE5                              User_Def HLD        , "HLD"       , 56 // last character during a number conversion output
 183+ 6DE5             >                New_Def  HLD, "HLD", User_Ptr, is_normal
 183+ 6DE5             >temp_NFA        defl    $                   // save this NFA address to temp_NFA
 183+ 6DE5             >
 183+ 6DE5             >                // dummy db directives used to calculate length of namec
 183+ 6DE5 48 4C 44    >                db      "HLD"
 183+ 6DE8             >len_NFA         defl    $ - temp_NFA
 183+ 6DE8             >                org     $ - len_NFA         // rewind to temp_NFA and re-do NFA part
 183+ 6DE5             >
 183+ 6DE5 83          >                db      len_NFA | END_BIT | is_normal  // The start of NFA must have msb set to signal the beginning of the sounted string
 183+ 6DE6 48 4C 44    >                db      "HLD"               // name string in 7-bit ascii, but
 183+ 6DE9             >                org     $-1                 // alter last byte of Name just above to set
 183+ 6DE8 C4          >                db      {b $} | END_BIT     // msb as name end
 183+ 6DE9             >
 183+ 6DE9 DC 6D       >                dw      last_NFA            // Link to previous definition Name
 183+ 6DEB             >HLD:          if User_Ptr != 0 ; ok        // This is the start address of the direct jp(hl)
 183+ 6DEB CD 35 6C    >                call    User_Ptr ; ok        // for primitive definitions  actual code
 183+ 6DEE             >
 183+ 6DEE             >
 183+ 6DEE             >                endif           ; ok        // for other definitions it "points" the correct handler
 183+ 6DEE             >                // Use of "; ok" to suppress "warning[fwdref]"
 183+ 6DEE             >
 183+ 6DEE             >last_NFA        defl    temp_NFA            // keep track of NFA saved above
 183+ 6DEE 38          >                db      56
 184+ 6DEF                              User_Def USED       , "USED"      , 58 // address of last used block
 184+ 6DEF             >                New_Def  USED, "USED", User_Ptr, is_normal
 184+ 6DEF             >temp_NFA        defl    $                   // save this NFA address to temp_NFA
 184+ 6DEF             >
 184+ 6DEF             >                // dummy db directives used to calculate length of namec
 184+ 6DEF 55 53 45 44 >                db      "USED"
 184+ 6DF3             >len_NFA         defl    $ - temp_NFA
 184+ 6DF3             >                org     $ - len_NFA         // rewind to temp_NFA and re-do NFA part
 184+ 6DEF             >
 184+ 6DEF 84          >                db      len_NFA | END_BIT | is_normal  // The start of NFA must have msb set to signal the beginning of the sounted string
 184+ 6DF0 55 53 45 44 >                db      "USED"               // name string in 7-bit ascii, but
 184+ 6DF4             >                org     $-1                 // alter last byte of Name just above to set
 184+ 6DF3 C4          >                db      {b $} | END_BIT     // msb as name end
 184+ 6DF4             >
 184+ 6DF4 E5 6D       >                dw      last_NFA            // Link to previous definition Name
 184+ 6DF6             >USED:          if User_Ptr != 0 ; ok        // This is the start address of the direct jp(hl)
 184+ 6DF6 CD 35 6C    >                call    User_Ptr ; ok        // for primitive definitions  actual code
 184+ 6DF9             >
 184+ 6DF9             >
 184+ 6DF9             >                endif           ; ok        // for other definitions it "points" the correct handler
 184+ 6DF9             >                // Use of "; ok" to suppress "warning[fwdref]"
 184+ 6DF9             >
 184+ 6DF9             >last_NFA        defl    temp_NFA            // keep track of NFA saved above
 184+ 6DF9 3A          >                db      58
 185+ 6DFA                              User_Def PREV       , "PREV"      , 60 // address of previous used block
 185+ 6DFA             >                New_Def  PREV, "PREV", User_Ptr, is_normal
 185+ 6DFA             >temp_NFA        defl    $                   // save this NFA address to temp_NFA
 185+ 6DFA             >
 185+ 6DFA             >                // dummy db directives used to calculate length of namec
 185+ 6DFA 50 52 45 56 >                db      "PREV"
 185+ 6DFE             >len_NFA         defl    $ - temp_NFA
 185+ 6DFE             >                org     $ - len_NFA         // rewind to temp_NFA and re-do NFA part
 185+ 6DFA             >
 185+ 6DFA 84          >                db      len_NFA | END_BIT | is_normal  // The start of NFA must have msb set to signal the beginning of the sounted string
 185+ 6DFB 50 52 45 56 >                db      "PREV"               // name string in 7-bit ascii, but
 185+ 6DFF             >                org     $-1                 // alter last byte of Name just above to set
 185+ 6DFE D6          >                db      {b $} | END_BIT     // msb as name end
 185+ 6DFF             >
 185+ 6DFF EF 6D       >                dw      last_NFA            // Link to previous definition Name
 185+ 6E01             >PREV:          if User_Ptr != 0 ; ok        // This is the start address of the direct jp(hl)
 185+ 6E01 CD 35 6C    >                call    User_Ptr ; ok        // for primitive definitions  actual code
 185+ 6E04             >
 185+ 6E04             >
 185+ 6E04             >                endif           ; ok        // for other definitions it "points" the correct handler
 185+ 6E04             >                // Use of "; ok" to suppress "warning[fwdref]"
 185+ 6E04             >
 185+ 6E04             >last_NFA        defl    temp_NFA            // keep track of NFA saved above
 185+ 6E04 3C          >                db      60
 186+ 6E05                              User_Def LP         , "LP"        , 62 // line printer (not used)
 186+ 6E05             >                New_Def  LP, "LP", User_Ptr, is_normal
 186+ 6E05             >temp_NFA        defl    $                   // save this NFA address to temp_NFA
 186+ 6E05             >
 186+ 6E05             >                // dummy db directives used to calculate length of namec
 186+ 6E05 4C 50       >                db      "LP"
 186+ 6E07             >len_NFA         defl    $ - temp_NFA
 186+ 6E07             >                org     $ - len_NFA         // rewind to temp_NFA and re-do NFA part
 186+ 6E05             >
 186+ 6E05 82          >                db      len_NFA | END_BIT | is_normal  // The start of NFA must have msb set to signal the beginning of the sounted string
 186+ 6E06 4C 50       >                db      "LP"               // name string in 7-bit ascii, but
 186+ 6E08             >                org     $-1                 // alter last byte of Name just above to set
 186+ 6E07 D0          >                db      {b $} | END_BIT     // msb as name end
 186+ 6E08             >
 186+ 6E08 FA 6D       >                dw      last_NFA            // Link to previous definition Name
 186+ 6E0A             >LP:          if User_Ptr != 0 ; ok        // This is the start address of the direct jp(hl)
 186+ 6E0A CD 35 6C    >                call    User_Ptr ; ok        // for primitive definitions  actual code
 186+ 6E0D             >
 186+ 6E0D             >
 186+ 6E0D             >                endif           ; ok        // for other definitions it "points" the correct handler
 186+ 6E0D             >                // Use of "; ok" to suppress "warning[fwdref]"
 186+ 6E0D             >
 186+ 6E0D             >last_NFA        defl    temp_NFA            // keep track of NFA saved above
 186+ 6E0D 3E          >                db      62
 187+ 6E0E                              User_Def PLACE      , "PLACE"     , 64 // number of digits after decimal point in output
 187+ 6E0E             >                New_Def  PLACE, "PLACE", User_Ptr, is_normal
 187+ 6E0E             >temp_NFA        defl    $                   // save this NFA address to temp_NFA
 187+ 6E0E             >
 187+ 6E0E             >                // dummy db directives used to calculate length of namec
 187+ 6E0E 50 4C 41 43 >                db      "PLACE"
 187+ 6E12 45          >
 187+ 6E13             >len_NFA         defl    $ - temp_NFA
 187+ 6E13             >                org     $ - len_NFA         // rewind to temp_NFA and re-do NFA part
 187+ 6E0E             >
 187+ 6E0E 85          >                db      len_NFA | END_BIT | is_normal  // The start of NFA must have msb set to signal the beginning of the sounted string
 187+ 6E0F 50 4C 41 43 >                db      "PLACE"               // name string in 7-bit ascii, but
 187+ 6E13 45          >
 187+ 6E14             >                org     $-1                 // alter last byte of Name just above to set
 187+ 6E13 C5          >                db      {b $} | END_BIT     // msb as name end
 187+ 6E14             >
 187+ 6E14 05 6E       >                dw      last_NFA            // Link to previous definition Name
 187+ 6E16             >PLACE:          if User_Ptr != 0 ; ok        // This is the start address of the direct jp(hl)
 187+ 6E16 CD 35 6C    >                call    User_Ptr ; ok        // for primitive definitions  actual code
 187+ 6E19             >
 187+ 6E19             >
 187+ 6E19             >                endif           ; ok        // for other definitions it "points" the correct handler
 187+ 6E19             >                // Use of "; ok" to suppress "warning[fwdref]"
 187+ 6E19             >
 187+ 6E19             >last_NFA        defl    temp_NFA            // keep track of NFA saved above
 187+ 6E19 40          >                db      64
 188+ 6E1A                              User_Def SOURCE_ID  , "SOURCE-ID" , 66 // data-stream number in INCLUDE and LOAD-
 188+ 6E1A             >                New_Def  SOURCE_ID, "SOURCE-ID", User_Ptr, is_normal
 188+ 6E1A             >temp_NFA        defl    $                   // save this NFA address to temp_NFA
 188+ 6E1A             >
 188+ 6E1A             >                // dummy db directives used to calculate length of namec
 188+ 6E1A 53 4F 55 52 >                db      "SOURCE-ID"
 188+ 6E1E 43 45 2D 49 >
 188+ 6E22 44          >
 188+ 6E23             >len_NFA         defl    $ - temp_NFA
 188+ 6E23             >                org     $ - len_NFA         // rewind to temp_NFA and re-do NFA part
 188+ 6E1A             >
 188+ 6E1A 89          >                db      len_NFA | END_BIT | is_normal  // The start of NFA must have msb set to signal the beginning of the sounted string
 188+ 6E1B 53 4F 55 52 >                db      "SOURCE-ID"               // name string in 7-bit ascii, but
 188+ 6E1F 43 45 2D 49 >
 188+ 6E23 44          >
 188+ 6E24             >                org     $-1                 // alter last byte of Name just above to set
 188+ 6E23 C4          >                db      {b $} | END_BIT     // msb as name end
 188+ 6E24             >
 188+ 6E24 0E 6E       >                dw      last_NFA            // Link to previous definition Name
 188+ 6E26             >SOURCE_ID:          if User_Ptr != 0 ; ok        // This is the start address of the direct jp(hl)
 188+ 6E26 CD 35 6C    >                call    User_Ptr ; ok        // for primitive definitions  actual code
 188+ 6E29             >
 188+ 6E29             >
 188+ 6E29             >                endif           ; ok        // for other definitions it "points" the correct handler
 188+ 6E29             >                // Use of "; ok" to suppress "warning[fwdref]"
 188+ 6E29             >
 188+ 6E29             >last_NFA        defl    temp_NFA            // keep track of NFA saved above
 188+ 6E29 42          >                db      66
 189+ 6E2A                              User_Def SPAN       , "SPAN"      , 68 // number of character of last EXPECT
 189+ 6E2A             >                New_Def  SPAN, "SPAN", User_Ptr, is_normal
 189+ 6E2A             >temp_NFA        defl    $                   // save this NFA address to temp_NFA
 189+ 6E2A             >
 189+ 6E2A             >                // dummy db directives used to calculate length of namec
 189+ 6E2A 53 50 41 4E >                db      "SPAN"
 189+ 6E2E             >len_NFA         defl    $ - temp_NFA
 189+ 6E2E             >                org     $ - len_NFA         // rewind to temp_NFA and re-do NFA part
 189+ 6E2A             >
 189+ 6E2A 84          >                db      len_NFA | END_BIT | is_normal  // The start of NFA must have msb set to signal the beginning of the sounted string
 189+ 6E2B 53 50 41 4E >                db      "SPAN"               // name string in 7-bit ascii, but
 189+ 6E2F             >                org     $-1                 // alter last byte of Name just above to set
 189+ 6E2E CE          >                db      {b $} | END_BIT     // msb as name end
 189+ 6E2F             >
 189+ 6E2F 1A 6E       >                dw      last_NFA            // Link to previous definition Name
 189+ 6E31             >SPAN:          if User_Ptr != 0 ; ok        // This is the start address of the direct jp(hl)
 189+ 6E31 CD 35 6C    >                call    User_Ptr ; ok        // for primitive definitions  actual code
 189+ 6E34             >
 189+ 6E34             >
 189+ 6E34             >                endif           ; ok        // for other definitions it "points" the correct handler
 189+ 6E34             >                // Use of "; ok" to suppress "warning[fwdref]"
 189+ 6E34             >
 189+ 6E34             >last_NFA        defl    temp_NFA            // keep track of NFA saved above
 189+ 6E34 44          >                db      68
 190+ 6E35                              User_Def HANDLER    , "HANDLER"   , 70 // Used by THROW-CATCH
 190+ 6E35             >                New_Def  HANDLER, "HANDLER", User_Ptr, is_normal
 190+ 6E35             >temp_NFA        defl    $                   // save this NFA address to temp_NFA
 190+ 6E35             >
 190+ 6E35             >                // dummy db directives used to calculate length of namec
 190+ 6E35 48 41 4E 44 >                db      "HANDLER"
 190+ 6E39 4C 45 52    >
 190+ 6E3C             >len_NFA         defl    $ - temp_NFA
 190+ 6E3C             >                org     $ - len_NFA         // rewind to temp_NFA and re-do NFA part
 190+ 6E35             >
 190+ 6E35 87          >                db      len_NFA | END_BIT | is_normal  // The start of NFA must have msb set to signal the beginning of the sounted string
 190+ 6E36 48 41 4E 44 >                db      "HANDLER"               // name string in 7-bit ascii, but
 190+ 6E3A 4C 45 52    >
 190+ 6E3D             >                org     $-1                 // alter last byte of Name just above to set
 190+ 6E3C D2          >                db      {b $} | END_BIT     // msb as name end
 190+ 6E3D             >
 190+ 6E3D 2A 6E       >                dw      last_NFA            // Link to previous definition Name
 190+ 6E3F             >HANDLER:          if User_Ptr != 0 ; ok        // This is the start address of the direct jp(hl)
 190+ 6E3F CD 35 6C    >                call    User_Ptr ; ok        // for primitive definitions  actual code
 190+ 6E42             >
 190+ 6E42             >
 190+ 6E42             >                endif           ; ok        // for other definitions it "points" the correct handler
 190+ 6E42             >                // Use of "; ok" to suppress "warning[fwdref]"
 190+ 6E42             >
 190+ 6E42             >last_NFA        defl    temp_NFA            // keep track of NFA saved above
 190+ 6E42 46          >                db      70
 191+ 6E43                              User_Def HP         , "HP"        , 72 // heap-pointer address
 191+ 6E43             >                New_Def  HP, "HP", User_Ptr, is_normal
 191+ 6E43             >temp_NFA        defl    $                   // save this NFA address to temp_NFA
 191+ 6E43             >
 191+ 6E43             >                // dummy db directives used to calculate length of namec
 191+ 6E43 48 50       >                db      "HP"
 191+ 6E45             >len_NFA         defl    $ - temp_NFA
 191+ 6E45             >                org     $ - len_NFA         // rewind to temp_NFA and re-do NFA part
 191+ 6E43             >
 191+ 6E43 82          >                db      len_NFA | END_BIT | is_normal  // The start of NFA must have msb set to signal the beginning of the sounted string
 191+ 6E44 48 50       >                db      "HP"               // name string in 7-bit ascii, but
 191+ 6E46             >                org     $-1                 // alter last byte of Name just above to set
 191+ 6E45 D0          >                db      {b $} | END_BIT     // msb as name end
 191+ 6E46             >
 191+ 6E46 35 6E       >                dw      last_NFA            // Link to previous definition Name
 191+ 6E48             >HP:          if User_Ptr != 0 ; ok        // This is the start address of the direct jp(hl)
 191+ 6E48 CD 35 6C    >                call    User_Ptr ; ok        // for primitive definitions  actual code
 191+ 6E4B             >
 191+ 6E4B             >
 191+ 6E4B             >                endif           ; ok        // for other definitions it "points" the correct handler
 191+ 6E4B             >                // Use of "; ok" to suppress "warning[fwdref]"
 191+ 6E4B             >
 191+ 6E4B             >last_NFA        defl    temp_NFA            // keep track of NFA saved above
 191+ 6E4B 48          >                db      72
 192+ 6E4C
 193+ 6E4C              //  ______________________________________________________________________
 194+ 6E4C              //
 195+ 6E4C              // here         -- a
 196+ 6E4C                              Colon_Def HERE, "HERE", is_normal
 196+ 6E4C             >                New_Def  HERE, "HERE", Enter_Ptr, is_normal ; ok
 196+ 6E4C             >temp_NFA        defl    $                   // save this NFA address to temp_NFA
 196+ 6E4C             >
 196+ 6E4C             >                // dummy db directives used to calculate length of namec
 196+ 6E4C 48 45 52 45 >                db      "HERE"
 196+ 6E50             >len_NFA         defl    $ - temp_NFA
 196+ 6E50             >                org     $ - len_NFA         // rewind to temp_NFA and re-do NFA part
 196+ 6E4C             >
 196+ 6E4C 84          >                db      len_NFA | END_BIT | is_normal  // The start of NFA must have msb set to signal the beginning of the sounted string
 196+ 6E4D 48 45 52 45 >                db      "HERE"               // name string in 7-bit ascii, but
 196+ 6E51             >                org     $-1                 // alter last byte of Name just above to set
 196+ 6E50 C5          >                db      {b $} | END_BIT     // msb as name end
 196+ 6E51             >
 196+ 6E51 43 6E       >                dw      last_NFA            // Link to previous definition Name
 196+ 6E53             >HERE:          if Enter_Ptr != 0 ; ok        // This is the start address of the direct jp(hl)
 196+ 6E53 CD CE 6B    >                call    Enter_Ptr ; ok        // for primitive definitions  actual code
 196+ 6E56             >
 196+ 6E56             >
 196+ 6E56             >                endif           ; ok        // for other definitions it "points" the correct handler
 196+ 6E56             >                // Use of "; ok" to suppress "warning[fwdref]"
 196+ 6E56             >
 196+ 6E56             >last_NFA        defl    temp_NFA            // keep track of NFA saved above
 197+ 6E56 15 6D EF 6A                  dw      DP, FETCH               // dp @
 198+ 6E5A EB 68                        dw      EXIT                    // ;
 199+ 6E5C
 200+ 6E5C              //  ______________________________________________________________________
 201+ 6E5C              //
 202+ 6E5C              // allot        n --
 203+ 6E5C                              Colon_Def ALLOT, "ALLOT", is_normal
 203+ 6E5C             >                New_Def  ALLOT, "ALLOT", Enter_Ptr, is_normal ; ok
 203+ 6E5C             >temp_NFA        defl    $                   // save this NFA address to temp_NFA
 203+ 6E5C             >
 203+ 6E5C             >                // dummy db directives used to calculate length of namec
 203+ 6E5C 41 4C 4C 4F >                db      "ALLOT"
 203+ 6E60 54          >
 203+ 6E61             >len_NFA         defl    $ - temp_NFA
 203+ 6E61             >                org     $ - len_NFA         // rewind to temp_NFA and re-do NFA part
 203+ 6E5C             >
 203+ 6E5C 85          >                db      len_NFA | END_BIT | is_normal  // The start of NFA must have msb set to signal the beginning of the sounted string
 203+ 6E5D 41 4C 4C 4F >                db      "ALLOT"               // name string in 7-bit ascii, but
 203+ 6E61 54          >
 203+ 6E62             >                org     $-1                 // alter last byte of Name just above to set
 203+ 6E61 D4          >                db      {b $} | END_BIT     // msb as name end
 203+ 6E62             >
 203+ 6E62 4C 6E       >                dw      last_NFA            // Link to previous definition Name
 203+ 6E64             >ALLOT:          if Enter_Ptr != 0 ; ok        // This is the start address of the direct jp(hl)
 203+ 6E64 CD CE 6B    >                call    Enter_Ptr ; ok        // for primitive definitions  actual code
 203+ 6E67             >
 203+ 6E67             >
 203+ 6E67             >                endif           ; ok        // for other definitions it "points" the correct handler
 203+ 6E67             >                // Use of "; ok" to suppress "warning[fwdref]"
 203+ 6E67             >
 203+ 6E67             >last_NFA        defl    temp_NFA            // keep track of NFA saved above
 204+ 6E67 15 6D CE 6A                  dw      DP,  PLUSSTORE          // dp +!
 205+ 6E6B EB 68                        dw      EXIT                    // ;
 206+ 6E6D
 207+ 6E6D              //  ______________________________________________________________________
 208+ 6E6D              //
 209+ 6E6D              // comma        n --
 210+ 6E6D                              Colon_Def COMMA, ",", is_normal
 210+ 6E6D             >                New_Def  COMMA, ",", Enter_Ptr, is_normal ; ok
 210+ 6E6D             >temp_NFA        defl    $                   // save this NFA address to temp_NFA
 210+ 6E6D             >
 210+ 6E6D             >                // dummy db directives used to calculate length of namec
 210+ 6E6D 2C          >                db      ","
 210+ 6E6E             >len_NFA         defl    $ - temp_NFA
 210+ 6E6E             >                org     $ - len_NFA         // rewind to temp_NFA and re-do NFA part
 210+ 6E6D             >
 210+ 6E6D 81          >                db      len_NFA | END_BIT | is_normal  // The start of NFA must have msb set to signal the beginning of the sounted string
 210+ 6E6E 2C          >                db      ","               // name string in 7-bit ascii, but
 210+ 6E6F             >                org     $-1                 // alter last byte of Name just above to set
 210+ 6E6E AC          >                db      {b $} | END_BIT     // msb as name end
 210+ 6E6F             >
 210+ 6E6F 5C 6E       >                dw      last_NFA            // Link to previous definition Name
 210+ 6E71             >COMMA:          if Enter_Ptr != 0 ; ok        // This is the start address of the direct jp(hl)
 210+ 6E71 CD CE 6B    >                call    Enter_Ptr ; ok        // for primitive definitions  actual code
 210+ 6E74             >
 210+ 6E74             >
 210+ 6E74             >                endif           ; ok        // for other definitions it "points" the correct handler
 210+ 6E74             >                // Use of "; ok" to suppress "warning[fwdref]"
 210+ 6E74             >
 210+ 6E74             >last_NFA        defl    temp_NFA            // keep track of NFA saved above
 211+ 6E74 53 6E FB 6A                  dw      HERE, STORE             // here !
 212+ 6E78 58 6C 64 6E                  dw      TWO, ALLOT              // 2 allot
 213+ 6E7C EB 68                        dw      EXIT                    // ;
 214+ 6E7E
 215+ 6E7E              //  ______________________________________________________________________
 216+ 6E7E              //
 217+ 6E7E              // ccomma       c --
 218+ 6E7E                              Colon_Def CCOMMA, "C,", is_normal
 218+ 6E7E             >                New_Def  CCOMMA, "C,", Enter_Ptr, is_normal ; ok
 218+ 6E7E             >temp_NFA        defl    $                   // save this NFA address to temp_NFA
 218+ 6E7E             >
 218+ 6E7E             >                // dummy db directives used to calculate length of namec
 218+ 6E7E 43 2C       >                db      "C,"
 218+ 6E80             >len_NFA         defl    $ - temp_NFA
 218+ 6E80             >                org     $ - len_NFA         // rewind to temp_NFA and re-do NFA part
 218+ 6E7E             >
 218+ 6E7E 82          >                db      len_NFA | END_BIT | is_normal  // The start of NFA must have msb set to signal the beginning of the sounted string
 218+ 6E7F 43 2C       >                db      "C,"               // name string in 7-bit ascii, but
 218+ 6E81             >                org     $-1                 // alter last byte of Name just above to set
 218+ 6E80 AC          >                db      {b $} | END_BIT     // msb as name end
 218+ 6E81             >
 218+ 6E81 6D 6E       >                dw      last_NFA            // Link to previous definition Name
 218+ 6E83             >CCOMMA:          if Enter_Ptr != 0 ; ok        // This is the start address of the direct jp(hl)
 218+ 6E83 CD CE 6B    >                call    Enter_Ptr ; ok        // for primitive definitions  actual code
 218+ 6E86             >
 218+ 6E86             >
 218+ 6E86             >                endif           ; ok        // for other definitions it "points" the correct handler
 218+ 6E86             >                // Use of "; ok" to suppress "warning[fwdref]"
 218+ 6E86             >
 218+ 6E86             >last_NFA        defl    temp_NFA            // keep track of NFA saved above
 219+ 6E86 53 6E 15 6B                  dw      HERE, CSTORE            // here c!
 220+ 6E8A 4F 6C 64 6E                  dw      ONE, ALLOT              // 1 allot
 221+ 6E8E EB 68                        dw      EXIT                    // ;
 222+ 6E90
 223+ 6E90              //  ______________________________________________________________________
 224+ 6E90              //
 225+ 6E90              // s>d          n -- d
 226+ 6E90              // converts a single precision integer in a double precision
 227+ 6E90                              New_Def S_TO_D, "S>D", is_code, is_normal
 227+ 6E90             >temp_NFA        defl    $                   // save this NFA address to temp_NFA
 227+ 6E90             >
 227+ 6E90             >                // dummy db directives used to calculate length of namec
 227+ 6E90 53 3E 44    >                db      "S>D"
 227+ 6E93             >len_NFA         defl    $ - temp_NFA
 227+ 6E93             >                org     $ - len_NFA         // rewind to temp_NFA and re-do NFA part
 227+ 6E90             >
 227+ 6E90 83          >                db      len_NFA | END_BIT | is_normal  // The start of NFA must have msb set to signal the beginning of the sounted string
 227+ 6E91 53 3E 44    >                db      "S>D"               // name string in 7-bit ascii, but
 227+ 6E94             >                org     $-1                 // alter last byte of Name just above to set
 227+ 6E93 C4          >                db      {b $} | END_BIT     // msb as name end
 227+ 6E94             >
 227+ 6E94 7E 6E       >                dw      last_NFA            // Link to previous definition Name
 227+ 6E96             >S_TO_D:          if is_code != 0 ; ok        // This is the start address of the direct jp(hl)
 227+ 6E96 ~           >                call    runcode ; ok        // for primitive definitions  actual code
 227+ 6E96 ~           >
 227+ 6E96 ~           >
 227+ 6E96             >                endif           ; ok        // for other definitions it "points" the correct handler
 227+ 6E96             >                // Use of "; ok" to suppress "warning[fwdref]"
 227+ 6E96             >
 227+ 6E96             >last_NFA        defl    temp_NFA            // keep track of NFA saved above
 228+ 6E96 E1                           pop     hl
 229+ 6E97 7C                           ld      a, h
 230+ 6E98 E5                           push    hl
 231+ 6E99 17                           rla
 232+ 6E9A ED 62                        sbc     hl, hl
 233+ 6E9C E5                           push    hl
 234+ 6E9D                              next
 234+ 6E9D DD E9       >                jp      (ix)
 235+ 6E9F
 236+ 6E9F              //  ______________________________________________________________________
 237+ 6E9F              //
 238+ 6E9F              // -            n1 n2 -- n3
 239+ 6E9F              // subtraction
 240+ 6E9F                              New_Def SUBTRACT, "-", is_code, is_normal
 240+ 6E9F             >temp_NFA        defl    $                   // save this NFA address to temp_NFA
 240+ 6E9F             >
 240+ 6E9F             >                // dummy db directives used to calculate length of namec
 240+ 6E9F 2D          >                db      "-"
 240+ 6EA0             >len_NFA         defl    $ - temp_NFA
 240+ 6EA0             >                org     $ - len_NFA         // rewind to temp_NFA and re-do NFA part
 240+ 6E9F             >
 240+ 6E9F 81          >                db      len_NFA | END_BIT | is_normal  // The start of NFA must have msb set to signal the beginning of the sounted string
 240+ 6EA0 2D          >                db      "-"               // name string in 7-bit ascii, but
 240+ 6EA1             >                org     $-1                 // alter last byte of Name just above to set
 240+ 6EA0 AD          >                db      {b $} | END_BIT     // msb as name end
 240+ 6EA1             >
 240+ 6EA1 90 6E       >                dw      last_NFA            // Link to previous definition Name
 240+ 6EA3             >SUBTRACT:          if is_code != 0 ; ok        // This is the start address of the direct jp(hl)
 240+ 6EA3 ~           >                call    runcode ; ok        // for primitive definitions  actual code
 240+ 6EA3 ~           >
 240+ 6EA3 ~           >
 240+ 6EA3             >                endif           ; ok        // for other definitions it "points" the correct handler
 240+ 6EA3             >                // Use of "; ok" to suppress "warning[fwdref]"
 240+ 6EA3             >
 240+ 6EA3             >last_NFA        defl    temp_NFA            // keep track of NFA saved above
 241+ 6EA3 D9                           exx
 242+ 6EA4 D1                           pop     de
 243+ 6EA5 E1                           pop     hl
 244+ 6EA6 A7                           and     a
 245+ 6EA7 ED 52                        sbc     hl, de
 246+ 6EA9 E5                           push    hl
 247+ 6EAA D9                           exx
 248+ 6EAB                              next
 248+ 6EAB DD E9       >                jp      (ix)
 249+ 6EAD
 250+ 6EAD
 251+ 6EAD              //  ______________________________________________________________________
 252+ 6EAD              //
 253+ 6EAD              // =            n1 n2 -- n3
 254+ 6EAD              // equals
 255+ 6EAD                              Colon_Def EQUALS, "=", is_normal
 255+ 6EAD             >                New_Def  EQUALS, "=", Enter_Ptr, is_normal ; ok
 255+ 6EAD             >temp_NFA        defl    $                   // save this NFA address to temp_NFA
 255+ 6EAD             >
 255+ 6EAD             >                // dummy db directives used to calculate length of namec
 255+ 6EAD 3D          >                db      "="
 255+ 6EAE             >len_NFA         defl    $ - temp_NFA
 255+ 6EAE             >                org     $ - len_NFA         // rewind to temp_NFA and re-do NFA part
 255+ 6EAD             >
 255+ 6EAD 81          >                db      len_NFA | END_BIT | is_normal  // The start of NFA must have msb set to signal the beginning of the sounted string
 255+ 6EAE 3D          >                db      "="               // name string in 7-bit ascii, but
 255+ 6EAF             >                org     $-1                 // alter last byte of Name just above to set
 255+ 6EAE BD          >                db      {b $} | END_BIT     // msb as name end
 255+ 6EAF             >
 255+ 6EAF 9F 6E       >                dw      last_NFA            // Link to previous definition Name
 255+ 6EB1             >EQUALS:          if Enter_Ptr != 0 ; ok        // This is the start address of the direct jp(hl)
 255+ 6EB1 CD CE 6B    >                call    Enter_Ptr ; ok        // for primitive definitions  actual code
 255+ 6EB4             >
 255+ 6EB4             >
 255+ 6EB4             >                endif           ; ok        // for other definitions it "points" the correct handler
 255+ 6EB4             >                // Use of "; ok" to suppress "warning[fwdref]"
 255+ 6EB4             >
 255+ 6EB4             >last_NFA        defl    temp_NFA            // keep track of NFA saved above
 256+ 6EB4 A3 6E 1C 69                  dw      SUBTRACT, ZEQUAL        // - 0=
 257+ 6EB8 EB 68                        dw      EXIT                    // ;
 258+ 6EBA
 259+ 6EBA              //  ______________________________________________________________________
 260+ 6EBA              //
 261+ 6EBA              // u<           u1 u2 -- u3
 262+ 6EBA              // unsigned less-than
 263+ 6EBA                              New_Def ULESS, "U<", is_code, is_normal
 263+ 6EBA             >temp_NFA        defl    $                   // save this NFA address to temp_NFA
 263+ 6EBA             >
 263+ 6EBA             >                // dummy db directives used to calculate length of namec
 263+ 6EBA 55 3C       >                db      "U<"
 263+ 6EBC             >len_NFA         defl    $ - temp_NFA
 263+ 6EBC             >                org     $ - len_NFA         // rewind to temp_NFA and re-do NFA part
 263+ 6EBA             >
 263+ 6EBA 82          >                db      len_NFA | END_BIT | is_normal  // The start of NFA must have msb set to signal the beginning of the sounted string
 263+ 6EBB 55 3C       >                db      "U<"               // name string in 7-bit ascii, but
 263+ 6EBD             >                org     $-1                 // alter last byte of Name just above to set
 263+ 6EBC BC          >                db      {b $} | END_BIT     // msb as name end
 263+ 6EBD             >
 263+ 6EBD AD 6E       >                dw      last_NFA            // Link to previous definition Name
 263+ 6EBF             >ULESS:          if is_code != 0 ; ok        // This is the start address of the direct jp(hl)
 263+ 6EBF ~           >                call    runcode ; ok        // for primitive definitions  actual code
 263+ 6EBF ~           >
 263+ 6EBF ~           >
 263+ 6EBF             >                endif           ; ok        // for other definitions it "points" the correct handler
 263+ 6EBF             >                // Use of "; ok" to suppress "warning[fwdref]"
 263+ 6EBF             >
 263+ 6EBF             >last_NFA        defl    temp_NFA            // keep track of NFA saved above
 264+ 6EBF D9                           exx
 265+ 6EC0 D1                           pop     de
 266+ 6EC1 E1                           pop     hl
 267+ 6EC2              Unsigned_Less_Exit:
 268+ 6EC2 A7                           and     a
 269+ 6EC3 ED 52                        sbc     hl, de
 270+ 6EC5 ED 62                        sbc     hl, hl
 271+ 6EC7 E5                           push    hl
 272+ 6EC8 D9                           exx
 273+ 6EC9                              next
 273+ 6EC9 DD E9       >                jp      (ix)
 274+ 6ECB
 275+ 6ECB              //  ______________________________________________________________________
 276+ 6ECB              //
 277+ 6ECB              // <           n1 n2 -- n3
 278+ 6ECB              // less-than
 279+ 6ECB                              New_Def LESS, "<", is_code, is_normal
 279+ 6ECB             >temp_NFA        defl    $                   // save this NFA address to temp_NFA
 279+ 6ECB             >
 279+ 6ECB             >                // dummy db directives used to calculate length of namec
 279+ 6ECB 3C          >                db      "<"
 279+ 6ECC             >len_NFA         defl    $ - temp_NFA
 279+ 6ECC             >                org     $ - len_NFA         // rewind to temp_NFA and re-do NFA part
 279+ 6ECB             >
 279+ 6ECB 81          >                db      len_NFA | END_BIT | is_normal  // The start of NFA must have msb set to signal the beginning of the sounted string
 279+ 6ECC 3C          >                db      "<"               // name string in 7-bit ascii, but
 279+ 6ECD             >                org     $-1                 // alter last byte of Name just above to set
 279+ 6ECC BC          >                db      {b $} | END_BIT     // msb as name end
 279+ 6ECD             >
 279+ 6ECD BA 6E       >                dw      last_NFA            // Link to previous definition Name
 279+ 6ECF             >LESS:          if is_code != 0 ; ok        // This is the start address of the direct jp(hl)
 279+ 6ECF ~           >                call    runcode ; ok        // for primitive definitions  actual code
 279+ 6ECF ~           >
 279+ 6ECF ~           >
 279+ 6ECF             >                endif           ; ok        // for other definitions it "points" the correct handler
 279+ 6ECF             >                // Use of "; ok" to suppress "warning[fwdref]"
 279+ 6ECF             >
 279+ 6ECF             >last_NFA        defl    temp_NFA            // keep track of NFA saved above
 280+ 6ECF D9                           exx
 281+ 6ED0 E1                           pop     hl
 282+ 6ED1 D1                           pop     de
 283+ 6ED2 01 00 80                     ld      bc, $8000
 284+ 6ED5 09                           add     hl, bc
 285+ 6ED6 EB                           ex      de, hl
 286+ 6ED7 09                           add     hl, bc
 287+ 6ED8 18 E8                        jr      Unsigned_Less_Exit
 288+ 6EDA              //              and     a
 289+ 6EDA              //              sbc     hl, de
 290+ 6EDA              //              sbc     hl, hl
 291+ 6EDA              //              push    hl
 292+ 6EDA              //              exx
 293+ 6EDA              //              next
 294+ 6EDA
 295+ 6EDA              //  ______________________________________________________________________
 296+ 6EDA              //
 297+ 6EDA              // >            n1 n2 -- n3
 298+ 6EDA              // greater than
 299+ 6EDA                              Colon_Def GREATER, ">", is_normal
 299+ 6EDA             >                New_Def  GREATER, ">", Enter_Ptr, is_normal ; ok
 299+ 6EDA             >temp_NFA        defl    $                   // save this NFA address to temp_NFA
 299+ 6EDA             >
 299+ 6EDA             >                // dummy db directives used to calculate length of namec
 299+ 6EDA 3E          >                db      ">"
 299+ 6EDB             >len_NFA         defl    $ - temp_NFA
 299+ 6EDB             >                org     $ - len_NFA         // rewind to temp_NFA and re-do NFA part
 299+ 6EDA             >
 299+ 6EDA 81          >                db      len_NFA | END_BIT | is_normal  // The start of NFA must have msb set to signal the beginning of the sounted string
 299+ 6EDB 3E          >                db      ">"               // name string in 7-bit ascii, but
 299+ 6EDC             >                org     $-1                 // alter last byte of Name just above to set
 299+ 6EDB BE          >                db      {b $} | END_BIT     // msb as name end
 299+ 6EDC             >
 299+ 6EDC CB 6E       >                dw      last_NFA            // Link to previous definition Name
 299+ 6EDE             >GREATER:          if Enter_Ptr != 0 ; ok        // This is the start address of the direct jp(hl)
 299+ 6EDE CD CE 6B    >                call    Enter_Ptr ; ok        // for primitive definitions  actual code
 299+ 6EE1             >
 299+ 6EE1             >
 299+ 6EE1             >                endif           ; ok        // for other definitions it "points" the correct handler
 299+ 6EE1             >                // Use of "; ok" to suppress "warning[fwdref]"
 299+ 6EE1             >
 299+ 6EE1             >last_NFA        defl    temp_NFA            // keep track of NFA saved above
 300+ 6EE1 0A 6A CF 6E                  dw      SWAP, LESS              // swap <
 301+ 6EE5 EB 68                        dw      EXIT                    // ;
 302+ 6EE7              //  ______________________________________________________________________
 303+ 6EE7              //
 304+ 6EE7              // min          n1 n2 -- n3
 305+ 6EE7              // minimum between n1 and n2
 306+ 6EE7                              Colon_Def MIN, "MIN" , is_normal
 306+ 6EE7             >                New_Def  MIN, "MIN", Enter_Ptr, is_normal ; ok
 306+ 6EE7             >temp_NFA        defl    $                   // save this NFA address to temp_NFA
 306+ 6EE7             >
 306+ 6EE7             >                // dummy db directives used to calculate length of namec
 306+ 6EE7 4D 49 4E    >                db      "MIN"
 306+ 6EEA             >len_NFA         defl    $ - temp_NFA
 306+ 6EEA             >                org     $ - len_NFA         // rewind to temp_NFA and re-do NFA part
 306+ 6EE7             >
 306+ 6EE7 83          >                db      len_NFA | END_BIT | is_normal  // The start of NFA must have msb set to signal the beginning of the sounted string
 306+ 6EE8 4D 49 4E    >                db      "MIN"               // name string in 7-bit ascii, but
 306+ 6EEB             >                org     $-1                 // alter last byte of Name just above to set
 306+ 6EEA CE          >                db      {b $} | END_BIT     // msb as name end
 306+ 6EEB             >
 306+ 6EEB DA 6E       >                dw      last_NFA            // Link to previous definition Name
 306+ 6EED             >MIN:          if Enter_Ptr != 0 ; ok        // This is the start address of the direct jp(hl)
 306+ 6EED CD CE 6B    >                call    Enter_Ptr ; ok        // for primitive definitions  actual code
 306+ 6EF0             >
 306+ 6EF0             >
 306+ 6EF0             >                endif           ; ok        // for other definitions it "points" the correct handler
 306+ 6EF0             >                // Use of "; ok" to suppress "warning[fwdref]"
 306+ 6EF0             >
 306+ 6EF0             >last_NFA        defl    temp_NFA            // keep track of NFA saved above
 307+ 6EF0 A5 6A                        dw      TWO_DUP                 // 2dup
 308+ 6EF2 DE 6E                        dw      GREATER                 // >
 309+ 6EF4 B5 64                        dw      ZBRANCH
 310+ 6EF6 04 00                        dw      Min_Skip - $   // if
 311+ 6EF8 0A 6A                        dw          SWAP                //      swap
 312+ 6EFA              Min_Skip:                                       // endif
 313+ 6EFA E8 69                        dw      DROP                    // drop
 314+ 6EFC EB 68                        dw      EXIT                    // ;
 315+ 6EFE
 316+ 6EFE              //  ______________________________________________________________________
 317+ 6EFE              //
 318+ 6EFE              // max          n1 n2 -- n3
 319+ 6EFE              // maximum between n1 and n2
 320+ 6EFE                              Colon_Def MAX, "MAX", is_normal
 320+ 6EFE             >                New_Def  MAX, "MAX", Enter_Ptr, is_normal ; ok
 320+ 6EFE             >temp_NFA        defl    $                   // save this NFA address to temp_NFA
 320+ 6EFE             >
 320+ 6EFE             >                // dummy db directives used to calculate length of namec
 320+ 6EFE 4D 41 58    >                db      "MAX"
 320+ 6F01             >len_NFA         defl    $ - temp_NFA
 320+ 6F01             >                org     $ - len_NFA         // rewind to temp_NFA and re-do NFA part
 320+ 6EFE             >
 320+ 6EFE 83          >                db      len_NFA | END_BIT | is_normal  // The start of NFA must have msb set to signal the beginning of the sounted string
 320+ 6EFF 4D 41 58    >                db      "MAX"               // name string in 7-bit ascii, but
 320+ 6F02             >                org     $-1                 // alter last byte of Name just above to set
 320+ 6F01 D8          >                db      {b $} | END_BIT     // msb as name end
 320+ 6F02             >
 320+ 6F02 E7 6E       >                dw      last_NFA            // Link to previous definition Name
 320+ 6F04             >MAX:          if Enter_Ptr != 0 ; ok        // This is the start address of the direct jp(hl)
 320+ 6F04 CD CE 6B    >                call    Enter_Ptr ; ok        // for primitive definitions  actual code
 320+ 6F07             >
 320+ 6F07             >
 320+ 6F07             >                endif           ; ok        // for other definitions it "points" the correct handler
 320+ 6F07             >                // Use of "; ok" to suppress "warning[fwdref]"
 320+ 6F07             >
 320+ 6F07             >last_NFA        defl    temp_NFA            // keep track of NFA saved above
 321+ 6F07 A5 6A                        dw      TWO_DUP                 // 2dup
 322+ 6F09 CF 6E                        dw      LESS                    // <
 323+ 6F0B B5 64                        dw      ZBRANCH
 324+ 6F0D 04 00                        dw      Max_Skip - $   // if
 325+ 6F0F 0A 6A                        dw          SWAP                //      swap
 326+ 6F11              Max_Skip:                                       // endif
 327+ 6F11 E8 69                        dw      DROP                    // drop
 328+ 6F13 EB 68                        dw      EXIT                    // ;
 329+ 6F15
 330+ 6F15              //  ______________________________________________________________________
 331+ 6F15              //
 332+ 6F15              // ?dup         n -- 0 | n n
 333+ 6F15              // duplicate if not zero
 334+ 6F15                              New_Def QDUP, "?DUP", is_code, is_normal
 334+ 6F15             >temp_NFA        defl    $                   // save this NFA address to temp_NFA
 334+ 6F15             >
 334+ 6F15             >                // dummy db directives used to calculate length of namec
 334+ 6F15 3F 44 55 50 >                db      "?DUP"
 334+ 6F19             >len_NFA         defl    $ - temp_NFA
 334+ 6F19             >                org     $ - len_NFA         // rewind to temp_NFA and re-do NFA part
 334+ 6F15             >
 334+ 6F15 84          >                db      len_NFA | END_BIT | is_normal  // The start of NFA must have msb set to signal the beginning of the sounted string
 334+ 6F16 3F 44 55 50 >                db      "?DUP"               // name string in 7-bit ascii, but
 334+ 6F1A             >                org     $-1                 // alter last byte of Name just above to set
 334+ 6F19 D0          >                db      {b $} | END_BIT     // msb as name end
 334+ 6F1A             >
 334+ 6F1A FE 6E       >                dw      last_NFA            // Link to previous definition Name
 334+ 6F1C             >QDUP:          if is_code != 0 ; ok        // This is the start address of the direct jp(hl)
 334+ 6F1C ~           >                call    runcode ; ok        // for primitive definitions  actual code
 334+ 6F1C ~           >
 334+ 6F1C ~           >
 334+ 6F1C             >                endif           ; ok        // for other definitions it "points" the correct handler
 334+ 6F1C             >                // Use of "; ok" to suppress "warning[fwdref]"
 334+ 6F1C             >
 334+ 6F1C             >last_NFA        defl    temp_NFA            // keep track of NFA saved above
 335+ 6F1C              QDup_Ptr:
 336+ 6F1C E1                           pop     hl
 337+ 6F1D 7C                           ld      a, h
 338+ 6F1E B5                           or      l
 339+ 6F1F 28 01                        jr      z, QDup_Skip
 340+ 6F21 E5                               push    hl
 341+ 6F22              QDup_Skip:
 342+ 6F22                              psh1
 342+ 6F22 E5          >                push    hl
 342+ 6F23 DD E9       >                jp      (ix)
 343+ 6F25
 344+ 6F25              //  ______________________________________________________________________
 345+ 6F25              //
 346+ 6F25              // -dup         n -- 0 | n n
 347+ 6F25              // duplicate if not zero
 348+ 6F25                              New_Def LDUP, "-DUP", is_code, is_normal
 348+ 6F25             >temp_NFA        defl    $                   // save this NFA address to temp_NFA
 348+ 6F25             >
 348+ 6F25             >                // dummy db directives used to calculate length of namec
 348+ 6F25 2D 44 55 50 >                db      "-DUP"
 348+ 6F29             >len_NFA         defl    $ - temp_NFA
 348+ 6F29             >                org     $ - len_NFA         // rewind to temp_NFA and re-do NFA part
 348+ 6F25             >
 348+ 6F25 84          >                db      len_NFA | END_BIT | is_normal  // The start of NFA must have msb set to signal the beginning of the sounted string
 348+ 6F26 2D 44 55 50 >                db      "-DUP"               // name string in 7-bit ascii, but
 348+ 6F2A             >                org     $-1                 // alter last byte of Name just above to set
 348+ 6F29 D0          >                db      {b $} | END_BIT     // msb as name end
 348+ 6F2A             >
 348+ 6F2A 15 6F       >                dw      last_NFA            // Link to previous definition Name
 348+ 6F2C             >LDUP:          if is_code != 0 ; ok        // This is the start address of the direct jp(hl)
 348+ 6F2C ~           >                call    runcode ; ok        // for primitive definitions  actual code
 348+ 6F2C ~           >
 348+ 6F2C ~           >
 348+ 6F2C             >                endif           ; ok        // for other definitions it "points" the correct handler
 348+ 6F2C             >                // Use of "; ok" to suppress "warning[fwdref]"
 348+ 6F2C             >
 348+ 6F2C             >last_NFA        defl    temp_NFA            // keep track of NFA saved above
 349+ 6F2C C3 1C 6F                     jp      QDup_Ptr
 350+ 6F2F
 351+ 6F2F              //  ______________________________________________________________________
 352+ 6F2F              //
 353+ 6F2F              // emit         c --
 354+ 6F2F                              Colon_Def EMIT, "EMIT", is_normal
 354+ 6F2F             >                New_Def  EMIT, "EMIT", Enter_Ptr, is_normal ; ok
 354+ 6F2F             >temp_NFA        defl    $                   // save this NFA address to temp_NFA
 354+ 6F2F             >
 354+ 6F2F             >                // dummy db directives used to calculate length of namec
 354+ 6F2F 45 4D 49 54 >                db      "EMIT"
 354+ 6F33             >len_NFA         defl    $ - temp_NFA
 354+ 6F33             >                org     $ - len_NFA         // rewind to temp_NFA and re-do NFA part
 354+ 6F2F             >
 354+ 6F2F 84          >                db      len_NFA | END_BIT | is_normal  // The start of NFA must have msb set to signal the beginning of the sounted string
 354+ 6F30 45 4D 49 54 >                db      "EMIT"               // name string in 7-bit ascii, but
 354+ 6F34             >                org     $-1                 // alter last byte of Name just above to set
 354+ 6F33 D4          >                db      {b $} | END_BIT     // msb as name end
 354+ 6F34             >
 354+ 6F34 25 6F       >                dw      last_NFA            // Link to previous definition Name
 354+ 6F36             >EMIT:          if Enter_Ptr != 0 ; ok        // This is the start address of the direct jp(hl)
 354+ 6F36 CD CE 6B    >                call    Enter_Ptr ; ok        // for primitive definitions  actual code
 354+ 6F39             >
 354+ 6F39             >
 354+ 6F39             >                endif           ; ok        // for other definitions it "points" the correct handler
 354+ 6F39             >                // Use of "; ok" to suppress "warning[fwdref]"
 354+ 6F39             >
 354+ 6F39             >last_NFA        defl    temp_NFA            // keep track of NFA saved above
 355+ 6F39 B8 66                        dw      C_EMIT                      // (?emit)
 356+ 6F3B 1C 6F                        dw      QDUP                        // ?dup
 357+ 6F3D                                                                  // if
 358+ 6F3D B5 64                        dw      ZBRANCH
 359+ 6F3F 0A 00                        dw      Emit_Skip - $
 360+ 6F41 7B 66                        dw          EMITC                   //      emitc
 361+ 6F43 4F 6C                        dw          ONE                     //      1
 362+ 6F45 70 6D CE 6A                  dw          OUT, PLUSSTORE        //      out +!
 363+ 6F49              Emit_Skip:                                          // endif
 364+ 6F49 EB 68                        dw      EXIT                        // ;
 365+ 6F4B
 366+ 6F4B              //  ______________________________________________________________________
 367+ 6F4B              //
 368+ 6F4B              // space        --
 369+ 6F4B                              Colon_Def SPACE, "SPACE", is_normal
 369+ 6F4B             >                New_Def  SPACE, "SPACE", Enter_Ptr, is_normal ; ok
 369+ 6F4B             >temp_NFA        defl    $                   // save this NFA address to temp_NFA
 369+ 6F4B             >
 369+ 6F4B             >                // dummy db directives used to calculate length of namec
 369+ 6F4B 53 50 41 43 >                db      "SPACE"
 369+ 6F4F 45          >
 369+ 6F50             >len_NFA         defl    $ - temp_NFA
 369+ 6F50             >                org     $ - len_NFA         // rewind to temp_NFA and re-do NFA part
 369+ 6F4B             >
 369+ 6F4B 85          >                db      len_NFA | END_BIT | is_normal  // The start of NFA must have msb set to signal the beginning of the sounted string
 369+ 6F4C 53 50 41 43 >                db      "SPACE"               // name string in 7-bit ascii, but
 369+ 6F50 45          >
 369+ 6F51             >                org     $-1                 // alter last byte of Name just above to set
 369+ 6F50 C5          >                db      {b $} | END_BIT     // msb as name end
 369+ 6F51             >
 369+ 6F51 2F 6F       >                dw      last_NFA            // Link to previous definition Name
 369+ 6F53             >SPACE:          if Enter_Ptr != 0 ; ok        // This is the start address of the direct jp(hl)
 369+ 6F53 CD CE 6B    >                call    Enter_Ptr ; ok        // for primitive definitions  actual code
 369+ 6F56             >
 369+ 6F56             >
 369+ 6F56             >                endif           ; ok        // for other definitions it "points" the correct handler
 369+ 6F56             >                // Use of "; ok" to suppress "warning[fwdref]"
 369+ 6F56             >
 369+ 6F56             >last_NFA        defl    temp_NFA            // keep track of NFA saved above
 370+ 6F56 75 6C 36 6F                  dw      BL, EMIT                // bl emit
 371+ 6F5A EB 68                        dw      EXIT                    // ;
 372+ 6F5C
 373+ 6F5C              //  ______________________________________________________________________
 374+ 6F5C              //
 375+ 6F5C              // traverse     a n -- a
 376+ 6F5C              // A dictionary entry is structured as follows
 377+ 6F5C              // NFA: +0   one byte of word-length (n<32) | some flags (immediate, smudge) | $80
 378+ 6F5C              //      +1   word name, last character is toggled with $80
 379+ 6F5C              // LFA: +1+n link to NFA ofprevious  dictionary entry.
 380+ 6F5C              // CFA: +3+n routine address. Colon definitions here have a CALL aa
 381+ 6F5C              // PFA: +6+n "is_code", definitions have no PFA. // +5
 382+ 6F5C              //
 383+ 6F5C                              Colon_Def TRAVERSE, "TRAVERSE", is_normal
 383+ 6F5C             >                New_Def  TRAVERSE, "TRAVERSE", Enter_Ptr, is_normal ; ok
 383+ 6F5C             >temp_NFA        defl    $                   // save this NFA address to temp_NFA
 383+ 6F5C             >
 383+ 6F5C             >                // dummy db directives used to calculate length of namec
 383+ 6F5C 54 52 41 56 >                db      "TRAVERSE"
 383+ 6F60 45 52 53 45 >
 383+ 6F64             >len_NFA         defl    $ - temp_NFA
 383+ 6F64             >                org     $ - len_NFA         // rewind to temp_NFA and re-do NFA part
 383+ 6F5C             >
 383+ 6F5C 88          >                db      len_NFA | END_BIT | is_normal  // The start of NFA must have msb set to signal the beginning of the sounted string
 383+ 6F5D 54 52 41 56 >                db      "TRAVERSE"               // name string in 7-bit ascii, but
 383+ 6F61 45 52 53 45 >
 383+ 6F65             >                org     $-1                 // alter last byte of Name just above to set
 383+ 6F64 C5          >                db      {b $} | END_BIT     // msb as name end
 383+ 6F65             >
 383+ 6F65 4B 6F       >                dw      last_NFA            // Link to previous definition Name
 383+ 6F67             >TRAVERSE:          if Enter_Ptr != 0 ; ok        // This is the start address of the direct jp(hl)
 383+ 6F67 CD CE 6B    >                call    Enter_Ptr ; ok        // for primitive definitions  actual code
 383+ 6F6A             >
 383+ 6F6A             >
 383+ 6F6A             >                endif           ; ok        // for other definitions it "points" the correct handler
 383+ 6F6A             >                // Use of "; ok" to suppress "warning[fwdref]"
 383+ 6F6A             >
 383+ 6F6A             >last_NFA        defl    temp_NFA            // keep track of NFA saved above
 384+ 6F6A 0A 6A                        dw      SWAP                    // swap
 385+ 6F6C              Traverse_Begin:                                 // begin
 386+ 6F6C DA 69 51 69                  dw          OVER, PLUS          //      over +
 387+ 6F70 3F 64 7F 00                  dw          LIT, 127            //      127
 388+ 6F74 DA 69 09 6B                  dw          OVER, CFETCH        //      over @
 389+ 6F78 CF 6E                        dw          LESS                //      <
 390+ 6F7A                                                              // until
 391+ 6F7A B5 64                        dw      ZBRANCH
 392+ 6F7C F0 FF                        dw      Traverse_Begin - $
 393+ 6F7E F1 69                        dw      NIP                     //  nip
 394+ 6F80 EB 68                        dw      EXIT                    //  ;
 395+ 6F82
 396+ 6F82              //  ______________________________________________________________________
 397+ 6F82              //
 398+ 6F82              // latest       -- nfa
 399+ 6F82                              Colon_Def LATEST, "LATEST", is_normal
 399+ 6F82             >                New_Def  LATEST, "LATEST", Enter_Ptr, is_normal ; ok
 399+ 6F82             >temp_NFA        defl    $                   // save this NFA address to temp_NFA
 399+ 6F82             >
 399+ 6F82             >                // dummy db directives used to calculate length of namec
 399+ 6F82 4C 41 54 45 >                db      "LATEST"
 399+ 6F86 53 54       >
 399+ 6F88             >len_NFA         defl    $ - temp_NFA
 399+ 6F88             >                org     $ - len_NFA         // rewind to temp_NFA and re-do NFA part
 399+ 6F82             >
 399+ 6F82 86          >                db      len_NFA | END_BIT | is_normal  // The start of NFA must have msb set to signal the beginning of the sounted string
 399+ 6F83 4C 41 54 45 >                db      "LATEST"               // name string in 7-bit ascii, but
 399+ 6F87 53 54       >
 399+ 6F89             >                org     $-1                 // alter last byte of Name just above to set
 399+ 6F88 D4          >                db      {b $} | END_BIT     // msb as name end
 399+ 6F89             >
 399+ 6F89 5C 6F       >                dw      last_NFA            // Link to previous definition Name
 399+ 6F8B             >LATEST:          if Enter_Ptr != 0 ; ok        // This is the start address of the direct jp(hl)
 399+ 6F8B CD CE 6B    >                call    Enter_Ptr ; ok        // for primitive definitions  actual code
 399+ 6F8E             >
 399+ 6F8E             >
 399+ 6F8E             >                endif           ; ok        // for other definitions it "points" the correct handler
 399+ 6F8E             >                // Use of "; ok" to suppress "warning[fwdref]"
 399+ 6F8E             >
 399+ 6F8E             >last_NFA        defl    temp_NFA            // keep track of NFA saved above
 400+ 6F8E A3 6D                        dw      CURRENT                 // current
 401+ 6F90 EF 6A EF 6A                  dw      FETCH, FETCH            // @ @
 402+ 6F94 EB 68                        dw      EXIT                    // ;
 403+ 6F96
 404+ 6F96              //  ______________________________________________________________________
 405+ 6F96              //
 406+ 6F96              // lfa          pfa -- lfa
 407+ 6F96                              Colon_Def LFA, "LFA", is_normal
 407+ 6F96             >                New_Def  LFA, "LFA", Enter_Ptr, is_normal ; ok
 407+ 6F96             >temp_NFA        defl    $                   // save this NFA address to temp_NFA
 407+ 6F96             >
 407+ 6F96             >                // dummy db directives used to calculate length of namec
 407+ 6F96 4C 46 41    >                db      "LFA"
 407+ 6F99             >len_NFA         defl    $ - temp_NFA
 407+ 6F99             >                org     $ - len_NFA         // rewind to temp_NFA and re-do NFA part
 407+ 6F96             >
 407+ 6F96 83          >                db      len_NFA | END_BIT | is_normal  // The start of NFA must have msb set to signal the beginning of the sounted string
 407+ 6F97 4C 46 41    >                db      "LFA"               // name string in 7-bit ascii, but
 407+ 6F9A             >                org     $-1                 // alter last byte of Name just above to set
 407+ 6F99 C1          >                db      {b $} | END_BIT     // msb as name end
 407+ 6F9A             >
 407+ 6F9A 82 6F       >                dw      last_NFA            // Link to previous definition Name
 407+ 6F9C             >LFA:          if Enter_Ptr != 0 ; ok        // This is the start address of the direct jp(hl)
 407+ 6F9C CD CE 6B    >                call    Enter_Ptr ; ok        // for primitive definitions  actual code
 407+ 6F9F             >
 407+ 6F9F             >
 407+ 6F9F             >                endif           ; ok        // for other definitions it "points" the correct handler
 407+ 6F9F             >                // Use of "; ok" to suppress "warning[fwdref]"
 407+ 6F9F             >
 407+ 6F9F             >last_NFA        defl    temp_NFA            // keep track of NFA saved above
 408+ 6F9F 3F 64 05 00                  dw      LIT, 5                  // cell- --> 5
 409+ 6FA3 A3 6E                        dw      SUBTRACT                // cell- --> -
 410+ 6FA5 EB 68                        dw      EXIT                    // ;
 411+ 6FA7
 412+ 6FA7              //  ______________________________________________________________________
 413+ 6FA7              //
 414+ 6FA7              // cfa          pfa -- cfa
 415+ 6FA7                              Colon_Def CFA, "CFA", is_normal
 415+ 6FA7             >                New_Def  CFA, "CFA", Enter_Ptr, is_normal ; ok
 415+ 6FA7             >temp_NFA        defl    $                   // save this NFA address to temp_NFA
 415+ 6FA7             >
 415+ 6FA7             >                // dummy db directives used to calculate length of namec
 415+ 6FA7 43 46 41    >                db      "CFA"
 415+ 6FAA             >len_NFA         defl    $ - temp_NFA
 415+ 6FAA             >                org     $ - len_NFA         // rewind to temp_NFA and re-do NFA part
 415+ 6FA7             >
 415+ 6FA7 83          >                db      len_NFA | END_BIT | is_normal  // The start of NFA must have msb set to signal the beginning of the sounted string
 415+ 6FA8 43 46 41    >                db      "CFA"               // name string in 7-bit ascii, but
 415+ 6FAB             >                org     $-1                 // alter last byte of Name just above to set
 415+ 6FAA C1          >                db      {b $} | END_BIT     // msb as name end
 415+ 6FAB             >
 415+ 6FAB 96 6F       >                dw      last_NFA            // Link to previous definition Name
 415+ 6FAD             >CFA:          if Enter_Ptr != 0 ; ok        // This is the start address of the direct jp(hl)
 415+ 6FAD CD CE 6B    >                call    Enter_Ptr ; ok        // for primitive definitions  actual code
 415+ 6FB0             >
 415+ 6FB0             >
 415+ 6FB0             >                endif           ; ok        // for other definitions it "points" the correct handler
 415+ 6FB0             >                // Use of "; ok" to suppress "warning[fwdref]"
 415+ 6FB0             >
 415+ 6FB0             >last_NFA        defl    temp_NFA            // keep track of NFA saved above
 416+ 6FB0              //              dw      CELL_MINUS              // cell-
 417+ 6FB0 61 6C A3 6E                  dw      THREE, SUBTRACT         // 3 -
 418+ 6FB4 EB 68                        dw      EXIT                    // ;
 419+ 6FB6
 420+ 6FB6              //  ______________________________________________________________________
 421+ 6FB6              //
 422+ 6FB6              // nfa          pfa -- nfa
 423+ 6FB6                              Colon_Def NFA, "NFA", is_normal
 423+ 6FB6             >                New_Def  NFA, "NFA", Enter_Ptr, is_normal ; ok
 423+ 6FB6             >temp_NFA        defl    $                   // save this NFA address to temp_NFA
 423+ 6FB6             >
 423+ 6FB6             >                // dummy db directives used to calculate length of namec
 423+ 6FB6 4E 46 41    >                db      "NFA"
 423+ 6FB9             >len_NFA         defl    $ - temp_NFA
 423+ 6FB9             >                org     $ - len_NFA         // rewind to temp_NFA and re-do NFA part
 423+ 6FB6             >
 423+ 6FB6 83          >                db      len_NFA | END_BIT | is_normal  // The start of NFA must have msb set to signal the beginning of the sounted string
 423+ 6FB7 4E 46 41    >                db      "NFA"               // name string in 7-bit ascii, but
 423+ 6FBA             >                org     $-1                 // alter last byte of Name just above to set
 423+ 6FB9 C1          >                db      {b $} | END_BIT     // msb as name end
 423+ 6FBA             >
 423+ 6FBA A7 6F       >                dw      last_NFA            // Link to previous definition Name
 423+ 6FBC             >NFA:          if Enter_Ptr != 0 ; ok        // This is the start address of the direct jp(hl)
 423+ 6FBC CD CE 6B    >                call    Enter_Ptr ; ok        // for primitive definitions  actual code
 423+ 6FBF             >
 423+ 6FBF             >
 423+ 6FBF             >                endif           ; ok        // for other definitions it "points" the correct handler
 423+ 6FBF             >                // Use of "; ok" to suppress "warning[fwdref]"
 423+ 6FBF             >
 423+ 6FBF             >last_NFA        defl    temp_NFA            // keep track of NFA saved above
 424+ 6FBF 3F 64 06 00                  dw      LIT, 6                  // 5 --> 6
 425+ 6FC3 A3 6E                        dw      SUBTRACT                // -
 426+ 6FC5 6B 6C                        dw      NEG_ONE                 // -1
 427+ 6FC7 67 6F                        dw      TRAVERSE                // traverse
 428+ 6FC9 EB 68                        dw      EXIT                    // ;
 429+ 6FCB
 430+ 6FCB              //  ______________________________________________________________________
 431+ 6FCB              //
 432+ 6FCB              // pfa          nfa -- pfa
 433+ 6FCB                              Colon_Def PFA, "PFA", is_normal
 433+ 6FCB             >                New_Def  PFA, "PFA", Enter_Ptr, is_normal ; ok
 433+ 6FCB             >temp_NFA        defl    $                   // save this NFA address to temp_NFA
 433+ 6FCB             >
 433+ 6FCB             >                // dummy db directives used to calculate length of namec
 433+ 6FCB 50 46 41    >                db      "PFA"
 433+ 6FCE             >len_NFA         defl    $ - temp_NFA
 433+ 6FCE             >                org     $ - len_NFA         // rewind to temp_NFA and re-do NFA part
 433+ 6FCB             >
 433+ 6FCB 83          >                db      len_NFA | END_BIT | is_normal  // The start of NFA must have msb set to signal the beginning of the sounted string
 433+ 6FCC 50 46 41    >                db      "PFA"               // name string in 7-bit ascii, but
 433+ 6FCF             >                org     $-1                 // alter last byte of Name just above to set
 433+ 6FCE C1          >                db      {b $} | END_BIT     // msb as name end
 433+ 6FCF             >
 433+ 6FCF B6 6F       >                dw      last_NFA            // Link to previous definition Name
 433+ 6FD1             >PFA:          if Enter_Ptr != 0 ; ok        // This is the start address of the direct jp(hl)
 433+ 6FD1 CD CE 6B    >                call    Enter_Ptr ; ok        // for primitive definitions  actual code
 433+ 6FD4             >
 433+ 6FD4             >
 433+ 6FD4             >                endif           ; ok        // for other definitions it "points" the correct handler
 433+ 6FD4             >                // Use of "; ok" to suppress "warning[fwdref]"
 433+ 6FD4             >
 433+ 6FD4             >last_NFA        defl    temp_NFA            // keep track of NFA saved above
 434+ 6FD4 4F 6C                        dw      ONE                     // 1
 435+ 6FD6 67 6F                        dw      TRAVERSE                // traverse
 436+ 6FD8 3F 64 06 00                  dw      LIT, 6                  // 5 --> 6
 437+ 6FDC 51 69                        dw      PLUS                    // +
 438+ 6FDE EB 68                        dw      EXIT                    // ;
 439+ 6FE0
 440+ 6FE0              //  ______________________________________________________________________
 441+ 6FE0              //
 442+ 6FE0              // >body        cfa -- pfa
 443+ 6FE0                              Colon_Def TO_BODY, ">BODY", is_normal
 443+ 6FE0             >                New_Def  TO_BODY, ">BODY", Enter_Ptr, is_normal ; ok
 443+ 6FE0             >temp_NFA        defl    $                   // save this NFA address to temp_NFA
 443+ 6FE0             >
 443+ 6FE0             >                // dummy db directives used to calculate length of namec
 443+ 6FE0 3E 42 4F 44 >                db      ">BODY"
 443+ 6FE4 59          >
 443+ 6FE5             >len_NFA         defl    $ - temp_NFA
 443+ 6FE5             >                org     $ - len_NFA         // rewind to temp_NFA and re-do NFA part
 443+ 6FE0             >
 443+ 6FE0 85          >                db      len_NFA | END_BIT | is_normal  // The start of NFA must have msb set to signal the beginning of the sounted string
 443+ 6FE1 3E 42 4F 44 >                db      ">BODY"               // name string in 7-bit ascii, but
 443+ 6FE5 59          >
 443+ 6FE6             >                org     $-1                 // alter last byte of Name just above to set
 443+ 6FE5 D9          >                db      {b $} | END_BIT     // msb as name end
 443+ 6FE6             >
 443+ 6FE6 CB 6F       >                dw      last_NFA            // Link to previous definition Name
 443+ 6FE8             >TO_BODY:          if Enter_Ptr != 0 ; ok        // This is the start address of the direct jp(hl)
 443+ 6FE8 CD CE 6B    >                call    Enter_Ptr ; ok        // for primitive definitions  actual code
 443+ 6FEB             >
 443+ 6FEB             >
 443+ 6FEB             >                endif           ; ok        // for other definitions it "points" the correct handler
 443+ 6FEB             >                // Use of "; ok" to suppress "warning[fwdref]"
 443+ 6FEB             >
 443+ 6FEB             >last_NFA        defl    temp_NFA            // keep track of NFA saved above
 444+ 6FEB 61 6C 51 69                  dw      THREE, PLUS             // cell+ --> 3 +
 445+ 6FEF EB 68                        dw      EXIT                    // ;
 446+ 6FF1
 447+ 6FF1              //  ______________________________________________________________________
 448+ 6FF1              //
 449+ 6FF1              // <name        cfa -- nfa
 450+ 6FF1                              Colon_Def TO_NAME, "<NAME", is_normal
 450+ 6FF1             >                New_Def  TO_NAME, "<NAME", Enter_Ptr, is_normal ; ok
 450+ 6FF1             >temp_NFA        defl    $                   // save this NFA address to temp_NFA
 450+ 6FF1             >
 450+ 6FF1             >                // dummy db directives used to calculate length of namec
 450+ 6FF1 3C 4E 41 4D >                db      "<NAME"
 450+ 6FF5 45          >
 450+ 6FF6             >len_NFA         defl    $ - temp_NFA
 450+ 6FF6             >                org     $ - len_NFA         // rewind to temp_NFA and re-do NFA part
 450+ 6FF1             >
 450+ 6FF1 85          >                db      len_NFA | END_BIT | is_normal  // The start of NFA must have msb set to signal the beginning of the sounted string
 450+ 6FF2 3C 4E 41 4D >                db      "<NAME"               // name string in 7-bit ascii, but
 450+ 6FF6 45          >
 450+ 6FF7             >                org     $-1                 // alter last byte of Name just above to set
 450+ 6FF6 C5          >                db      {b $} | END_BIT     // msb as name end
 450+ 6FF7             >
 450+ 6FF7 E0 6F       >                dw      last_NFA            // Link to previous definition Name
 450+ 6FF9             >TO_NAME:          if Enter_Ptr != 0 ; ok        // This is the start address of the direct jp(hl)
 450+ 6FF9 CD CE 6B    >                call    Enter_Ptr ; ok        // for primitive definitions  actual code
 450+ 6FFC             >
 450+ 6FFC             >
 450+ 6FFC             >                endif           ; ok        // for other definitions it "points" the correct handler
 450+ 6FFC             >                // Use of "; ok" to suppress "warning[fwdref]"
 450+ 6FFC             >
 450+ 6FFC             >last_NFA        defl    temp_NFA            // keep track of NFA saved above
 451+ 6FFC E8 6F                        dw      TO_BODY                 // >body
 452+ 6FFE BC 6F                        dw      NFA                     // nfa
 453+ 7000 EB 68                        dw      EXIT                    // ;
 454+ 7002
 455+ 7002              //  ______________________________________________________________________
 456+ 7002              //
 457+ 7002              // !csp         --
 458+ 7002              // store in user variable CSP current value of SP. Used at compile-time for syntax checkng
 459+ 7002                              Colon_Def STORE_CSP, "!CSP", is_normal
 459+ 7002             >                New_Def  STORE_CSP, "!CSP", Enter_Ptr, is_normal ; ok
 459+ 7002             >temp_NFA        defl    $                   // save this NFA address to temp_NFA
 459+ 7002             >
 459+ 7002             >                // dummy db directives used to calculate length of namec
 459+ 7002 21 43 53 50 >                db      "!CSP"
 459+ 7006             >len_NFA         defl    $ - temp_NFA
 459+ 7006             >                org     $ - len_NFA         // rewind to temp_NFA and re-do NFA part
 459+ 7002             >
 459+ 7002 84          >                db      len_NFA | END_BIT | is_normal  // The start of NFA must have msb set to signal the beginning of the sounted string
 459+ 7003 21 43 53 50 >                db      "!CSP"               // name string in 7-bit ascii, but
 459+ 7007             >                org     $-1                 // alter last byte of Name just above to set
 459+ 7006 D0          >                db      {b $} | END_BIT     // msb as name end
 459+ 7007             >
 459+ 7007 F1 6F       >                dw      last_NFA            // Link to previous definition Name
 459+ 7009             >STORE_CSP:          if Enter_Ptr != 0 ; ok        // This is the start address of the direct jp(hl)
 459+ 7009 CD CE 6B    >                call    Enter_Ptr ; ok        // for primitive definitions  actual code
 459+ 700C             >
 459+ 700C             >
 459+ 700C             >                endif           ; ok        // for other definitions it "points" the correct handler
 459+ 700C             >                // Use of "; ok" to suppress "warning[fwdref]"
 459+ 700C             >
 459+ 700C             >last_NFA        defl    temp_NFA            // keep track of NFA saved above
 460+ 700C C1 68                        dw      SPFETCH                 // sp@
 461+ 700E D8 6D FB 6A                  dw      CSP, STORE              // csp !
 462+ 7012 EB 68                        dw      EXIT                    // ;
 463+ 7014
 464+ 7014              //  ______________________________________________________________________
 465+ 7014              //
 466+ 7014              // ?error       f n --
 467+ 7014              // raise error n if flag f it true
 468+ 7014                              Colon_Def QERROR, "?ERROR", is_normal
 468+ 7014             >                New_Def  QERROR, "?ERROR", Enter_Ptr, is_normal ; ok
 468+ 7014             >temp_NFA        defl    $                   // save this NFA address to temp_NFA
 468+ 7014             >
 468+ 7014             >                // dummy db directives used to calculate length of namec
 468+ 7014 3F 45 52 52 >                db      "?ERROR"
 468+ 7018 4F 52       >
 468+ 701A             >len_NFA         defl    $ - temp_NFA
 468+ 701A             >                org     $ - len_NFA         // rewind to temp_NFA and re-do NFA part
 468+ 7014             >
 468+ 7014 86          >                db      len_NFA | END_BIT | is_normal  // The start of NFA must have msb set to signal the beginning of the sounted string
 468+ 7015 3F 45 52 52 >                db      "?ERROR"               // name string in 7-bit ascii, but
 468+ 7019 4F 52       >
 468+ 701B             >                org     $-1                 // alter last byte of Name just above to set
 468+ 701A D2          >                db      {b $} | END_BIT     // msb as name end
 468+ 701B             >
 468+ 701B 02 70       >                dw      last_NFA            // Link to previous definition Name
 468+ 701D             >QERROR:          if Enter_Ptr != 0 ; ok        // This is the start address of the direct jp(hl)
 468+ 701D CD CE 6B    >                call    Enter_Ptr ; ok        // for primitive definitions  actual code
 468+ 7020             >
 468+ 7020             >
 468+ 7020             >                endif           ; ok        // for other definitions it "points" the correct handler
 468+ 7020             >                // Use of "; ok" to suppress "warning[fwdref]"
 468+ 7020             >
 468+ 7020             >last_NFA        defl    temp_NFA            // keep track of NFA saved above
 469+ 7020 0A 6A                        dw      SWAP                    // swap
 470+ 7022                                                              // if
 471+ 7022 B5 64                        dw      ZBRANCH
 472+ 7024 08 00                        dw      QError_Else - $
 473+ 7026 97 76                        dw          ERROR               //      error  ( is a forward-ref )
 474+ 7028                                                              // else
 475+ 7028 A9 64                        dw      BRANCH
 476+ 702A 04 00                        dw      QError_Endif - $
 477+ 702C              QError_Else:
 478+ 702C E8 69                        dw          DROP                //      drop
 479+ 702E              QError_Endif:                                   // endif
 480+ 702E EB 68                        dw      EXIT                    // ;
 481+ 7030
 482+ 7030              //  ______________________________________________________________________
 483+ 7030              //
 484+ 7030              // ?comp       --
 485+ 7030              // raise msg #17 if not compiling
 486+ 7030                              Colon_Def QCOMP, "?COMP", is_normal
 486+ 7030             >                New_Def  QCOMP, "?COMP", Enter_Ptr, is_normal ; ok
 486+ 7030             >temp_NFA        defl    $                   // save this NFA address to temp_NFA
 486+ 7030             >
 486+ 7030             >                // dummy db directives used to calculate length of namec
 486+ 7030 3F 43 4F 4D >                db      "?COMP"
 486+ 7034 50          >
 486+ 7035             >len_NFA         defl    $ - temp_NFA
 486+ 7035             >                org     $ - len_NFA         // rewind to temp_NFA and re-do NFA part
 486+ 7030             >
 486+ 7030 85          >                db      len_NFA | END_BIT | is_normal  // The start of NFA must have msb set to signal the beginning of the sounted string
 486+ 7031 3F 43 4F 4D >                db      "?COMP"               // name string in 7-bit ascii, but
 486+ 7035 50          >
 486+ 7036             >                org     $-1                 // alter last byte of Name just above to set
 486+ 7035 D0          >                db      {b $} | END_BIT     // msb as name end
 486+ 7036             >
 486+ 7036 14 70       >                dw      last_NFA            // Link to previous definition Name
 486+ 7038             >QCOMP:          if Enter_Ptr != 0 ; ok        // This is the start address of the direct jp(hl)
 486+ 7038 CD CE 6B    >                call    Enter_Ptr ; ok        // for primitive definitions  actual code
 486+ 703B             >
 486+ 703B             >
 486+ 703B             >                endif           ; ok        // for other definitions it "points" the correct handler
 486+ 703B             >                // Use of "; ok" to suppress "warning[fwdref]"
 486+ 703B             >
 486+ 703B             >last_NFA        defl    temp_NFA            // keep track of NFA saved above
 487+ 703B AF 6D EF 6A                  dw      STATE, FETCH            // state @
 488+ 703F 1C 69                        dw      ZEQUAL                  // 0=
 489+ 7041 3F 64 11 00                  dw      LIT, 17                 // 17  ( can't be executed )
 490+ 7045 1D 70                        dw      QERROR                  // ?error
 491+ 7047 EB 68                        dw      EXIT                    // ;
 492+ 7049
 493+ 7049              //  ______________________________________________________________________
 494+ 7049              //
 495+ 7049              // ?exec       --
 496+ 7049              // raise msg #18 if compiling
 497+ 7049                              Colon_Def QEXEC, "?EXEC", is_normal
 497+ 7049             >                New_Def  QEXEC, "?EXEC", Enter_Ptr, is_normal ; ok
 497+ 7049             >temp_NFA        defl    $                   // save this NFA address to temp_NFA
 497+ 7049             >
 497+ 7049             >                // dummy db directives used to calculate length of namec
 497+ 7049 3F 45 58 45 >                db      "?EXEC"
 497+ 704D 43          >
 497+ 704E             >len_NFA         defl    $ - temp_NFA
 497+ 704E             >                org     $ - len_NFA         // rewind to temp_NFA and re-do NFA part
 497+ 7049             >
 497+ 7049 85          >                db      len_NFA | END_BIT | is_normal  // The start of NFA must have msb set to signal the beginning of the sounted string
 497+ 704A 3F 45 58 45 >                db      "?EXEC"               // name string in 7-bit ascii, but
 497+ 704E 43          >
 497+ 704F             >                org     $-1                 // alter last byte of Name just above to set
 497+ 704E C3          >                db      {b $} | END_BIT     // msb as name end
 497+ 704F             >
 497+ 704F 30 70       >                dw      last_NFA            // Link to previous definition Name
 497+ 7051             >QEXEC:          if Enter_Ptr != 0 ; ok        // This is the start address of the direct jp(hl)
 497+ 7051 CD CE 6B    >                call    Enter_Ptr ; ok        // for primitive definitions  actual code
 497+ 7054             >
 497+ 7054             >
 497+ 7054             >                endif           ; ok        // for other definitions it "points" the correct handler
 497+ 7054             >                // Use of "; ok" to suppress "warning[fwdref]"
 497+ 7054             >
 497+ 7054             >last_NFA        defl    temp_NFA            // keep track of NFA saved above
 498+ 7054 AF 6D EF 6A                  dw      STATE, FETCH            // state @
 499+ 7058 3F 64 12 00                  dw      LIT, 18                 // 18  ( can't be compiled )
 500+ 705C 1D 70                        dw      QERROR                  // ?error
 501+ 705E EB 68                        dw      EXIT                    // ;
 502+ 7060
 503+ 7060              //  ______________________________________________________________________
 504+ 7060              //
 505+ 7060              // ?pairs       n1 n2 --
 506+ 7060              // raise msg #19 if n1 != n2. Compiler pushes some placeholder to stack for syntax checking
 507+ 7060                              Colon_Def QPAIRS, "?PAIRS", is_normal
 507+ 7060             >                New_Def  QPAIRS, "?PAIRS", Enter_Ptr, is_normal ; ok
 507+ 7060             >temp_NFA        defl    $                   // save this NFA address to temp_NFA
 507+ 7060             >
 507+ 7060             >                // dummy db directives used to calculate length of namec
 507+ 7060 3F 50 41 49 >                db      "?PAIRS"
 507+ 7064 52 53       >
 507+ 7066             >len_NFA         defl    $ - temp_NFA
 507+ 7066             >                org     $ - len_NFA         // rewind to temp_NFA and re-do NFA part
 507+ 7060             >
 507+ 7060 86          >                db      len_NFA | END_BIT | is_normal  // The start of NFA must have msb set to signal the beginning of the sounted string
 507+ 7061 3F 50 41 49 >                db      "?PAIRS"               // name string in 7-bit ascii, but
 507+ 7065 52 53       >
 507+ 7067             >                org     $-1                 // alter last byte of Name just above to set
 507+ 7066 D3          >                db      {b $} | END_BIT     // msb as name end
 507+ 7067             >
 507+ 7067 49 70       >                dw      last_NFA            // Link to previous definition Name
 507+ 7069             >QPAIRS:          if Enter_Ptr != 0 ; ok        // This is the start address of the direct jp(hl)
 507+ 7069 CD CE 6B    >                call    Enter_Ptr ; ok        // for primitive definitions  actual code
 507+ 706C             >
 507+ 706C             >
 507+ 706C             >                endif           ; ok        // for other definitions it "points" the correct handler
 507+ 706C             >                // Use of "; ok" to suppress "warning[fwdref]"
 507+ 706C             >
 507+ 706C             >last_NFA        defl    temp_NFA            // keep track of NFA saved above
 508+ 706C A3 6E                        dw      SUBTRACT                // -
 509+ 706E 3F 64 13 00                  dw      LIT, 19                 // 18  ( syntax error )
 510+ 7072 1D 70                        dw      QERROR                  // ?error
 511+ 7074 EB 68                        dw      EXIT                    // ;
 512+ 7076
 513+ 7076              //  ______________________________________________________________________
 514+ 7076              //
 515+ 7076              // ?csp       --
 516+ 7076              // raise msg #20 if surrent SP in not what previously saved in CSP.
 517+ 7076              // Compiler relies on that for  syntax checking of structures
 518+ 7076                              Colon_Def QCSP, "?CSP", is_normal
 518+ 7076             >                New_Def  QCSP, "?CSP", Enter_Ptr, is_normal ; ok
 518+ 7076             >temp_NFA        defl    $                   // save this NFA address to temp_NFA
 518+ 7076             >
 518+ 7076             >                // dummy db directives used to calculate length of namec
 518+ 7076 3F 43 53 50 >                db      "?CSP"
 518+ 707A             >len_NFA         defl    $ - temp_NFA
 518+ 707A             >                org     $ - len_NFA         // rewind to temp_NFA and re-do NFA part
 518+ 7076             >
 518+ 7076 84          >                db      len_NFA | END_BIT | is_normal  // The start of NFA must have msb set to signal the beginning of the sounted string
 518+ 7077 3F 43 53 50 >                db      "?CSP"               // name string in 7-bit ascii, but
 518+ 707B             >                org     $-1                 // alter last byte of Name just above to set
 518+ 707A D0          >                db      {b $} | END_BIT     // msb as name end
 518+ 707B             >
 518+ 707B 60 70       >                dw      last_NFA            // Link to previous definition Name
 518+ 707D             >QCSP:          if Enter_Ptr != 0 ; ok        // This is the start address of the direct jp(hl)
 518+ 707D CD CE 6B    >                call    Enter_Ptr ; ok        // for primitive definitions  actual code
 518+ 7080             >
 518+ 7080             >
 518+ 7080             >                endif           ; ok        // for other definitions it "points" the correct handler
 518+ 7080             >                // Use of "; ok" to suppress "warning[fwdref]"
 518+ 7080             >
 518+ 7080             >last_NFA        defl    temp_NFA            // keep track of NFA saved above
 519+ 7080 C1 68                        dw      SPFETCH                 // sp@
 520+ 7082 D8 6D EF 6A                  dw      CSP, FETCH              // csp @
 521+ 7086 A3 6E                        dw      SUBTRACT                // -
 522+ 7088 3F 64 14 00                  dw      LIT, 20                 // 20  ( bad definition end )
 523+ 708C 1D 70                        dw      QERROR                  // ?error
 524+ 708E EB 68                        dw      EXIT                    // ;
 525+ 7090
 526+ 7090              //  ______________________________________________________________________
 527+ 7090              //
 528+ 7090              // ?loading      --
 529+ 7090              // raise msg #22 if not loading
 530+ 7090                              Colon_Def QLOADING, "?LOADING", is_normal
 530+ 7090             >                New_Def  QLOADING, "?LOADING", Enter_Ptr, is_normal ; ok
 530+ 7090             >temp_NFA        defl    $                   // save this NFA address to temp_NFA
 530+ 7090             >
 530+ 7090             >                // dummy db directives used to calculate length of namec
 530+ 7090 3F 4C 4F 41 >                db      "?LOADING"
 530+ 7094 44 49 4E 47 >
 530+ 7098             >len_NFA         defl    $ - temp_NFA
 530+ 7098             >                org     $ - len_NFA         // rewind to temp_NFA and re-do NFA part
 530+ 7090             >
 530+ 7090 88          >                db      len_NFA | END_BIT | is_normal  // The start of NFA must have msb set to signal the beginning of the sounted string
 530+ 7091 3F 4C 4F 41 >                db      "?LOADING"               // name string in 7-bit ascii, but
 530+ 7095 44 49 4E 47 >
 530+ 7099             >                org     $-1                 // alter last byte of Name just above to set
 530+ 7098 C7          >                db      {b $} | END_BIT     // msb as name end
 530+ 7099             >
 530+ 7099 76 70       >                dw      last_NFA            // Link to previous definition Name
 530+ 709B             >QLOADING:          if Enter_Ptr != 0 ; ok        // This is the start address of the direct jp(hl)
 530+ 709B CD CE 6B    >                call    Enter_Ptr ; ok        // for primitive definitions  actual code
 530+ 709E             >
 530+ 709E             >
 530+ 709E             >                endif           ; ok        // for other definitions it "points" the correct handler
 530+ 709E             >                // Use of "; ok" to suppress "warning[fwdref]"
 530+ 709E             >
 530+ 709E             >last_NFA        defl    temp_NFA            // keep track of NFA saved above
 531+ 709E 5C 6D EF 6A                  dw      BLK, FETCH              // blk @
 532+ 70A2 1C 69                        dw      ZEQUAL                  // 0=
 533+ 70A4 3F 64 16 00                  dw      LIT, 22                 // 22  ( aren't loading now )
 534+ 70A8 1D 70                        dw      QERROR                  // ?error
 535+ 70AA EB 68                        dw      EXIT                    // ;
 536+ 70AC
 537+ 70AC              //  ______________________________________________________________________
 538+ 70AC              //
 539+ 70AC              // compile      --
 540+ 70AC              // compiles the following word
 541+ 70AC                              Colon_Def COMPILE, "COMPILE", is_normal
 541+ 70AC             >                New_Def  COMPILE, "COMPILE", Enter_Ptr, is_normal ; ok
 541+ 70AC             >temp_NFA        defl    $                   // save this NFA address to temp_NFA
 541+ 70AC             >
 541+ 70AC             >                // dummy db directives used to calculate length of namec
 541+ 70AC 43 4F 4D 50 >                db      "COMPILE"
 541+ 70B0 49 4C 45    >
 541+ 70B3             >len_NFA         defl    $ - temp_NFA
 541+ 70B3             >                org     $ - len_NFA         // rewind to temp_NFA and re-do NFA part
 541+ 70AC             >
 541+ 70AC 87          >                db      len_NFA | END_BIT | is_normal  // The start of NFA must have msb set to signal the beginning of the sounted string
 541+ 70AD 43 4F 4D 50 >                db      "COMPILE"               // name string in 7-bit ascii, but
 541+ 70B1 49 4C 45    >
 541+ 70B4             >                org     $-1                 // alter last byte of Name just above to set
 541+ 70B3 C5          >                db      {b $} | END_BIT     // msb as name end
 541+ 70B4             >
 541+ 70B4 90 70       >                dw      last_NFA            // Link to previous definition Name
 541+ 70B6             >COMPILE:          if Enter_Ptr != 0 ; ok        // This is the start address of the direct jp(hl)
 541+ 70B6 CD CE 6B    >                call    Enter_Ptr ; ok        // for primitive definitions  actual code
 541+ 70B9             >
 541+ 70B9             >
 541+ 70B9             >                endif           ; ok        // for other definitions it "points" the correct handler
 541+ 70B9             >                // Use of "; ok" to suppress "warning[fwdref]"
 541+ 70B9             >
 541+ 70B9             >last_NFA        defl    temp_NFA            // keep track of NFA saved above
 542+ 70B9 38 70                        dw      QCOMP                   // ?comp
 543+ 70BB 06 69                        dw      R_TO                    // r>
 544+ 70BD 15 6A 92 69                  dw      DUP, CELL_PLUS          // dup, cell+
 545+ 70C1 F8 68                        dw      TO_R                    // >r
 546+ 70C3 EF 6A 71 6E                  dw      FETCH, COMMA            // @ ,
 547+ 70C7 EB 68                        dw      EXIT                    // ;
 548+ 70C9
 549+ 70C9              //  ______________________________________________________________________
 550+ 70C9              //
 551+ 70C9              // compile,     --
 552+ 70C9              // compiles the following word
 553+ 70C9                              Colon_Def COMPILE_XT, "COMPILE,", is_normal
 553+ 70C9             >                New_Def  COMPILE_XT, "COMPILE,", Enter_Ptr, is_normal ; ok
 553+ 70C9             >temp_NFA        defl    $                   // save this NFA address to temp_NFA
 553+ 70C9             >
 553+ 70C9             >                // dummy db directives used to calculate length of namec
 553+ 70C9 43 4F 4D 50 >                db      "COMPILE,"
 553+ 70CD 49 4C 45 2C >
 553+ 70D1             >len_NFA         defl    $ - temp_NFA
 553+ 70D1             >                org     $ - len_NFA         // rewind to temp_NFA and re-do NFA part
 553+ 70C9             >
 553+ 70C9 88          >                db      len_NFA | END_BIT | is_normal  // The start of NFA must have msb set to signal the beginning of the sounted string
 553+ 70CA 43 4F 4D 50 >                db      "COMPILE,"               // name string in 7-bit ascii, but
 553+ 70CE 49 4C 45 2C >
 553+ 70D2             >                org     $-1                 // alter last byte of Name just above to set
 553+ 70D1 AC          >                db      {b $} | END_BIT     // msb as name end
 553+ 70D2             >
 553+ 70D2 AC 70       >                dw      last_NFA            // Link to previous definition Name
 553+ 70D4             >COMPILE_XT:          if Enter_Ptr != 0 ; ok        // This is the start address of the direct jp(hl)
 553+ 70D4 CD CE 6B    >                call    Enter_Ptr ; ok        // for primitive definitions  actual code
 553+ 70D7             >
 553+ 70D7             >
 553+ 70D7             >                endif           ; ok        // for other definitions it "points" the correct handler
 553+ 70D7             >                // Use of "; ok" to suppress "warning[fwdref]"
 553+ 70D7             >
 553+ 70D7             >last_NFA        defl    temp_NFA            // keep track of NFA saved above
 554+ 70D7              //              dw      QCOMP                   // ?comp
 555+ 70D7 71 6E                        dw      COMMA                   // ,
 556+ 70D9 EB 68                        dw      EXIT                    // ;
 557+ 70DB
 558+ 70DB              //  ______________________________________________________________________
 559+ 70DB              //
 560+ 70DB              // [            --
 561+ 70DB              // stop compilation
 562+ 70DB                              Colon_Def SQUARED_OPEN, "[", is_immediate
 562+ 70DB             >                New_Def  SQUARED_OPEN, "[", Enter_Ptr, is_immediate ; ok
 562+ 70DB             >temp_NFA        defl    $                   // save this NFA address to temp_NFA
 562+ 70DB             >
 562+ 70DB             >                // dummy db directives used to calculate length of namec
 562+ 70DB 5B          >                db      "["
 562+ 70DC             >len_NFA         defl    $ - temp_NFA
 562+ 70DC             >                org     $ - len_NFA         // rewind to temp_NFA and re-do NFA part
 562+ 70DB             >
 562+ 70DB C1          >                db      len_NFA | END_BIT | is_immediate  // The start of NFA must have msb set to signal the beginning of the sounted string
 562+ 70DC 5B          >                db      "["               // name string in 7-bit ascii, but
 562+ 70DD             >                org     $-1                 // alter last byte of Name just above to set
 562+ 70DC DB          >                db      {b $} | END_BIT     // msb as name end
 562+ 70DD             >
 562+ 70DD C9 70       >                dw      last_NFA            // Link to previous definition Name
 562+ 70DF             >SQUARED_OPEN:          if Enter_Ptr != 0 ; ok        // This is the start address of the direct jp(hl)
 562+ 70DF CD CE 6B    >                call    Enter_Ptr ; ok        // for primitive definitions  actual code
 562+ 70E2             >
 562+ 70E2             >
 562+ 70E2             >                endif           ; ok        // for other definitions it "points" the correct handler
 562+ 70E2             >                // Use of "; ok" to suppress "warning[fwdref]"
 562+ 70E2             >
 562+ 70E2             >last_NFA        defl    temp_NFA            // keep track of NFA saved above
 563+ 70E2 46 6C                        dw      ZERO                    // 0
 564+ 70E4 AF 6D FB 6A                  dw      STATE, STORE            // state !
 565+ 70E8 EB 68                        dw      EXIT                    // ; immediate
 566+ 70EA
 567+ 70EA              //  ______________________________________________________________________
 568+ 70EA              //
 569+ 70EA              // ]            --
 570+ 70EA              // start compilation
 571+ 70EA                              Colon_Def SQUARED_CLOSE, "]", is_normal
 571+ 70EA             >                New_Def  SQUARED_CLOSE, "]", Enter_Ptr, is_normal ; ok
 571+ 70EA             >temp_NFA        defl    $                   // save this NFA address to temp_NFA
 571+ 70EA             >
 571+ 70EA             >                // dummy db directives used to calculate length of namec
 571+ 70EA 5D          >                db      "]"
 571+ 70EB             >len_NFA         defl    $ - temp_NFA
 571+ 70EB             >                org     $ - len_NFA         // rewind to temp_NFA and re-do NFA part
 571+ 70EA             >
 571+ 70EA 81          >                db      len_NFA | END_BIT | is_normal  // The start of NFA must have msb set to signal the beginning of the sounted string
 571+ 70EB 5D          >                db      "]"               // name string in 7-bit ascii, but
 571+ 70EC             >                org     $-1                 // alter last byte of Name just above to set
 571+ 70EB DD          >                db      {b $} | END_BIT     // msb as name end
 571+ 70EC             >
 571+ 70EC DB 70       >                dw      last_NFA            // Link to previous definition Name
 571+ 70EE             >SQUARED_CLOSE:          if Enter_Ptr != 0 ; ok        // This is the start address of the direct jp(hl)
 571+ 70EE CD CE 6B    >                call    Enter_Ptr ; ok        // for primitive definitions  actual code
 571+ 70F1             >
 571+ 70F1             >
 571+ 70F1             >                endif           ; ok        // for other definitions it "points" the correct handler
 571+ 70F1             >                // Use of "; ok" to suppress "warning[fwdref]"
 571+ 70F1             >
 571+ 70F1             >last_NFA        defl    temp_NFA            // keep track of NFA saved above
 572+ 70F1 3F 64 C0 00                  dw      LIT, $C0                // 192
 573+ 70F5 AF 6D FB 6A                  dw      STATE, STORE            // state !
 574+ 70F9 EB 68                        dw      EXIT                    // ;
 575+ 70FB
 576+ 70FB              //  ______________________________________________________________________
 577+ 70FB              //
 578+ 70FB              // smudge       --
 579+ 70FB              // toggle smudge bit of latest definition
 580+ 70FB                              Colon_Def SMUDGE, "SMUDGE", is_normal
 580+ 70FB             >                New_Def  SMUDGE, "SMUDGE", Enter_Ptr, is_normal ; ok
 580+ 70FB             >temp_NFA        defl    $                   // save this NFA address to temp_NFA
 580+ 70FB             >
 580+ 70FB             >                // dummy db directives used to calculate length of namec
 580+ 70FB 53 4D 55 44 >                db      "SMUDGE"
 580+ 70FF 47 45       >
 580+ 7101             >len_NFA         defl    $ - temp_NFA
 580+ 7101             >                org     $ - len_NFA         // rewind to temp_NFA and re-do NFA part
 580+ 70FB             >
 580+ 70FB 86          >                db      len_NFA | END_BIT | is_normal  // The start of NFA must have msb set to signal the beginning of the sounted string
 580+ 70FC 53 4D 55 44 >                db      "SMUDGE"               // name string in 7-bit ascii, but
 580+ 7100 47 45       >
 580+ 7102             >                org     $-1                 // alter last byte of Name just above to set
 580+ 7101 C5          >                db      {b $} | END_BIT     // msb as name end
 580+ 7102             >
 580+ 7102 EA 70       >                dw      last_NFA            // Link to previous definition Name
 580+ 7104             >SMUDGE:          if Enter_Ptr != 0 ; ok        // This is the start address of the direct jp(hl)
 580+ 7104 CD CE 6B    >                call    Enter_Ptr ; ok        // for primitive definitions  actual code
 580+ 7107             >
 580+ 7107             >
 580+ 7107             >                endif           ; ok        // for other definitions it "points" the correct handler
 580+ 7107             >                // Use of "; ok" to suppress "warning[fwdref]"
 580+ 7107             >
 580+ 7107             >last_NFA        defl    temp_NFA            // keep track of NFA saved above
 581+ 7107 8B 6F                        dw      LATEST                  // latest
 582+ 7109 3F 64 20 00                  dw      LIT, SMUDGE_BIT         // 32
 583+ 710D E4 6A                        dw      TOGGLE                  // toggle
 584+ 710F EB 68                        dw      EXIT                    // ;
 585+ 7111
 586+ 7111              //  ______________________________________________________________________
 587+ 7111              //
 588+ 7111              // immediate    --
 589+ 7111              // make immediate the latest definition
 590+ 7111                              Colon_Def IMMEDIATE, "IMMEDIATE", is_normal
 590+ 7111             >                New_Def  IMMEDIATE, "IMMEDIATE", Enter_Ptr, is_normal ; ok
 590+ 7111             >temp_NFA        defl    $                   // save this NFA address to temp_NFA
 590+ 7111             >
 590+ 7111             >                // dummy db directives used to calculate length of namec
 590+ 7111 49 4D 4D 45 >                db      "IMMEDIATE"
 590+ 7115 44 49 41 54 >
 590+ 7119 45          >
 590+ 711A             >len_NFA         defl    $ - temp_NFA
 590+ 711A             >                org     $ - len_NFA         // rewind to temp_NFA and re-do NFA part
 590+ 7111             >
 590+ 7111 89          >                db      len_NFA | END_BIT | is_normal  // The start of NFA must have msb set to signal the beginning of the sounted string
 590+ 7112 49 4D 4D 45 >                db      "IMMEDIATE"               // name string in 7-bit ascii, but
 590+ 7116 44 49 41 54 >
 590+ 711A 45          >
 590+ 711B             >                org     $-1                 // alter last byte of Name just above to set
 590+ 711A C5          >                db      {b $} | END_BIT     // msb as name end
 590+ 711B             >
 590+ 711B FB 70       >                dw      last_NFA            // Link to previous definition Name
 590+ 711D             >IMMEDIATE:          if Enter_Ptr != 0 ; ok        // This is the start address of the direct jp(hl)
 590+ 711D CD CE 6B    >                call    Enter_Ptr ; ok        // for primitive definitions  actual code
 590+ 7120             >
 590+ 7120             >
 590+ 7120             >                endif           ; ok        // for other definitions it "points" the correct handler
 590+ 7120             >                // Use of "; ok" to suppress "warning[fwdref]"
 590+ 7120             >
 590+ 7120             >last_NFA        defl    temp_NFA            // keep track of NFA saved above
 591+ 7120 8B 6F                        dw      LATEST                  // latest
 592+ 7122 3F 64 40 00                  dw      LIT, IMMEDIATE_BIT      // 64
 593+ 7126 E4 6A                        dw      TOGGLE                  // toggle
 594+ 7128 EB 68                        dw      EXIT                    // ;
 595+ 712A
 596+ 712A              //  ______________________________________________________________________
 597+ 712A              //
 598+ 712A              // hex          --
 599+ 712A              // change numeration base
 600+ 712A                              Colon_Def HEX, "HEX", is_normal
 600+ 712A             >                New_Def  HEX, "HEX", Enter_Ptr, is_normal ; ok
 600+ 712A             >temp_NFA        defl    $                   // save this NFA address to temp_NFA
 600+ 712A             >
 600+ 712A             >                // dummy db directives used to calculate length of namec
 600+ 712A 48 45 58    >                db      "HEX"
 600+ 712D             >len_NFA         defl    $ - temp_NFA
 600+ 712D             >                org     $ - len_NFA         // rewind to temp_NFA and re-do NFA part
 600+ 712A             >
 600+ 712A 83          >                db      len_NFA | END_BIT | is_normal  // The start of NFA must have msb set to signal the beginning of the sounted string
 600+ 712B 48 45 58    >                db      "HEX"               // name string in 7-bit ascii, but
 600+ 712E             >                org     $-1                 // alter last byte of Name just above to set
 600+ 712D D8          >                db      {b $} | END_BIT     // msb as name end
 600+ 712E             >
 600+ 712E 11 71       >                dw      last_NFA            // Link to previous definition Name
 600+ 7130             >HEX:          if Enter_Ptr != 0 ; ok        // This is the start address of the direct jp(hl)
 600+ 7130 CD CE 6B    >                call    Enter_Ptr ; ok        // for primitive definitions  actual code
 600+ 7133             >
 600+ 7133             >
 600+ 7133             >                endif           ; ok        // for other definitions it "points" the correct handler
 600+ 7133             >                // Use of "; ok" to suppress "warning[fwdref]"
 600+ 7133             >
 600+ 7133             >last_NFA        defl    temp_NFA            // keep track of NFA saved above
 601+ 7133 3F 64 10 00                  dw      LIT, 16                 // 16
 602+ 7137 BA 6D FB 6A                  dw      BASE, STORE             // base !
 603+ 713B EB 68                        dw      EXIT                    // ;
 604+ 713D
 605+ 713D              //  ______________________________________________________________________
 606+ 713D              //
 607+ 713D              // decimal      --
 608+ 713D              // change numeration base
 609+ 713D                              Colon_Def DECIMAL, "DECIMAL", is_normal
 609+ 713D             >                New_Def  DECIMAL, "DECIMAL", Enter_Ptr, is_normal ; ok
 609+ 713D             >temp_NFA        defl    $                   // save this NFA address to temp_NFA
 609+ 713D             >
 609+ 713D             >                // dummy db directives used to calculate length of namec
 609+ 713D 44 45 43 49 >                db      "DECIMAL"
 609+ 7141 4D 41 4C    >
 609+ 7144             >len_NFA         defl    $ - temp_NFA
 609+ 7144             >                org     $ - len_NFA         // rewind to temp_NFA and re-do NFA part
 609+ 713D             >
 609+ 713D 87          >                db      len_NFA | END_BIT | is_normal  // The start of NFA must have msb set to signal the beginning of the sounted string
 609+ 713E 44 45 43 49 >                db      "DECIMAL"               // name string in 7-bit ascii, but
 609+ 7142 4D 41 4C    >
 609+ 7145             >                org     $-1                 // alter last byte of Name just above to set
 609+ 7144 CC          >                db      {b $} | END_BIT     // msb as name end
 609+ 7145             >
 609+ 7145 2A 71       >                dw      last_NFA            // Link to previous definition Name
 609+ 7147             >DECIMAL:          if Enter_Ptr != 0 ; ok        // This is the start address of the direct jp(hl)
 609+ 7147 CD CE 6B    >                call    Enter_Ptr ; ok        // for primitive definitions  actual code
 609+ 714A             >
 609+ 714A             >
 609+ 714A             >                endif           ; ok        // for other definitions it "points" the correct handler
 609+ 714A             >                // Use of "; ok" to suppress "warning[fwdref]"
 609+ 714A             >
 609+ 714A             >last_NFA        defl    temp_NFA            // keep track of NFA saved above
 610+ 714A 3F 64 0A 00                  dw      LIT, 10                 // 10
 611+ 714E BA 6D FB 6A                  dw      BASE, STORE             // base !
 612+ 7152 EB 68                        dw      EXIT                    // ;
 613+ 7154
 614+ 7154              //  ______________________________________________________________________
 615+ 7154              //
 616+ 7154              // (;code)       --
 617+ 7154              // patch to CFA to call/jump to the "following code"
 618+ 7154                              Colon_Def C_SEMICOLON_CODE, "(;CODE)", is_normal
 618+ 7154             >                New_Def  C_SEMICOLON_CODE, "(;CODE)", Enter_Ptr, is_normal ; ok
 618+ 7154             >temp_NFA        defl    $                   // save this NFA address to temp_NFA
 618+ 7154             >
 618+ 7154             >                // dummy db directives used to calculate length of namec
 618+ 7154 28 3B 43 4F >                db      "(;CODE)"
 618+ 7158 44 45 29    >
 618+ 715B             >len_NFA         defl    $ - temp_NFA
 618+ 715B             >                org     $ - len_NFA         // rewind to temp_NFA and re-do NFA part
 618+ 7154             >
 618+ 7154 87          >                db      len_NFA | END_BIT | is_normal  // The start of NFA must have msb set to signal the beginning of the sounted string
 618+ 7155 28 3B 43 4F >                db      "(;CODE)"               // name string in 7-bit ascii, but
 618+ 7159 44 45 29    >
 618+ 715C             >                org     $-1                 // alter last byte of Name just above to set
 618+ 715B A9          >                db      {b $} | END_BIT     // msb as name end
 618+ 715C             >
 618+ 715C 3D 71       >                dw      last_NFA            // Link to previous definition Name
 618+ 715E             >C_SEMICOLON_CODE:          if Enter_Ptr != 0 ; ok        // This is the start address of the direct jp(hl)
 618+ 715E CD CE 6B    >                call    Enter_Ptr ; ok        // for primitive definitions  actual code
 618+ 7161             >
 618+ 7161             >
 618+ 7161             >                endif           ; ok        // for other definitions it "points" the correct handler
 618+ 7161             >                // Use of "; ok" to suppress "warning[fwdref]"
 618+ 7161             >
 618+ 7161             >last_NFA        defl    temp_NFA            // keep track of NFA saved above
 619+ 7161 06 69                        dw      R_TO                    // r>       ( Return Stack has IP to caller's next cell )
 620+ 7163 8B 6F                        dw      LATEST                  // latest   ( Word being defined in this moment )
 621+ 7165 D1 6F AD 6F                  dw      PFA, CFA                // pfa cfa  ( cfa of latest word )
 622+ 7169
 623+ 7169 3F 64 CD 00                  dw      LIT, $CD                // $CD      ( At Latest CFA put "call" op-code )
 624+ 716D DA 69 15 6B                  dw      OVER, CSTORE            // over c!  ( why can't use comma? because CFA was already ALLOTted by create? )
 625+ 7171 70 69                        dw      ONE_PLUS                // 1+       ( At Latest CFA+1 put address for call. )
 626+ 7173
 627+ 7173 FB 6A                        dw      STORE                   // !
 628+ 7175 EB 68                        dw      EXIT                    // ;
 629+ 7177
 630+ 7177              //  ______________________________________________________________________
 631+ 7177              //
 632+ 7177              // ;code        --
 633+ 7177                              Colon_Def SEMICOLON_CODE, ";CODE", is_immediate
 633+ 7177             >                New_Def  SEMICOLON_CODE, ";CODE", Enter_Ptr, is_immediate ; ok
 633+ 7177             >temp_NFA        defl    $                   // save this NFA address to temp_NFA
 633+ 7177             >
 633+ 7177             >                // dummy db directives used to calculate length of namec
 633+ 7177 3B 43 4F 44 >                db      ";CODE"
 633+ 717B 45          >
 633+ 717C             >len_NFA         defl    $ - temp_NFA
 633+ 717C             >                org     $ - len_NFA         // rewind to temp_NFA and re-do NFA part
 633+ 7177             >
 633+ 7177 C5          >                db      len_NFA | END_BIT | is_immediate  // The start of NFA must have msb set to signal the beginning of the sounted string
 633+ 7178 3B 43 4F 44 >                db      ";CODE"               // name string in 7-bit ascii, but
 633+ 717C 45          >
 633+ 717D             >                org     $-1                 // alter last byte of Name just above to set
 633+ 717C C5          >                db      {b $} | END_BIT     // msb as name end
 633+ 717D             >
 633+ 717D 54 71       >                dw      last_NFA            // Link to previous definition Name
 633+ 717F             >SEMICOLON_CODE:          if Enter_Ptr != 0 ; ok        // This is the start address of the direct jp(hl)
 633+ 717F CD CE 6B    >                call    Enter_Ptr ; ok        // for primitive definitions  actual code
 633+ 7182             >
 633+ 7182             >
 633+ 7182             >                endif           ; ok        // for other definitions it "points" the correct handler
 633+ 7182             >                // Use of "; ok" to suppress "warning[fwdref]"
 633+ 7182             >
 633+ 7182             >last_NFA        defl    temp_NFA            // keep track of NFA saved above
 634+ 7182 7D 70                        dw      QCSP                    // ?csp
 635+ 7184 B6 70                        dw      COMPILE                 // compile
 636+ 7186 5E 71                        dw      C_SEMICOLON_CODE        // (;code)
 637+ 7188 DF 70                        dw      SQUARED_OPEN            // [
 638+ 718A F1 6B                        dw      NOOP                    // noop () can be patched later to ASSEMBLER... )
 639+ 718C EB 68                        dw      EXIT                    // ; immediate
 640+ 718E
 641+ 718E              //  ______________________________________________________________________
 642+ 718E              //
 643+ 718E              // <builds      --
 644+ 718E                              Colon_Def CBUILDS, "<BUILDS", is_normal
 644+ 718E             >                New_Def  CBUILDS, "<BUILDS", Enter_Ptr, is_normal ; ok
 644+ 718E             >temp_NFA        defl    $                   // save this NFA address to temp_NFA
 644+ 718E             >
 644+ 718E             >                // dummy db directives used to calculate length of namec
 644+ 718E 3C 42 55 49 >                db      "<BUILDS"
 644+ 7192 4C 44 53    >
 644+ 7195             >len_NFA         defl    $ - temp_NFA
 644+ 7195             >                org     $ - len_NFA         // rewind to temp_NFA and re-do NFA part
 644+ 718E             >
 644+ 718E 87          >                db      len_NFA | END_BIT | is_normal  // The start of NFA must have msb set to signal the beginning of the sounted string
 644+ 718F 3C 42 55 49 >                db      "<BUILDS"               // name string in 7-bit ascii, but
 644+ 7193 4C 44 53    >
 644+ 7196             >                org     $-1                 // alter last byte of Name just above to set
 644+ 7195 D3          >                db      {b $} | END_BIT     // msb as name end
 644+ 7196             >
 644+ 7196 77 71       >                dw      last_NFA            // Link to previous definition Name
 644+ 7198             >CBUILDS:          if Enter_Ptr != 0 ; ok        // This is the start address of the direct jp(hl)
 644+ 7198 CD CE 6B    >                call    Enter_Ptr ; ok        // for primitive definitions  actual code
 644+ 719B             >
 644+ 719B             >
 644+ 719B             >                endif           ; ok        // for other definitions it "points" the correct handler
 644+ 719B             >                // Use of "; ok" to suppress "warning[fwdref]"
 644+ 719B             >
 644+ 719B             >last_NFA        defl    temp_NFA            // keep track of NFA saved above
 645+ 719B 46 6C                        dw      ZERO                    // 0
 646+ 719D FE 6B                        dw      CONSTANT                // constant
 647+ 719F EB 68                        dw      EXIT                    // ;
 648+ 71A1
 649+ 71A1              //  ______________________________________________________________________
 650+ 71A1              //
 651+ 71A1              // recurse      --
 652+ 71A1              //              Colon_Def RECURSE, "RECURSE", is_immediate
 653+ 71A1              //              dw      QCOMP                   // ?comp
 654+ 71A1              //              dw      LATEST                  // latest
 655+ 71A1              //              dw      PFA, CFA                // pfa cfa
 656+ 71A1              //              dw      COMMA                   // ,
 657+ 71A1              //              dw      EXIT                    // ; immediate
 658+ 71A1
 659+ 71A1              //  ______________________________________________________________________
 660+ 71A1              //
 661+ 71A1              // does>     --
 662+ 71A1                              Colon_Def DOES_TO, "DOES>", is_normal
 662+ 71A1             >                New_Def  DOES_TO, "DOES>", Enter_Ptr, is_normal ; ok
 662+ 71A1             >temp_NFA        defl    $                   // save this NFA address to temp_NFA
 662+ 71A1             >
 662+ 71A1             >                // dummy db directives used to calculate length of namec
 662+ 71A1 44 4F 45 53 >                db      "DOES>"
 662+ 71A5 3E          >
 662+ 71A6             >len_NFA         defl    $ - temp_NFA
 662+ 71A6             >                org     $ - len_NFA         // rewind to temp_NFA and re-do NFA part
 662+ 71A1             >
 662+ 71A1 85          >                db      len_NFA | END_BIT | is_normal  // The start of NFA must have msb set to signal the beginning of the sounted string
 662+ 71A2 44 4F 45 53 >                db      "DOES>"               // name string in 7-bit ascii, but
 662+ 71A6 3E          >
 662+ 71A7             >                org     $-1                 // alter last byte of Name just above to set
 662+ 71A6 BE          >                db      {b $} | END_BIT     // msb as name end
 662+ 71A7             >
 662+ 71A7 8E 71       >                dw      last_NFA            // Link to previous definition Name
 662+ 71A9             >DOES_TO:          if Enter_Ptr != 0 ; ok        // This is the start address of the direct jp(hl)
 662+ 71A9 CD CE 6B    >                call    Enter_Ptr ; ok        // for primitive definitions  actual code
 662+ 71AC             >
 662+ 71AC             >
 662+ 71AC             >                endif           ; ok        // for other definitions it "points" the correct handler
 662+ 71AC             >                // Use of "; ok" to suppress "warning[fwdref]"
 662+ 71AC             >
 662+ 71AC             >last_NFA        defl    temp_NFA            // keep track of NFA saved above
 663+ 71AC 06 69                        dw      R_TO                    // r>
 664+ 71AE 8B 6F                        dw      LATEST                  // latest
 665+ 71B0 D1 6F                        dw      PFA                     // pfa
 666+ 71B2 FB 6A                        dw      STORE                   // !
 667+ 71B4 5E 71                        dw      C_SEMICOLON_CODE        // ;code
 668+ 71B6              Does_Ptr:
 669+ 71B6                              // via call coded in CFA
 670+ 71B6 EB                           ex      de, hl //**
 671+ 71B7                              // *** ldhlrp
 672+ 71B7 2B                           dec     hl                  // push on Return-Stack current Instruction-Pointer
 673+ 71B8 70                           ld      (hl), b
 674+ 71B9 2B                           dec     hl
 675+ 71BA 71                           ld      (hl), c
 676+ 71BB                              // *** ldrphl
 677+ 71BB EB                           ex      de, hl //**
 678+ 71BC E1                           pop     hl                  // CFA has a call to this, so PFA -> IP
 679+ 71BD
 680+ 71BD 4E                           ld      c, (hl)
 681+ 71BE 23                           inc     hl
 682+ 71BF 46                           ld      b, (hl)
 683+ 71C0 23                           inc     hl
 684+ 71C1
 685+ 71C1                              psh1
 685+ 71C1 E5          >                push    hl
 685+ 71C2 DD E9       >                jp      (ix)
 686+ 71C4                              // SMUDGE !
 687+ 71C4
 688+ 71C4              //  ______________________________________________________________________
 689+ 71C4              //
 690+ 71C4              // count        a -- a2 n
 691+ 71C4              // expects a counted string at address a, returns string address and counter
 692+ 71C4                              New_Def COUNT, "COUNT", is_code, is_normal
 692+ 71C4             >temp_NFA        defl    $                   // save this NFA address to temp_NFA
 692+ 71C4             >
 692+ 71C4             >                // dummy db directives used to calculate length of namec
 692+ 71C4 43 4F 55 4E >                db      "COUNT"
 692+ 71C8 54          >
 692+ 71C9             >len_NFA         defl    $ - temp_NFA
 692+ 71C9             >                org     $ - len_NFA         // rewind to temp_NFA and re-do NFA part
 692+ 71C4             >
 692+ 71C4 85          >                db      len_NFA | END_BIT | is_normal  // The start of NFA must have msb set to signal the beginning of the sounted string
 692+ 71C5 43 4F 55 4E >                db      "COUNT"               // name string in 7-bit ascii, but
 692+ 71C9 54          >
 692+ 71CA             >                org     $-1                 // alter last byte of Name just above to set
 692+ 71C9 D4          >                db      {b $} | END_BIT     // msb as name end
 692+ 71CA             >
 692+ 71CA A1 71       >                dw      last_NFA            // Link to previous definition Name
 692+ 71CC             >COUNT:          if is_code != 0 ; ok        // This is the start address of the direct jp(hl)
 692+ 71CC ~           >                call    runcode ; ok        // for primitive definitions  actual code
 692+ 71CC ~           >
 692+ 71CC ~           >
 692+ 71CC             >                endif           ; ok        // for other definitions it "points" the correct handler
 692+ 71CC             >                // Use of "; ok" to suppress "warning[fwdref]"
 692+ 71CC             >
 692+ 71CC             >last_NFA        defl    temp_NFA            // keep track of NFA saved above
 693+ 71CC D9                           exx
 694+ 71CD E1                           pop     hl
 695+ 71CE 5E                           ld      e, (hl)
 696+ 71CF 16 00                        ld      d, 0
 697+ 71D1 23                           inc     hl
 698+ 71D2              Count_Here:
 699+ 71D2 E5                           push    hl
 700+ 71D3 D5                           push    de
 701+ 71D4 D9                           exx
 702+ 71D5                              next
 702+ 71D5 DD E9       >                jp      (ix)
 703+ 71D7              //                pop     hl
 704+ 71D7              //                ld      a, (hl)
 705+ 71D7              //                inc     hl
 706+ 71D7              //                push    hl
 707+ 71D7              //                ld      h, 0
 708+ 71D7              //                ld      l, a
 709+ 71D7              //                push    hl
 710+ 71D7              //                next
 711+ 71D7
 712+ 71D7              //  ______________________________________________________________________
 713+ 71D7              //
 714+ 71D7              // bounds       a n -- a+n n
 715+ 71D7              // given an address and a length ( a n ) calculate the bound addresses
 716+ 71D7              // suitable for DO-LOOP
 717+ 71D7                              New_Def BOUNDS, "BOUNDS", is_code, is_normal
 717+ 71D7             >temp_NFA        defl    $                   // save this NFA address to temp_NFA
 717+ 71D7             >
 717+ 71D7             >                // dummy db directives used to calculate length of namec
 717+ 71D7 42 4F 55 4E >                db      "BOUNDS"
 717+ 71DB 44 53       >
 717+ 71DD             >len_NFA         defl    $ - temp_NFA
 717+ 71DD             >                org     $ - len_NFA         // rewind to temp_NFA and re-do NFA part
 717+ 71D7             >
 717+ 71D7 86          >                db      len_NFA | END_BIT | is_normal  // The start of NFA must have msb set to signal the beginning of the sounted string
 717+ 71D8 42 4F 55 4E >                db      "BOUNDS"               // name string in 7-bit ascii, but
 717+ 71DC 44 53       >
 717+ 71DE             >                org     $-1                 // alter last byte of Name just above to set
 717+ 71DD D3          >                db      {b $} | END_BIT     // msb as name end
 717+ 71DE             >
 717+ 71DE C4 71       >                dw      last_NFA            // Link to previous definition Name
 717+ 71E0             >BOUNDS:          if is_code != 0 ; ok        // This is the start address of the direct jp(hl)
 717+ 71E0 ~           >                call    runcode ; ok        // for primitive definitions  actual code
 717+ 71E0 ~           >
 717+ 71E0 ~           >
 717+ 71E0             >                endif           ; ok        // for other definitions it "points" the correct handler
 717+ 71E0             >                // Use of "; ok" to suppress "warning[fwdref]"
 717+ 71E0             >
 717+ 71E0             >last_NFA        defl    temp_NFA            // keep track of NFA saved above
 718+ 71E0 D9                           exx
 719+ 71E1 E1                           pop     hl
 720+ 71E2 D1                           pop     de
 721+ 71E3 19                           add     hl, de
 722+ 71E4 18 EC                        jr      Count_Here
 723+ 71E6                              // push    hl
 724+ 71E6                              // push    de
 725+ 71E6                              // exx
 726+ 71E6                              // next
 727+ 71E6
 728+ 71E6              //  ______________________________________________________________________
 729+ 71E6              //
 730+ 71E6              // leave        --
 731+ 71E6              // Compile (leave) to leave current LOOP and jump just after it
 732+ 71E6                              Colon_Def LEAVE, "LEAVE", is_immediate
 732+ 71E6             >                New_Def  LEAVE, "LEAVE", Enter_Ptr, is_immediate ; ok
 732+ 71E6             >temp_NFA        defl    $                   // save this NFA address to temp_NFA
 732+ 71E6             >
 732+ 71E6             >                // dummy db directives used to calculate length of namec
 732+ 71E6 4C 45 41 56 >                db      "LEAVE"
 732+ 71EA 45          >
 732+ 71EB             >len_NFA         defl    $ - temp_NFA
 732+ 71EB             >                org     $ - len_NFA         // rewind to temp_NFA and re-do NFA part
 732+ 71E6             >
 732+ 71E6 C5          >                db      len_NFA | END_BIT | is_immediate  // The start of NFA must have msb set to signal the beginning of the sounted string
 732+ 71E7 4C 45 41 56 >                db      "LEAVE"               // name string in 7-bit ascii, but
 732+ 71EB 45          >
 732+ 71EC             >                org     $-1                 // alter last byte of Name just above to set
 732+ 71EB C5          >                db      {b $} | END_BIT     // msb as name end
 732+ 71EC             >
 732+ 71EC D7 71       >                dw      last_NFA            // Link to previous definition Name
 732+ 71EE             >LEAVE:          if Enter_Ptr != 0 ; ok        // This is the start address of the direct jp(hl)
 732+ 71EE CD CE 6B    >                call    Enter_Ptr ; ok        // for primitive definitions  actual code
 732+ 71F1             >
 732+ 71F1             >
 732+ 71F1             >                endif           ; ok        // for other definitions it "points" the correct handler
 732+ 71F1             >                // Use of "; ok" to suppress "warning[fwdref]"
 732+ 71F1             >
 732+ 71F1             >last_NFA        defl    temp_NFA            // keep track of NFA saved above
 733+ 71F1 B6 70 C6 64                  dw      COMPILE, C_LEAVE       // compile (leave)     \ unloop and branch
 734+ 71F5 53 6E F8 68                  dw      HERE, TO_R, ZERO, COMMA // here >r 0 ,
 734+ 71F9 46 6C 71 6E
 735+ 71FD 46 6C 46 6C                  dw      ZERO, ZERO
 736+ 7201 C1 68 15 6A                  dw      SPFETCH, DUP
 737+ 7205 92 69 92 69                  dw      CELL_PLUS, CELL_PLUS
 738+ 7209 FC 69                        dw      TUCK
 739+ 720B D8 6D EF 6A                  dw      CSP, FETCH
 740+ 720F 0A 6A A3 6E                  dw      SWAP, SUBTRACT
 741+ 7213 05 68                        dw      CMOVE
 742+ 7215 D8 6D EF 6A                  dw      CSP, FETCH, CELL_MINUS
 742+ 7219 9C 69
 743+ 721B 06 69 DA 69                  dw      R_TO, OVER, STORE
 743+ 721F FB 6A
 744+ 7221 9C 69 46 6C                  dw      CELL_MINUS, ZERO
 745+ 7225 0A 6A FB 6A                  dw      SWAP, STORE
 746+ 7229 EB 68                        dw      EXIT                    // ;
 747+ 722B
 748+ 722B              //  ______________________________________________________________________
 749+ 722B              //
 750+ 722B              // type         a n --
 751+ 722B              // Sends to current output channel n characters starting at address a.
 752+ 722B                              Colon_Def TYPE, "TYPE", is_normal
 752+ 722B             >                New_Def  TYPE, "TYPE", Enter_Ptr, is_normal ; ok
 752+ 722B             >temp_NFA        defl    $                   // save this NFA address to temp_NFA
 752+ 722B             >
 752+ 722B             >                // dummy db directives used to calculate length of namec
 752+ 722B 54 59 50 45 >                db      "TYPE"
 752+ 722F             >len_NFA         defl    $ - temp_NFA
 752+ 722F             >                org     $ - len_NFA         // rewind to temp_NFA and re-do NFA part
 752+ 722B             >
 752+ 722B 84          >                db      len_NFA | END_BIT | is_normal  // The start of NFA must have msb set to signal the beginning of the sounted string
 752+ 722C 54 59 50 45 >                db      "TYPE"               // name string in 7-bit ascii, but
 752+ 7230             >                org     $-1                 // alter last byte of Name just above to set
 752+ 722F C5          >                db      {b $} | END_BIT     // msb as name end
 752+ 7230             >
 752+ 7230 E6 71       >                dw      last_NFA            // Link to previous definition Name
 752+ 7232             >TYPE:          if Enter_Ptr != 0 ; ok        // This is the start address of the direct jp(hl)
 752+ 7232 CD CE 6B    >                call    Enter_Ptr ; ok        // for primitive definitions  actual code
 752+ 7235             >
 752+ 7235             >
 752+ 7235             >                endif           ; ok        // for other definitions it "points" the correct handler
 752+ 7235             >                // Use of "; ok" to suppress "warning[fwdref]"
 752+ 7235             >
 752+ 7235             >last_NFA        defl    temp_NFA            // keep track of NFA saved above
 753+ 7235 E0 71                        dw      BOUNDS                  // bounds
 754+ 7237 D7 64                        dw      C_Q_DO                  // ?do
 755+ 7239 0C 00                        dw      Type_Skip - $
 756+ 723B              Type_Loop:
 757+ 723B 0A 65 09 6B                  dw          I, CFETCH           //      i c@
 758+ 723F 36 6F                        dw          EMIT                //      emit
 759+ 7241 9A 64                        dw      C_LOOP                  // loop
 760+ 7243 F8 FF                        dw      Type_Loop - $
 761+ 7245              Type_Skip:
 762+ 7245 EB 68                        dw      EXIT                    // ;
 763+ 7247
 764+ 7247              //  ______________________________________________________________________
 765+ 7247              //
 766+ 7247              // -trailing    a n1 -- a n2
 767+ 7247              // Assumes that an n1 bytes-long string is stored at address a
 768+ 7247              // and the string contains a space delimited word,
 769+ 7247              // Finds n2 as the position of the first character after the word.
 770+ 7247                              Colon_Def LTRAILING, "-TRAILING", is_normal
 770+ 7247             >                New_Def  LTRAILING, "-TRAILING", Enter_Ptr, is_normal ; ok
 770+ 7247             >temp_NFA        defl    $                   // save this NFA address to temp_NFA
 770+ 7247             >
 770+ 7247             >                // dummy db directives used to calculate length of namec
 770+ 7247 2D 54 52 41 >                db      "-TRAILING"
 770+ 724B 49 4C 49 4E >
 770+ 724F 47          >
 770+ 7250             >len_NFA         defl    $ - temp_NFA
 770+ 7250             >                org     $ - len_NFA         // rewind to temp_NFA and re-do NFA part
 770+ 7247             >
 770+ 7247 89          >                db      len_NFA | END_BIT | is_normal  // The start of NFA must have msb set to signal the beginning of the sounted string
 770+ 7248 2D 54 52 41 >                db      "-TRAILING"               // name string in 7-bit ascii, but
 770+ 724C 49 4C 49 4E >
 770+ 7250 47          >
 770+ 7251             >                org     $-1                 // alter last byte of Name just above to set
 770+ 7250 C7          >                db      {b $} | END_BIT     // msb as name end
 770+ 7251             >
 770+ 7251 2B 72       >                dw      last_NFA            // Link to previous definition Name
 770+ 7253             >LTRAILING:          if Enter_Ptr != 0 ; ok        // This is the start address of the direct jp(hl)
 770+ 7253 CD CE 6B    >                call    Enter_Ptr ; ok        // for primitive definitions  actual code
 770+ 7256             >
 770+ 7256             >
 770+ 7256             >                endif           ; ok        // for other definitions it "points" the correct handler
 770+ 7256             >                // Use of "; ok" to suppress "warning[fwdref]"
 770+ 7256             >
 770+ 7256             >last_NFA        defl    temp_NFA            // keep track of NFA saved above
 771+ 7256 15 6A 46 6C                  dw      DUP, ZERO               // dup 0
 772+ 725A                                                              // do
 773+ 725A D7 64                        dw      C_Q_DO
 774+ 725C 20 00                        dw      LTrailing_Leave - $
 775+ 725E              LTrailing_Loop:
 776+ 725E A5 6A 51 69                  dw          TWO_DUP, PLUS       //      2dup +
 777+ 7262 7A 69                        dw          ONE_SUBTRACT        //      1-
 778+ 7264 09 6B                        dw          CFETCH              //      c@
 779+ 7266 75 6C A3 6E                  dw          BL, SUBTRACT        //      bl -
 780+ 726A                                                              //      if
 781+ 726A B5 64                        dw          ZBRANCH
 782+ 726C 0A 00                        dw          LTrailing_Else - $
 783+ 726E C6 64                        dw              C_LEAVE         //          leave
 784+ 7270 0C 00                        dw              LTrailing_Leave - $
 785+ 7272 A9 64                        dw          BRANCH              //      else
 786+ 7274 04 00                        dw          LTrailing_Endif - $
 787+ 7276              LTrailing_Else:
 788+ 7276 7A 69                        dw              ONE_SUBTRACT    //          1-
 789+ 7278              LTrailing_Endif:                                //      endif
 790+ 7278                                                              // loop
 791+ 7278 9A 64                        dw      C_LOOP
 792+ 727A E4 FF                        dw      LTrailing_Loop - $
 793+ 727C              LTrailing_Leave:
 794+ 727C EB 68                        dw      EXIT                    // ;
 795+ 727E
 796+ 727E              //  ______________________________________________________________________
 797+ 727E              //
 798+ 727E              // accept       a n1 -- n2
 799+ 727E              // Accepts at most n1 characters from terminal and stores them at address a
 800+ 727E              // CR stops input. A 'nul' is added as trailer.
 801+ 727E              // n2 is the string length. n2 is kept in span user variable also.
 802+ 727E                              Colon_Def ACCEPT, "ACCEPT", is_normal
 802+ 727E             >                New_Def  ACCEPT, "ACCEPT", Enter_Ptr, is_normal ; ok
 802+ 727E             >temp_NFA        defl    $                   // save this NFA address to temp_NFA
 802+ 727E             >
 802+ 727E             >                // dummy db directives used to calculate length of namec
 802+ 727E 41 43 43 45 >                db      "ACCEPT"
 802+ 7282 50 54       >
 802+ 7284             >len_NFA         defl    $ - temp_NFA
 802+ 7284             >                org     $ - len_NFA         // rewind to temp_NFA and re-do NFA part
 802+ 727E             >
 802+ 727E 86          >                db      len_NFA | END_BIT | is_normal  // The start of NFA must have msb set to signal the beginning of the sounted string
 802+ 727F 41 43 43 45 >                db      "ACCEPT"               // name string in 7-bit ascii, but
 802+ 7283 50 54       >
 802+ 7285             >                org     $-1                 // alter last byte of Name just above to set
 802+ 7284 D4          >                db      {b $} | END_BIT     // msb as name end
 802+ 7285             >
 802+ 7285 47 72       >                dw      last_NFA            // Link to previous definition Name
 802+ 7287             >ACCEPT:          if Enter_Ptr != 0 ; ok        // This is the start address of the direct jp(hl)
 802+ 7287 CD CE 6B    >                call    Enter_Ptr ; ok        // for primitive definitions  actual code
 802+ 728A             >
 802+ 728A             >
 802+ 728A             >                endif           ; ok        // for other definitions it "points" the correct handler
 802+ 728A             >                // Use of "; ok" to suppress "warning[fwdref]"
 802+ 728A             >
 802+ 728A             >last_NFA        defl    temp_NFA            // keep track of NFA saved above
 803+ 728A DA 69 51 69                  dw      OVER, PLUS, OVER        //                      ( a  n1+a  a )
 803+ 728E DA 69
 804+ 7290 46 6C 2E 6A                  dw      ZERO, DASH_ROT          //                      ( a  0     a+n1  a )
 805+ 7294                                                              // do
 806+ 7294 D7 64                        dw      C_Q_DO
 807+ 7296 8C 00                        dw      Accept_Leave - $
 808+ 7298              Accept_Loop:
 809+ 7298 1B 67                        dw          CUR                 //      cur             ( a  0 )
 810+ 729A E8 69 67 67                  dw          DROP, KEY           //      drop key        ( a  c )
 811+ 729E 15 6A                        dw          DUP                 //      dup             ( a  c  c )
 812+ 72A0 3F 64 0E 00                  dw          LIT, $0E            //      0E
 813+ 72A4 B6 6C                        dw          PLUS_ORIGIN         //      +origin
 814+ 72A6 EF 6A                        dw          FETCH               //      @               ( a  c  c  del )
 815+ 72A8 B1 6E                        dw          EQUALS              //      =               ( a  c  c==del )
 816+ 72AA                                                              //      if
 817+ 72AA B5 64                        dw          ZBRANCH
 818+ 72AC 2C 00                        dw          Accept_Else_0 - $
 819+ 72AE E8 69                        dw              DROP            //          drop        ( a  )
 820+ 72B0 15 6A 0A 65                  dw              DUP, I, EQUALS  //          dup i =     ( a  a==i )
 820+ 72B4 B1 6E
 821+ 72B6 4F 6C 8F 68                  dw              ONE, AND_OP     //          1 and
 822+ 72BA 15 6A                        dw              DUP             //          dup         ( a  a==i  a==i )
 823+ 72BC 06 69                        dw              R_TO            //          r> 2 - + r>
 824+ 72BE A7 69 51 69                  dw              TWO_MINUS, PLUS //      ( decrement index by 1 or 2 )
 825+ 72C2 F8 68                        dw              TO_R            //
 826+ 72C4                                                              //          if
 827+ 72C4 B5 64                        dw              ZBRANCH
 828+ 72C6 0A 00                        dw              Accept_Else_1 - $
 829+ 72C8 3F 64 07 00                  dw                  LIT, 7      //              7       ( a  7 )
 830+ 72CC                                                              //          else
 831+ 72CC A9 64                        dw              BRANCH
 832+ 72CE 06 00                        dw              Accept_Endif_1 - $
 833+ 72D0              Accept_Else_1:
 834+ 72D0 3F 64 08 00                  dw                  LIT, 8      //              8       ( a  8 )
 835+ 72D4              Accept_Endif_1:                                 //          endif
 836+ 72D4 A9 64                        dw          BRANCH
 837+ 72D6 2E 00                        dw          Accept_Endif_0 - $
 838+ 72D8              Accept_Else_0:                                  //      else
 839+ 72D8 15 6A                        dw              DUP             //          dup         ( a  c  c )
 840+ 72DA 3F 64 0D 00                  dw              LIT, 13         //          13
 841+ 72DE B1 6E                        dw              EQUALS          //          =           ( a  c  c==CR )
 842+ 72E0                                                              //          if
 843+ 72E0 B5 64                        dw              ZBRANCH
 844+ 72E2 0C 00                        dw              Accept_Else_2 - $
 845+ 72E4 E8 69 75 6C                  dw                  DROP, BL    //              drop bl ( a  bl )
 846+ 72E8 46 6C                        dw                  ZERO        //              0       ( a  c  0 )
 847+ 72EA                                                              //          else
 848+ 72EA A9 64                        dw              BRANCH
 849+ 72EC 04 00                        dw              Accept_Endif_2 - $
 850+ 72EE              Accept_Else_2:
 851+ 72EE 15 6A                        dw                  DUP         //              dup     ( a  c  c )
 852+ 72F0                                                              //          endif
 853+ 72F0              Accept_Endif_2:
 854+ 72F0 0A 65 15 6B                  dw              I, CSTORE       //          i           ( a  c )
 855+ 72F4 15 6A 75 6C                  dw              DUP, BL, LESS   //          dup bl <    ( a  c  c<BL )
 855+ 72F8 CF 6E
 856+ 72FA                                                              //          if
 857+ 72FA B5 64                        dw              ZBRANCH
 858+ 72FC 08 00                        dw              Accept_Endif_3 - $
 859+ 72FE 06 69                        dw                  R_TO        //              r>
 860+ 7300 7A 69                        dw                  ONE_SUBTRACT//              1-
 861+ 7302 F8 68                        dw                  TO_R        //              >r
 862+ 7304                                                              //          endif
 863+ 7304              Accept_Endif_3:
 864+ 7304              Accept_Endif_0:                                 //      endif
 865+ 7304 36 6F                        dw          EMIT                //      emit            ( a )
 866+ 7306
 867+ 7306 46 6C 0A 65                  dw          ZERO, I, ONE_PLUS   //      0 i 1+ !
 867+ 730A 70 69
 868+ 730C FB 6A                        dw          STORE               //          ( zero pad )
 869+ 730E 0A 65                        dw          I                   //      i
 870+ 7310 0A 65 09 6B                  dw          I, CFETCH, ZEQUAL   //      i c@ 0= if
 870+ 7314 1C 69
 871+ 7316 B5 64                        dw          ZBRANCH             //
 872+ 7318 06 00                        dw              Accept_Endif_4 - $
 873+ 731A C6 64                        dw                  C_LEAVE     //              leave
 874+ 731C 06 00                        dw                  Accept_Leave - $
 875+ 731E              Accept_Endif_4:                                 //      endif
 876+ 731E                                                              // loop
 877+ 731E 9A 64                        dw      C_LOOP
 878+ 7320 78 FF                        dw      Accept_Loop - $
 879+ 7322              Accept_Leave:
 880+ 7322 0A 6A A3 6E                  dw      SWAP, SUBTRACT          // swap -
 881+ 7326 70 69                        dw      ONE_PLUS                // 1+
 882+ 7328 15 6A 31 6E                  dw      DUP, SPAN, STORE        // dup span !
 882+ 732C FB 6A
 883+ 732E EB 68                        dw      EXIT                    // ;
 884+ 7330
 885+ 7330              //  ______________________________________________________________________
 886+ 7330              //
 887+ 7330              // expect      a n --
 888+ 7330              // Accepts at most n1 characters from terminal and stores them at address a
 889+ 7330              // CR stops input. A 'nul' is added as trailer.
 890+ 7330              // n2 is the string length. n2 is kept in span user variable also.
 891+ 7330              //              Colon_Def EXPECT, "EXPECT", is_normal
 892+ 7330              //              dw      ACCEPT, DROP            // accept drop
 893+ 7330              //              dw      EXIT                    // ;
 894+ 7330
 895+ 7330              //  ______________________________________________________________________
 896+ 7330              //
 897+ 7330              // query        --
 898+ 7330              // Accept at most 80 character from console. CR stops.
 899+ 7330              // Text is stored in TIB. Variable IN is zeroed.
 900+ 7330                              Colon_Def QUERY, "QUERY", is_normal
 900+ 7330             >                New_Def  QUERY, "QUERY", Enter_Ptr, is_normal ; ok
 900+ 7330             >temp_NFA        defl    $                   // save this NFA address to temp_NFA
 900+ 7330             >
 900+ 7330             >                // dummy db directives used to calculate length of namec
 900+ 7330 51 55 45 52 >                db      "QUERY"
 900+ 7334 59          >
 900+ 7335             >len_NFA         defl    $ - temp_NFA
 900+ 7335             >                org     $ - len_NFA         // rewind to temp_NFA and re-do NFA part
 900+ 7330             >
 900+ 7330 85          >                db      len_NFA | END_BIT | is_normal  // The start of NFA must have msb set to signal the beginning of the sounted string
 900+ 7331 51 55 45 52 >                db      "QUERY"               // name string in 7-bit ascii, but
 900+ 7335 59          >
 900+ 7336             >                org     $-1                 // alter last byte of Name just above to set
 900+ 7335 D9          >                db      {b $} | END_BIT     // msb as name end
 900+ 7336             >
 900+ 7336 7E 72       >                dw      last_NFA            // Link to previous definition Name
 900+ 7338             >QUERY:          if Enter_Ptr != 0 ; ok        // This is the start address of the direct jp(hl)
 900+ 7338 CD CE 6B    >                call    Enter_Ptr ; ok        // for primitive definitions  actual code
 900+ 733B             >
 900+ 733B             >
 900+ 733B             >                endif           ; ok        // for other definitions it "points" the correct handler
 900+ 733B             >                // Use of "; ok" to suppress "warning[fwdref]"
 900+ 733B             >
 900+ 733B             >last_NFA        defl    temp_NFA            // keep track of NFA saved above
 901+ 733B E6 6C EF 6A                  dw      TIB, FETCH              // tib @
 902+ 733F 3F 64 50 00                  dw      LIT, 80                 // 80
 903+ 7343 87 72 E8 69                  dw      ACCEPT, DROP            // accept drop
 904+ 7347 46 6C 66 6D                  dw      ZERO, TO_IN, STORE      // 0 >in !
 904+ 734B FB 6A
 905+ 734D EB 68                        dw      EXIT                    // ;
 906+ 734F
 907+ 734F              //  ______________________________________________________________________
 908+ 734F              //
 909+ 734F              // fill        a n c --
 910+ 734F              // If n > 0, fills n locations starting from address a with the value c.
 911+ 734F                              New_Def FILL, "FILL", is_code, is_normal
 911+ 734F             >temp_NFA        defl    $                   // save this NFA address to temp_NFA
 911+ 734F             >
 911+ 734F             >                // dummy db directives used to calculate length of namec
 911+ 734F 46 49 4C 4C >                db      "FILL"
 911+ 7353             >len_NFA         defl    $ - temp_NFA
 911+ 7353             >                org     $ - len_NFA         // rewind to temp_NFA and re-do NFA part
 911+ 734F             >
 911+ 734F 84          >                db      len_NFA | END_BIT | is_normal  // The start of NFA must have msb set to signal the beginning of the sounted string
 911+ 7350 46 49 4C 4C >                db      "FILL"               // name string in 7-bit ascii, but
 911+ 7354             >                org     $-1                 // alter last byte of Name just above to set
 911+ 7353 CC          >                db      {b $} | END_BIT     // msb as name end
 911+ 7354             >
 911+ 7354 30 73       >                dw      last_NFA            // Link to previous definition Name
 911+ 7356             >FILL:          if is_code != 0 ; ok        // This is the start address of the direct jp(hl)
 911+ 7356 ~           >                call    runcode ; ok        // for primitive definitions  actual code
 911+ 7356 ~           >
 911+ 7356 ~           >
 911+ 7356             >                endif           ; ok        // for other definitions it "points" the correct handler
 911+ 7356             >                // Use of "; ok" to suppress "warning[fwdref]"
 911+ 7356             >
 911+ 7356             >last_NFA        defl    temp_NFA            // keep track of NFA saved above
 912+ 7356 D9                           exx
 913+ 7357 D1                           pop     de                  // de has character
 914+ 7358 C1                           pop     bc                  // bc has counter
 915+ 7359 E1                           pop     hl                  // hl has address, save Instruction Pointer
 916+ 735A              Fill_Loop:
 917+ 735A 78                               ld      a, b
 918+ 735B B1                               or      c
 919+ 735C 28 05                        jr      z, Fill_While_End
 920+ 735E 73                               ld      (hl), e
 921+ 735F 0B                               dec     bc
 922+ 7360 23                               inc     hl
 923+ 7361 18 F7                        jr      Fill_Loop
 924+ 7363              Fill_While_End:
 925+ 7363 D9                           exx
 926+ 7364                              next
 926+ 7364 DD E9       >                jp      (ix)
 927+ 7366
 928+ 7366              //  ______________________________________________________________________
 929+ 7366              //
 930+ 7366              // erase        a n --
 931+ 7366              // If n > 0, fills n locations starting from address a with 'nul' characters.
 932+ 7366                              Colon_Def ERASE, "ERASE", is_normal
 932+ 7366             >                New_Def  ERASE, "ERASE", Enter_Ptr, is_normal ; ok
 932+ 7366             >temp_NFA        defl    $                   // save this NFA address to temp_NFA
 932+ 7366             >
 932+ 7366             >                // dummy db directives used to calculate length of namec
 932+ 7366 45 52 41 53 >                db      "ERASE"
 932+ 736A 45          >
 932+ 736B             >len_NFA         defl    $ - temp_NFA
 932+ 736B             >                org     $ - len_NFA         // rewind to temp_NFA and re-do NFA part
 932+ 7366             >
 932+ 7366 85          >                db      len_NFA | END_BIT | is_normal  // The start of NFA must have msb set to signal the beginning of the sounted string
 932+ 7367 45 52 41 53 >                db      "ERASE"               // name string in 7-bit ascii, but
 932+ 736B 45          >
 932+ 736C             >                org     $-1                 // alter last byte of Name just above to set
 932+ 736B C5          >                db      {b $} | END_BIT     // msb as name end
 932+ 736C             >
 932+ 736C 4F 73       >                dw      last_NFA            // Link to previous definition Name
 932+ 736E             >ERASE:          if Enter_Ptr != 0 ; ok        // This is the start address of the direct jp(hl)
 932+ 736E CD CE 6B    >                call    Enter_Ptr ; ok        // for primitive definitions  actual code
 932+ 7371             >
 932+ 7371             >
 932+ 7371             >                endif           ; ok        // for other definitions it "points" the correct handler
 932+ 7371             >                // Use of "; ok" to suppress "warning[fwdref]"
 932+ 7371             >
 932+ 7371             >last_NFA        defl    temp_NFA            // keep track of NFA saved above
 933+ 7371 46 6C 56 73                  dw      ZERO, FILL              // 0 fill
 934+ 7375 EB 68                        dw      EXIT                    // ;
 935+ 7377
 936+ 7377              //  ______________________________________________________________________
 937+ 7377              //
 938+ 7377              // blank        a n --
 939+ 7377              // If n > 0, fills n locations starting from address a with 'nul' characters.
 940+ 7377                              Colon_Def BLANK, "BLANK", is_normal
 940+ 7377             >                New_Def  BLANK, "BLANK", Enter_Ptr, is_normal ; ok
 940+ 7377             >temp_NFA        defl    $                   // save this NFA address to temp_NFA
 940+ 7377             >
 940+ 7377             >                // dummy db directives used to calculate length of namec
 940+ 7377 42 4C 41 4E >                db      "BLANK"
 940+ 737B 4B          >
 940+ 737C             >len_NFA         defl    $ - temp_NFA
 940+ 737C             >                org     $ - len_NFA         // rewind to temp_NFA and re-do NFA part
 940+ 7377             >
 940+ 7377 85          >                db      len_NFA | END_BIT | is_normal  // The start of NFA must have msb set to signal the beginning of the sounted string
 940+ 7378 42 4C 41 4E >                db      "BLANK"               // name string in 7-bit ascii, but
 940+ 737C 4B          >
 940+ 737D             >                org     $-1                 // alter last byte of Name just above to set
 940+ 737C CB          >                db      {b $} | END_BIT     // msb as name end
 940+ 737D             >
 940+ 737D 66 73       >                dw      last_NFA            // Link to previous definition Name
 940+ 737F             >BLANK:          if Enter_Ptr != 0 ; ok        // This is the start address of the direct jp(hl)
 940+ 737F CD CE 6B    >                call    Enter_Ptr ; ok        // for primitive definitions  actual code
 940+ 7382             >
 940+ 7382             >
 940+ 7382             >                endif           ; ok        // for other definitions it "points" the correct handler
 940+ 7382             >                // Use of "; ok" to suppress "warning[fwdref]"
 940+ 7382             >
 940+ 7382             >last_NFA        defl    temp_NFA            // keep track of NFA saved above
 941+ 7382 75 6C 56 73                  dw      BL, FILL                // bl fill
 942+ 7386 EB 68                        dw      EXIT                    // ;
 943+ 7388
 944+ 7388              //  ______________________________________________________________________
 945+ 7388              //
 946+ 7388              // hold         c --
 947+ 7388              // Used between <# and #> to insert a character c in numeric formatting.
 948+ 7388                              Colon_Def HOLD, "HOLD", is_normal
 948+ 7388             >                New_Def  HOLD, "HOLD", Enter_Ptr, is_normal ; ok
 948+ 7388             >temp_NFA        defl    $                   // save this NFA address to temp_NFA
 948+ 7388             >
 948+ 7388             >                // dummy db directives used to calculate length of namec
 948+ 7388 48 4F 4C 44 >                db      "HOLD"
 948+ 738C             >len_NFA         defl    $ - temp_NFA
 948+ 738C             >                org     $ - len_NFA         // rewind to temp_NFA and re-do NFA part
 948+ 7388             >
 948+ 7388 84          >                db      len_NFA | END_BIT | is_normal  // The start of NFA must have msb set to signal the beginning of the sounted string
 948+ 7389 48 4F 4C 44 >                db      "HOLD"               // name string in 7-bit ascii, but
 948+ 738D             >                org     $-1                 // alter last byte of Name just above to set
 948+ 738C C4          >                db      {b $} | END_BIT     // msb as name end
 948+ 738D             >
 948+ 738D 77 73       >                dw      last_NFA            // Link to previous definition Name
 948+ 738F             >HOLD:          if Enter_Ptr != 0 ; ok        // This is the start address of the direct jp(hl)
 948+ 738F CD CE 6B    >                call    Enter_Ptr ; ok        // for primitive definitions  actual code
 948+ 7392             >
 948+ 7392             >
 948+ 7392             >                endif           ; ok        // for other definitions it "points" the correct handler
 948+ 7392             >                // Use of "; ok" to suppress "warning[fwdref]"
 948+ 7392             >
 948+ 7392             >last_NFA        defl    temp_NFA            // keep track of NFA saved above
 949+ 7392 6B 6C                        dw      NEG_ONE                 // -1
 950+ 7394 EB 6D CE 6A                  dw      HLD, PLUSSTORE          // hld +!
 951+ 7398 EB 6D EF 6A                  dw      HLD, FETCH, CSTORE      // hld @ c!
 951+ 739C 15 6B
 952+ 739E EB 68                        dw      EXIT                    // ;
 953+ 73A0
 954+ 73A0              //  ______________________________________________________________________
 955+ 73A0              //
 956+ 73A0              // pad         -- a
 957+ 73A0              // leaves the buffer text address. This is at a fixed distance over HERE.
 958+ 73A0                              Colon_Def PAD, "PAD", is_normal
 958+ 73A0             >                New_Def  PAD, "PAD", Enter_Ptr, is_normal ; ok
 958+ 73A0             >temp_NFA        defl    $                   // save this NFA address to temp_NFA
 958+ 73A0             >
 958+ 73A0             >                // dummy db directives used to calculate length of namec
 958+ 73A0 50 41 44    >                db      "PAD"
 958+ 73A3             >len_NFA         defl    $ - temp_NFA
 958+ 73A3             >                org     $ - len_NFA         // rewind to temp_NFA and re-do NFA part
 958+ 73A0             >
 958+ 73A0 83          >                db      len_NFA | END_BIT | is_normal  // The start of NFA must have msb set to signal the beginning of the sounted string
 958+ 73A1 50 41 44    >                db      "PAD"               // name string in 7-bit ascii, but
 958+ 73A4             >                org     $-1                 // alter last byte of Name just above to set
 958+ 73A3 C4          >                db      {b $} | END_BIT     // msb as name end
 958+ 73A4             >
 958+ 73A4 88 73       >                dw      last_NFA            // Link to previous definition Name
 958+ 73A6             >PAD:          if Enter_Ptr != 0 ; ok        // This is the start address of the direct jp(hl)
 958+ 73A6 CD CE 6B    >                call    Enter_Ptr ; ok        // for primitive definitions  actual code
 958+ 73A9             >
 958+ 73A9             >
 958+ 73A9             >                endif           ; ok        // for other definitions it "points" the correct handler
 958+ 73A9             >                // Use of "; ok" to suppress "warning[fwdref]"
 958+ 73A9             >
 958+ 73A9             >last_NFA        defl    temp_NFA            // keep track of NFA saved above
 959+ 73A9 53 6E                        dw      HERE                    // here
 960+ 73AB 3F 64 44 00                  dw      LIT, 68                 // 68
 961+ 73AF 51 69                        dw      PLUS                    // +
 962+ 73B1 EB 68                        dw      EXIT                    // ;
 963+ 73B3
 964+ 73B3              //  ______________________________________________________________________
 965+ 73B3              //
 966+ 73B3              // word         c -- a
 967+ 73B3              // reads characters from input streams until it encouners a c delimiter.
 968+ 73B3              // Stores that packet so it starts from HERE
 969+ 73B3              // WORD leaves a counter as first byte and ends the packet with two spaces.
 970+ 73B3              // Other occurrences of c are ignored.
 971+ 73B3              // If BLK is zero, text is taken from terminal buffer TIB.
 972+ 73B3              // Otherwise text is taken from the disk-block given by BLK.
 973+ 73B3              // "in" variable is incremented of the number of character read.
 974+ 73B3              // The number of characters read is given by ENCLOSE.
 975+ 73B3                              Colon_Def WORD, "WORD", is_normal
 975+ 73B3             >                New_Def  WORD, "WORD", Enter_Ptr, is_normal ; ok
 975+ 73B3             >temp_NFA        defl    $                   // save this NFA address to temp_NFA
 975+ 73B3             >
 975+ 73B3             >                // dummy db directives used to calculate length of namec
 975+ 73B3 57 4F 52 44 >                db      "WORD"
 975+ 73B7             >len_NFA         defl    $ - temp_NFA
 975+ 73B7             >                org     $ - len_NFA         // rewind to temp_NFA and re-do NFA part
 975+ 73B3             >
 975+ 73B3 84          >                db      len_NFA | END_BIT | is_normal  // The start of NFA must have msb set to signal the beginning of the sounted string
 975+ 73B4 57 4F 52 44 >                db      "WORD"               // name string in 7-bit ascii, but
 975+ 73B8             >                org     $-1                 // alter last byte of Name just above to set
 975+ 73B7 C4          >                db      {b $} | END_BIT     // msb as name end
 975+ 73B8             >
 975+ 73B8 A0 73       >                dw      last_NFA            // Link to previous definition Name
 975+ 73BA             >WORD:          if Enter_Ptr != 0 ; ok        // This is the start address of the direct jp(hl)
 975+ 73BA CD CE 6B    >                call    Enter_Ptr ; ok        // for primitive definitions  actual code
 975+ 73BD             >
 975+ 73BD             >
 975+ 73BD             >                endif           ; ok        // for other definitions it "points" the correct handler
 975+ 73BD             >                // Use of "; ok" to suppress "warning[fwdref]"
 975+ 73BD             >
 975+ 73BD             >last_NFA        defl    temp_NFA            // keep track of NFA saved above
 976+ 73BD 5C 6D EF 6A                  dw      BLK, FETCH              // blk @
 977+ 73C1                                                              // if
 978+ 73C1 B5 64                        dw      ZBRANCH
 979+ 73C3 0C 00                        dw      Word_Else - $
 980+ 73C5 5C 6D EF 6A                  dw          BLK, FETCH          //      blk @
 981+ 73C9 8B 7F                        dw          BLOCK               //      block ( forward )
 982+ 73CB                                                              // else
 983+ 73CB A9 64                        dw      BRANCH
 984+ 73CD 06 00                        dw      Word_Endif - $
 985+ 73CF              Word_Else:
 986+ 73CF E6 6C EF 6A                  dw         TIB, FETCH           //      tib @
 987+ 73D3              Word_Endif:                                     // endif
 988+ 73D3 66 6D EF 6A                  dw      TO_IN, FETCH, PLUS      // >in @ +
 988+ 73D7 51 69
 989+ 73D9 0A 6A EC 65                  dw      SWAP, ENCLOSE           // swap enclose
 990+ 73DD 53 6E 3F 64                  dw      HERE, LIT, 34, BLANK    // here 34 blank
 990+ 73E1 22 00 7F 73
 991+ 73E5 66 6D CE 6A                  dw      TO_IN, PLUSSTORE        // >in @ +
 992+ 73E9 DA 69 A3 6E                  dw      OVER, SUBTRACT, TO_R    // over - >r
 992+ 73ED F8 68
 993+ 73EF 14 69 53 6E                  dw      R_OP, HERE, CSTORE      // r here c!
 993+ 73F3 15 6B
 994+ 73F5 51 69                        dw      PLUS                    // +
 995+ 73F7 53 6E 70 69                  dw      HERE, ONE_PLUS, R_TO    // here 1+ r>
 995+ 73FB 06 69
 996+ 73FD 05 68                        dw      CMOVE                   // cmove
 997+ 73FF 53 6E                        dw      HERE                    // here
 998+ 7401 EB 68                        dw      EXIT                    // ;
 999+ 7403
1000+ 7403              //  ______________________________________________________________________
1001+ 7403              //
1002+ 7403              // (.")         --
1003+ 7403              // Direct procedure compiled by ." and  .(  It executes TYPE.
1004+ 7403                              Colon_Def C_DOT_QUOTE, '(.")', is_normal
1004+ 7403             >                New_Def  C_DOT_QUOTE, '(.")', Enter_Ptr, is_normal ; ok
1004+ 7403             >temp_NFA        defl    $                   // save this NFA address to temp_NFA
1004+ 7403             >
1004+ 7403             >                // dummy db directives used to calculate length of namec
1004+ 7403 28 2E 22 29 >                db      '(.")'
1004+ 7407             >len_NFA         defl    $ - temp_NFA
1004+ 7407             >                org     $ - len_NFA         // rewind to temp_NFA and re-do NFA part
1004+ 7403             >
1004+ 7403 84          >                db      len_NFA | END_BIT | is_normal  // The start of NFA must have msb set to signal the beginning of the sounted string
1004+ 7404 28 2E 22 29 >                db      '(.")'               // name string in 7-bit ascii, but
1004+ 7408             >                org     $-1                 // alter last byte of Name just above to set
1004+ 7407 A9          >                db      {b $} | END_BIT     // msb as name end
1004+ 7408             >
1004+ 7408 B3 73       >                dw      last_NFA            // Link to previous definition Name
1004+ 740A             >C_DOT_QUOTE:          if Enter_Ptr != 0 ; ok        // This is the start address of the direct jp(hl)
1004+ 740A CD CE 6B    >                call    Enter_Ptr ; ok        // for primitive definitions  actual code
1004+ 740D             >
1004+ 740D             >
1004+ 740D             >                endif           ; ok        // for other definitions it "points" the correct handler
1004+ 740D             >                // Use of "; ok" to suppress "warning[fwdref]"
1004+ 740D             >
1004+ 740D             >last_NFA        defl    temp_NFA            // keep track of NFA saved above
1005+ 740D 14 69 CC 71                  dw      R_OP, COUNT             // r count
1006+ 7411 15 6A 70 69                  dw      DUP, ONE_PLUS           // dup 1+
1007+ 7415 06 69 51 69                  dw      R_TO, PLUS, TO_R        // r> + >r  ( advance IP )
1007+ 7419 F8 68
1008+ 741B 32 72                        dw      TYPE                    // type
1009+ 741D EB 68                        dw      EXIT                    // ;
1010+ 741F
1011+ 741F              //  ______________________________________________________________________
1012+ 741F              //
1013+ 741F              // char         -- c
1014+ 741F              // get first character from next input word
1015+ 741F                              Colon_Def CHAR,  "CHAR", is_normal
1015+ 741F             >                New_Def  CHAR, "CHAR", Enter_Ptr, is_normal ; ok
1015+ 741F             >temp_NFA        defl    $                   // save this NFA address to temp_NFA
1015+ 741F             >
1015+ 741F             >                // dummy db directives used to calculate length of namec
1015+ 741F 43 48 41 52 >                db      "CHAR"
1015+ 7423             >len_NFA         defl    $ - temp_NFA
1015+ 7423             >                org     $ - len_NFA         // rewind to temp_NFA and re-do NFA part
1015+ 741F             >
1015+ 741F 84          >                db      len_NFA | END_BIT | is_normal  // The start of NFA must have msb set to signal the beginning of the sounted string
1015+ 7420 43 48 41 52 >                db      "CHAR"               // name string in 7-bit ascii, but
1015+ 7424             >                org     $-1                 // alter last byte of Name just above to set
1015+ 7423 D2          >                db      {b $} | END_BIT     // msb as name end
1015+ 7424             >
1015+ 7424 03 74       >                dw      last_NFA            // Link to previous definition Name
1015+ 7426             >CHAR:          if Enter_Ptr != 0 ; ok        // This is the start address of the direct jp(hl)
1015+ 7426 CD CE 6B    >                call    Enter_Ptr ; ok        // for primitive definitions  actual code
1015+ 7429             >
1015+ 7429             >
1015+ 7429             >                endif           ; ok        // for other definitions it "points" the correct handler
1015+ 7429             >                // Use of "; ok" to suppress "warning[fwdref]"
1015+ 7429             >
1015+ 7429             >last_NFA        defl    temp_NFA            // keep track of NFA saved above
1016+ 7429 75 6C BA 73                  dw      BL, WORD                // bl word
1017+ 742D 70 69 09 6B                  dw      ONE_PLUS, CFETCH        // 1+ c@
1018+ 7431 EB 68                        dw      EXIT                    // ;
1019+ 7433
1020+ 7433              //  ______________________________________________________________________
1021+ 7433              //
1022+ 7433              // ,"           --
1023+ 7433              // compiles a string terminated by " as a counted string from next input stream
1024+ 7433                              Colon_Def COMMA_QUOTE,  ',"', is_normal
1024+ 7433             >                New_Def  COMMA_QUOTE, ',"', Enter_Ptr, is_normal ; ok
1024+ 7433             >temp_NFA        defl    $                   // save this NFA address to temp_NFA
1024+ 7433             >
1024+ 7433             >                // dummy db directives used to calculate length of namec
1024+ 7433 2C 22       >                db      ',"'
1024+ 7435             >len_NFA         defl    $ - temp_NFA
1024+ 7435             >                org     $ - len_NFA         // rewind to temp_NFA and re-do NFA part
1024+ 7433             >
1024+ 7433 82          >                db      len_NFA | END_BIT | is_normal  // The start of NFA must have msb set to signal the beginning of the sounted string
1024+ 7434 2C 22       >                db      ',"'               // name string in 7-bit ascii, but
1024+ 7436             >                org     $-1                 // alter last byte of Name just above to set
1024+ 7435 A2          >                db      {b $} | END_BIT     // msb as name end
1024+ 7436             >
1024+ 7436 1F 74       >                dw      last_NFA            // Link to previous definition Name
1024+ 7438             >COMMA_QUOTE:          if Enter_Ptr != 0 ; ok        // This is the start address of the direct jp(hl)
1024+ 7438 CD CE 6B    >                call    Enter_Ptr ; ok        // for primitive definitions  actual code
1024+ 743B             >
1024+ 743B             >
1024+ 743B             >                endif           ; ok        // for other definitions it "points" the correct handler
1024+ 743B             >                // Use of "; ok" to suppress "warning[fwdref]"
1024+ 743B             >
1024+ 743B             >last_NFA        defl    temp_NFA            // keep track of NFA saved above
1025+ 743B 3F 64 22 00                  dw      LIT, DQUOTE_CHAR        // [char] "
1026+ 743F BA 73                        dw      WORD                    // word
1027+ 7441 09 6B 70 69                  dw      CFETCH, ONE_PLUS        // c@ 1+
1028+ 7445 64 6E                        dw      ALLOT                   // allot
1029+ 7447 46 6C 83 6E                  dw      ZERO, CCOMMA            // 0 c,  ( nul-terminated string - useful anyway )
1030+ 744B EB 68                        dw      EXIT
1031+ 744D
1032+ 744D              //  ______________________________________________________________________
1033+ 744D              //
1034+ 744D              // .c           c --
1035+ 744D              // intermediate general purpose string builder, used by ." and .(
1036+ 744D                              Colon_Def DOT_C,  ".C", is_immediate
1036+ 744D             >                New_Def  DOT_C, ".C", Enter_Ptr, is_immediate ; ok
1036+ 744D             >temp_NFA        defl    $                   // save this NFA address to temp_NFA
1036+ 744D             >
1036+ 744D             >                // dummy db directives used to calculate length of namec
1036+ 744D 2E 43       >                db      ".C"
1036+ 744F             >len_NFA         defl    $ - temp_NFA
1036+ 744F             >                org     $ - len_NFA         // rewind to temp_NFA and re-do NFA part
1036+ 744D             >
1036+ 744D C2          >                db      len_NFA | END_BIT | is_immediate  // The start of NFA must have msb set to signal the beginning of the sounted string
1036+ 744E 2E 43       >                db      ".C"               // name string in 7-bit ascii, but
1036+ 7450             >                org     $-1                 // alter last byte of Name just above to set
1036+ 744F C3          >                db      {b $} | END_BIT     // msb as name end
1036+ 7450             >
1036+ 7450 33 74       >                dw      last_NFA            // Link to previous definition Name
1036+ 7452             >DOT_C:          if Enter_Ptr != 0 ; ok        // This is the start address of the direct jp(hl)
1036+ 7452 CD CE 6B    >                call    Enter_Ptr ; ok        // for primitive definitions  actual code
1036+ 7455             >
1036+ 7455             >
1036+ 7455             >                endif           ; ok        // for other definitions it "points" the correct handler
1036+ 7455             >                // Use of "; ok" to suppress "warning[fwdref]"
1036+ 7455             >
1036+ 7455             >last_NFA        defl    temp_NFA            // keep track of NFA saved above
1037+ 7455 AF 6D EF 6A                  dw      STATE, FETCH            // state @
1038+ 7459                                                              // if
1039+ 7459 B5 64                        dw      ZBRANCH
1040+ 745B 12 00                        dw      Dot_C_Else - $
1041+ 745D B6 70 0A 74                  dw          COMPILE, C_DOT_QUOTE //     compile (.")
1042+ 7461 BA 73 09 6B                  dw          WORD, CFETCH        //      word c@
1043+ 7465 70 69 64 6E                  dw          ONE_PLUS, ALLOT     //      1+ allot
1044+ 7469                                                              // else
1045+ 7469 A9 64                        dw      BRANCH
1046+ 746B 08 00                        dw      Dot_C_Endif - $
1047+ 746D              Dot_C_Else:
1048+ 746D BA 73 CC 71                  dw          WORD, COUNT, TYPE   //      word count type
1048+ 7471 32 72
1049+ 7473              Dot_C_Endif:                                    // endif
1050+ 7473 EB 68                        dw      EXIT                    ;
1051+ 7475
1052+ 7475              //  ______________________________________________________________________
1053+ 7475              //
1054+ 7475              // ."           c --
1055+ 7475                              Colon_Def DOT_QUOTE,  '."', is_immediate
1055+ 7475             >                New_Def  DOT_QUOTE, '."', Enter_Ptr, is_immediate ; ok
1055+ 7475             >temp_NFA        defl    $                   // save this NFA address to temp_NFA
1055+ 7475             >
1055+ 7475             >                // dummy db directives used to calculate length of namec
1055+ 7475 2E 22       >                db      '."'
1055+ 7477             >len_NFA         defl    $ - temp_NFA
1055+ 7477             >                org     $ - len_NFA         // rewind to temp_NFA and re-do NFA part
1055+ 7475             >
1055+ 7475 C2          >                db      len_NFA | END_BIT | is_immediate  // The start of NFA must have msb set to signal the beginning of the sounted string
1055+ 7476 2E 22       >                db      '."'               // name string in 7-bit ascii, but
1055+ 7478             >                org     $-1                 // alter last byte of Name just above to set
1055+ 7477 A2          >                db      {b $} | END_BIT     // msb as name end
1055+ 7478             >
1055+ 7478 4D 74       >                dw      last_NFA            // Link to previous definition Name
1055+ 747A             >DOT_QUOTE:          if Enter_Ptr != 0 ; ok        // This is the start address of the direct jp(hl)
1055+ 747A CD CE 6B    >                call    Enter_Ptr ; ok        // for primitive definitions  actual code
1055+ 747D             >
1055+ 747D             >
1055+ 747D             >                endif           ; ok        // for other definitions it "points" the correct handler
1055+ 747D             >                // Use of "; ok" to suppress "warning[fwdref]"
1055+ 747D             >
1055+ 747D             >last_NFA        defl    temp_NFA            // keep track of NFA saved above
1056+ 747D 3F 64 22 00                  dw      LIT, DQUOTE_CHAR        // [char] "
1057+ 7481 52 74                        dw      DOT_C                   // [compile] .c
1058+ 7483 EB 68                        dw      EXIT                    // ; immediate
1059+ 7485
1060+ 7485              //  ______________________________________________________________________
1061+ 7485              //
1062+ 7485              // .(           c --
1063+ 7485                              Colon_Def DOT_BRACKET,  ".(", is_immediate
1063+ 7485             >                New_Def  DOT_BRACKET, ".(", Enter_Ptr, is_immediate ; ok
1063+ 7485             >temp_NFA        defl    $                   // save this NFA address to temp_NFA
1063+ 7485             >
1063+ 7485             >                // dummy db directives used to calculate length of namec
1063+ 7485 2E 28       >                db      ".("
1063+ 7487             >len_NFA         defl    $ - temp_NFA
1063+ 7487             >                org     $ - len_NFA         // rewind to temp_NFA and re-do NFA part
1063+ 7485             >
1063+ 7485 C2          >                db      len_NFA | END_BIT | is_immediate  // The start of NFA must have msb set to signal the beginning of the sounted string
1063+ 7486 2E 28       >                db      ".("               // name string in 7-bit ascii, but
1063+ 7488             >                org     $-1                 // alter last byte of Name just above to set
1063+ 7487 A8          >                db      {b $} | END_BIT     // msb as name end
1063+ 7488             >
1063+ 7488 75 74       >                dw      last_NFA            // Link to previous definition Name
1063+ 748A             >DOT_BRACKET:          if Enter_Ptr != 0 ; ok        // This is the start address of the direct jp(hl)
1063+ 748A CD CE 6B    >                call    Enter_Ptr ; ok        // for primitive definitions  actual code
1063+ 748D             >
1063+ 748D             >
1063+ 748D             >                endif           ; ok        // for other definitions it "points" the correct handler
1063+ 748D             >                // Use of "; ok" to suppress "warning[fwdref]"
1063+ 748D             >
1063+ 748D             >last_NFA        defl    temp_NFA            // keep track of NFA saved above
1064+ 748D 3F 64 29 00                  dw      LIT, ")"                // [char] )
1065+ 7491 52 74                        dw      DOT_C                   // [compile] .c
1066+ 7493 EB 68                        dw      EXIT                    // ; immediate
1067+ 7495
1068+ 7495              // ______________________________________________________________________
1069+ 7495
1070+ 7495              // A floating point number is stored in stack in 4 bytes (HLDE)
1071+ 7495              // instead of the usual 5 bytes, so there is a little precision loss
1072+ 7495              // Maybe in the future we'll be able to extend and fix this fact.
1073+ 7495              //
1074+ 7495              // Sign is the msb of H, so you can check for sign in the integer-way.
1075+ 7495              // Exponent +128 is stored in the following 8 bits of HL
1076+ 7495              // Mantissa is stored in L and 16 bits of DE. B is defaulted.
1077+ 7495              //
1078+ 7495              // A floating point number is stored in Spectrum's calculator stack as 5 bytes.
1079+ 7495              // Exponent in A, sign in msb of E, mantissa in the rest of E and DCB.
1080+ 7495              //  H   <->  A    # 0   -> a
1081+ 7495              //  LDE <->  EDC  # 0DE -> eCD
1082+ 7495              //  __  <->  B    # 0
1083+ 7495              // When A is zero, then the float repressent a whole positive number
1084+ 7495
1085+ 7495
1086+ 7495              // 6E51h
1087+ 7495              // FOP    ( n -- )
1088+ 7495              // Floating-Point-Operation
1089+ 7495                              New_Def FOP, "FOP", is_code, is_normal
1089+ 7495             >temp_NFA        defl    $                   // save this NFA address to temp_NFA
1089+ 7495             >
1089+ 7495             >                // dummy db directives used to calculate length of namec
1089+ 7495 46 4F 50    >                db      "FOP"
1089+ 7498             >len_NFA         defl    $ - temp_NFA
1089+ 7498             >                org     $ - len_NFA         // rewind to temp_NFA and re-do NFA part
1089+ 7495             >
1089+ 7495 83          >                db      len_NFA | END_BIT | is_normal  // The start of NFA must have msb set to signal the beginning of the sounted string
1089+ 7496 46 4F 50    >                db      "FOP"               // name string in 7-bit ascii, but
1089+ 7499             >                org     $-1                 // alter last byte of Name just above to set
1089+ 7498 D0          >                db      {b $} | END_BIT     // msb as name end
1089+ 7499             >
1089+ 7499 85 74       >                dw      last_NFA            // Link to previous definition Name
1089+ 749B             >FOP:          if is_code != 0 ; ok        // This is the start address of the direct jp(hl)
1089+ 749B ~           >                call    runcode ; ok        // for primitive definitions  actual code
1089+ 749B ~           >
1089+ 749B ~           >
1089+ 749B             >                endif           ; ok        // for other definitions it "points" the correct handler
1089+ 749B             >                // Use of "; ok" to suppress "warning[fwdref]"
1089+ 749B             >
1089+ 749B             >last_NFA        defl    temp_NFA            // keep track of NFA saved above
1090+ 749B E1                           pop     hl
1091+ 749C C5                           push    bc
1092+ 749D D5                           push    de
1093+ 749E 7D                           ld      a, l
1094+ 749F 32 A3 74                     ld      (Fop_Op),a
1095+ 74A2 EF                           rst     $28
1096+ 74A3 04           Fop_Op:         db $04  // this location is patched each time
1097+ 74A4 38                           db $38  // end of calculation
1098+ 74A5 D1                           pop     de
1099+ 74A6 C1                           pop     bc
1100+ 74A7                              next
1100+ 74A7 DD E9       >                jp      (ix)
1101+ 74A9
1102+ 74A9
1103+ 74A9
1104+ 74A9              // 6E11h
1105+ 74A9              // >W    ( d -- )
1106+ 74A9              // takes a double-number from stack and put to floating-pointer stack
1107+ 74A9                              New_Def TO_FPSTACK, ">W", is_code, is_normal
1107+ 74A9             >temp_NFA        defl    $                   // save this NFA address to temp_NFA
1107+ 74A9             >
1107+ 74A9             >                // dummy db directives used to calculate length of namec
1107+ 74A9 3E 57       >                db      ">W"
1107+ 74AB             >len_NFA         defl    $ - temp_NFA
1107+ 74AB             >                org     $ - len_NFA         // rewind to temp_NFA and re-do NFA part
1107+ 74A9             >
1107+ 74A9 82          >                db      len_NFA | END_BIT | is_normal  // The start of NFA must have msb set to signal the beginning of the sounted string
1107+ 74AA 3E 57       >                db      ">W"               // name string in 7-bit ascii, but
1107+ 74AC             >                org     $-1                 // alter last byte of Name just above to set
1107+ 74AB D7          >                db      {b $} | END_BIT     // msb as name end
1107+ 74AC             >
1107+ 74AC 95 74       >                dw      last_NFA            // Link to previous definition Name
1107+ 74AE             >TO_FPSTACK:          if is_code != 0 ; ok        // This is the start address of the direct jp(hl)
1107+ 74AE ~           >                call    runcode ; ok        // for primitive definitions  actual code
1107+ 74AE ~           >
1107+ 74AE ~           >
1107+ 74AE             >                endif           ; ok        // for other definitions it "points" the correct handler
1107+ 74AE             >                // Use of "; ok" to suppress "warning[fwdref]"
1107+ 74AE             >
1107+ 74AE             >last_NFA        defl    temp_NFA            // keep track of NFA saved above
1108+ 74AE D9                           exx
1109+ 74AF E1                           pop     hl
1110+ 74B0 D1                           pop     de
1111+ 74B1
1112+ 74B1 CB 15                        rl      l         // to keep sign as the msb of h,
1113+ 74B3 CB 14                        rl      h         // so you can check for sign in the
1114+ 74B5 CB 1D                        rr      l         // integer-way. sorry.
1115+ 74B7 06 00                        ld      b, $00
1116+ 74B9              //              ld      b, e    // maybe a better fit than c0h
1117+ 74B9 4B                           ld      c, e
1118+ 74BA 5D                           ld      e, l
1119+ 74BB 7C                           ld      a, h
1120+ 74BC A7                           and     a
1121+ 74BD 20 03                        jr      nz, To_FPStack_Endif
1122+ 74BF 62                               ld      h, d  // swap c and d
1123+ 74C0 51                               ld      d, c
1124+ 74C1 4C                               ld      c, h
1125+ 74C2              To_FPStack_Endif:                // here disp, \ then,
1126+ 74C2 CD B6 2A                     call    $2ab6
1127+ 74C5 D9                           exx
1128+ 74C6                              next
1128+ 74C6 DD E9       >                jp      (ix)
1129+ 74C8
1130+ 74C8
1131+ 74C8              // 6E33h
1132+ 74C8              // W>    ( -- d )
1133+ 74C8              // takes a double-number from stack and put to floating-pointer stack
1134+ 74C8                              New_Def FROM_FPSTACK, "W>", is_code, is_normal
1134+ 74C8             >temp_NFA        defl    $                   // save this NFA address to temp_NFA
1134+ 74C8             >
1134+ 74C8             >                // dummy db directives used to calculate length of namec
1134+ 74C8 57 3E       >                db      "W>"
1134+ 74CA             >len_NFA         defl    $ - temp_NFA
1134+ 74CA             >                org     $ - len_NFA         // rewind to temp_NFA and re-do NFA part
1134+ 74C8             >
1134+ 74C8 82          >                db      len_NFA | END_BIT | is_normal  // The start of NFA must have msb set to signal the beginning of the sounted string
1134+ 74C9 57 3E       >                db      "W>"               // name string in 7-bit ascii, but
1134+ 74CB             >                org     $-1                 // alter last byte of Name just above to set
1134+ 74CA BE          >                db      {b $} | END_BIT     // msb as name end
1134+ 74CB             >
1134+ 74CB A9 74       >                dw      last_NFA            // Link to previous definition Name
1134+ 74CD             >FROM_FPSTACK:          if is_code != 0 ; ok        // This is the start address of the direct jp(hl)
1134+ 74CD ~           >                call    runcode ; ok        // for primitive definitions  actual code
1134+ 74CD ~           >
1134+ 74CD ~           >
1134+ 74CD             >                endif           ; ok        // for other definitions it "points" the correct handler
1134+ 74CD             >                // Use of "; ok" to suppress "warning[fwdref]"
1134+ 74CD             >
1134+ 74CD             >last_NFA        defl    temp_NFA            // keep track of NFA saved above
1135+ 74CD D9                           exx
1136+ 74CE CD F1 2B                     call    $2bf1
1137+ 74D1 A7                           and     a
1138+ 74D2 20 03                        jr      nz, From_FPStack_Endif
1139+ 74D4 62                               ld      h, d   // swap c and d
1140+ 74D5 51                               ld      d, c
1141+ 74D6 4C                               ld      c, h
1142+ 74D7              From_FPStack_Endif:                // here disp, \ then,
1143+ 74D7 67                           ld      h, a
1144+ 74D8 6B                           ld      l, e
1145+ 74D9 59                           ld      e, c      // b is lost precision
1146+ 74DA CB 15                        rl      l         // to keep sign as the msb of h,
1147+ 74DC CB 1C                        rr      h         // so you can check for sign in the
1148+ 74DE CB 1D                        rr      l         // integer-way. sorry.
1149+ 74E0 D5                           push    de
1150+ 74E1 E5                           push    hl
1151+ 74E2 D9                           exx
1152+ 74E3                              next
1152+ 74E3 DD E9       >                jp      (ix)
1153+ 74E5
1154+ 74E5
1155+ 74E5              //  ______________________________________________________________________
1156+ 74E5              //
1157+ 74E5              // (sgn)        a -- a f
1158+ 74E5              // determines if char in addr a is a sign (+ or -), and in that case increments
1159+ 74E5              // a flag. Returns f as the sign, true for negative, false for positive.
1160+ 74E5              // called by NUMBER and (EXP)
1161+ 74E5                              Colon_Def CSGN,  "(SGN)", is_normal
1161+ 74E5             >                New_Def  CSGN, "(SGN)", Enter_Ptr, is_normal ; ok
1161+ 74E5             >temp_NFA        defl    $                   // save this NFA address to temp_NFA
1161+ 74E5             >
1161+ 74E5             >                // dummy db directives used to calculate length of namec
1161+ 74E5 28 53 47 4E >                db      "(SGN)"
1161+ 74E9 29          >
1161+ 74EA             >len_NFA         defl    $ - temp_NFA
1161+ 74EA             >                org     $ - len_NFA         // rewind to temp_NFA and re-do NFA part
1161+ 74E5             >
1161+ 74E5 85          >                db      len_NFA | END_BIT | is_normal  // The start of NFA must have msb set to signal the beginning of the sounted string
1161+ 74E6 28 53 47 4E >                db      "(SGN)"               // name string in 7-bit ascii, but
1161+ 74EA 29          >
1161+ 74EB             >                org     $-1                 // alter last byte of Name just above to set
1161+ 74EA A9          >                db      {b $} | END_BIT     // msb as name end
1161+ 74EB             >
1161+ 74EB C8 74       >                dw      last_NFA            // Link to previous definition Name
1161+ 74ED             >CSGN:          if Enter_Ptr != 0 ; ok        // This is the start address of the direct jp(hl)
1161+ 74ED CD CE 6B    >                call    Enter_Ptr ; ok        // for primitive definitions  actual code
1161+ 74F0             >
1161+ 74F0             >
1161+ 74F0             >                endif           ; ok        // for other definitions it "points" the correct handler
1161+ 74F0             >                // Use of "; ok" to suppress "warning[fwdref]"
1161+ 74F0             >
1161+ 74F0             >last_NFA        defl    temp_NFA            // keep track of NFA saved above
1162+ 74F0 15 6A 70 69                  dw      DUP, ONE_PLUS, CFETCH   // dup 1+ c@
1162+ 74F4 09 6B
1163+ 74F6 15 6A 3F 64                  dw      DUP, LIT, "-", EQUALS   // dup [char] - =
1163+ 74FA 2D 00 B1 6E
1164+ 74FE                                                              // if
1165+ 74FE B5 64                        dw      ZBRANCH
1166+ 7500 12 00                        dw      CSgn_Else_0 - $
1167+ 7502 E8 69                        dw          DROP                //      drop
1168+ 7504 70 69                        dw          ONE_PLUS            //      1+
1169+ 7506 4F 6C C4 6D                  dw          ONE, DPL, PLUSSTORE //      1 dpl +!
1169+ 750A CE 6A
1170+ 750C 4F 6C                        dw          ONE                 //      1
1171+ 750E                                                              // else
1172+ 750E A9 64                        dw      BRANCH
1173+ 7510 16 00                        dw      CSgn_Endif_0 - $
1174+ 7512              CSgn_Else_0:
1175+ 7512 3F 64 2B 00                  dw          LIT, "+", EQUALS    //      [char] + =
1175+ 7516 B1 6E
1176+ 7518                                                              //      if
1177+ 7518 B5 64                        dw          ZBRANCH
1178+ 751A 0A 00                        dw          CSgn_Endif_1 - $
1179+ 751C 70 69                        dw              ONE_PLUS        //          1+
1180+ 751E 4F 6C C4 6D                  dw              ONE, DPL        //          1 dpl
1181+ 7522 CE 6A                        dw              PLUSSTORE       //          +!
1182+ 7524              CSgn_Endif_1                                    //      endif
1183+ 7524 46 6C                        dw          ZERO                //      0
1184+ 7526              CSgn_Endif_0:                                   // endif
1185+ 7526 EB 68                        dw      EXIT
1186+ 7528
1187+ 7528              //  ______________________________________________________________________
1188+ 7528              //
1189+ 7528              // (number)     d a -- d1 a1
1190+ 7528              // using the current BASE parse characters stored in address a
1191+ 7528              // accumulating a double precision integer d
1192+ 7528              // the process stops at the first not-convertible character
1193+ 7528              // A double-number is kept in CPU registers as HLDE.
1194+ 7528              // On the stack a double number is treated as two single numbers
1195+ 7528              // where HL is on the top of the stack and DE is the second from top,
1196+ 7528              // so in the stack memory it appears as LHED.
1197+ 7528              // Instead, in 2VARIABLE a double number is stored as EDLH.
1198+ 7528                              Colon_Def CNUMBER,  "(NUMBER)", is_normal
1198+ 7528             >                New_Def  CNUMBER, "(NUMBER)", Enter_Ptr, is_normal ; ok
1198+ 7528             >temp_NFA        defl    $                   // save this NFA address to temp_NFA
1198+ 7528             >
1198+ 7528             >                // dummy db directives used to calculate length of namec
1198+ 7528 28 4E 55 4D >                db      "(NUMBER)"
1198+ 752C 42 45 52 29 >
1198+ 7530             >len_NFA         defl    $ - temp_NFA
1198+ 7530             >                org     $ - len_NFA         // rewind to temp_NFA and re-do NFA part
1198+ 7528             >
1198+ 7528 88          >                db      len_NFA | END_BIT | is_normal  // The start of NFA must have msb set to signal the beginning of the sounted string
1198+ 7529 28 4E 55 4D >                db      "(NUMBER)"               // name string in 7-bit ascii, but
1198+ 752D 42 45 52 29 >
1198+ 7531             >                org     $-1                 // alter last byte of Name just above to set
1198+ 7530 A9          >                db      {b $} | END_BIT     // msb as name end
1198+ 7531             >
1198+ 7531 E5 74       >                dw      last_NFA            // Link to previous definition Name
1198+ 7533             >CNUMBER:          if Enter_Ptr != 0 ; ok        // This is the start address of the direct jp(hl)
1198+ 7533 CD CE 6B    >                call    Enter_Ptr ; ok        // for primitive definitions  actual code
1198+ 7536             >
1198+ 7536             >
1198+ 7536             >                endif           ; ok        // for other definitions it "points" the correct handler
1198+ 7536             >                // Use of "; ok" to suppress "warning[fwdref]"
1198+ 7536             >
1198+ 7536             >last_NFA        defl    temp_NFA            // keep track of NFA saved above
1199+ 7536                                                              // begin
1200+ 7536              CNumber_Begin:
1201+ 7536 70 69                        dw          ONE_PLUS            //      1+
1202+ 7538 15 6A F8 68                  dw          DUP, TO_R           //      dup >r
1203+ 753C 09 6B                        dw          CFETCH              //      @
1204+ 753E BA 6D EF 6A                  dw          BASE, FETCH         //      base @
1205+ 7542 26 65                        dw          DIGIT               //      digit
1206+ 7544                                                              // while
1207+ 7544 B5 64                        dw      ZBRANCH
1208+ 7546 2C 00                        dw      CNumber_While_end - $
1209+ 7548 0A 6A                        dw          SWAP                //      swap
1210+ 754A BA 6D EF 6A                  dw          BASE, FETCH         //      base @
1211+ 754E 34 68                        dw          UM_MUL              //      um*
1212+ 7550 E8 69 20 6A                  dw          DROP, ROT           //      drop rot
1213+ 7554 BA 6D EF 6A                  dw          BASE, FETCH         //      base @
1214+ 7558 34 68                        dw          UM_MUL              //      um*
1215+ 755A 5E 69                        dw          DPLUS               //      d+
1216+ 755C C4 6D EF 6A                  dw          DPL, FETCH          //      dpl @
1217+ 7560 70 69                        dw          ONE_PLUS            //      1+
1218+ 7562                                                              //      if
1219+ 7562 B5 64                        dw          ZBRANCH
1220+ 7564 08 00                        dw          CNumber_Endif - $
1221+ 7566 4F 6C C4 6D                  dw              ONE, DPL        //          1 dpl
1222+ 756A CE 6A                        dw              PLUSSTORE       //          +!
1223+ 756C              CNumber_Endif:                                  //      endif
1224+ 756C 06 69                        dw             R_TO             //      r>  ( balance rp )
1225+ 756E A9 64                        dw      BRANCH
1226+ 7570 C6 FF                        dw      CNumber_Begin - $
1227+ 7572              CNumber_While_end:                              // repeat
1228+ 7572 06 69                        dw      R_TO                    // r>  ( balance rp on exit while-repeat )
1229+ 7574 EB 68                        dw      EXIT                    // ;
1230+ 7576
1231+ 7576              //  ______________________________________________________________________
1232+ 7576              //
1233+ 7576              // (prefix)
1234+ 7576                              Colon_Def CPREFIX,  "(PREFIX)", is_normal
1234+ 7576             >                New_Def  CPREFIX, "(PREFIX)", Enter_Ptr, is_normal ; ok
1234+ 7576             >temp_NFA        defl    $                   // save this NFA address to temp_NFA
1234+ 7576             >
1234+ 7576             >                // dummy db directives used to calculate length of namec
1234+ 7576 28 50 52 45 >                db      "(PREFIX)"
1234+ 757A 46 49 58 29 >
1234+ 757E             >len_NFA         defl    $ - temp_NFA
1234+ 757E             >                org     $ - len_NFA         // rewind to temp_NFA and re-do NFA part
1234+ 7576             >
1234+ 7576 88          >                db      len_NFA | END_BIT | is_normal  // The start of NFA must have msb set to signal the beginning of the sounted string
1234+ 7577 28 50 52 45 >                db      "(PREFIX)"               // name string in 7-bit ascii, but
1234+ 757B 46 49 58 29 >
1234+ 757F             >                org     $-1                 // alter last byte of Name just above to set
1234+ 757E A9          >                db      {b $} | END_BIT     // msb as name end
1234+ 757F             >
1234+ 757F 28 75       >                dw      last_NFA            // Link to previous definition Name
1234+ 7581             >CPREFIX:          if Enter_Ptr != 0 ; ok        // This is the start address of the direct jp(hl)
1234+ 7581 CD CE 6B    >                call    Enter_Ptr ; ok        // for primitive definitions  actual code
1234+ 7584             >
1234+ 7584             >
1234+ 7584             >                endif           ; ok        // for other definitions it "points" the correct handler
1234+ 7584             >                // Use of "; ok" to suppress "warning[fwdref]"
1234+ 7584             >
1234+ 7584             >last_NFA        defl    temp_NFA            // keep track of NFA saved above
1235+ 7584 15 6A 70 69                  dw      DUP, ONE_PLUS, CFETCH   // dup 1+ c@
1235+ 7588 09 6B
1236+ 758A 15 6A F8 68                  dw      DUP, TO_R               // dup >r
1237+ 758E 3F 64 24 00                  dw      LIT, "$", EQUALS        // [char] $ =
1237+ 7592 B1 6E
1238+ 7594                                                              // if
1239+ 7594 B5 64                        dw      ZBRANCH
1240+ 7596 06 00                        dw      CPrefix_Endif_0 - $
1241+ 7598 70 69                        dw          ONE_PLUS            //      1+
1242+ 759A 30 71                        dw          HEX
1243+ 759C              CPrefix_Endif_0:                                // endif
1244+ 759C 14 69                        dw      R_OP                    // r@
1245+ 759E 3F 64 25 00                  dw      LIT, "%", EQUALS        // [char] $ =
1245+ 75A2 B1 6E
1246+ 75A4                                                              // if
1247+ 75A4 B5 64                        dw      ZBRANCH
1248+ 75A6 0A 00                        dw      CPrefix_Endif_1 - $
1249+ 75A8 70 69                        dw          ONE_PLUS            //      1+
1250+ 75AA 58 6C                        dw          TWO
1251+ 75AC BA 6D FB 6A                  dw          BASE, STORE         //      2 base !
1252+ 75B0              CPrefix_Endif_1:                                // endif
1253+ 75B0 06 69                        dw      R_TO                    // r>
1254+ 75B2 3F 64 23 00                  dw      LIT, "#", EQUALS        // [char] $ =
1254+ 75B6 B1 6E
1255+ 75B8                                                              // if
1256+ 75B8 B5 64                        dw      ZBRANCH
1257+ 75BA 06 00                        dw      CPrefix_Endif_2 - $
1258+ 75BC 70 69                        dw          ONE_PLUS            //      1+
1259+ 75BE 47 71                        dw          DECIMAL
1260+ 75C0              CPrefix_Endif_2:                                // endif
1261+ 75C0 EB 68                        dw      EXIT
1262+ 75C2
1263+ 75C2              //  ______________________________________________________________________
1264+ 75C2
1265+ 75C2              PDOM_PTR:
1266+ 75C2              //              New_Def PDOM,   "PDOM", Create_Ptr, is_normal
1267+ 75C2 2C 2F 2D 3A                  db ',/-:'
1268+ 75C6              PCDM_PTR:
1269+ 75C6              //              New_Def PCDM,   "PCDM", Create_Ptr, is_normal
1270+ 75C6 2E 2E 2E 2E                  db '....'
1271+ 75CA
1272+ 75CA              //  ______________________________________________________________________
1273+ 75CA              //
1274+ 75CA              // number       a -- d
1275+ 75CA                              Colon_Def NUMBER,  "NUMBER", is_normal
1275+ 75CA             >                New_Def  NUMBER, "NUMBER", Enter_Ptr, is_normal ; ok
1275+ 75CA             >temp_NFA        defl    $                   // save this NFA address to temp_NFA
1275+ 75CA             >
1275+ 75CA             >                // dummy db directives used to calculate length of namec
1275+ 75CA 4E 55 4D 42 >                db      "NUMBER"
1275+ 75CE 45 52       >
1275+ 75D0             >len_NFA         defl    $ - temp_NFA
1275+ 75D0             >                org     $ - len_NFA         // rewind to temp_NFA and re-do NFA part
1275+ 75CA             >
1275+ 75CA 86          >                db      len_NFA | END_BIT | is_normal  // The start of NFA must have msb set to signal the beginning of the sounted string
1275+ 75CB 4E 55 4D 42 >                db      "NUMBER"               // name string in 7-bit ascii, but
1275+ 75CF 45 52       >
1275+ 75D1             >                org     $-1                 // alter last byte of Name just above to set
1275+ 75D0 D2          >                db      {b $} | END_BIT     // msb as name end
1275+ 75D1             >
1275+ 75D1 76 75       >                dw      last_NFA            // Link to previous definition Name
1275+ 75D3             >NUMBER:          if Enter_Ptr != 0 ; ok        // This is the start address of the direct jp(hl)
1275+ 75D3 CD CE 6B    >                call    Enter_Ptr ; ok        // for primitive definitions  actual code
1275+ 75D6             >
1275+ 75D6             >
1275+ 75D6             >                endif           ; ok        // for other definitions it "points" the correct handler
1275+ 75D6             >                // Use of "; ok" to suppress "warning[fwdref]"
1275+ 75D6             >
1275+ 75D6             >last_NFA        defl    temp_NFA            // keep track of NFA saved above
1276+ 75D6 46 6C 46 6C                  dw      ZERO, ZERO              // 0 0
1277+ 75DA 20 6A                        dw      ROT                     // rot
1278+ 75DC
1279+ 75DC BA 6D EF 6A                  dw      BASE, FETCH, TO_R       // base @ >r  // ***
1279+ 75E0 F8 68
1280+ 75E2 81 75                        dw      CPREFIX                 // (prefix)   // ***
1281+ 75E4
1282+ 75E4 ED 74 F8 68                  dw      CSGN, TO_R              // (sgn) >r
1283+ 75E8
1284+ 75E8 6B 6C C4 6D                  dw      NEG_ONE, DPL, STORE     // -1 dpl !
1284+ 75EC FB 6A
1285+ 75EE 33 75                        dw      CNUMBER                 // (number)
1286+ 75F0              Number_Begin:                                   // begin
1287+ 75F0 15 6A 09 6B                  dw        DUP, CFETCH             // dup c@
1288+ 75F4 F8 68                        dw        TO_R                    // >r
1289+ 75F6                          //  dw        PCDM, PDOM              //  pcdm pdom
1290+ 75F6 3F 64 C6 75                  dw        LIT, PCDM_PTR           //
1291+ 75FA 3F 64 C2 75                  dw        LIT, PDOM_PTR           //
1292+ 75FE 3F 64 04 00                  dw        LIT, 4                  //  4
1293+ 7602 06 69                        dw        R_TO                    // r>
1294+ 7604 24 66                        dw        C_MAP                   // (map)
1295+ 7606 46 6C 0A 6A                  dw        ZERO, SWAP              // 0 swap
1296+ 760A 3F 64 2E 00                  dw        LIT, ".", EQUALS        // [char] . =  ( decimal point )
1296+ 760E B1 6E
1297+ 7610
1298+ 7610 B5 64                        dw        ZBRANCH                 // if
1299+ 7612 0A 00                        dw        Number_Endif_1 - $
1300+ 7614 46 6C C4 6D                  dw          ZERO, DPL, STORE        //      0 dpl !
1300+ 7618 FB 6A
1301+ 761A 70 69                        dw          ONE_PLUS                //      1+
1302+ 761C              Number_Endif_1:                                   // endif
1303+ 761C
1304+ 761C B5 64                        dw      ZBRANCH                // while
1305+ 761E 08 00                        dw      Number_While_end - $
1306+ 7620 33 75                        dw        CNUMBER                 // (number)
1307+ 7622 A9 64                        dw      BRANCH
1308+ 7624 CC FF                        dw      Number_Begin - $
1309+ 7626              Number_While_end:                               // repeat
1310+ 7626
1311+ 7626 09 6B 75 6C                  dw      CFETCH, BL              // c@ bl
1312+ 762A A3 6E 46 6C                  dw      SUBTRACT, ZERO, QERROR  // - 0 ?error
1312+ 762E 1D 70
1313+ 7630 06 69                        dw      R_TO                    // r>
1314+ 7632                                                              // if
1315+ 7632 B5 64                        dw      ZBRANCH
1316+ 7634 04 00                        dw      Number_Endif_2 - $
1317+ 7636 C8 69                        dw          DMINUS              //      dminus
1318+ 7638              Number_Endif_2:                                 // endif
1319+ 7638 06 69 BA 6D                  dw      R_TO, BASE, STORE       // r> base !  // ***
1319+ 763C FB 6A
1320+ 763E EB 68                        dw      EXIT                    // ;
1321+ 7640
1322+ 7640              //  ______________________________________________________________________
1323+ 7640              //
1324+ 7640              // twofind      a -- d
1325+ 7640                              Colon_Def TWOFIND,  "2FIND", is_normal
1325+ 7640             >                New_Def  TWOFIND, "2FIND", Enter_Ptr, is_normal ; ok
1325+ 7640             >temp_NFA        defl    $                   // save this NFA address to temp_NFA
1325+ 7640             >
1325+ 7640             >                // dummy db directives used to calculate length of namec
1325+ 7640 32 46 49 4E >                db      "2FIND"
1325+ 7644 44          >
1325+ 7645             >len_NFA         defl    $ - temp_NFA
1325+ 7645             >                org     $ - len_NFA         // rewind to temp_NFA and re-do NFA part
1325+ 7640             >
1325+ 7640 85          >                db      len_NFA | END_BIT | is_normal  // The start of NFA must have msb set to signal the beginning of the sounted string
1325+ 7641 32 46 49 4E >                db      "2FIND"               // name string in 7-bit ascii, but
1325+ 7645 44          >
1325+ 7646             >                org     $-1                 // alter last byte of Name just above to set
1325+ 7645 C4          >                db      {b $} | END_BIT     // msb as name end
1325+ 7646             >
1325+ 7646 CA 75       >                dw      last_NFA            // Link to previous definition Name
1325+ 7648             >TWOFIND:          if Enter_Ptr != 0 ; ok        // This is the start address of the direct jp(hl)
1325+ 7648 CD CE 6B    >                call    Enter_Ptr ; ok        // for primitive definitions  actual code
1325+ 764B             >
1325+ 764B             >
1325+ 764B             >                endif           ; ok        // for other definitions it "points" the correct handler
1325+ 764B             >                // Use of "; ok" to suppress "warning[fwdref]"
1325+ 764B             >
1325+ 764B             >last_NFA        defl    temp_NFA            // keep track of NFA saved above
1326+ 764B F8 68 14 69                  dw      TO_R, R_OP              // >r r@
1327+ 764F 95 6D EF 6A                  dw      CONTEXT, FETCH, FETCH   // context @ @
1327+ 7653 EF 6A
1328+ 7655 95 65                        dw      C_FIND                  // (find)
1329+ 7657 1C 6F                        dw      QDUP                    // ?dup
1330+ 7659 1C 69                        dw      ZEQUAL                  // 0=
1331+ 765B                                                              // if
1332+ 765B B5 64                        dw      ZBRANCH
1333+ 765D 08 00                        dw      LFind_Endif - $
1334+ 765F 14 69                        dw          R_OP                //      r@
1335+ 7661 8B 6F                        dw          LATEST              //      latest
1336+ 7663 95 65                        dw          C_FIND              //      (find)
1337+ 7665              LFind_Endif:                                    // endif
1338+ 7665 06 69 E8 69                  dw      R_TO, DROP              // r> drop
1339+ 7669 EB 68                        dw      EXIT                    // ;
1340+ 766B
1341+ 766B              //  ______________________________________________________________________
1342+ 766B              //
1343+ 766B              // -find        a -- d
1344+ 766B                              Colon_Def LFIND,  "-FIND", is_normal
1344+ 766B             >                New_Def  LFIND, "-FIND", Enter_Ptr, is_normal ; ok
1344+ 766B             >temp_NFA        defl    $                   // save this NFA address to temp_NFA
1344+ 766B             >
1344+ 766B             >                // dummy db directives used to calculate length of namec
1344+ 766B 2D 46 49 4E >                db      "-FIND"
1344+ 766F 44          >
1344+ 7670             >len_NFA         defl    $ - temp_NFA
1344+ 7670             >                org     $ - len_NFA         // rewind to temp_NFA and re-do NFA part
1344+ 766B             >
1344+ 766B 85          >                db      len_NFA | END_BIT | is_normal  // The start of NFA must have msb set to signal the beginning of the sounted string
1344+ 766C 2D 46 49 4E >                db      "-FIND"               // name string in 7-bit ascii, but
1344+ 7670 44          >
1344+ 7671             >                org     $-1                 // alter last byte of Name just above to set
1344+ 7670 C4          >                db      {b $} | END_BIT     // msb as name end
1344+ 7671             >
1344+ 7671 40 76       >                dw      last_NFA            // Link to previous definition Name
1344+ 7673             >LFIND:          if Enter_Ptr != 0 ; ok        // This is the start address of the direct jp(hl)
1344+ 7673 CD CE 6B    >                call    Enter_Ptr ; ok        // for primitive definitions  actual code
1344+ 7676             >
1344+ 7676             >
1344+ 7676             >                endif           ; ok        // for other definitions it "points" the correct handler
1344+ 7676             >                // Use of "; ok" to suppress "warning[fwdref]"
1344+ 7676             >
1344+ 7676             >last_NFA        defl    temp_NFA            // keep track of NFA saved above
1345+ 7676 75 6C BA 73                  dw      BL, WORD                // bl word
1346+ 767A 48 76                        dw      TWOFIND                 // 2find
1347+ 767C EB 68                        dw      EXIT                    // ;
1348+ 767E
1349+ 767E              //  ______________________________________________________________________
1350+ 767E              //
1351+ 767E              // (abort)      --
1352+ 767E                              Colon_Def CABORT,  "(ABORT)", is_normal
1352+ 767E             >                New_Def  CABORT, "(ABORT)", Enter_Ptr, is_normal ; ok
1352+ 767E             >temp_NFA        defl    $                   // save this NFA address to temp_NFA
1352+ 767E             >
1352+ 767E             >                // dummy db directives used to calculate length of namec
1352+ 767E 28 41 42 4F >                db      "(ABORT)"
1352+ 7682 52 54 29    >
1352+ 7685             >len_NFA         defl    $ - temp_NFA
1352+ 7685             >                org     $ - len_NFA         // rewind to temp_NFA and re-do NFA part
1352+ 767E             >
1352+ 767E 87          >                db      len_NFA | END_BIT | is_normal  // The start of NFA must have msb set to signal the beginning of the sounted string
1352+ 767F 28 41 42 4F >                db      "(ABORT)"               // name string in 7-bit ascii, but
1352+ 7683 52 54 29    >
1352+ 7686             >                org     $-1                 // alter last byte of Name just above to set
1352+ 7685 A9          >                db      {b $} | END_BIT     // msb as name end
1352+ 7686             >
1352+ 7686 6B 76       >                dw      last_NFA            // Link to previous definition Name
1352+ 7688             >CABORT:          if Enter_Ptr != 0 ; ok        // This is the start address of the direct jp(hl)
1352+ 7688 CD CE 6B    >                call    Enter_Ptr ; ok        // for primitive definitions  actual code
1352+ 768B             >
1352+ 768B             >
1352+ 768B             >                endif           ; ok        // for other definitions it "points" the correct handler
1352+ 768B             >                // Use of "; ok" to suppress "warning[fwdref]"
1352+ 768B             >
1352+ 768B             >last_NFA        defl    temp_NFA            // keep track of NFA saved above
1353+ 768B 5C 79                        dw      ABORT                   // abort
1354+ 768D EB 68                        dw      EXIT                    // ;
1355+ 768F
1356+ 768F              //  ______________________________________________________________________
1357+ 768F              //
1358+ 768F              // error        n --
1359+ 768F              // raise an error
1360+ 768F              // if WARNING is 0, prints "MSG#n".
1361+ 768F              // if WARNING is 1, prints line n of screen 4.
1362+ 768F              // if WARNING is -1 does (ABORT) that normally does ABORT
1363+ 768F              // value can be negative or beyond block 4.
1364+ 768F                              Colon_Def ERROR,  "ERROR", is_normal
1364+ 768F             >                New_Def  ERROR, "ERROR", Enter_Ptr, is_normal ; ok
1364+ 768F             >temp_NFA        defl    $                   // save this NFA address to temp_NFA
1364+ 768F             >
1364+ 768F             >                // dummy db directives used to calculate length of namec
1364+ 768F 45 52 52 4F >                db      "ERROR"
1364+ 7693 52          >
1364+ 7694             >len_NFA         defl    $ - temp_NFA
1364+ 7694             >                org     $ - len_NFA         // rewind to temp_NFA and re-do NFA part
1364+ 768F             >
1364+ 768F 85          >                db      len_NFA | END_BIT | is_normal  // The start of NFA must have msb set to signal the beginning of the sounted string
1364+ 7690 45 52 52 4F >                db      "ERROR"               // name string in 7-bit ascii, but
1364+ 7694 52          >
1364+ 7695             >                org     $-1                 // alter last byte of Name just above to set
1364+ 7694 D2          >                db      {b $} | END_BIT     // msb as name end
1364+ 7695             >
1364+ 7695 7E 76       >                dw      last_NFA            // Link to previous definition Name
1364+ 7697             >ERROR:          if Enter_Ptr != 0 ; ok        // This is the start address of the direct jp(hl)
1364+ 7697 CD CE 6B    >                call    Enter_Ptr ; ok        // for primitive definitions  actual code
1364+ 769A             >
1364+ 769A             >
1364+ 769A             >                endif           ; ok        // for other definitions it "points" the correct handler
1364+ 769A             >                // Use of "; ok" to suppress "warning[fwdref]"
1364+ 769A             >
1364+ 769A             >last_NFA        defl    temp_NFA            // keep track of NFA saved above
1365+ 769A 00 6D EF 6A                  dw      WARNING, FETCH, ZLESS   // warning @ 0<
1365+ 769E 35 69
1366+ 76A0                                                              // if
1367+ 76A0 B5 64                        dw      ZBRANCH
1368+ 76A2 04 00                        dw      Error_Endif_1 - $
1369+ 76A4 88 76                        dw          CABORT              //      (abort)
1370+ 76A6              Error_Endif_1:                                  // endif
1371+ 76A6 53 6E CC 71                  dw      HERE, COUNT, TYPE       // here count type
1371+ 76AA 32 72
1372+ 76AC 0A 74                        dw      C_DOT_QUOTE             // .( ? )
1373+ 76AE 02 3F 20                     db      2, "? "
1374+ 76B1 A1 7B                        dw      MESSAGE                 // message  ( forward )
1375+ 76B3 D3 6C EF 6A                  dw      S0, FETCH, SPSTORE      // s0 @ sp!
1375+ 76B7 CE 68
1376+ 76B9 5C 6D EF 6A                  dw      BLK, FETCH, QDUP        // blk @ ?dup
1376+ 76BD 1C 6F
1377+ 76BF                                                              // if
1378+ 76BF B5 64                        dw      ZBRANCH
1379+ 76C1 08 00                        dw      Error_Endif_2 - $
1380+ 76C3 66 6D EF 6A                  dw          TO_IN, FETCH, SWAP  //      >in @ swap
1380+ 76C7 0A 6A
1381+ 76C9              Error_Endif_2:                                  // endif
1382+ 76C9 22 79                        dw      QUIT                    // quit ( forward )
1383+ 76CB EB 68                        dw      EXIT                    // ;
1384+ 76CD              //  ______________________________________________________________________
1385+ 76CD              //
1386+ 76CD              // id.          nfa --
1387+ 76CD                              Colon_Def ID_DOT,  "ID.", is_normal
1387+ 76CD             >                New_Def  ID_DOT, "ID.", Enter_Ptr, is_normal ; ok
1387+ 76CD             >temp_NFA        defl    $                   // save this NFA address to temp_NFA
1387+ 76CD             >
1387+ 76CD             >                // dummy db directives used to calculate length of namec
1387+ 76CD 49 44 2E    >                db      "ID."
1387+ 76D0             >len_NFA         defl    $ - temp_NFA
1387+ 76D0             >                org     $ - len_NFA         // rewind to temp_NFA and re-do NFA part
1387+ 76CD             >
1387+ 76CD 83          >                db      len_NFA | END_BIT | is_normal  // The start of NFA must have msb set to signal the beginning of the sounted string
1387+ 76CE 49 44 2E    >                db      "ID."               // name string in 7-bit ascii, but
1387+ 76D1             >                org     $-1                 // alter last byte of Name just above to set
1387+ 76D0 AE          >                db      {b $} | END_BIT     // msb as name end
1387+ 76D1             >
1387+ 76D1 8F 76       >                dw      last_NFA            // Link to previous definition Name
1387+ 76D3             >ID_DOT:          if Enter_Ptr != 0 ; ok        // This is the start address of the direct jp(hl)
1387+ 76D3 CD CE 6B    >                call    Enter_Ptr ; ok        // for primitive definitions  actual code
1387+ 76D6             >
1387+ 76D6             >
1387+ 76D6             >                endif           ; ok        // for other definitions it "points" the correct handler
1387+ 76D6             >                // Use of "; ok" to suppress "warning[fwdref]"
1387+ 76D6             >
1387+ 76D6             >last_NFA        defl    temp_NFA            // keep track of NFA saved above
1388+ 76D6 A6 73 3F 64                  dw      PAD, LIT, 32, LIT, 96   // pad 32 96
1388+ 76DA 20 00 3F 64
1388+ 76DE 60 00
1389+ 76E0 56 73                        dw      FILL                    // fill
1390+ 76E2 15 6A D1 6F                  dw      DUP, PFA, LFA           // dup pfa lfa
1390+ 76E6 9C 6F
1391+ 76E8 DA 69 A3 6E                  dw      OVER, SUBTRACT          // over -
1392+ 76EC A6 73 0A 6A                  dw      PAD, SWAP               // pad swap
1393+ 76F0 05 68                        dw      CMOVE                   // cmove
1394+ 76F2 A6 73 CC 71                  dw      PAD, COUNT, LIT, $1F    // pad count 01F
1394+ 76F6 3F 64 1F 00
1395+ 76FA 8F 68                        dw      AND_OP                  // and  ( use only lower bits )
1396+ 76FC 32 72 53 6F                  dw      TYPE, SPACE             // type
1397+ 7700 EB 68                        dw      EXIT                    // ;
1398+ 7702
1399+ 7702              //  ______________________________________________________________________
1400+ 7702              //
1401+ 7702              // code         -- cccc
1402+ 7702                              Colon_Def CODE,  "CODE", is_normal
1402+ 7702             >                New_Def  CODE, "CODE", Enter_Ptr, is_normal ; ok
1402+ 7702             >temp_NFA        defl    $                   // save this NFA address to temp_NFA
1402+ 7702             >
1402+ 7702             >                // dummy db directives used to calculate length of namec
1402+ 7702 43 4F 44 45 >                db      "CODE"
1402+ 7706             >len_NFA         defl    $ - temp_NFA
1402+ 7706             >                org     $ - len_NFA         // rewind to temp_NFA and re-do NFA part
1402+ 7702             >
1402+ 7702 84          >                db      len_NFA | END_BIT | is_normal  // The start of NFA must have msb set to signal the beginning of the sounted string
1402+ 7703 43 4F 44 45 >                db      "CODE"               // name string in 7-bit ascii, but
1402+ 7707             >                org     $-1                 // alter last byte of Name just above to set
1402+ 7706 C5          >                db      {b $} | END_BIT     // msb as name end
1402+ 7707             >
1402+ 7707 CD 76       >                dw      last_NFA            // Link to previous definition Name
1402+ 7709             >CODE:          if Enter_Ptr != 0 ; ok        // This is the start address of the direct jp(hl)
1402+ 7709 CD CE 6B    >                call    Enter_Ptr ; ok        // for primitive definitions  actual code
1402+ 770C             >
1402+ 770C             >
1402+ 770C             >                endif           ; ok        // for other definitions it "points" the correct handler
1402+ 770C             >                // Use of "; ok" to suppress "warning[fwdref]"
1402+ 770C             >
1402+ 770C             >last_NFA        defl    temp_NFA            // keep track of NFA saved above
1403+ 770C 73 76                        dw      LFIND                   // -find
1404+ 770E                                                              // if
1405+ 770E B5 64                        dw      ZBRANCH
1406+ 7710 10 00                        dw      Code_Endif - $
1407+ 7712 E8 69                        dw          DROP                //      drop
1408+ 7714 F9 6F D3 76                  dw          TO_NAME, ID_DOT     //      >name id.
1409+ 7718 3F 64 04 00                  dw          LIT, 4, MESSAGE     //      4 message
1409+ 771C A1 7B
1410+ 771E 53 6F                        dw          SPACE               //      space
1411+ 7720              Code_Endif:                                     // endif
1412+ 7720 53 6E                        dw      HERE                    // here
1413+ 7722                                                              // ( ---- here begins NFA ---- )
1414+ 7722 15 6A 09 6B                  dw      DUP, CFETCH             // dup c@
1415+ 7726 F2 6C EF 6A                  dw      WIDTH, FETCH, MIN       // width @ min  ( max 31 character length )
1415+ 772A ED 6E
1416+ 772C 70 69 64 6E                  dw      ONE_PLUS, ALLOT         // 1+ allot
1417+ 7730 15 6A                        dw      DUP                     // dup
1418+ 7732 3F 64                        dw      LIT
1419+ 7734 A0 00                        dw      SMUDGE_BIT | END_BIT    // 160
1420+ 7736 E4 6A                        dw      TOGGLE                  // toggle
1421+ 7738 53 6E 7A 69                  dw      HERE, ONE_SUBTRACT      // here 1- ( last character )
1422+ 773C 3F 64 80 00                  dw      LIT, END_BIT, TOGGLE    // 128 toggle
1422+ 7740 E4 6A
1423+ 7742                                                              // ( ---- here is LFA ---- )
1424+ 7742 8B 6F 71 6E                  dw      LATEST, COMMA           // latest ,
1425+ 7746 A3 6D EF 6A                  dw      CURRENT, FETCH, STORE   // current @ ! ( save this word as the latest )
1425+ 774A FB 6A
1426+ 774C                                                              // ( ---- here is LFA ---- )
1427+ 774C              //              dw      HERE, CELL_PLUS, COMMA  // ( CFA is empty and PFA yet to exist )
1428+ 774C EB 68                        dw      EXIT                    // ;
1429+ 774E
1430+ 774E              //  ______________________________________________________________________
1431+ 774E              //
1432+ 774E              // create       -- cccc     ( compile time )
1433+ 774E              //              -- a        ( run time )
1434+ 774E                              Colon_Def CREATE,  "CREATE", is_normal
1434+ 774E             >                New_Def  CREATE, "CREATE", Enter_Ptr, is_normal ; ok
1434+ 774E             >temp_NFA        defl    $                   // save this NFA address to temp_NFA
1434+ 774E             >
1434+ 774E             >                // dummy db directives used to calculate length of namec
1434+ 774E 43 52 45 41 >                db      "CREATE"
1434+ 7752 54 45       >
1434+ 7754             >len_NFA         defl    $ - temp_NFA
1434+ 7754             >                org     $ - len_NFA         // rewind to temp_NFA and re-do NFA part
1434+ 774E             >
1434+ 774E 86          >                db      len_NFA | END_BIT | is_normal  // The start of NFA must have msb set to signal the beginning of the sounted string
1434+ 774F 43 52 45 41 >                db      "CREATE"               // name string in 7-bit ascii, but
1434+ 7753 54 45       >
1434+ 7755             >                org     $-1                 // alter last byte of Name just above to set
1434+ 7754 C5          >                db      {b $} | END_BIT     // msb as name end
1434+ 7755             >
1434+ 7755 02 77       >                dw      last_NFA            // Link to previous definition Name
1434+ 7757             >CREATE:          if Enter_Ptr != 0 ; ok        // This is the start address of the direct jp(hl)
1434+ 7757 CD CE 6B    >                call    Enter_Ptr ; ok        // for primitive definitions  actual code
1434+ 775A             >
1434+ 775A             >
1434+ 775A             >                endif           ; ok        // for other definitions it "points" the correct handler
1434+ 775A             >                // Use of "; ok" to suppress "warning[fwdref]"
1434+ 775A             >
1434+ 775A             >last_NFA        defl    temp_NFA            // keep track of NFA saved above
1435+ 775A 09 77 04 71                  dw      CODE, SMUDGE            // code smudge
1436+ 775E 3F 64 CD 00                  dw      LIT, $CD, CCOMMA        // 00CD c,
1436+ 7762 83 6E
1437+ 7764 3F 64 23 6C                  dw      LIT, Variable_Ptr, COMMA// Variable_Ptr ,
1437+ 7768 71 6E
1438+ 776A 5E 71                        dw      C_SEMICOLON_CODE
1439+ 776C                              // this routine is called from the call coded in CFA
1440+ 776C              Create_Ptr:
1441+ 776C
1442+ 776C
1443+ 776C
1444+ 776C                              next
1444+ 776C DD E9       >                jp      (ix)
1445+ 776E
1446+ 776E              //  ______________________________________________________________________
1447+ 776E              //
1448+ 776E              // [compile]    -- cccc     ( compile time )
1449+ 776E                              Colon_Def COMPILE_IMMEDIATE,  "[COMPILE]", is_immediate
1449+ 776E             >                New_Def  COMPILE_IMMEDIATE, "[COMPILE]", Enter_Ptr, is_immediate ; ok
1449+ 776E             >temp_NFA        defl    $                   // save this NFA address to temp_NFA
1449+ 776E             >
1449+ 776E             >                // dummy db directives used to calculate length of namec
1449+ 776E 5B 43 4F 4D >                db      "[COMPILE]"
1449+ 7772 50 49 4C 45 >
1449+ 7776 5D          >
1449+ 7777             >len_NFA         defl    $ - temp_NFA
1449+ 7777             >                org     $ - len_NFA         // rewind to temp_NFA and re-do NFA part
1449+ 776E             >
1449+ 776E C9          >                db      len_NFA | END_BIT | is_immediate  // The start of NFA must have msb set to signal the beginning of the sounted string
1449+ 776F 5B 43 4F 4D >                db      "[COMPILE]"               // name string in 7-bit ascii, but
1449+ 7773 50 49 4C 45 >
1449+ 7777 5D          >
1449+ 7778             >                org     $-1                 // alter last byte of Name just above to set
1449+ 7777 DD          >                db      {b $} | END_BIT     // msb as name end
1449+ 7778             >
1449+ 7778 4E 77       >                dw      last_NFA            // Link to previous definition Name
1449+ 777A             >COMPILE_IMMEDIATE:          if Enter_Ptr != 0 ; ok        // This is the start address of the direct jp(hl)
1449+ 777A CD CE 6B    >                call    Enter_Ptr ; ok        // for primitive definitions  actual code
1449+ 777D             >
1449+ 777D             >
1449+ 777D             >                endif           ; ok        // for other definitions it "points" the correct handler
1449+ 777D             >                // Use of "; ok" to suppress "warning[fwdref]"
1449+ 777D             >
1449+ 777D             >last_NFA        defl    temp_NFA            // keep track of NFA saved above
1450+ 777D 73 76                        dw      LFIND                   // -find      (  cfa  b  f  )
1451+ 777F 1C 69                        dw      ZEQUAL                  // 0=         (  cfa  b  )
1452+ 7781 46 6C 1D 70                  dw      ZERO, QERROR            // 0 ?error
1453+ 7785 E8 69                        dw      DROP                    // drop       (  cfa  )
1454+ 7787 71 6E                        dw      COMMA                   // ,
1455+ 7789 EB 68                        dw      EXIT                    // ; immediate
1456+ 778B
1457+ 778B              //  ______________________________________________________________________
1458+ 778B              //
1459+ 778B              // literal      n --      ( compile time )
1460+ 778B                              Colon_Def LITERAL,  "LITERAL", is_immediate
1460+ 778B             >                New_Def  LITERAL, "LITERAL", Enter_Ptr, is_immediate ; ok
1460+ 778B             >temp_NFA        defl    $                   // save this NFA address to temp_NFA
1460+ 778B             >
1460+ 778B             >                // dummy db directives used to calculate length of namec
1460+ 778B 4C 49 54 45 >                db      "LITERAL"
1460+ 778F 52 41 4C    >
1460+ 7792             >len_NFA         defl    $ - temp_NFA
1460+ 7792             >                org     $ - len_NFA         // rewind to temp_NFA and re-do NFA part
1460+ 778B             >
1460+ 778B C7          >                db      len_NFA | END_BIT | is_immediate  // The start of NFA must have msb set to signal the beginning of the sounted string
1460+ 778C 4C 49 54 45 >                db      "LITERAL"               // name string in 7-bit ascii, but
1460+ 7790 52 41 4C    >
1460+ 7793             >                org     $-1                 // alter last byte of Name just above to set
1460+ 7792 CC          >                db      {b $} | END_BIT     // msb as name end
1460+ 7793             >
1460+ 7793 6E 77       >                dw      last_NFA            // Link to previous definition Name
1460+ 7795             >LITERAL:          if Enter_Ptr != 0 ; ok        // This is the start address of the direct jp(hl)
1460+ 7795 CD CE 6B    >                call    Enter_Ptr ; ok        // for primitive definitions  actual code
1460+ 7798             >
1460+ 7798             >
1460+ 7798             >                endif           ; ok        // for other definitions it "points" the correct handler
1460+ 7798             >                // Use of "; ok" to suppress "warning[fwdref]"
1460+ 7798             >
1460+ 7798             >last_NFA        defl    temp_NFA            // keep track of NFA saved above
1461+ 7798 AF 6D EF 6A                  dw      STATE, FETCH            // state @
1462+ 779C                                                              // if
1463+ 779C B5 64                        dw      ZBRANCH
1464+ 779E 08 00                        dw      Literal_Endif - $
1465+ 77A0 B6 70 3F 64                  dw          COMPILE, LIT        //      compile lit
1466+ 77A4 71 6E                        dw          COMMA               //      ,
1467+ 77A6              Literal_Endif:                                  // endif
1468+ 77A6 EB 68                        dw      EXIT                    // ; immediate
1469+ 77A8
1470+ 77A8              //  ______________________________________________________________________
1471+ 77A8              //
1472+ 77A8              // dliteral     n --      ( compile time )
1473+ 77A8                              Colon_Def DLITERAL,  "DLITERAL", is_immediate
1473+ 77A8             >                New_Def  DLITERAL, "DLITERAL", Enter_Ptr, is_immediate ; ok
1473+ 77A8             >temp_NFA        defl    $                   // save this NFA address to temp_NFA
1473+ 77A8             >
1473+ 77A8             >                // dummy db directives used to calculate length of namec
1473+ 77A8 44 4C 49 54 >                db      "DLITERAL"
1473+ 77AC 45 52 41 4C >
1473+ 77B0             >len_NFA         defl    $ - temp_NFA
1473+ 77B0             >                org     $ - len_NFA         // rewind to temp_NFA and re-do NFA part
1473+ 77A8             >
1473+ 77A8 C8          >                db      len_NFA | END_BIT | is_immediate  // The start of NFA must have msb set to signal the beginning of the sounted string
1473+ 77A9 44 4C 49 54 >                db      "DLITERAL"               // name string in 7-bit ascii, but
1473+ 77AD 45 52 41 4C >
1473+ 77B1             >                org     $-1                 // alter last byte of Name just above to set
1473+ 77B0 CC          >                db      {b $} | END_BIT     // msb as name end
1473+ 77B1             >
1473+ 77B1 8B 77       >                dw      last_NFA            // Link to previous definition Name
1473+ 77B3             >DLITERAL:          if Enter_Ptr != 0 ; ok        // This is the start address of the direct jp(hl)
1473+ 77B3 CD CE 6B    >                call    Enter_Ptr ; ok        // for primitive definitions  actual code
1473+ 77B6             >
1473+ 77B6             >
1473+ 77B6             >                endif           ; ok        // for other definitions it "points" the correct handler
1473+ 77B6             >                // Use of "; ok" to suppress "warning[fwdref]"
1473+ 77B6             >
1473+ 77B6             >last_NFA        defl    temp_NFA            // keep track of NFA saved above
1474+ 77B6 AF 6D EF 6A                  dw      STATE, FETCH            // state @
1475+ 77BA                                                              // if
1476+ 77BA B5 64                        dw      ZBRANCH
1477+ 77BC 08 00                        dw      DLiteral_Endif - $
1478+ 77BE 0A 6A                        dw          SWAP                //      swap
1479+ 77C0 95 77 95 77                  dw          LITERAL,  LITERAL   //      [compile] literal [compile] literal
1480+ 77C4              DLiteral_Endif:                                 // endif
1481+ 77C4 EB 68                        dw      EXIT                    // ; immediate
1482+ 77C6
1483+ 77C6              //  ______________________________________________________________________
1484+ 77C6              //
1485+ 77C6              // [char]       n --      ( compile time )
1486+ 77C6              // inside colon definition, gets first character from next input word
1487+ 77C6              // and compiles it as literal.
1488+ 77C6                              Colon_Def COMPILE_CHAR,  "[CHAR]", is_immediate
1488+ 77C6             >                New_Def  COMPILE_CHAR, "[CHAR]", Enter_Ptr, is_immediate ; ok
1488+ 77C6             >temp_NFA        defl    $                   // save this NFA address to temp_NFA
1488+ 77C6             >
1488+ 77C6             >                // dummy db directives used to calculate length of namec
1488+ 77C6 5B 43 48 41 >                db      "[CHAR]"
1488+ 77CA 52 5D       >
1488+ 77CC             >len_NFA         defl    $ - temp_NFA
1488+ 77CC             >                org     $ - len_NFA         // rewind to temp_NFA and re-do NFA part
1488+ 77C6             >
1488+ 77C6 C6          >                db      len_NFA | END_BIT | is_immediate  // The start of NFA must have msb set to signal the beginning of the sounted string
1488+ 77C7 5B 43 48 41 >                db      "[CHAR]"               // name string in 7-bit ascii, but
1488+ 77CB 52 5D       >
1488+ 77CD             >                org     $-1                 // alter last byte of Name just above to set
1488+ 77CC DD          >                db      {b $} | END_BIT     // msb as name end
1488+ 77CD             >
1488+ 77CD A8 77       >                dw      last_NFA            // Link to previous definition Name
1488+ 77CF             >COMPILE_CHAR:          if Enter_Ptr != 0 ; ok        // This is the start address of the direct jp(hl)
1488+ 77CF CD CE 6B    >                call    Enter_Ptr ; ok        // for primitive definitions  actual code
1488+ 77D2             >
1488+ 77D2             >
1488+ 77D2             >                endif           ; ok        // for other definitions it "points" the correct handler
1488+ 77D2             >                // Use of "; ok" to suppress "warning[fwdref]"
1488+ 77D2             >
1488+ 77D2             >last_NFA        defl    temp_NFA            // keep track of NFA saved above
1489+ 77D2 26 74 95 77                  dw      CHAR, LITERAL           // char [compile] literal
1490+ 77D6 EB 68                        dw      EXIT                    // ; immediate
1491+ 77D8
1492+ 77D8              //  ______________________________________________________________________
1493+ 77D8              //
1494+ 77D8              // 0x00         n --      ( compile time )
1495+ 77D8                              Colon_Def NUL_WORD,  $00, is_immediate
1495+ 77D8             >                New_Def  NUL_WORD, $00, Enter_Ptr, is_immediate ; ok
1495+ 77D8             >temp_NFA        defl    $                   // save this NFA address to temp_NFA
1495+ 77D8             >
1495+ 77D8             >                // dummy db directives used to calculate length of namec
1495+ 77D8 00          >                db      $00
1495+ 77D9             >len_NFA         defl    $ - temp_NFA
1495+ 77D9             >                org     $ - len_NFA         // rewind to temp_NFA and re-do NFA part
1495+ 77D8             >
1495+ 77D8 C1          >                db      len_NFA | END_BIT | is_immediate  // The start of NFA must have msb set to signal the beginning of the sounted string
1495+ 77D9 00          >                db      $00               // name string in 7-bit ascii, but
1495+ 77DA             >                org     $-1                 // alter last byte of Name just above to set
1495+ 77D9 80          >                db      {b $} | END_BIT     // msb as name end
1495+ 77DA             >
1495+ 77DA C6 77       >                dw      last_NFA            // Link to previous definition Name
1495+ 77DC             >NUL_WORD:          if Enter_Ptr != 0 ; ok        // This is the start address of the direct jp(hl)
1495+ 77DC CD CE 6B    >                call    Enter_Ptr ; ok        // for primitive definitions  actual code
1495+ 77DF             >
1495+ 77DF             >
1495+ 77DF             >                endif           ; ok        // for other definitions it "points" the correct handler
1495+ 77DF             >                // Use of "; ok" to suppress "warning[fwdref]"
1495+ 77DF             >
1495+ 77DF             >last_NFA        defl    temp_NFA            // keep track of NFA saved above
1496+ 77DF 5C 6D EF 6A                  dw      BLK, FETCH, ONE         // blk @ 1
1496+ 77E3 4F 6C
1497+ 77E5 DE 6E                        dw      GREATER                 // > if
1498+ 77E7                                                              // if
1499+ 77E7 B5 64                        dw      ZBRANCH
1500+ 77E9 28 00                        dw      Nul_Else_1 - $
1501+ 77EB 4F 6C 5C 6D                  dw          ONE, BLK, PLUSSTORE //      1 blk +!
1501+ 77EF CE 6A
1502+ 77F1 46 6C 66 6D                  dw          ZERO, TO_IN, STORE  //      0 >in !
1502+ 77F5 FB 6A
1503+ 77F7 5C 6D EF 6A                  dw          BLK, FETCH          //      blk @
1504+ 77FB 9A 6C                        dw          BSCR                //      b/scr
1505+ 77FD 7A 69                        dw          ONE_SUBTRACT        //      1 -
1506+ 77FF 8F 68                        dw          AND_OP              //      and  ( this is tricky )
1507+ 7801 1C 69                        dw          ZEQUAL              //      0=
1508+ 7803                                                              //      if
1509+ 7803 B5 64                        dw          ZBRANCH
1510+ 7805 08 00                        dw          Nul_Endif_2 - $
1511+ 7807 51 70                        dw              QEXEC           //          ?exec
1512+ 7809 06 69 E8 69                  dw              R_TO, DROP      //          r> drop
1513+ 780D              Nul_Endif_2:                                    //      endif
1514+ 780D A9 64                        dw      BRANCH
1515+ 780F 06 00                        dw      Nul_Endif_1 - $
1516+ 7811              Nul_Else_1:                                     // else
1517+ 7811 06 69 E8 69                  dw          R_TO, DROP          //      r> drop
1518+ 7815              Nul_Endif_1:                                    // endif
1519+ 7815 EB 68                        dw      EXIT                    // ;
1520+ 7817
1521+ 7817              //  ______________________________________________________________________
1522+ 7817              //
1523+ 7817              // ?stack       --
1524+ 7817              // Raise error #1 if stack is empty and you pop it
1525+ 7817              // Raise error #7 if stack is full.
1526+ 7817              // This means SP must always stay between HERE and FFFF
1527+ 7817              // For 128K BANK paging purpose SP must be <= BFE0 and 50 words room
1528+ 7817              // for Next 8K MMU paging this is $DOE8
1529+ 7817                              Colon_Def QSTACK, "?STACK", is_normal
1529+ 7817             >                New_Def  QSTACK, "?STACK", Enter_Ptr, is_normal ; ok
1529+ 7817             >temp_NFA        defl    $                   // save this NFA address to temp_NFA
1529+ 7817             >
1529+ 7817             >                // dummy db directives used to calculate length of namec
1529+ 7817 3F 53 54 41 >                db      "?STACK"
1529+ 781B 43 4B       >
1529+ 781D             >len_NFA         defl    $ - temp_NFA
1529+ 781D             >                org     $ - len_NFA         // rewind to temp_NFA and re-do NFA part
1529+ 7817             >
1529+ 7817 86          >                db      len_NFA | END_BIT | is_normal  // The start of NFA must have msb set to signal the beginning of the sounted string
1529+ 7818 3F 53 54 41 >                db      "?STACK"               // name string in 7-bit ascii, but
1529+ 781C 43 4B       >
1529+ 781E             >                org     $-1                 // alter last byte of Name just above to set
1529+ 781D CB          >                db      {b $} | END_BIT     // msb as name end
1529+ 781E             >
1529+ 781E D8 77       >                dw      last_NFA            // Link to previous definition Name
1529+ 7820             >QSTACK:          if Enter_Ptr != 0 ; ok        // This is the start address of the direct jp(hl)
1529+ 7820 CD CE 6B    >                call    Enter_Ptr ; ok        // for primitive definitions  actual code
1529+ 7823             >
1529+ 7823             >
1529+ 7823             >                endif           ; ok        // for other definitions it "points" the correct handler
1529+ 7823             >                // Use of "; ok" to suppress "warning[fwdref]"
1529+ 7823             >
1529+ 7823             >last_NFA        defl    temp_NFA            // keep track of NFA saved above
1530+ 7823 C1 68                        dw      SPFETCH                 // sp@
1531+ 7825 D3 6C EF 6A                  dw      S0, FETCH               // s0 @
1532+ 7829 0A 6A BF 6E                  dw      SWAP, ULESS             // swap u<
1533+ 782D 4F 6C 1D 70                  dw      ONE, QERROR             // 1 ?error
1534+ 7831 53 6E                        dw      HERE                    // here
1535+ 7833 D3 6C EF 6A                  dw      S0, FETCH, LESS         // s0 @ <
1535+ 7837 CF 6E
1536+ 7839                                                              // if
1537+ 7839 B5 64                        dw      ZBRANCH
1538+ 783B 14 00                        dw      QStack_Endif - $
1539+ 783D C1 68                        dw          SPFETCH             //      sp@
1540+ 783F 53 6E 3F 64                  dw          HERE, LIT, 128      //      here 128
1540+ 7843 80 00
1541+ 7845 51 69 BF 6E                  dw          PLUS, ULESS         //      plus u<
1542+ 7849 3F 64 07 00                  dw          LIT, 7, QERROR      //      7 Cerror
1542+ 784D 1D 70
1543+ 784F              QStack_Endif:                                   // endif
1544+ 784F EB 68                        dw      EXIT                    // ;
1545+ 7851
1546+ 7851
# file closed: C:\Zx\CSpect\Projects\vForth16_MDR_MGT/source/L1.asm
 115  7851                              include "L2.asm"
# file opened: C:\Zx\CSpect\Projects\vForth16_MDR_MGT/source/L2.asm
   1+ 7851              //  ______________________________________________________________________
   2+ 7851              //
   3+ 7851              //  L2.asm
   4+ 7851              //
   5+ 7851              //  Level-2 3dos
   6+ 7851              //  the Forth interpreter, vocabulary, cold/warm start and quit from Forth.
   7+ 7851              //  ______________________________________________________________________
   8+ 7851
   9+ 7851
  10+ 7851              //  ______________________________________________________________________
  11+ 7851              //
  12+ 7851              // interpret    --
  13+ 7851              // This is the text interpreter.
  14+ 7851              // It executes or compiles, depending on STATE, the text coming from
  15+ 7851              // current input stream.
  16+ 7851              // If the word search fails after parsing CONTEXT and CURRENT vocabulary,
  17+ 7851              // the word is interpreted as numeric and converted, using current BASE,
  18+ 7851              // leaving on top of stack a single or double precision number, depending
  19+ 7851              // on the presence of a decimal point.
  20+ 7851              // If the number conversion fails, the terminal is notified with ? followed
  21+ 7851              // by the offending word.
  22+ 7851                              Colon_Def INTERPRET, "INTERPRET", is_normal
  22+ 7851             >                New_Def  INTERPRET, "INTERPRET", Enter_Ptr, is_normal ; ok
  22+ 7851             >temp_NFA        defl    $                   // save this NFA address to temp_NFA
  22+ 7851             >
  22+ 7851             >                // dummy db directives used to calculate length of namec
  22+ 7851 49 4E 54 45 >                db      "INTERPRET"
  22+ 7855 52 50 52 45 >
  22+ 7859 54          >
  22+ 785A             >len_NFA         defl    $ - temp_NFA
  22+ 785A             >                org     $ - len_NFA         // rewind to temp_NFA and re-do NFA part
  22+ 7851             >
  22+ 7851 89          >                db      len_NFA | END_BIT | is_normal  // The start of NFA must have msb set to signal the beginning of the sounted string
  22+ 7852 49 4E 54 45 >                db      "INTERPRET"               // name string in 7-bit ascii, but
  22+ 7856 52 50 52 45 >
  22+ 785A 54          >
  22+ 785B             >                org     $-1                 // alter last byte of Name just above to set
  22+ 785A D4          >                db      {b $} | END_BIT     // msb as name end
  22+ 785B             >
  22+ 785B 17 78       >                dw      last_NFA            // Link to previous definition Name
  22+ 785D             >INTERPRET:          if Enter_Ptr != 0 ; ok        // This is the start address of the direct jp(hl)
  22+ 785D CD CE 6B    >                call    Enter_Ptr ; ok        // for primitive definitions  actual code
  22+ 7860             >
  22+ 7860             >
  22+ 7860             >                endif           ; ok        // for other definitions it "points" the correct handler
  22+ 7860             >                // Use of "; ok" to suppress "warning[fwdref]"
  22+ 7860             >
  22+ 7860             >last_NFA        defl    temp_NFA            // keep track of NFA saved above
  23+ 7860
  24+ 7860              Interpret_Begin:                                        // begin
  25+ 7860 73 76                        dw          LFIND                       //      -find
  26+ 7862                                                                      //      if
  27+ 7862 B5 64                        dw          ZBRANCH
  28+ 7864 1A 00                        dw          Interpret_Else_1 - $
  29+ 7866 AF 6D EF 6A                  dw              STATE, FETCH, LESS      //          state @ <
  29+ 786A CF 6E
  30+ 786C                                                                      //          if
  31+ 786C B5 64                        dw              ZBRANCH
  32+ 786E 08 00                        dw              Interpret_Else_2 - $
  33+ 7870 D4 70                        dw                  COMPILE_XT          //              compile,
  34+ 7872                                                                      //          else
  35+ 7872 A9 64                        dw              BRANCH
  36+ 7874 06 00                        dw              Interpret_Endif_2 - $
  37+ 7876              Interpret_Else_2:
  38+ 7876 52 64 F1 6B                  dw                  EXECUTE, NOOP       //              execute nooop
  39+ 787A              Interpret_Endif_2:                                      //          endif
  40+ 787A                                                                      //      else
  41+ 787A A9 64                        dw          BRANCH
  42+ 787C 1A 00                        dw          Interpret_Endif_1 - $
  43+ 787E              Interpret_Else_1:
  44+ 787E 53 6E D3 75                  dw              HERE, NUMBER            //          here number
  45+ 7882 C4 6D EF 6A                  dw              DPL, FETCH, ONE_PLUS    //          dpl @ 1+
  45+ 7886 70 69
  46+ 7888                                                                      //          if
  47+ 7888 B5 64                        dw              ZBRANCH
  48+ 788A 08 00                        dw              Interpret_Else_3 - $
  49+ 788C              //              dw                  NMODE, FETCH        //              nmode @
  50+ 788C              //                                                      //              if
  51+ 788C              //              dw                  ZBRANCH
  52+ 788C              //              dw                  Interpret_Endif_4 - $
  53+ 788C              //              dw                      ONE, ZERO       //                  1 0
  54+ 788C              //              dw                      TWO_DROP        //                  2drop
  55+ 788C              //Interpret_Endif_4:                                      //              endif
  56+ 788C B3 77                        dw                  DLITERAL            //              [compile] dliteral
  57+ 788E                                                                      //          else
  58+ 788E A9 64                        dw              BRANCH
  59+ 7890 06 00                        dw              Interpret_Endif_3 - $
  60+ 7892              Interpret_Else_3:
  61+ 7892 E8 69                        dw                  DROP                //              drop
  62+ 7894 95 77                        dw                  LITERAL             //              [compile]  literal
  63+ 7896              Interpret_Endif_3:                                      //          endif
  64+ 7896              Interpret_Endif_1:                                      //      endif
  65+ 7896 20 78                        dw          QSTACK                      //      ?stack
  66+ 7898 A4 67                        dw          QTERMINAL                   //      ?terminal
  67+ 789A                                                                      //      if
  68+ 789A B5 64                        dw          ZBRANCH
  69+ 789C 04 00                        dw          Interpret_Endif_5 - $
  70+ 789E 22 79                        dw              QUIT                    //          quit
  71+ 78A0              Interpret_Endif_5:                                      //      endif
  72+ 78A0 A9 64                        dw      BRANCH
  73+ 78A2 BE FF                        dw      Interpret_Begin - $
  74+ 78A4 EB 68                        dw      EXIT                            // ;
  75+ 78A6
  76+ 78A6              //  ______________________________________________________________________
  77+ 78A6              //
  78+ 78A6              // vocabulary   -- cccc     ( compile time )
  79+ 78A6              // Defining word used in the form   VOCABULARY cccc
  80+ 78A6              // creates the word  cccc  that gives the name to the vocabulary.
  81+ 78A6              // Giving  cccc  makes the vocabulary CONTEXT so its words are executed first
  82+ 78A6              // Giving  cccc DEFINITIONS makes  the vocabulary  CURRENT
  83+ 78A6              // so new definitions can be inserted in that vocabulary.
  84+ 78A6                              Colon_Def VOCABULARY, "VOCABULARY", is_normal
  84+ 78A6             >                New_Def  VOCABULARY, "VOCABULARY", Enter_Ptr, is_normal ; ok
  84+ 78A6             >temp_NFA        defl    $                   // save this NFA address to temp_NFA
  84+ 78A6             >
  84+ 78A6             >                // dummy db directives used to calculate length of namec
  84+ 78A6 56 4F 43 41 >                db      "VOCABULARY"
  84+ 78AA 42 55 4C 41 >
  84+ 78AE 52 59       >
  84+ 78B0             >len_NFA         defl    $ - temp_NFA
  84+ 78B0             >                org     $ - len_NFA         // rewind to temp_NFA and re-do NFA part
  84+ 78A6             >
  84+ 78A6 8A          >                db      len_NFA | END_BIT | is_normal  // The start of NFA must have msb set to signal the beginning of the sounted string
  84+ 78A7 56 4F 43 41 >                db      "VOCABULARY"               // name string in 7-bit ascii, but
  84+ 78AB 42 55 4C 41 >
  84+ 78AF 52 59       >
  84+ 78B1             >                org     $-1                 // alter last byte of Name just above to set
  84+ 78B0 D9          >                db      {b $} | END_BIT     // msb as name end
  84+ 78B1             >
  84+ 78B1 51 78       >                dw      last_NFA            // Link to previous definition Name
  84+ 78B3             >VOCABULARY:          if Enter_Ptr != 0 ; ok        // This is the start address of the direct jp(hl)
  84+ 78B3 CD CE 6B    >                call    Enter_Ptr ; ok        // for primitive definitions  actual code
  84+ 78B6             >
  84+ 78B6             >
  84+ 78B6             >                endif           ; ok        // for other definitions it "points" the correct handler
  84+ 78B6             >                // Use of "; ok" to suppress "warning[fwdref]"
  84+ 78B6             >
  84+ 78B6             >last_NFA        defl    temp_NFA            // keep track of NFA saved above
  85+ 78B6
  86+ 78B6 98 71                        dw      CBUILDS
  87+ 78B8
  88+ 78B8 3F 64 81 A0                  dw      LIT, $A081, COMMA       // $81A0 ,
  88+ 78BC 71 6E
  89+ 78BE A3 6D EF 6A                  dw      CURRENT, FETCH          // current @
  90+ 78C2 9C 69 71 6E                  dw      CELL_MINUS, COMMA       // cell- ,
  91+ 78C6 53 6E                        dw      HERE                    // here
  92+ 78C8 24 6D EF 6A                  dw      VOC_LINK, FETCH, COMMA  // voc-link @ ,
  92+ 78CC 71 6E
  93+ 78CE 24 6D FB 6A                  dw      VOC_LINK, STORE         // voc-link !
  94+ 78D2
  95+ 78D2 A9 71                        dw      DOES_TO                 // does>
  96+ 78D4              Vocabulary_Does:
  97+ 78D4 92 69                        dw      CELL_PLUS               // cell+
  98+ 78D6 95 6D FB 6A                  dw      CONTEXT, STORE          // context !
  99+ 78DA EB 68                        dw      EXIT                    // ;
 100+ 78DC
 101+ 78DC              //  ______________________________________________________________________
 102+ 78DC              //
 103+ 78DC              // forth        --
 104+ 78DC              // Name of the first vocabulary.
 105+ 78DC              // It makes FORTH the CONTEXT vocabulary.
 106+ 78DC              // Until new user vocabulary are defined, new colon-definitions becomes
 107+ 78DC              // part of FORTH. It is immediate, so it will executed during the creation
 108+ 78DC              // of a colon definition to be able to select the vocabulary.
 109+ 78DC
 110+ 78DC                              New_Def FORTH, "FORTH", Does_Ptr, is_immediate
 110+ 78DC             >temp_NFA        defl    $                   // save this NFA address to temp_NFA
 110+ 78DC             >
 110+ 78DC             >                // dummy db directives used to calculate length of namec
 110+ 78DC 46 4F 52 54 >                db      "FORTH"
 110+ 78E0 48          >
 110+ 78E1             >len_NFA         defl    $ - temp_NFA
 110+ 78E1             >                org     $ - len_NFA         // rewind to temp_NFA and re-do NFA part
 110+ 78DC             >
 110+ 78DC C5          >                db      len_NFA | END_BIT | is_immediate  // The start of NFA must have msb set to signal the beginning of the sounted string
 110+ 78DD 46 4F 52 54 >                db      "FORTH"               // name string in 7-bit ascii, but
 110+ 78E1 48          >
 110+ 78E2             >                org     $-1                 // alter last byte of Name just above to set
 110+ 78E1 C8          >                db      {b $} | END_BIT     // msb as name end
 110+ 78E2             >
 110+ 78E2 A6 78       >                dw      last_NFA            // Link to previous definition Name
 110+ 78E4             >FORTH:          if Does_Ptr != 0 ; ok        // This is the start address of the direct jp(hl)
 110+ 78E4 CD B6 71    >                call    Does_Ptr ; ok        // for primitive definitions  actual code
 110+ 78E7             >
 110+ 78E7             >
 110+ 78E7             >                endif           ; ok        // for other definitions it "points" the correct handler
 110+ 78E7             >                // Use of "; ok" to suppress "warning[fwdref]"
 110+ 78E7             >
 110+ 78E7             >last_NFA        defl    temp_NFA            // keep track of NFA saved above
 111+ 78E7 D4 78                        dw      Vocabulary_Does
 112+ 78E9
 113+ 78E9 81 A0                        db      $81, $A0
 114+ 78EB              Forth_Latest_Ptr:
 115+ 78EB C0 86                        dw      Latest_Definition // Fence_Word // Latest_Definition // Here_Dictionary
 116+ 78ED              Voclink_Ptr:
 117+ 78ED 00 00                        dw      0
 118+ 78EF              // Any new vocabulary is structured as follow:
 119+ 78EF              // PFA+0 points to DOES> part of VOCABULARY to perform CELL+ CONTEXT !
 120+ 78EF              // PFA+2 is 81,A0 i.e. a null-word used as LATEST in the new vocabulary
 121+ 78EF              // PFA+4 always contains the LATEST word of this VOCABULARY.
 122+ 78EF              //       at creations it points to the null-word of its parent vocabulary
 123+ 78EF              //       that is normally FORTH, For example ASSEMBLER points FORTH's null-word
 124+ 78EF              // PFA+6 is the pointer that builds up the vocabulary linked list.
 125+ 78EF              //       FORTH has 0 here to signal the end of the list and user's variable
 126+ 78EF              //       VOC-LINK points to PFA+6 of the newest vocabulary created.
 127+ 78EF              //       While FORTH is the only vocabulary, VOC-LINK points to FORTH's PFA+6
 128+ 78EF              //       When ASSEMBLER is created, its PFA+6 points to FORTH's PFA+6, and so on
 129+ 78EF
 130+ 78EF              //  ______________________________________________________________________
 131+ 78EF              //
 132+ 78EF              // definitions  --
 133+ 78EF              // Used in the form  cccc DEFINITIONS
 134+ 78EF              // set the CURRENT vocabulary at CONTEXT to insert new definitions in
 135+ 78EF              // vocabulary cccc.
 136+ 78EF                              Colon_Def DEFINITIONS, "DEFINITIONS", is_normal
 136+ 78EF             >                New_Def  DEFINITIONS, "DEFINITIONS", Enter_Ptr, is_normal ; ok
 136+ 78EF             >temp_NFA        defl    $                   // save this NFA address to temp_NFA
 136+ 78EF             >
 136+ 78EF             >                // dummy db directives used to calculate length of namec
 136+ 78EF 44 45 46 49 >                db      "DEFINITIONS"
 136+ 78F3 4E 49 54 49 >
 136+ 78F7 4F 4E 53    >
 136+ 78FA             >len_NFA         defl    $ - temp_NFA
 136+ 78FA             >                org     $ - len_NFA         // rewind to temp_NFA and re-do NFA part
 136+ 78EF             >
 136+ 78EF 8B          >                db      len_NFA | END_BIT | is_normal  // The start of NFA must have msb set to signal the beginning of the sounted string
 136+ 78F0 44 45 46 49 >                db      "DEFINITIONS"               // name string in 7-bit ascii, but
 136+ 78F4 4E 49 54 49 >
 136+ 78F8 4F 4E 53    >
 136+ 78FB             >                org     $-1                 // alter last byte of Name just above to set
 136+ 78FA D3          >                db      {b $} | END_BIT     // msb as name end
 136+ 78FB             >
 136+ 78FB DC 78       >                dw      last_NFA            // Link to previous definition Name
 136+ 78FD             >DEFINITIONS:          if Enter_Ptr != 0 ; ok        // This is the start address of the direct jp(hl)
 136+ 78FD CD CE 6B    >                call    Enter_Ptr ; ok        // for primitive definitions  actual code
 136+ 7900             >
 136+ 7900             >
 136+ 7900             >                endif           ; ok        // for other definitions it "points" the correct handler
 136+ 7900             >                // Use of "; ok" to suppress "warning[fwdref]"
 136+ 7900             >
 136+ 7900             >last_NFA        defl    temp_NFA            // keep track of NFA saved above
 137+ 7900 95 6D EF 6A                  dw      CONTEXT, FETCH          // context @
 138+ 7904 A3 6D FB 6A                  dw      CURRENT, STORE          // current !
 139+ 7908 EB 68                        dw      EXIT                    // ;
 140+ 790A
 141+ 790A              //  ______________________________________________________________________
 142+ 790A              //
 143+ 790A              // (            -- cccc )
 144+ 790A              // the following text is interpreted as a comment until a closing )
 145+ 790A                              Colon_Def COMMENT_BRAKET, "(", is_immediate
 145+ 790A             >                New_Def  COMMENT_BRAKET, "(", Enter_Ptr, is_immediate ; ok
 145+ 790A             >temp_NFA        defl    $                   // save this NFA address to temp_NFA
 145+ 790A             >
 145+ 790A             >                // dummy db directives used to calculate length of namec
 145+ 790A 28          >                db      "("
 145+ 790B             >len_NFA         defl    $ - temp_NFA
 145+ 790B             >                org     $ - len_NFA         // rewind to temp_NFA and re-do NFA part
 145+ 790A             >
 145+ 790A C1          >                db      len_NFA | END_BIT | is_immediate  // The start of NFA must have msb set to signal the beginning of the sounted string
 145+ 790B 28          >                db      "("               // name string in 7-bit ascii, but
 145+ 790C             >                org     $-1                 // alter last byte of Name just above to set
 145+ 790B A8          >                db      {b $} | END_BIT     // msb as name end
 145+ 790C             >
 145+ 790C EF 78       >                dw      last_NFA            // Link to previous definition Name
 145+ 790E             >COMMENT_BRAKET:          if Enter_Ptr != 0 ; ok        // This is the start address of the direct jp(hl)
 145+ 790E CD CE 6B    >                call    Enter_Ptr ; ok        // for primitive definitions  actual code
 145+ 7911             >
 145+ 7911             >
 145+ 7911             >                endif           ; ok        // for other definitions it "points" the correct handler
 145+ 7911             >                // Use of "; ok" to suppress "warning[fwdref]"
 145+ 7911             >
 145+ 7911             >last_NFA        defl    temp_NFA            // keep track of NFA saved above
 146+ 7911 3F 64 29 00                  dw      LIT, ")"                // [char] )
 147+ 7915 BA 73 E8 69                  dw      WORD, DROP              // word drop
 148+ 7919 EB 68                        dw      EXIT                    // ;
 149+ 791B
 150+ 791B              //  ______________________________________________________________________
 151+ 791B              //
 152+ 791B              // quit         --
 153+ 791B              // \ Erase the return-stack, stop any compilation and give controlo to the console. No message is issued.
 154+ 791B                              Colon_Def QUIT, "QUIT", is_normal
 154+ 791B             >                New_Def  QUIT, "QUIT", Enter_Ptr, is_normal ; ok
 154+ 791B             >temp_NFA        defl    $                   // save this NFA address to temp_NFA
 154+ 791B             >
 154+ 791B             >                // dummy db directives used to calculate length of namec
 154+ 791B 51 55 49 54 >                db      "QUIT"
 154+ 791F             >len_NFA         defl    $ - temp_NFA
 154+ 791F             >                org     $ - len_NFA         // rewind to temp_NFA and re-do NFA part
 154+ 791B             >
 154+ 791B 84          >                db      len_NFA | END_BIT | is_normal  // The start of NFA must have msb set to signal the beginning of the sounted string
 154+ 791C 51 55 49 54 >                db      "QUIT"               // name string in 7-bit ascii, but
 154+ 7920             >                org     $-1                 // alter last byte of Name just above to set
 154+ 791F D4          >                db      {b $} | END_BIT     // msb as name end
 154+ 7920             >
 154+ 7920 0A 79       >                dw      last_NFA            // Link to previous definition Name
 154+ 7922             >QUIT:          if Enter_Ptr != 0 ; ok        // This is the start address of the direct jp(hl)
 154+ 7922 CD CE 6B    >                call    Enter_Ptr ; ok        // for primitive definitions  actual code
 154+ 7925             >
 154+ 7925             >
 154+ 7925             >                endif           ; ok        // for other definitions it "points" the correct handler
 154+ 7925             >                // Use of "; ok" to suppress "warning[fwdref]"
 154+ 7925             >
 154+ 7925             >last_NFA        defl    temp_NFA            // keep track of NFA saved above
 155+ 7925
 156+ 7925              //              dw      SOURCE_ID, FETCH        // source-id @
 157+ 7925              //              dw      F_CLOSE, DROP           // f_close drop
 158+ 7925 46 6C 26 6E                  dw      ZERO, SOURCE_ID, STORE  // 0 source-id !
 158+ 7929 FB 6A
 159+ 792B 46 6C 5C 6D                  dw      ZERO, BLK, STORE        // 0 blk !
 159+ 792F FB 6A
 160+ 7931 DF 70                        dw      SQUARED_OPEN            // [compile] [
 161+ 7933                                                              // begin
 162+ 7933              Quit_Begin:
 163+ 7933 DC 6C EF 6A                  dw      R0, FETCH, RPSTORE      //      r0 @ rp!
 163+ 7937 E1 68
 164+ 7939 92 66                        dw      CR                      //      cr
 165+ 793B 38 73                        dw      QUERY                   //      query
 166+ 793D              Next_Breakpoint_1:
 167+ 793D 5D 78                        dw      INTERPRET               //      interpret
 168+ 793F AF 6D EF 6A                  dw      STATE, FETCH, ZEQUAL    //      state @ 0=
 168+ 7943 1C 69
 169+ 7945                                                              //      if
 170+ 7945 B5 64                        dw      ZBRANCH
 171+ 7947 07 00                        dw      Quit_Endif - $
 172+ 7949 0A 74                        dw          C_DOT_QUOTE
 173+ 794B 02 6F 6B                     db          2, "ok"             //          .( ok)
 174+ 794E              Quit_Endif:                                     //      else
 175+ 794E                                                              // again
 176+ 794E A9 64                        dw      BRANCH
 177+ 7950 E3 FF                        dw      Quit_Begin - $
 178+ 7952 EB 68                        dw      EXIT                    // ;
 179+ 7954
 180+ 7954              //  ______________________________________________________________________
 181+ 7954              //
 182+ 7954              // abort        --
 183+ 7954                              Colon_Def ABORT, "ABORT", is_normal
 183+ 7954             >                New_Def  ABORT, "ABORT", Enter_Ptr, is_normal ; ok
 183+ 7954             >temp_NFA        defl    $                   // save this NFA address to temp_NFA
 183+ 7954             >
 183+ 7954             >                // dummy db directives used to calculate length of namec
 183+ 7954 41 42 4F 52 >                db      "ABORT"
 183+ 7958 54          >
 183+ 7959             >len_NFA         defl    $ - temp_NFA
 183+ 7959             >                org     $ - len_NFA         // rewind to temp_NFA and re-do NFA part
 183+ 7954             >
 183+ 7954 85          >                db      len_NFA | END_BIT | is_normal  // The start of NFA must have msb set to signal the beginning of the sounted string
 183+ 7955 41 42 4F 52 >                db      "ABORT"               // name string in 7-bit ascii, but
 183+ 7959 54          >
 183+ 795A             >                org     $-1                 // alter last byte of Name just above to set
 183+ 7959 D4          >                db      {b $} | END_BIT     // msb as name end
 183+ 795A             >
 183+ 795A 1B 79       >                dw      last_NFA            // Link to previous definition Name
 183+ 795C             >ABORT:          if Enter_Ptr != 0 ; ok        // This is the start address of the direct jp(hl)
 183+ 795C CD CE 6B    >                call    Enter_Ptr ; ok        // for primitive definitions  actual code
 183+ 795F             >
 183+ 795F             >
 183+ 795F             >                endif           ; ok        // for other definitions it "points" the correct handler
 183+ 795F             >                // Use of "; ok" to suppress "warning[fwdref]"
 183+ 795F             >
 183+ 795F             >last_NFA        defl    temp_NFA            // keep track of NFA saved above
 184+ 795F D3 6C EF 6A                  dw      S0, FETCH               // s0 @
 185+ 7963 75 6C                        dw      BL                      // bl
 186+ 7965 DA 69 FB 6A                  dw      OVER, STORE             // over !
 187+ 7969 CE 68                        dw      SPSTORE                 // sp!
 188+ 796B 47 71                        dw      DECIMAL                 // decimal
 189+ 796D E4 78                        dw      FORTH                   // [compile] forth
 190+ 796F FD 78                        dw      DEFINITIONS             // definitions
 191+ 7971
 192+ 7971 DF 70                        dw      SQUARED_OPEN            // [compile] [
 193+ 7973 DC 6C EF 6A                  dw      R0, FETCH, RPSTORE      //      r0 @ rp!
 193+ 7977 E1 68
 194+ 7979
 195+ 7979              Autoexec_Ptr:
 196+ 7979 51 84                        dw      AUTOEXEC                // autoexec, patched to noop
 197+ 797B 22 79                        dw      QUIT                    // quit
 198+ 797D              //              dw      EXIT                    // ;
 199+ 797D
 200+ 797D              //  ______________________________________________________________________
 201+ 797D              //
 202+ 797D              // warm         --
 203+ 797D                              Colon_Def WARM, "WARM", is_normal
 203+ 797D             >                New_Def  WARM, "WARM", Enter_Ptr, is_normal ; ok
 203+ 797D             >temp_NFA        defl    $                   // save this NFA address to temp_NFA
 203+ 797D             >
 203+ 797D             >                // dummy db directives used to calculate length of namec
 203+ 797D 57 41 52 4D >                db      "WARM"
 203+ 7981             >len_NFA         defl    $ - temp_NFA
 203+ 7981             >                org     $ - len_NFA         // rewind to temp_NFA and re-do NFA part
 203+ 797D             >
 203+ 797D 84          >                db      len_NFA | END_BIT | is_normal  // The start of NFA must have msb set to signal the beginning of the sounted string
 203+ 797E 57 41 52 4D >                db      "WARM"               // name string in 7-bit ascii, but
 203+ 7982             >                org     $-1                 // alter last byte of Name just above to set
 203+ 7981 CD          >                db      {b $} | END_BIT     // msb as name end
 203+ 7982             >
 203+ 7982 54 79       >                dw      last_NFA            // Link to previous definition Name
 203+ 7984             >WARM:          if Enter_Ptr != 0 ; ok        // This is the start address of the direct jp(hl)
 203+ 7984 CD CE 6B    >                call    Enter_Ptr ; ok        // for primitive definitions  actual code
 203+ 7987             >
 203+ 7987             >
 203+ 7987             >                endif           ; ok        // for other definitions it "points" the correct handler
 203+ 7987             >                // Use of "; ok" to suppress "warning[fwdref]"
 203+ 7987             >
 203+ 7987             >last_NFA        defl    temp_NFA            // keep track of NFA saved above
 204+ 7987              //              dw      BLK_INIT                // blk-init
 205+ 7987 19 83                        dw      SPLASH                  // splash
 206+ 7989                          //  dw      LIT, 7, EMIT            // 7 emit
 207+ 7989 5C 79                        dw      ABORT                   // abort
 208+ 798B                          //  dw      EXIT                    // exit
 209+ 798B
 210+ 798B              //  ______________________________________________________________________
 211+ 798B              //
 212+ 798B              // cold         --
 213+ 798B                              Colon_Def COLD, "COLD", is_normal
 213+ 798B             >                New_Def  COLD, "COLD", Enter_Ptr, is_normal ; ok
 213+ 798B             >temp_NFA        defl    $                   // save this NFA address to temp_NFA
 213+ 798B             >
 213+ 798B             >                // dummy db directives used to calculate length of namec
 213+ 798B 43 4F 4C 44 >                db      "COLD"
 213+ 798F             >len_NFA         defl    $ - temp_NFA
 213+ 798F             >                org     $ - len_NFA         // rewind to temp_NFA and re-do NFA part
 213+ 798B             >
 213+ 798B 84          >                db      len_NFA | END_BIT | is_normal  // The start of NFA must have msb set to signal the beginning of the sounted string
 213+ 798C 43 4F 4C 44 >                db      "COLD"               // name string in 7-bit ascii, but
 213+ 7990             >                org     $-1                 // alter last byte of Name just above to set
 213+ 798F C4          >                db      {b $} | END_BIT     // msb as name end
 213+ 7990             >
 213+ 7990 7D 79       >                dw      last_NFA            // Link to previous definition Name
 213+ 7992             >COLD:          if Enter_Ptr != 0 ; ok        // This is the start address of the direct jp(hl)
 213+ 7992 CD CE 6B    >                call    Enter_Ptr ; ok        // for primitive definitions  actual code
 213+ 7995             >
 213+ 7995             >
 213+ 7995             >                endif           ; ok        // for other definitions it "points" the correct handler
 213+ 7995             >                // Use of "; ok" to suppress "warning[fwdref]"
 213+ 7995             >
 213+ 7995             >last_NFA        defl    temp_NFA            // keep track of NFA saved above
 214+ 7995 F1 6B F1 6B                  dw      NOOP, NOOP
 215+ 7999 3F 64 12 64                  dw      LIT, S0_origin          // [ hex $12 +origin ] Literal
 216+ 799D 3F 64 2E 64                  dw      LIT, USER_Pointer       // [ hex $2E +origin ] literal
 217+ 79A1 EF 6A                        dw      FETCH                   // @
 218+ 79A3 3F 64 06 00                  dw      LIT, 6, PLUS            // 6 +
 218+ 79A7 51 69
 219+ 79A9 3F 64 14 00                  dw      LIT, 20                 // 20
 220+ 79AD 05 68                        dw      CMOVE
 221+ 79AF 3F 64 0C 64                  dw      LIT, Latest_origin      // [ hex 0C +origin ] literal
 222+ 79B3 EF 6A                        dw      FETCH                   // @
 223+ 79B5 3F 64 EB 78                  dw      LIT, Forth_Latest_Ptr   // [ ' forth >body 4 + ] Literal
 224+ 79B9 FB 6A                        dw      STORE                   // !
 225+ 79BB 46 6C 52 6D                  dw      ZERO, NMODE, STORE      // 0 nmode !
 225+ 79BF FB 6A
 226+ 79C1 30 6D EF 6A                  dw      FIRST, FETCH, DUP       // first @ dup
 226+ 79C5 15 6A
 227+ 79C7 F6 6D FB 6A                  dw      USED, STORE             // use !
 228+ 79CB 01 6E FB 6A                  dw      PREV, STORE             // prev !
 229+ 79CF 3F 64 04 00                  dw      LIT, 4, PLACE, STORE    // 4 place !
 229+ 79D3 16 6E FB 6A
 230+ 79D7              //              dw      LIT, 8
 231+ 79D7              //              dw      LIT, FLAGS2, CSTORE     // 8 5C6A c!
 232+ 79D7 26 7F                        dw      EMPTY_BUFFERS
 233+ 79D9
 234+ 79D9 58 6C 48 6E                  dw      TWO, HP, STORE          // 2 hp !
 234+ 79DD FB 6A
 235+ 79DF
 236+ 79DF 84 79        Warm_Start:     dw      WARM
 237+ 79E1 92 79        Cold_Start:     dw      COLD
 238+ 79E3 EB 68                        dw      EXIT
 239+ 79E5
 240+ 79E5              //  ______________________________________________________________________
 241+ 79E5              WarmRoutine:
 242+ 79E5              ColdRoutine:
 243+ 79E5 D9                           exx
 244+ 79E6 E5                           push    hl                      // save Basic's return address
 245+ 79E7 D9                           exx
 246+ 79E8 ED 73 08 64                  ld      (SP_Basic), sp
 247+ 79EC
 248+ 79EC                              // pre-set the four main 16-bit registers
 249+ 79EC ED 7B 12 64                  ld      sp, (S0_origin)         // Calculator Stack Pointer
 250+ 79F0 2A 14 64                     ld      hl, (R0_origin)         // Return Stack Pointer
 251+ 79F3 EB                           ex      de, hl
 252+ 79F4 DD 21 32 64                  ld      ix, Next_Ptr            // Inner Interpreter Pointer
 253+ 79F8 01 DF 79                     ld      bc, Warm_Start          // Instruction Pointer
 254+ 79FB
 255+ 79FB 38 02                        jr      c, Warm_Skip
 256+ 79FD 03                           inc     bc
 257+ 79FE 03                           inc     bc
 258+ 79FF              Warm_Skip:
 259+ 79FF                              next
 259+ 79FF DD E9       >                jp      (ix)
 260+ 7A01
 261+ 7A01              //  ______________________________________________________________________
 262+ 7A01              //
 263+ 7A01              // basic        --
 264+ 7A01                              New_Def BASIC, "BASIC", is_code, is_normal
 264+ 7A01             >temp_NFA        defl    $                   // save this NFA address to temp_NFA
 264+ 7A01             >
 264+ 7A01             >                // dummy db directives used to calculate length of namec
 264+ 7A01 42 41 53 49 >                db      "BASIC"
 264+ 7A05 43          >
 264+ 7A06             >len_NFA         defl    $ - temp_NFA
 264+ 7A06             >                org     $ - len_NFA         // rewind to temp_NFA and re-do NFA part
 264+ 7A01             >
 264+ 7A01 85          >                db      len_NFA | END_BIT | is_normal  // The start of NFA must have msb set to signal the beginning of the sounted string
 264+ 7A02 42 41 53 49 >                db      "BASIC"               // name string in 7-bit ascii, but
 264+ 7A06 43          >
 264+ 7A07             >                org     $-1                 // alter last byte of Name just above to set
 264+ 7A06 C3          >                db      {b $} | END_BIT     // msb as name end
 264+ 7A07             >
 264+ 7A07 8B 79       >                dw      last_NFA            // Link to previous definition Name
 264+ 7A09             >BASIC:          if is_code != 0 ; ok        // This is the start address of the direct jp(hl)
 264+ 7A09 ~           >                call    runcode ; ok        // for primitive definitions  actual code
 264+ 7A09 ~           >
 264+ 7A09 ~           >
 264+ 7A09             >                endif           ; ok        // for other definitions it "points" the correct handler
 264+ 7A09             >                // Use of "; ok" to suppress "warning[fwdref]"
 264+ 7A09             >
 264+ 7A09             >last_NFA        defl    temp_NFA            // keep track of NFA saved above
 265+ 7A09 C1                           pop     bc                      // return  TOS  value to Basic
 266+ 7A0A 21 00 00                     ld      hl, 0
 267+ 7A0D 39                           add     hl, sp
 268+ 7A0E ED 7B 08 64                  ld      sp, (SP_Basic)          // restore Basic's SP
 269+ 7A12              //              nop
 270+ 7A12 22 08 64                     ld      (SP_Basic),hl           // but also save Forth's
 271+ 7A15 D9                           exx
 272+ 7A16 E1                           pop     hl                      // restore h'l'
 273+ 7A17 D9                           exx
 274+ 7A18 C9                           ret                             // to where USR Basic was left
 275+ 7A19
 276+ 7A19              //  ______________________________________________________________________
 277+ 7A19              //
 278+ 7A19              // +-           n1 n2 -- n3
 279+ 7A19              // leaves n1 with the sign of n2 as n3.
 280+ 7A19                              Colon_Def PLUS_MINUS, "+-", is_normal
 280+ 7A19             >                New_Def  PLUS_MINUS, "+-", Enter_Ptr, is_normal ; ok
 280+ 7A19             >temp_NFA        defl    $                   // save this NFA address to temp_NFA
 280+ 7A19             >
 280+ 7A19             >                // dummy db directives used to calculate length of namec
 280+ 7A19 2B 2D       >                db      "+-"
 280+ 7A1B             >len_NFA         defl    $ - temp_NFA
 280+ 7A1B             >                org     $ - len_NFA         // rewind to temp_NFA and re-do NFA part
 280+ 7A19             >
 280+ 7A19 82          >                db      len_NFA | END_BIT | is_normal  // The start of NFA must have msb set to signal the beginning of the sounted string
 280+ 7A1A 2B 2D       >                db      "+-"               // name string in 7-bit ascii, but
 280+ 7A1C             >                org     $-1                 // alter last byte of Name just above to set
 280+ 7A1B AD          >                db      {b $} | END_BIT     // msb as name end
 280+ 7A1C             >
 280+ 7A1C 01 7A       >                dw      last_NFA            // Link to previous definition Name
 280+ 7A1E             >PLUS_MINUS:          if Enter_Ptr != 0 ; ok        // This is the start address of the direct jp(hl)
 280+ 7A1E CD CE 6B    >                call    Enter_Ptr ; ok        // for primitive definitions  actual code
 280+ 7A21             >
 280+ 7A21             >
 280+ 7A21             >                endif           ; ok        // for other definitions it "points" the correct handler
 280+ 7A21             >                // Use of "; ok" to suppress "warning[fwdref]"
 280+ 7A21             >
 280+ 7A21             >last_NFA        defl    temp_NFA            // keep track of NFA saved above
 281+ 7A21 35 69                        dw      ZLESS                   // 0<
 282+ 7A23                                                              // if
 283+ 7A23 B5 64                        dw      ZBRANCH
 284+ 7A25 04 00                        dw      Plus_Minus_Endif - $
 285+ 7A27 B3 69                        dw          MINUS               //      minus
 286+ 7A29              Plus_Minus_Endif:                               // endif
 287+ 7A29 EB 68                        dw      EXIT                    // ;
 288+ 7A2B
 289+ 7A2B              //  ______________________________________________________________________
 290+ 7A2B              //
 291+ 7A2B              // d+-          d1 n -- d2
 292+ 7A2B              // leaves d1 with the sign of n as d2.
 293+ 7A2B                              Colon_Def DPLUS_MINUS, "D+-", is_normal
 293+ 7A2B             >                New_Def  DPLUS_MINUS, "D+-", Enter_Ptr, is_normal ; ok
 293+ 7A2B             >temp_NFA        defl    $                   // save this NFA address to temp_NFA
 293+ 7A2B             >
 293+ 7A2B             >                // dummy db directives used to calculate length of namec
 293+ 7A2B 44 2B 2D    >                db      "D+-"
 293+ 7A2E             >len_NFA         defl    $ - temp_NFA
 293+ 7A2E             >                org     $ - len_NFA         // rewind to temp_NFA and re-do NFA part
 293+ 7A2B             >
 293+ 7A2B 83          >                db      len_NFA | END_BIT | is_normal  // The start of NFA must have msb set to signal the beginning of the sounted string
 293+ 7A2C 44 2B 2D    >                db      "D+-"               // name string in 7-bit ascii, but
 293+ 7A2F             >                org     $-1                 // alter last byte of Name just above to set
 293+ 7A2E AD          >                db      {b $} | END_BIT     // msb as name end
 293+ 7A2F             >
 293+ 7A2F 19 7A       >                dw      last_NFA            // Link to previous definition Name
 293+ 7A31             >DPLUS_MINUS:          if Enter_Ptr != 0 ; ok        // This is the start address of the direct jp(hl)
 293+ 7A31 CD CE 6B    >                call    Enter_Ptr ; ok        // for primitive definitions  actual code
 293+ 7A34             >
 293+ 7A34             >
 293+ 7A34             >                endif           ; ok        // for other definitions it "points" the correct handler
 293+ 7A34             >                // Use of "; ok" to suppress "warning[fwdref]"
 293+ 7A34             >
 293+ 7A34             >last_NFA        defl    temp_NFA            // keep track of NFA saved above
 294+ 7A34 35 69                        dw      ZLESS                   // 0<
 295+ 7A36                                                              // if
 296+ 7A36 B5 64                        dw      ZBRANCH
 297+ 7A38 04 00                        dw      DPlus_Minus_Endif - $
 298+ 7A3A C8 69                        dw          DMINUS              //      dminus
 299+ 7A3C              DPlus_Minus_Endif:                              // endif
 300+ 7A3C EB 68                        dw      EXIT                    // ;
 301+ 7A3E
 302+ 7A3E              //  ______________________________________________________________________
 303+ 7A3E              //
 304+ 7A3E              // abs          n1 -- n2
 305+ 7A3E                              Colon_Def ABS_OP, "ABS", is_normal
 305+ 7A3E             >                New_Def  ABS_OP, "ABS", Enter_Ptr, is_normal ; ok
 305+ 7A3E             >temp_NFA        defl    $                   // save this NFA address to temp_NFA
 305+ 7A3E             >
 305+ 7A3E             >                // dummy db directives used to calculate length of namec
 305+ 7A3E 41 42 53    >                db      "ABS"
 305+ 7A41             >len_NFA         defl    $ - temp_NFA
 305+ 7A41             >                org     $ - len_NFA         // rewind to temp_NFA and re-do NFA part
 305+ 7A3E             >
 305+ 7A3E 83          >                db      len_NFA | END_BIT | is_normal  // The start of NFA must have msb set to signal the beginning of the sounted string
 305+ 7A3F 41 42 53    >                db      "ABS"               // name string in 7-bit ascii, but
 305+ 7A42             >                org     $-1                 // alter last byte of Name just above to set
 305+ 7A41 D3          >                db      {b $} | END_BIT     // msb as name end
 305+ 7A42             >
 305+ 7A42 2B 7A       >                dw      last_NFA            // Link to previous definition Name
 305+ 7A44             >ABS_OP:          if Enter_Ptr != 0 ; ok        // This is the start address of the direct jp(hl)
 305+ 7A44 CD CE 6B    >                call    Enter_Ptr ; ok        // for primitive definitions  actual code
 305+ 7A47             >
 305+ 7A47             >
 305+ 7A47             >                endif           ; ok        // for other definitions it "points" the correct handler
 305+ 7A47             >                // Use of "; ok" to suppress "warning[fwdref]"
 305+ 7A47             >
 305+ 7A47             >last_NFA        defl    temp_NFA            // keep track of NFA saved above
 306+ 7A47 15 6A                        dw      DUP                     // dup
 307+ 7A49 1E 7A                        dw      PLUS_MINUS              // +-
 308+ 7A4B EB 68                        dw      EXIT                    // ;
 309+ 7A4D
 310+ 7A4D              //  ______________________________________________________________________
 311+ 7A4D              //
 312+ 7A4D              // dabs         d1 -- d2
 313+ 7A4D                              Colon_Def DABS, "DABS", is_normal
 313+ 7A4D             >                New_Def  DABS, "DABS", Enter_Ptr, is_normal ; ok
 313+ 7A4D             >temp_NFA        defl    $                   // save this NFA address to temp_NFA
 313+ 7A4D             >
 313+ 7A4D             >                // dummy db directives used to calculate length of namec
 313+ 7A4D 44 41 42 53 >                db      "DABS"
 313+ 7A51             >len_NFA         defl    $ - temp_NFA
 313+ 7A51             >                org     $ - len_NFA         // rewind to temp_NFA and re-do NFA part
 313+ 7A4D             >
 313+ 7A4D 84          >                db      len_NFA | END_BIT | is_normal  // The start of NFA must have msb set to signal the beginning of the sounted string
 313+ 7A4E 44 41 42 53 >                db      "DABS"               // name string in 7-bit ascii, but
 313+ 7A52             >                org     $-1                 // alter last byte of Name just above to set
 313+ 7A51 D3          >                db      {b $} | END_BIT     // msb as name end
 313+ 7A52             >
 313+ 7A52 3E 7A       >                dw      last_NFA            // Link to previous definition Name
 313+ 7A54             >DABS:          if Enter_Ptr != 0 ; ok        // This is the start address of the direct jp(hl)
 313+ 7A54 CD CE 6B    >                call    Enter_Ptr ; ok        // for primitive definitions  actual code
 313+ 7A57             >
 313+ 7A57             >
 313+ 7A57             >                endif           ; ok        // for other definitions it "points" the correct handler
 313+ 7A57             >                // Use of "; ok" to suppress "warning[fwdref]"
 313+ 7A57             >
 313+ 7A57             >last_NFA        defl    temp_NFA            // keep track of NFA saved above
 314+ 7A57 15 6A                        dw      DUP                     // dup
 315+ 7A59 31 7A                        dw      DPLUS_MINUS             // d+-
 316+ 7A5B EB 68                        dw      EXIT                    // ;
 317+ 7A5D
 318+ 7A5D              //  ______________________________________________________________________
 319+ 7A5D              //
 320+ 7A5D              // m*           n1 n2 -- d
 321+ 7A5D              // multiply two integer giving a double
 322+ 7A5D                              Colon_Def MMUL, "M*", is_normal
 322+ 7A5D             >                New_Def  MMUL, "M*", Enter_Ptr, is_normal ; ok
 322+ 7A5D             >temp_NFA        defl    $                   // save this NFA address to temp_NFA
 322+ 7A5D             >
 322+ 7A5D             >                // dummy db directives used to calculate length of namec
 322+ 7A5D 4D 2A       >                db      "M*"
 322+ 7A5F             >len_NFA         defl    $ - temp_NFA
 322+ 7A5F             >                org     $ - len_NFA         // rewind to temp_NFA and re-do NFA part
 322+ 7A5D             >
 322+ 7A5D 82          >                db      len_NFA | END_BIT | is_normal  // The start of NFA must have msb set to signal the beginning of the sounted string
 322+ 7A5E 4D 2A       >                db      "M*"               // name string in 7-bit ascii, but
 322+ 7A60             >                org     $-1                 // alter last byte of Name just above to set
 322+ 7A5F AA          >                db      {b $} | END_BIT     // msb as name end
 322+ 7A60             >
 322+ 7A60 4D 7A       >                dw      last_NFA            // Link to previous definition Name
 322+ 7A62             >MMUL:          if Enter_Ptr != 0 ; ok        // This is the start address of the direct jp(hl)
 322+ 7A62 CD CE 6B    >                call    Enter_Ptr ; ok        // for primitive definitions  actual code
 322+ 7A65             >
 322+ 7A65             >
 322+ 7A65             >                endif           ; ok        // for other definitions it "points" the correct handler
 322+ 7A65             >                // Use of "; ok" to suppress "warning[fwdref]"
 322+ 7A65             >
 322+ 7A65             >last_NFA        defl    temp_NFA            // keep track of NFA saved above
 323+ 7A65 A5 6A B1 68                  dw      TWO_DUP, XOR_OP, TO_R   // 2dup xor >r
 323+ 7A69 F8 68
 324+ 7A6B 44 7A 0A 6A                  dw      ABS_OP, SWAP            // abs swap
 325+ 7A6F 44 7A 34 68                  dw      ABS_OP, UM_MUL          // abs um*
 326+ 7A73 06 69 31 7A                  dw      R_TO, DPLUS_MINUS       // r> d+-
 327+ 7A77 EB 68                        dw      EXIT                    // ;
 328+ 7A79
 329+ 7A79              //  ______________________________________________________________________
 330+ 7A79              //
 331+ 7A79              // sm/rem       d n -- q r
 332+ 7A79              // Symmetric division: divides a double into n giving quotient q and remainder r
 333+ 7A79              // the remainder has the sign of d.
 334+ 7A79                              Colon_Def SMDIVM, "SM/REM", is_normal
 334+ 7A79             >                New_Def  SMDIVM, "SM/REM", Enter_Ptr, is_normal ; ok
 334+ 7A79             >temp_NFA        defl    $                   // save this NFA address to temp_NFA
 334+ 7A79             >
 334+ 7A79             >                // dummy db directives used to calculate length of namec
 334+ 7A79 53 4D 2F 52 >                db      "SM/REM"
 334+ 7A7D 45 4D       >
 334+ 7A7F             >len_NFA         defl    $ - temp_NFA
 334+ 7A7F             >                org     $ - len_NFA         // rewind to temp_NFA and re-do NFA part
 334+ 7A79             >
 334+ 7A79 86          >                db      len_NFA | END_BIT | is_normal  // The start of NFA must have msb set to signal the beginning of the sounted string
 334+ 7A7A 53 4D 2F 52 >                db      "SM/REM"               // name string in 7-bit ascii, but
 334+ 7A7E 45 4D       >
 334+ 7A80             >                org     $-1                 // alter last byte of Name just above to set
 334+ 7A7F CD          >                db      {b $} | END_BIT     // msb as name end
 334+ 7A80             >
 334+ 7A80 5D 7A       >                dw      last_NFA            // Link to previous definition Name
 334+ 7A82             >SMDIVM:          if Enter_Ptr != 0 ; ok        // This is the start address of the direct jp(hl)
 334+ 7A82 CD CE 6B    >                call    Enter_Ptr ; ok        // for primitive definitions  actual code
 334+ 7A85             >
 334+ 7A85             >
 334+ 7A85             >                endif           ; ok        // for other definitions it "points" the correct handler
 334+ 7A85             >                // Use of "; ok" to suppress "warning[fwdref]"
 334+ 7A85             >
 334+ 7A85             >last_NFA        defl    temp_NFA            // keep track of NFA saved above
 335+ 7A85 DA 69 F8 68                  dw      OVER, TO_R, TO_R        // over >r >r
 335+ 7A89 F8 68
 336+ 7A8B 54 7A 14 69                  dw      DABS, R_OP, ABS_OP      // dabs r abs
 336+ 7A8F 44 7A
 337+ 7A91 58 68                        dw      UMDIVMOD                // um/mod
 338+ 7A93 06 69                        dw      R_TO                    // r>
 339+ 7A95 14 69 B1 68                  dw      R_OP, XOR_OP            // r xor
 340+ 7A99 1E 7A 0A 6A                  dw      PLUS_MINUS, SWAP        // +- swap
 341+ 7A9D 06 69                        dw      R_TO                    // r>
 342+ 7A9F 1E 7A 0A 6A                  dw      PLUS_MINUS, SWAP        // +- swap
 343+ 7AA3 EB 68                        dw      EXIT                    // ;
 344+ 7AA5
 345+ 7AA5              //  ______________________________________________________________________
 346+ 7AA5              //
 347+ 7AA5              // fm/mod       d n -- q r
 348+ 7AA5              // Floored division: divides a double into n giving quotient q and remainder r
 349+ 7AA5              // the remainder has the sign of d.
 350+ 7AA5                              Colon_Def FMDIVM, "FM/MOD", is_normal
 350+ 7AA5             >                New_Def  FMDIVM, "FM/MOD", Enter_Ptr, is_normal ; ok
 350+ 7AA5             >temp_NFA        defl    $                   // save this NFA address to temp_NFA
 350+ 7AA5             >
 350+ 7AA5             >                // dummy db directives used to calculate length of namec
 350+ 7AA5 46 4D 2F 4D >                db      "FM/MOD"
 350+ 7AA9 4F 44       >
 350+ 7AAB             >len_NFA         defl    $ - temp_NFA
 350+ 7AAB             >                org     $ - len_NFA         // rewind to temp_NFA and re-do NFA part
 350+ 7AA5             >
 350+ 7AA5 86          >                db      len_NFA | END_BIT | is_normal  // The start of NFA must have msb set to signal the beginning of the sounted string
 350+ 7AA6 46 4D 2F 4D >                db      "FM/MOD"               // name string in 7-bit ascii, but
 350+ 7AAA 4F 44       >
 350+ 7AAC             >                org     $-1                 // alter last byte of Name just above to set
 350+ 7AAB C4          >                db      {b $} | END_BIT     // msb as name end
 350+ 7AAC             >
 350+ 7AAC 79 7A       >                dw      last_NFA            // Link to previous definition Name
 350+ 7AAE             >FMDIVM:          if Enter_Ptr != 0 ; ok        // This is the start address of the direct jp(hl)
 350+ 7AAE CD CE 6B    >                call    Enter_Ptr ; ok        // for primitive definitions  actual code
 350+ 7AB1             >
 350+ 7AB1             >
 350+ 7AB1             >                endif           ; ok        // for other definitions it "points" the correct handler
 350+ 7AB1             >                // Use of "; ok" to suppress "warning[fwdref]"
 350+ 7AB1             >
 350+ 7AB1             >last_NFA        defl    temp_NFA            // keep track of NFA saved above
 351+ 7AB1 15 6A F8 68                  dw      DUP, TO_R               // dup >r
 352+ 7AB5 82 7A                        dw      SMDIVM
 353+ 7AB7 DA 69 15 6A                  dw      OVER, DUP
 354+ 7ABB 1C 69 1C 69                  dw      ZEQUAL, ZEQUAL
 355+ 7ABF 0A 6A 35 69                  dw      SWAP, ZLESS
 356+ 7AC3 14 69 35 69                  dw      R_OP, ZLESS
 357+ 7AC7 B1 68 8F 68                  dw      XOR_OP, AND_OP
 358+ 7ACB B5 64                        dw      ZBRANCH
 359+ 7ACD 10 00                        dw      Fm_Mod_Else - $
 360+ 7ACF 7A 69                        dw          ONE_SUBTRACT
 361+ 7AD1 0A 6A 06 69                  dw          SWAP, R_TO
 362+ 7AD5 51 69 0A 6A                  dw          PLUS, SWAP
 363+ 7AD9 A9 64                        dw      BRANCH
 364+ 7ADB 06 00                        dw      Fm_Mod_Endif - $
 365+ 7ADD              Fm_Mod_Else:
 366+ 7ADD 06 69 E8 69                  dw          R_TO, DROP
 367+ 7AE1              Fm_Mod_Endif:
 368+ 7AE1 EB 68                        dw      EXIT
 369+ 7AE3              //              dw      TWO_DUP                 // 2dup
 370+ 7AE3              //              dw      XOR_OP, TO_R, TO_R      // xor >r >r
 371+ 7AE3              //              dw      DABS, R_OP, ABS_OP      // dabs r abs
 372+ 7AE3              //              dw      UMDIVMOD                // um/mod
 373+ 7AE3              //              dw      SWAP                    // swap
 374+ 7AE3              //              dw      II, ZLESS               // i'
 375+ 7AE3              //              dw      ONE, AND_OP, PLUS       // 0< 1 and +
 376+ 7AE3              //              dw      R_TO                    // r>
 377+ 7AE3              //              dw      PLUS_MINUS, SWAP        // +- swap
 378+ 7AE3              //              dw      R_OP                    // r@
 379+ 7AE3              //              dw      ZLESS                   // i'
 380+ 7AE3              //              dw      ONE, AND_OP, PLUS       // 0< 1 and +
 381+ 7AE3              //              dw      R_TO                    // r>
 382+ 7AE3              //              dw      PLUS_MINUS              // +- swap
 383+ 7AE3              //              dw      EXIT                    // ;
 384+ 7AE3
 385+ 7AE3              //  ______________________________________________________________________
 386+ 7AE3              //
 387+ 7AE3              // m/mod        d n -- q r
 388+ 7AE3              // multiply two integer giving a double
 389+ 7AE3                              Colon_Def MDIVM, "M/MOD", is_normal
 389+ 7AE3             >                New_Def  MDIVM, "M/MOD", Enter_Ptr, is_normal ; ok
 389+ 7AE3             >temp_NFA        defl    $                   // save this NFA address to temp_NFA
 389+ 7AE3             >
 389+ 7AE3             >                // dummy db directives used to calculate length of namec
 389+ 7AE3 4D 2F 4D 4F >                db      "M/MOD"
 389+ 7AE7 44          >
 389+ 7AE8             >len_NFA         defl    $ - temp_NFA
 389+ 7AE8             >                org     $ - len_NFA         // rewind to temp_NFA and re-do NFA part
 389+ 7AE3             >
 389+ 7AE3 85          >                db      len_NFA | END_BIT | is_normal  // The start of NFA must have msb set to signal the beginning of the sounted string
 389+ 7AE4 4D 2F 4D 4F >                db      "M/MOD"               // name string in 7-bit ascii, but
 389+ 7AE8 44          >
 389+ 7AE9             >                org     $-1                 // alter last byte of Name just above to set
 389+ 7AE8 C4          >                db      {b $} | END_BIT     // msb as name end
 389+ 7AE9             >
 389+ 7AE9 A5 7A       >                dw      last_NFA            // Link to previous definition Name
 389+ 7AEB             >MDIVM:          if Enter_Ptr != 0 ; ok        // This is the start address of the direct jp(hl)
 389+ 7AEB CD CE 6B    >                call    Enter_Ptr ; ok        // for primitive definitions  actual code
 389+ 7AEE             >
 389+ 7AEE             >
 389+ 7AEE             >                endif           ; ok        // for other definitions it "points" the correct handler
 389+ 7AEE             >                // Use of "; ok" to suppress "warning[fwdref]"
 389+ 7AEE             >
 389+ 7AEE             >last_NFA        defl    temp_NFA            // keep track of NFA saved above
 390+ 7AEE 82 7A                        dw      SMDIVM
 391+ 7AF0 EB 68                        dw      EXIT                    // ;
 392+ 7AF2
 393+ 7AF2              //  ______________________________________________________________________
 394+ 7AF2              //
 395+ 7AF2              // m/           d n -- q
 396+ 7AF2              // multiply two integer giving a double
 397+ 7AF2                              Colon_Def MDIV, "M/", is_normal
 397+ 7AF2             >                New_Def  MDIV, "M/", Enter_Ptr, is_normal ; ok
 397+ 7AF2             >temp_NFA        defl    $                   // save this NFA address to temp_NFA
 397+ 7AF2             >
 397+ 7AF2             >                // dummy db directives used to calculate length of namec
 397+ 7AF2 4D 2F       >                db      "M/"
 397+ 7AF4             >len_NFA         defl    $ - temp_NFA
 397+ 7AF4             >                org     $ - len_NFA         // rewind to temp_NFA and re-do NFA part
 397+ 7AF2             >
 397+ 7AF2 82          >                db      len_NFA | END_BIT | is_normal  // The start of NFA must have msb set to signal the beginning of the sounted string
 397+ 7AF3 4D 2F       >                db      "M/"               // name string in 7-bit ascii, but
 397+ 7AF5             >                org     $-1                 // alter last byte of Name just above to set
 397+ 7AF4 AF          >                db      {b $} | END_BIT     // msb as name end
 397+ 7AF5             >
 397+ 7AF5 E3 7A       >                dw      last_NFA            // Link to previous definition Name
 397+ 7AF7             >MDIV:          if Enter_Ptr != 0 ; ok        // This is the start address of the direct jp(hl)
 397+ 7AF7 CD CE 6B    >                call    Enter_Ptr ; ok        // for primitive definitions  actual code
 397+ 7AFA             >
 397+ 7AFA             >
 397+ 7AFA             >                endif           ; ok        // for other definitions it "points" the correct handler
 397+ 7AFA             >                // Use of "; ok" to suppress "warning[fwdref]"
 397+ 7AFA             >
 397+ 7AFA             >last_NFA        defl    temp_NFA            // keep track of NFA saved above
 398+ 7AFA EB 7A F1 69                  dw      MDIVM, NIP
 399+ 7AFE EB 68                        dw      EXIT                    // ;
 400+ 7B00
 401+ 7B00              //  ______________________________________________________________________
 402+ 7B00              //
 403+ 7B00              // *            n1 n2 -- n3
 404+ 7B00              // multiply two integer
 405+ 7B00                              Colon_Def MUL, "*", is_normal
 405+ 7B00             >                New_Def  MUL, "*", Enter_Ptr, is_normal ; ok
 405+ 7B00             >temp_NFA        defl    $                   // save this NFA address to temp_NFA
 405+ 7B00             >
 405+ 7B00             >                // dummy db directives used to calculate length of namec
 405+ 7B00 2A          >                db      "*"
 405+ 7B01             >len_NFA         defl    $ - temp_NFA
 405+ 7B01             >                org     $ - len_NFA         // rewind to temp_NFA and re-do NFA part
 405+ 7B00             >
 405+ 7B00 81          >                db      len_NFA | END_BIT | is_normal  // The start of NFA must have msb set to signal the beginning of the sounted string
 405+ 7B01 2A          >                db      "*"               // name string in 7-bit ascii, but
 405+ 7B02             >                org     $-1                 // alter last byte of Name just above to set
 405+ 7B01 AA          >                db      {b $} | END_BIT     // msb as name end
 405+ 7B02             >
 405+ 7B02 F2 7A       >                dw      last_NFA            // Link to previous definition Name
 405+ 7B04             >MUL:          if Enter_Ptr != 0 ; ok        // This is the start address of the direct jp(hl)
 405+ 7B04 CD CE 6B    >                call    Enter_Ptr ; ok        // for primitive definitions  actual code
 405+ 7B07             >
 405+ 7B07             >
 405+ 7B07             >                endif           ; ok        // for other definitions it "points" the correct handler
 405+ 7B07             >                // Use of "; ok" to suppress "warning[fwdref]"
 405+ 7B07             >
 405+ 7B07             >last_NFA        defl    temp_NFA            // keep track of NFA saved above
 406+ 7B07 62 7A E8 69                  dw      MMUL, DROP              // m* drop
 407+ 7B0B EB 68                        dw      EXIT                    // ;
 408+ 7B0D
 409+ 7B0D              //  ______________________________________________________________________
 410+ 7B0D              //
 411+ 7B0D              // /mod         n1 n2 -- n3 n4
 412+ 7B0D              // leaves quotient n4 and remainder n3 of the integer division n1 / n2.
 413+ 7B0D              // The remainder has the sign of n1
 414+ 7B0D                              Colon_Def DIVMOD, "/MOD", is_normal
 414+ 7B0D             >                New_Def  DIVMOD, "/MOD", Enter_Ptr, is_normal ; ok
 414+ 7B0D             >temp_NFA        defl    $                   // save this NFA address to temp_NFA
 414+ 7B0D             >
 414+ 7B0D             >                // dummy db directives used to calculate length of namec
 414+ 7B0D 2F 4D 4F 44 >                db      "/MOD"
 414+ 7B11             >len_NFA         defl    $ - temp_NFA
 414+ 7B11             >                org     $ - len_NFA         // rewind to temp_NFA and re-do NFA part
 414+ 7B0D             >
 414+ 7B0D 84          >                db      len_NFA | END_BIT | is_normal  // The start of NFA must have msb set to signal the beginning of the sounted string
 414+ 7B0E 2F 4D 4F 44 >                db      "/MOD"               // name string in 7-bit ascii, but
 414+ 7B12             >                org     $-1                 // alter last byte of Name just above to set
 414+ 7B11 C4          >                db      {b $} | END_BIT     // msb as name end
 414+ 7B12             >
 414+ 7B12 00 7B       >                dw      last_NFA            // Link to previous definition Name
 414+ 7B14             >DIVMOD:          if Enter_Ptr != 0 ; ok        // This is the start address of the direct jp(hl)
 414+ 7B14 CD CE 6B    >                call    Enter_Ptr ; ok        // for primitive definitions  actual code
 414+ 7B17             >
 414+ 7B17             >
 414+ 7B17             >                endif           ; ok        // for other definitions it "points" the correct handler
 414+ 7B17             >                // Use of "; ok" to suppress "warning[fwdref]"
 414+ 7B17             >
 414+ 7B17             >last_NFA        defl    temp_NFA            // keep track of NFA saved above
 415+ 7B17 F8 68 96 6E                  dw      TO_R, S_TO_D, R_TO      // >r s->d r>
 415+ 7B1B 06 69
 416+ 7B1D EB 7A                        dw      MDIVM                   // m/mod
 417+ 7B1F EB 68                        dw      EXIT                    // ;
 418+ 7B21
 419+ 7B21              //  ______________________________________________________________________
 420+ 7B21              //
 421+ 7B21              // /            n1 n2 -- n3
 422+ 7B21              // division
 423+ 7B21                              Colon_Def DIV, "/", is_normal
 423+ 7B21             >                New_Def  DIV, "/", Enter_Ptr, is_normal ; ok
 423+ 7B21             >temp_NFA        defl    $                   // save this NFA address to temp_NFA
 423+ 7B21             >
 423+ 7B21             >                // dummy db directives used to calculate length of namec
 423+ 7B21 2F          >                db      "/"
 423+ 7B22             >len_NFA         defl    $ - temp_NFA
 423+ 7B22             >                org     $ - len_NFA         // rewind to temp_NFA and re-do NFA part
 423+ 7B21             >
 423+ 7B21 81          >                db      len_NFA | END_BIT | is_normal  // The start of NFA must have msb set to signal the beginning of the sounted string
 423+ 7B22 2F          >                db      "/"               // name string in 7-bit ascii, but
 423+ 7B23             >                org     $-1                 // alter last byte of Name just above to set
 423+ 7B22 AF          >                db      {b $} | END_BIT     // msb as name end
 423+ 7B23             >
 423+ 7B23 0D 7B       >                dw      last_NFA            // Link to previous definition Name
 423+ 7B25             >DIV:          if Enter_Ptr != 0 ; ok        // This is the start address of the direct jp(hl)
 423+ 7B25 CD CE 6B    >                call    Enter_Ptr ; ok        // for primitive definitions  actual code
 423+ 7B28             >
 423+ 7B28             >
 423+ 7B28             >                endif           ; ok        // for other definitions it "points" the correct handler
 423+ 7B28             >                // Use of "; ok" to suppress "warning[fwdref]"
 423+ 7B28             >
 423+ 7B28             >last_NFA        defl    temp_NFA            // keep track of NFA saved above
 424+ 7B28 14 7B F1 69                  dw      DIVMOD, NIP             // /mod nip
 425+ 7B2C EB 68                        dw      EXIT                    // ;
 426+ 7B2E
 427+ 7B2E              //  ______________________________________________________________________
 428+ 7B2E              //
 429+ 7B2E              // mod          n1 n2 -- n3
 430+ 7B2E                              Colon_Def MOD, "MOD", is_normal
 430+ 7B2E             >                New_Def  MOD, "MOD", Enter_Ptr, is_normal ; ok
 430+ 7B2E             >temp_NFA        defl    $                   // save this NFA address to temp_NFA
 430+ 7B2E             >
 430+ 7B2E             >                // dummy db directives used to calculate length of namec
 430+ 7B2E 4D 4F 44    >                db      "MOD"
 430+ 7B31             >len_NFA         defl    $ - temp_NFA
 430+ 7B31             >                org     $ - len_NFA         // rewind to temp_NFA and re-do NFA part
 430+ 7B2E             >
 430+ 7B2E 83          >                db      len_NFA | END_BIT | is_normal  // The start of NFA must have msb set to signal the beginning of the sounted string
 430+ 7B2F 4D 4F 44    >                db      "MOD"               // name string in 7-bit ascii, but
 430+ 7B32             >                org     $-1                 // alter last byte of Name just above to set
 430+ 7B31 C4          >                db      {b $} | END_BIT     // msb as name end
 430+ 7B32             >
 430+ 7B32 21 7B       >                dw      last_NFA            // Link to previous definition Name
 430+ 7B34             >MOD:          if Enter_Ptr != 0 ; ok        // This is the start address of the direct jp(hl)
 430+ 7B34 CD CE 6B    >                call    Enter_Ptr ; ok        // for primitive definitions  actual code
 430+ 7B37             >
 430+ 7B37             >
 430+ 7B37             >                endif           ; ok        // for other definitions it "points" the correct handler
 430+ 7B37             >                // Use of "; ok" to suppress "warning[fwdref]"
 430+ 7B37             >
 430+ 7B37             >last_NFA        defl    temp_NFA            // keep track of NFA saved above
 431+ 7B37 14 7B E8 69                  dw      DIVMOD, DROP            // /mod drop
 432+ 7B3B EB 68                        dw      EXIT                    // ;
 433+ 7B3D
 434+ 7B3D              //  ______________________________________________________________________
 435+ 7B3D              //
 436+ 7B3D              // */mod        n1 n2 n3 -- n4 n5
 437+ 7B3D              // leaves the quotient n5 and the remainder n4 of the operation
 438+ 7B3D              // (n1 * n2) / n3. The intermediate passage through a double number
 439+ 7B3D              // avoids loss of precision
 440+ 7B3D                              Colon_Def MUL_DIV_MOD, "*/MOD", is_normal
 440+ 7B3D             >                New_Def  MUL_DIV_MOD, "*/MOD", Enter_Ptr, is_normal ; ok
 440+ 7B3D             >temp_NFA        defl    $                   // save this NFA address to temp_NFA
 440+ 7B3D             >
 440+ 7B3D             >                // dummy db directives used to calculate length of namec
 440+ 7B3D 2A 2F 4D 4F >                db      "*/MOD"
 440+ 7B41 44          >
 440+ 7B42             >len_NFA         defl    $ - temp_NFA
 440+ 7B42             >                org     $ - len_NFA         // rewind to temp_NFA and re-do NFA part
 440+ 7B3D             >
 440+ 7B3D 85          >                db      len_NFA | END_BIT | is_normal  // The start of NFA must have msb set to signal the beginning of the sounted string
 440+ 7B3E 2A 2F 4D 4F >                db      "*/MOD"               // name string in 7-bit ascii, but
 440+ 7B42 44          >
 440+ 7B43             >                org     $-1                 // alter last byte of Name just above to set
 440+ 7B42 C4          >                db      {b $} | END_BIT     // msb as name end
 440+ 7B43             >
 440+ 7B43 2E 7B       >                dw      last_NFA            // Link to previous definition Name
 440+ 7B45             >MUL_DIV_MOD:          if Enter_Ptr != 0 ; ok        // This is the start address of the direct jp(hl)
 440+ 7B45 CD CE 6B    >                call    Enter_Ptr ; ok        // for primitive definitions  actual code
 440+ 7B48             >
 440+ 7B48             >
 440+ 7B48             >                endif           ; ok        // for other definitions it "points" the correct handler
 440+ 7B48             >                // Use of "; ok" to suppress "warning[fwdref]"
 440+ 7B48             >
 440+ 7B48             >last_NFA        defl    temp_NFA            // keep track of NFA saved above
 441+ 7B48 F8 68 62 7A                  dw      TO_R, MMUL              // >r  m*
 442+ 7B4C 06 69 EB 7A                  dw      R_TO, MDIVM             // r>  m/mod
 443+ 7B50 EB 68                        dw      EXIT                    // ;
 444+ 7B52
 445+ 7B52              //  ______________________________________________________________________
 446+ 7B52              //
 447+ 7B52              // */          n1 n2 n3 -- n4
 448+ 7B52              // (n1 * n2) / n3. The intermediate passage through a double number avoids loss of precision
 449+ 7B52                              Colon_Def MUL_DIV, "*/", is_normal
 449+ 7B52             >                New_Def  MUL_DIV, "*/", Enter_Ptr, is_normal ; ok
 449+ 7B52             >temp_NFA        defl    $                   // save this NFA address to temp_NFA
 449+ 7B52             >
 449+ 7B52             >                // dummy db directives used to calculate length of namec
 449+ 7B52 2A 2F       >                db      "*/"
 449+ 7B54             >len_NFA         defl    $ - temp_NFA
 449+ 7B54             >                org     $ - len_NFA         // rewind to temp_NFA and re-do NFA part
 449+ 7B52             >
 449+ 7B52 82          >                db      len_NFA | END_BIT | is_normal  // The start of NFA must have msb set to signal the beginning of the sounted string
 449+ 7B53 2A 2F       >                db      "*/"               // name string in 7-bit ascii, but
 449+ 7B55             >                org     $-1                 // alter last byte of Name just above to set
 449+ 7B54 AF          >                db      {b $} | END_BIT     // msb as name end
 449+ 7B55             >
 449+ 7B55 3D 7B       >                dw      last_NFA            // Link to previous definition Name
 449+ 7B57             >MUL_DIV:          if Enter_Ptr != 0 ; ok        // This is the start address of the direct jp(hl)
 449+ 7B57 CD CE 6B    >                call    Enter_Ptr ; ok        // for primitive definitions  actual code
 449+ 7B5A             >
 449+ 7B5A             >
 449+ 7B5A             >                endif           ; ok        // for other definitions it "points" the correct handler
 449+ 7B5A             >                // Use of "; ok" to suppress "warning[fwdref]"
 449+ 7B5A             >
 449+ 7B5A             >last_NFA        defl    temp_NFA            // keep track of NFA saved above
 450+ 7B5A 45 7B                        dw     MUL_DIV_MOD              // */mod
 451+ 7B5C F1 69                        dw     NIP                      // nip
 452+ 7B5E EB 68                        dw     EXIT                     // ;
 453+ 7B60
 454+ 7B60
 455+ 7B60              //  ______________________________________________________________________
 456+ 7B60              //
 457+ 7B60              // m/mod        ud1 u2 -- u3 ud4
 458+ 7B60              // mixed operation: it leaves the remainder u3 and the quotient ud4 of ud1 / u1.
 459+ 7B60              // All terms are unsigned.
 460+ 7B60              //              Colon_Def MDIV_MOD, "M/MOD", is_normal
 461+ 7B60              //              dw      TO_R                    // >r           ( ud1 )
 462+ 7B60              //              dw      ZERO, R_OP, UMDIVMOD    // 0 r um/mod   ( l rem1 h/r )
 463+ 7B60              //              dw      R_TO, SWAP, TO_R        // r> swap >r   ( l rem )
 464+ 7B60              //              dw      UMDIVMOD                // um/mod       ( rem2 l/r )
 465+ 7B60              //              dw      R_TO                    // r>           ( rem2 l/r h/r )
 466+ 7B60              //              dw      EXIT                    // ;
 467+ 7B60
 468+ 7B60              //  ______________________________________________________________________
 469+ 7B60              //
 470+ 7B60              // (line)       n1 n2 -- a b
 471+ 7B60              // sends the line n1 of block n2 to the disk buffer.
 472+ 7B60              // it returns the address a and ca counter b = C/L meaning a whole line.
 473+ 7B60                              Colon_Def CLINE, "(LINE)", is_normal
 473+ 7B60             >                New_Def  CLINE, "(LINE)", Enter_Ptr, is_normal ; ok
 473+ 7B60             >temp_NFA        defl    $                   // save this NFA address to temp_NFA
 473+ 7B60             >
 473+ 7B60             >                // dummy db directives used to calculate length of namec
 473+ 7B60 28 4C 49 4E >                db      "(LINE)"
 473+ 7B64 45 29       >
 473+ 7B66             >len_NFA         defl    $ - temp_NFA
 473+ 7B66             >                org     $ - len_NFA         // rewind to temp_NFA and re-do NFA part
 473+ 7B60             >
 473+ 7B60 86          >                db      len_NFA | END_BIT | is_normal  // The start of NFA must have msb set to signal the beginning of the sounted string
 473+ 7B61 28 4C 49 4E >                db      "(LINE)"               // name string in 7-bit ascii, but
 473+ 7B65 45 29       >
 473+ 7B67             >                org     $-1                 // alter last byte of Name just above to set
 473+ 7B66 A9          >                db      {b $} | END_BIT     // msb as name end
 473+ 7B67             >
 473+ 7B67 52 7B       >                dw      last_NFA            // Link to previous definition Name
 473+ 7B69             >CLINE:          if Enter_Ptr != 0 ; ok        // This is the start address of the direct jp(hl)
 473+ 7B69 CD CE 6B    >                call    Enter_Ptr ; ok        // for primitive definitions  actual code
 473+ 7B6C             >
 473+ 7B6C             >
 473+ 7B6C             >                endif           ; ok        // for other definitions it "points" the correct handler
 473+ 7B6C             >                // Use of "; ok" to suppress "warning[fwdref]"
 473+ 7B6C             >
 473+ 7B6C             >last_NFA        defl    temp_NFA            // keep track of NFA saved above
 474+ 7B6C F8 68                        dw      TO_R                    // >r
 475+ 7B6E 80 6C                        dw      CL                      // c/l
 476+ 7B70 8D 6C 45 7B                  dw      BBUF, MUL_DIV_MOD       // */mod
 477+ 7B74 06 69                        dw      R_TO                    // r>
 478+ 7B76 9A 6C 04 7B                  dw      BSCR, MUL, PLUS         // b/scr * +
 478+ 7B7A 51 69
 479+ 7B7C 8B 7F                        dw      BLOCK                   // block   ( forward )
 480+ 7B7E 51 69                        dw      PLUS                    // +
 481+ 7B80 80 6C                        dw      CL                      // c/l
 482+ 7B82 EB 68                        dw      EXIT                    // ;
 483+ 7B84
 484+ 7B84              //  ______________________________________________________________________
 485+ 7B84              //
 486+ 7B84              // .line        n1 n2 --
 487+ 7B84              // Sends to output line  n1  of screen n2.
 488+ 7B84                              Colon_Def DOT_LINE, ".LINE", is_normal
 488+ 7B84             >                New_Def  DOT_LINE, ".LINE", Enter_Ptr, is_normal ; ok
 488+ 7B84             >temp_NFA        defl    $                   // save this NFA address to temp_NFA
 488+ 7B84             >
 488+ 7B84             >                // dummy db directives used to calculate length of namec
 488+ 7B84 2E 4C 49 4E >                db      ".LINE"
 488+ 7B88 45          >
 488+ 7B89             >len_NFA         defl    $ - temp_NFA
 488+ 7B89             >                org     $ - len_NFA         // rewind to temp_NFA and re-do NFA part
 488+ 7B84             >
 488+ 7B84 85          >                db      len_NFA | END_BIT | is_normal  // The start of NFA must have msb set to signal the beginning of the sounted string
 488+ 7B85 2E 4C 49 4E >                db      ".LINE"               // name string in 7-bit ascii, but
 488+ 7B89 45          >
 488+ 7B8A             >                org     $-1                 // alter last byte of Name just above to set
 488+ 7B89 C5          >                db      {b $} | END_BIT     // msb as name end
 488+ 7B8A             >
 488+ 7B8A 60 7B       >                dw      last_NFA            // Link to previous definition Name
 488+ 7B8C             >DOT_LINE:          if Enter_Ptr != 0 ; ok        // This is the start address of the direct jp(hl)
 488+ 7B8C CD CE 6B    >                call    Enter_Ptr ; ok        // for primitive definitions  actual code
 488+ 7B8F             >
 488+ 7B8F             >
 488+ 7B8F             >                endif           ; ok        // for other definitions it "points" the correct handler
 488+ 7B8F             >                // Use of "; ok" to suppress "warning[fwdref]"
 488+ 7B8F             >
 488+ 7B8F             >last_NFA        defl    temp_NFA            // keep track of NFA saved above
 489+ 7B8F 69 7B 53 72                  dw      CLINE, LTRAILING, TYPE  // (line) -trailing type
 489+ 7B93 32 72
 490+ 7B95 EB 68                        dw      EXIT                    // ;
 491+ 7B97
 492+ 7B97              //  ______________________________________________________________________
 493+ 7B97              //
 494+ 7B97              // message       n1 n2 --
 495+ 7B97              // prints error message to current channel.
 496+ 7B97              // if WARNING is 0, prints "MSG#n".
 497+ 7B97              // if WARNING is 1, prints line n of screen 4.
 498+ 7B97              // if WARNING is -1, see ERROR
 499+ 7B97              // value can be negative or beyond block 4.
 500+ 7B97                              Colon_Def MESSAGE, "MESSAGE", is_normal
 500+ 7B97             >                New_Def  MESSAGE, "MESSAGE", Enter_Ptr, is_normal ; ok
 500+ 7B97             >temp_NFA        defl    $                   // save this NFA address to temp_NFA
 500+ 7B97             >
 500+ 7B97             >                // dummy db directives used to calculate length of namec
 500+ 7B97 4D 45 53 53 >                db      "MESSAGE"
 500+ 7B9B 41 47 45    >
 500+ 7B9E             >len_NFA         defl    $ - temp_NFA
 500+ 7B9E             >                org     $ - len_NFA         // rewind to temp_NFA and re-do NFA part
 500+ 7B97             >
 500+ 7B97 87          >                db      len_NFA | END_BIT | is_normal  // The start of NFA must have msb set to signal the beginning of the sounted string
 500+ 7B98 4D 45 53 53 >                db      "MESSAGE"               // name string in 7-bit ascii, but
 500+ 7B9C 41 47 45    >
 500+ 7B9F             >                org     $-1                 // alter last byte of Name just above to set
 500+ 7B9E C5          >                db      {b $} | END_BIT     // msb as name end
 500+ 7B9F             >
 500+ 7B9F 84 7B       >                dw      last_NFA            // Link to previous definition Name
 500+ 7BA1             >MESSAGE:          if Enter_Ptr != 0 ; ok        // This is the start address of the direct jp(hl)
 500+ 7BA1 CD CE 6B    >                call    Enter_Ptr ; ok        // for primitive definitions  actual code
 500+ 7BA4             >
 500+ 7BA4             >
 500+ 7BA4             >                endif           ; ok        // for other definitions it "points" the correct handler
 500+ 7BA4             >                // Use of "; ok" to suppress "warning[fwdref]"
 500+ 7BA4             >
 500+ 7BA4             >last_NFA        defl    temp_NFA            // keep track of NFA saved above
 501+ 7BA4 00 6D EF 6A                  dw      WARNING, FETCH          // warning @
 502+ 7BA8                                                              // if
 503+ 7BA8 B5 64                        dw      ZBRANCH
 504+ 7BAA 12 00                        dw      Message_Else - $
 505+ 7BAC 3F 64 20 00                  dw          LIT, 32, PLUS       //      32 +
 505+ 7BB0 51 69
 506+ 7BB2 58 6C                        dw          TWO                 //      2
 507+ 7BB4 8C 7B                        dw          DOT_LINE            //      .line
 508+ 7BB6 53 6F                        dw          SPACE               //      space
 509+ 7BB8                                                              // else
 510+ 7BB8
 511+ 7BB8 A9 64                        dw      BRANCH
 512+ 7BBA 0B 00                        dw      Message_ENdif - $
 513+ 7BBC              Message_Else:
 514+ 7BBC 0A 74                        dw          C_DOT_QUOTE         //      .( msg#)
 515+ 7BBE 04 6D 73 67                  db          4, "msg#"
 515+ 7BC2 23
 516+ 7BC3 0F 82                        dw          DOT                 //      .  ( forward )
 517+ 7BC5              Message_ENdif:                                  // endif
 518+ 7BC5 EB 68                        dw      EXIT                    // ;
 519+ 7BC7
 520+ 7BC7
 521+ 7BC7              //  ______________________________________________________________________
 522+ 7BC7              //
 523+ 7BC7              // device
 524+ 7BC7                              Variable_Def DEVICE,   "DEVICE",   2
 524+ 7BC7             >                New_Def  DEVICE, "DEVICE", Variable_Ptr, is_normal
 524+ 7BC7             >temp_NFA        defl    $                   // save this NFA address to temp_NFA
 524+ 7BC7             >
 524+ 7BC7             >                // dummy db directives used to calculate length of namec
 524+ 7BC7 44 45 56 49 >                db      "DEVICE"
 524+ 7BCB 43 45       >
 524+ 7BCD             >len_NFA         defl    $ - temp_NFA
 524+ 7BCD             >                org     $ - len_NFA         // rewind to temp_NFA and re-do NFA part
 524+ 7BC7             >
 524+ 7BC7 86          >                db      len_NFA | END_BIT | is_normal  // The start of NFA must have msb set to signal the beginning of the sounted string
 524+ 7BC8 44 45 56 49 >                db      "DEVICE"               // name string in 7-bit ascii, but
 524+ 7BCC 43 45       >
 524+ 7BCE             >                org     $-1                 // alter last byte of Name just above to set
 524+ 7BCD C5          >                db      {b $} | END_BIT     // msb as name end
 524+ 7BCE             >
 524+ 7BCE 97 7B       >                dw      last_NFA            // Link to previous definition Name
 524+ 7BD0             >DEVICE:          if Variable_Ptr != 0 ; ok        // This is the start address of the direct jp(hl)
 524+ 7BD0 CD 23 6C    >                call    Variable_Ptr ; ok        // for primitive definitions  actual code
 524+ 7BD3             >
 524+ 7BD3             >
 524+ 7BD3             >                endif           ; ok        // for other definitions it "points" the correct handler
 524+ 7BD3             >                // Use of "; ok" to suppress "warning[fwdref]"
 524+ 7BD3             >
 524+ 7BD3             >last_NFA        defl    temp_NFA            // keep track of NFA saved above
 524+ 7BD3 02 00       >                dw      2
 525+ 7BD5
 526+ 7BD5              //  ______________________________________________________________________
 527+ 7BD5              //
 528+ 7BD5              // stream
 529+ 7BD5                              Variable_Def STRM,   "STRM",   4
 529+ 7BD5             >                New_Def  STRM, "STRM", Variable_Ptr, is_normal
 529+ 7BD5             >temp_NFA        defl    $                   // save this NFA address to temp_NFA
 529+ 7BD5             >
 529+ 7BD5             >                // dummy db directives used to calculate length of namec
 529+ 7BD5 53 54 52 4D >                db      "STRM"
 529+ 7BD9             >len_NFA         defl    $ - temp_NFA
 529+ 7BD9             >                org     $ - len_NFA         // rewind to temp_NFA and re-do NFA part
 529+ 7BD5             >
 529+ 7BD5 84          >                db      len_NFA | END_BIT | is_normal  // The start of NFA must have msb set to signal the beginning of the sounted string
 529+ 7BD6 53 54 52 4D >                db      "STRM"               // name string in 7-bit ascii, but
 529+ 7BDA             >                org     $-1                 // alter last byte of Name just above to set
 529+ 7BD9 CD          >                db      {b $} | END_BIT     // msb as name end
 529+ 7BDA             >
 529+ 7BDA C7 7B       >                dw      last_NFA            // Link to previous definition Name
 529+ 7BDC             >STRM:          if Variable_Ptr != 0 ; ok        // This is the start address of the direct jp(hl)
 529+ 7BDC CD 23 6C    >                call    Variable_Ptr ; ok        // for primitive definitions  actual code
 529+ 7BDF             >
 529+ 7BDF             >
 529+ 7BDF             >                endif           ; ok        // for other definitions it "points" the correct handler
 529+ 7BDF             >                // Use of "; ok" to suppress "warning[fwdref]"
 529+ 7BDF             >
 529+ 7BDF             >last_NFA        defl    temp_NFA            // keep track of NFA saved above
 529+ 7BDF 04 00       >                dw      4
 530+ 7BE1
 531+ 7BE1              //  ______________________________________________________________________
 532+ 7BE1              //
 533+ 7BE1              // driver number
 534+ 7BE1                              Variable_Def DRV,   "DRV",   0
 534+ 7BE1             >                New_Def  DRV, "DRV", Variable_Ptr, is_normal
 534+ 7BE1             >temp_NFA        defl    $                   // save this NFA address to temp_NFA
 534+ 7BE1             >
 534+ 7BE1             >                // dummy db directives used to calculate length of namec
 534+ 7BE1 44 52 56    >                db      "DRV"
 534+ 7BE4             >len_NFA         defl    $ - temp_NFA
 534+ 7BE4             >                org     $ - len_NFA         // rewind to temp_NFA and re-do NFA part
 534+ 7BE1             >
 534+ 7BE1 83          >                db      len_NFA | END_BIT | is_normal  // The start of NFA must have msb set to signal the beginning of the sounted string
 534+ 7BE2 44 52 56    >                db      "DRV"               // name string in 7-bit ascii, but
 534+ 7BE5             >                org     $-1                 // alter last byte of Name just above to set
 534+ 7BE4 D6          >                db      {b $} | END_BIT     // msb as name end
 534+ 7BE5             >
 534+ 7BE5 D5 7B       >                dw      last_NFA            // Link to previous definition Name
 534+ 7BE7             >DRV:          if Variable_Ptr != 0 ; ok        // This is the start address of the direct jp(hl)
 534+ 7BE7 CD 23 6C    >                call    Variable_Ptr ; ok        // for primitive definitions  actual code
 534+ 7BEA             >
 534+ 7BEA             >
 534+ 7BEA             >                endif           ; ok        // for other definitions it "points" the correct handler
 534+ 7BEA             >                // Use of "; ok" to suppress "warning[fwdref]"
 534+ 7BEA             >
 534+ 7BEA             >last_NFA        defl    temp_NFA            // keep track of NFA saved above
 534+ 7BEA 00 00       >                dw      0
 535+ 7BEC
 536+ 7BEC              //  ______________________________________________________________________
 537+ 7BEC              //
 538+ 7BEC              // microdrive map address
 539+ 7BEC              // This variable is a pointer to the Microdrive Map,
 540+ 7BEC              // i.e. a 32 bytes area = 256 bits each representing one sector
 541+ 7BEC              // If a bit is set the corrisponding sector is "used".
 542+ 7BEC                              Variable_Def MMAP,   "MMAP",   $5CF0
 542+ 7BEC             >                New_Def  MMAP, "MMAP", Variable_Ptr, is_normal
 542+ 7BEC             >temp_NFA        defl    $                   // save this NFA address to temp_NFA
 542+ 7BEC             >
 542+ 7BEC             >                // dummy db directives used to calculate length of namec
 542+ 7BEC 4D 4D 41 50 >                db      "MMAP"
 542+ 7BF0             >len_NFA         defl    $ - temp_NFA
 542+ 7BF0             >                org     $ - len_NFA         // rewind to temp_NFA and re-do NFA part
 542+ 7BEC             >
 542+ 7BEC 84          >                db      len_NFA | END_BIT | is_normal  // The start of NFA must have msb set to signal the beginning of the sounted string
 542+ 7BED 4D 4D 41 50 >                db      "MMAP"               // name string in 7-bit ascii, but
 542+ 7BF1             >                org     $-1                 // alter last byte of Name just above to set
 542+ 7BF0 D0          >                db      {b $} | END_BIT     // msb as name end
 542+ 7BF1             >
 542+ 7BF1 E1 7B       >                dw      last_NFA            // Link to previous definition Name
 542+ 7BF3             >MMAP:          if Variable_Ptr != 0 ; ok        // This is the start address of the direct jp(hl)
 542+ 7BF3 CD 23 6C    >                call    Variable_Ptr ; ok        // for primitive definitions  actual code
 542+ 7BF6             >
 542+ 7BF6             >
 542+ 7BF6             >                endif           ; ok        // for other definitions it "points" the correct handler
 542+ 7BF6             >                // Use of "; ok" to suppress "warning[fwdref]"
 542+ 7BF6             >
 542+ 7BF6             >last_NFA        defl    temp_NFA            // keep track of NFA saved above
 542+ 7BF6 F0 5C       >                dw      $5CF0
 543+ 7BF8
 544+ 7BF8              //  ______________________________________________________________________
 545+ 7BF8
# file closed: C:\Zx\CSpect\Projects\vForth16_MDR_MGT/source/L2.asm
 116  7BF8                              include "mdr-mgt-opt.asm"
# file opened: C:\Zx\CSpect\Projects\vForth16_MDR_MGT/source/mdr-mgt-opt.asm
   1+ 7BF8              // ______________________________________________________________________
   2+ 7BF8              //
   3+ 7BF8              // zx-Microdrive / DISCiPLE option.
   4+ 7BF8
   5+ 7BF8              // 7719h
   6+ 7BF8              // selected microdrive channel address
   7+ 7BF8                              Variable_Def CHNL,   "CHNL",   $5D2F
   7+ 7BF8             >                New_Def  CHNL, "CHNL", Variable_Ptr, is_normal
   7+ 7BF8             >temp_NFA        defl    $                   // save this NFA address to temp_NFA
   7+ 7BF8             >
   7+ 7BF8             >                // dummy db directives used to calculate length of namec
   7+ 7BF8 43 48 4E 4C >                db      "CHNL"
   7+ 7BFC             >len_NFA         defl    $ - temp_NFA
   7+ 7BFC             >                org     $ - len_NFA         // rewind to temp_NFA and re-do NFA part
   7+ 7BF8             >
   7+ 7BF8 84          >                db      len_NFA | END_BIT | is_normal  // The start of NFA must have msb set to signal the beginning of the sounted string
   7+ 7BF9 43 48 4E 4C >                db      "CHNL"               // name string in 7-bit ascii, but
   7+ 7BFD             >                org     $-1                 // alter last byte of Name just above to set
   7+ 7BFC CC          >                db      {b $} | END_BIT     // msb as name end
   7+ 7BFD             >
   7+ 7BFD EC 7B       >                dw      last_NFA            // Link to previous definition Name
   7+ 7BFF             >CHNL:          if Variable_Ptr != 0 ; ok        // This is the start address of the direct jp(hl)
   7+ 7BFF CD 23 6C    >                call    Variable_Ptr ; ok        // for primitive definitions  actual code
   7+ 7C02             >
   7+ 7C02             >
   7+ 7C02             >                endif           ; ok        // for other definitions it "points" the correct handler
   7+ 7C02             >                // Use of "; ok" to suppress "warning[fwdref]"
   7+ 7C02             >
   7+ 7C02             >last_NFA        defl    temp_NFA            // keep track of NFA saved above
   7+ 7C02 2F 5D       >                dw      $5D2F
   8+ 7C04
   9+ 7C04              // mgt
  10+ 7C04              // we use two bits of MGT as flags:
  11+ 7C04              // 1 : for DISCiPLE, reset for Microdrive
  12+ 7C04              // 2 : for real hardware and a single microdrive configuration swapping cartridge
  13+ 7C04              //     at startup
  14+ 7C04              // 4 : for emulator i.e. to use more than one microdrive within an emulator.
  15+ 7C04                              Variable_Def MGT,   "MGT",   1
  15+ 7C04             >                New_Def  MGT, "MGT", Variable_Ptr, is_normal
  15+ 7C04             >temp_NFA        defl    $                   // save this NFA address to temp_NFA
  15+ 7C04             >
  15+ 7C04             >                // dummy db directives used to calculate length of namec
  15+ 7C04 4D 47 54    >                db      "MGT"
  15+ 7C07             >len_NFA         defl    $ - temp_NFA
  15+ 7C07             >                org     $ - len_NFA         // rewind to temp_NFA and re-do NFA part
  15+ 7C04             >
  15+ 7C04 83          >                db      len_NFA | END_BIT | is_normal  // The start of NFA must have msb set to signal the beginning of the sounted string
  15+ 7C05 4D 47 54    >                db      "MGT"               // name string in 7-bit ascii, but
  15+ 7C08             >                org     $-1                 // alter last byte of Name just above to set
  15+ 7C07 D4          >                db      {b $} | END_BIT     // msb as name end
  15+ 7C08             >
  15+ 7C08 F8 7B       >                dw      last_NFA            // Link to previous definition Name
  15+ 7C0A             >MGT:          if Variable_Ptr != 0 ; ok        // This is the start address of the direct jp(hl)
  15+ 7C0A CD 23 6C    >                call    Variable_Ptr ; ok        // for primitive definitions  actual code
  15+ 7C0D             >
  15+ 7C0D             >
  15+ 7C0D             >                endif           ; ok        // for other definitions it "points" the correct handler
  15+ 7C0D             >                // Use of "; ok" to suppress "warning[fwdref]"
  15+ 7C0D             >
  15+ 7C0D             >last_NFA        defl    temp_NFA            // keep track of NFA saved above
  15+ 7C0D 01 00       >                dw      1
  16+ 7C0F
  17+ 7C0F              // 7734h INKEY  <<<
  18+ 7C0F              //
  19+ 7C0F              // 7749h SELECT <<<
  20+ 7C0F              //
  21+ 7C0F
  22+ 7C0F
  23+ 7C0F              // 775Eh
  24+ 7C0F              // OPEN - MDR
  25+ 7C0F              // it relies on a BASIC's OPEN#4 to Microdrive
  26+ 7C0F              // and sets the variables used to access the "!Blocks" data-file
  27+ 7C0F                              Colon_Def MDR, "MDR", is_normal // : mdr  ( n -- )
  27+ 7C0F             >                New_Def  MDR, "MDR", Enter_Ptr, is_normal ; ok
  27+ 7C0F             >temp_NFA        defl    $                   // save this NFA address to temp_NFA
  27+ 7C0F             >
  27+ 7C0F             >                // dummy db directives used to calculate length of namec
  27+ 7C0F 4D 44 52    >                db      "MDR"
  27+ 7C12             >len_NFA         defl    $ - temp_NFA
  27+ 7C12             >                org     $ - len_NFA         // rewind to temp_NFA and re-do NFA part
  27+ 7C0F             >
  27+ 7C0F 83          >                db      len_NFA | END_BIT | is_normal  // The start of NFA must have msb set to signal the beginning of the sounted string
  27+ 7C10 4D 44 52    >                db      "MDR"               // name string in 7-bit ascii, but
  27+ 7C13             >                org     $-1                 // alter last byte of Name just above to set
  27+ 7C12 D2          >                db      {b $} | END_BIT     // msb as name end
  27+ 7C13             >
  27+ 7C13 04 7C       >                dw      last_NFA            // Link to previous definition Name
  27+ 7C15             >MDR:          if Enter_Ptr != 0 ; ok        // This is the start address of the direct jp(hl)
  27+ 7C15 CD CE 6B    >                call    Enter_Ptr ; ok        // for primitive definitions  actual code
  27+ 7C18             >
  27+ 7C18             >
  27+ 7C18             >                endif           ; ok        // for other definitions it "points" the correct handler
  27+ 7C18             >                // Use of "; ok" to suppress "warning[fwdref]"
  27+ 7C18             >
  27+ 7C18             >last_NFA        defl    temp_NFA            // keep track of NFA saved above
  28+ 7C18 F8 68                        dw      TO_R                 // >r
  29+ 7C1A 14 69 35 69                  dw      R_OP, ZLESS          // r@ 0<
  30+ 7C1E 14 69 3F 64                  dw      R_OP, LIT, 15        // r@ [ decimal 15 ] Literal >
  30+ 7C22 0F 00
  31+ 7C24 DE 6E                        dw      GREATER
  32+ 7C26 51 69 3F 64                  dw      PLUS, LIT, 25        // + [ decimal 25 ] Literal ?error
  32+ 7C2A 19 00
  33+ 7C2C 1D 70                        dw      QERROR
  34+ 7C2E 14 69 14 69                  dw      R_OP, R_OP, PLUS     // r@ r@ + [ hex 5C16 ] Literal // STRMS
  34+ 7C32 51 69
  35+ 7C34 3F 64 16 5C                  dw      LIT,  STRMS          //
  36+ 7C38 51 69 EF 6A                  dw      PLUS, FETCH          // + @  // offset to stream #n
  37+ 7C3C 3F 64 4F 5C                  dw      LIT, CHANS           // [ hex 5C4F ] Literal  // CHANS
  38+ 7C40 EF 6A 51 69                  dw      FETCH, PLUS          // @ + // address of channel #n
  39+ 7C44 7A 69 F8 68                  dw      ONE_SUBTRACT, TO_R   // 1- >r
  40+ 7C48 14 69 3F 64                  dw      R_OP, LIT, 4         // r@ [ decimal 4 ] Literal + c@ [ hex 4D ] Literal -
  40+ 7C4C 04 00
  41+ 7C4E 51 69 09 6B                  dw      PLUS, CFETCH
  42+ 7C52 3F 64 4D 00                  dw      LIT, $4D, SUBTRACT
  42+ 7C56 A3 6E
  43+ 7C58 3F 64 19 00                  dw      LIT, 25, QERROR      // [ decimal 25 ] Literal ?error
  43+ 7C5C 1D 70
  44+ 7C5E 14 69                        dw      R_OP                 // r@ [ decimal 26 ] Literal + @
  45+ 7C60 3F 64 1A 00                  dw      LIT, 26, PLUS
  45+ 7C64 51 69
  46+ 7C66 EF 6A                        dw      FETCH
  47+ 7C68 F3 7B FB 6A                  dw      MMAP, STORE          // mmap !
  48+ 7C6C 06 69                        dw      R_TO                 // r> chnl !   // normally 5D2F
  49+ 7C6E FF 7B FB 6A                  dw      CHNL, STORE
  50+ 7C72 06 69                        dw      R_TO                 // r> strm  !   // normally 4
  51+ 7C74 DC 7B FB 6A                  dw      STRM, STORE
  52+ 7C78 EB 68                        dw      EXIT
  53+ 7C7A
  54+ 7C7A
  55+ 7C7A              // 77CDh
  56+ 7C7A              // SCTR
  57+ 7C7A              // it fills the microdrive map with FFs
  58+ 7C7A              // gets the HDNUMB variable of the Microdrive Channel
  59+ 7C7A              // calculates the corrisponding bit (byte and bit)
  60+ 7C7A              // and fools the microdrive to believe there is only that one sector free.
  61+ 7C7A                              Colon_Def SCTR, "SCTR", is_normal // : sctr  ( -- )
  61+ 7C7A             >                New_Def  SCTR, "SCTR", Enter_Ptr, is_normal ; ok
  61+ 7C7A             >temp_NFA        defl    $                   // save this NFA address to temp_NFA
  61+ 7C7A             >
  61+ 7C7A             >                // dummy db directives used to calculate length of namec
  61+ 7C7A 53 43 54 52 >                db      "SCTR"
  61+ 7C7E             >len_NFA         defl    $ - temp_NFA
  61+ 7C7E             >                org     $ - len_NFA         // rewind to temp_NFA and re-do NFA part
  61+ 7C7A             >
  61+ 7C7A 84          >                db      len_NFA | END_BIT | is_normal  // The start of NFA must have msb set to signal the beginning of the sounted string
  61+ 7C7B 53 43 54 52 >                db      "SCTR"               // name string in 7-bit ascii, but
  61+ 7C7F             >                org     $-1                 // alter last byte of Name just above to set
  61+ 7C7E D2          >                db      {b $} | END_BIT     // msb as name end
  61+ 7C7F             >
  61+ 7C7F 0F 7C       >                dw      last_NFA            // Link to previous definition Name
  61+ 7C81             >SCTR:          if Enter_Ptr != 0 ; ok        // This is the start address of the direct jp(hl)
  61+ 7C81 CD CE 6B    >                call    Enter_Ptr ; ok        // for primitive definitions  actual code
  61+ 7C84             >
  61+ 7C84             >
  61+ 7C84             >                endif           ; ok        // for other definitions it "points" the correct handler
  61+ 7C84             >                // Use of "; ok" to suppress "warning[fwdref]"
  61+ 7C84             >
  61+ 7C84             >last_NFA        defl    temp_NFA            // keep track of NFA saved above
  62+ 7C84 F3 7B EF 6A                  dw      MMAP, FETCH          // mmap @
  63+ 7C88 3F 64 20 00                  dw      LIT, 32, LIT, 255    // [ decimal 32 ] Literal [ decimal 255 ] Literal fill
  63+ 7C8C 3F 64 FF 00
  64+ 7C90 56 73                        dw      FILL
  65+ 7C92 FF 7B EF 6A                  dw      CHNL, FETCH, LIT, 41 // chnl @ [ decimal 41 ] Literal // HDNUMB of channel
  65+ 7C96 3F 64 29 00
  66+ 7C9A 51 69 09 6B                  dw      PLUS, CFETCH         // + c@                    // sect
  67+ 7C9E 3F 64 08 00                  dw      LIT, 8               // [ decimal 8 ] Literal
  68+ 7CA2 14 7B                        dw      DIVMOD               // /mod        // rem q
  69+ 7CA4 0A 6A                        dw      SWAP                 // swap        // q   rem
  70+ 7CA6 4F 6C 0A 6A                  dw      ONE, SWAP            // 1 swap      // q 1 rem
  71+ 7CAA 7E 6B                        dw      LSHIFT               // lshift      // q bits
  72+ 7CAC 6B 6C                        dw      NEG_ONE              //    [ decimal -1 ] Literal
  73+ 7CAE B1 68                        dw      XOR_OP               // xor          // q negbits
  74+ 7CB0 F3 7B EF 6A                  dw      MMAP, FETCH          // mmap @       // q negbits 5CF0
  75+ 7CB4 20 6A 51 69                  dw      ROT, PLUS            // rot +       // negbits 5CF0+q
  76+ 7CB8 15 6B                        dw      CSTORE               // c!
  77+ 7CBA EB 68                        dw      EXIT
  78+ 7CBC
  79+ 7CBC                  // was:
  80+ 7CBC                  // >r    // saves the quotient i.e. the offset inside microdrive map
  81+ 7CBC                  // 1 swap -1 Do 2* Loop  2/
  82+ 7CBC                  // [ decimal 255 ] Literal swap - mmap @
  83+ 7CBC                  // r> + c!
  84+ 7CBC
  85+ 7CBC
  86+ 7CBC              // 7831h
  87+ 7CBC              // MDRGET
  88+ 7CBC              // low level "CHREC" read
  89+ 7CBC              // gets the current channel "M" pointer stored in CHANNEL
  90+ 7CBC              // puts   3 to channel+12 (i.e. a value > 512 for CHBYTE)
  91+ 7CBC              // puts   0 to channel+67 (RECFLG) this is not EOF
  92+ 7CBC              // puts 254 to channel+24 (CHFLAG) to read/write flag
  93+ 7CBC              // then forces the read of the next character available
  94+ 7CBC                              Colon_Def MDRGET, "MDRGET", is_normal // : mdrget
  94+ 7CBC             >                New_Def  MDRGET, "MDRGET", Enter_Ptr, is_normal ; ok
  94+ 7CBC             >temp_NFA        defl    $                   // save this NFA address to temp_NFA
  94+ 7CBC             >
  94+ 7CBC             >                // dummy db directives used to calculate length of namec
  94+ 7CBC 4D 44 52 47 >                db      "MDRGET"
  94+ 7CC0 45 54       >
  94+ 7CC2             >len_NFA         defl    $ - temp_NFA
  94+ 7CC2             >                org     $ - len_NFA         // rewind to temp_NFA and re-do NFA part
  94+ 7CBC             >
  94+ 7CBC 86          >                db      len_NFA | END_BIT | is_normal  // The start of NFA must have msb set to signal the beginning of the sounted string
  94+ 7CBD 4D 44 52 47 >                db      "MDRGET"               // name string in 7-bit ascii, but
  94+ 7CC1 45 54       >
  94+ 7CC3             >                org     $-1                 // alter last byte of Name just above to set
  94+ 7CC2 D4          >                db      {b $} | END_BIT     // msb as name end
  94+ 7CC3             >
  94+ 7CC3 7A 7C       >                dw      last_NFA            // Link to previous definition Name
  94+ 7CC5             >MDRGET:          if Enter_Ptr != 0 ; ok        // This is the start address of the direct jp(hl)
  94+ 7CC5 CD CE 6B    >                call    Enter_Ptr ; ok        // for primitive definitions  actual code
  94+ 7CC8             >
  94+ 7CC8             >
  94+ 7CC8             >                endif           ; ok        // for other definitions it "points" the correct handler
  94+ 7CC8             >                // Use of "; ok" to suppress "warning[fwdref]"
  94+ 7CC8             >
  94+ 7CC8             >last_NFA        defl    temp_NFA            // keep track of NFA saved above
  95+ 7CC8 FF 7B EF 6A                  dw      CHNL, FETCH, TO_R        //chnl @ >r
  95+ 7CCC F8 68
  96+ 7CCE 14 69 1C 69                  dw      R_OP, ZEQUAL             // r@ 0=  [ 5 ] Literal ?error
  97+ 7CD2 3F 64 05 00                  dw      LIT, 5, QERROR
  97+ 7CD6 1D 70
  98+ 7CD8 61 6C                        dw      THREE                    // 3 // [ 3 ] Literal
  99+ 7CDA 14 69 3F 64                  dw       R_OP, LIT, 12           //
  99+ 7CDE 0C 00
 100+ 7CE0 51 69 15 6B                  dw      PLUS, CSTORE             // r@  [ decimal  12 ] Literal + c! // CHBYTE of channel
 101+ 7CE4 46 6C                        dw      ZERO                     // 0
 102+ 7CE6 14 69 3F 64                  dw      R_OP, LIT, 67            // r@  [ decimal  67 ] Literal + c! // RECFLG of channel
 102+ 7CEA 43 00
 103+ 7CEC 51 69 15 6B                  dw      PLUS, CSTORE
 104+ 7CF0 3F 64 FE 00                  dw      LIT, 254                 //[ decimal 254 ] Literal
 105+ 7CF4 06 69 3F 64                  dw      R_TO, LIT, 24            // r> [ decimal  24 ] Literal + c! // CHFLAG of channel
 105+ 7CF8 18 00
 106+ 7CFA 51 69 15 6B                  dw      PLUS, CSTORE
 107+ 7CFE DC 7B EF 6A                  dw      STRM, FETCH, SELECT      // strm @ select
 107+ 7D02 E3 67
 108+ 7D04 BE 67 E8 69                  dw      INKEY, DROP              // inkey drop
 109+ 7D08 D0 7B EF 6A                  dw      DEVICE, FETCH, SELECT    // device @ select
 109+ 7D0C E3 67
 110+ 7D0E EB 68                        dw      EXIT
 111+ 7D10
 112+ 7D10
 113+ 7D10              // 7882h
 114+ 7D10              // MDRR1
 115+ 7D10              // verifies if the current microdrive buffer is the requested block
 116+ 7D10              // otherwise, it forces channel+13 "CHREC" and calls MDRGET
 117+ 7D10                              Colon_Def MDRR1, "MDRR1", is_normal // : mdrr1  ( n -- )
 117+ 7D10             >                New_Def  MDRR1, "MDRR1", Enter_Ptr, is_normal ; ok
 117+ 7D10             >temp_NFA        defl    $                   // save this NFA address to temp_NFA
 117+ 7D10             >
 117+ 7D10             >                // dummy db directives used to calculate length of namec
 117+ 7D10 4D 44 52 52 >                db      "MDRR1"
 117+ 7D14 31          >
 117+ 7D15             >len_NFA         defl    $ - temp_NFA
 117+ 7D15             >                org     $ - len_NFA         // rewind to temp_NFA and re-do NFA part
 117+ 7D10             >
 117+ 7D10 85          >                db      len_NFA | END_BIT | is_normal  // The start of NFA must have msb set to signal the beginning of the sounted string
 117+ 7D11 4D 44 52 52 >                db      "MDRR1"               // name string in 7-bit ascii, but
 117+ 7D15 31          >
 117+ 7D16             >                org     $-1                 // alter last byte of Name just above to set
 117+ 7D15 B1          >                db      {b $} | END_BIT     // msb as name end
 117+ 7D16             >
 117+ 7D16 BC 7C       >                dw      last_NFA            // Link to previous definition Name
 117+ 7D18             >MDRR1:          if Enter_Ptr != 0 ; ok        // This is the start address of the direct jp(hl)
 117+ 7D18 CD CE 6B    >                call    Enter_Ptr ; ok        // for primitive definitions  actual code
 117+ 7D1B             >
 117+ 7D1B             >
 117+ 7D1B             >                endif           ; ok        // for other definitions it "points" the correct handler
 117+ 7D1B             >                // Use of "; ok" to suppress "warning[fwdref]"
 117+ 7D1B             >
 117+ 7D1B             >last_NFA        defl    temp_NFA            // keep track of NFA saved above
 118+ 7D1B 3F 64 04 00                  dw      LIT, 4, MDR
 118+ 7D1F 15 7C
 119+ 7D21 FF 7B EF 6A                  dw      CHNL, FETCH, TO_R            // [ 4 ] Literal mdr chnl @ >r
 119+ 7D25 F8 68
 120+ 7D27 3F 64 FE 00                  dw      LIT, 254, DIVMOD             // [ decimal 254 ] Literal /mod   // find drive# and sector#
 120+ 7D2B 14 7B
 121+ 7D2D 15 6A 3F 64                  dw      DUP, LIT, 48, PLUS           // dup    [ decimal  48 ] Literal +
 121+ 7D31 30 00 51 69
 122+ 7D35 14 69 3F 64                  dw      R_OP, LIT, 53
 122+ 7D39 35 00
 123+ 7D3B 51 69 15 6B                  dw      PLUS, CSTORE                 // r@  [ decimal  53 ] Literal + c!   // Last byte of HDNAME
 124+ 7D3F 0A 7C EF 6A                  dw      MGT, FETCH, TWO_DIV, PLUS    // MGT @ 2/ +                         // DR0 correction
 124+ 7D43 6D 6B 51 69
 125+ 7D47              //              dw      TWO_PLUS                     // 2+                                 // DR0 is drive #2
 126+ 7D47 14 69 3F 64                  dw      R_OP, LIT, 25
 126+ 7D4B 19 00
 127+ 7D4D 51 69 15 6B                  dw      PLUS, CSTORE                 // r@  [ decimal  25 ] Literal + c!   // CHDRIV
 128+ 7D51 7A 69 06 69                  dw      ONE_SUBTRACT, R_TO           // 1-  r> [ decimal  13 ] Literal + c!   // CHREC of channel
 129+ 7D55 3F 64 0D 00                  dw      LIT, 13, PLUS, CSTORE
 129+ 7D59 51 69 15 6B
 130+ 7D5D C5 7C                        dw      MDRGET                       // mdrget
 131+ 7D5F EB 68                        dw      EXIT
 132+ 7D61
 133+ 7D61
 134+ 7D61              // 78c1h
 135+ 7D61              // MDRRD
 136+ 7D61              // read block n and store it to buffer at address a
 137+ 7D61                              Colon_Def MDRRD, "MDRRD", is_normal // : mdrrd  ( a n -- )
 137+ 7D61             >                New_Def  MDRRD, "MDRRD", Enter_Ptr, is_normal ; ok
 137+ 7D61             >temp_NFA        defl    $                   // save this NFA address to temp_NFA
 137+ 7D61             >
 137+ 7D61             >                // dummy db directives used to calculate length of namec
 137+ 7D61 4D 44 52 52 >                db      "MDRRD"
 137+ 7D65 44          >
 137+ 7D66             >len_NFA         defl    $ - temp_NFA
 137+ 7D66             >                org     $ - len_NFA         // rewind to temp_NFA and re-do NFA part
 137+ 7D61             >
 137+ 7D61 85          >                db      len_NFA | END_BIT | is_normal  // The start of NFA must have msb set to signal the beginning of the sounted string
 137+ 7D62 4D 44 52 52 >                db      "MDRRD"               // name string in 7-bit ascii, but
 137+ 7D66 44          >
 137+ 7D67             >                org     $-1                 // alter last byte of Name just above to set
 137+ 7D66 C4          >                db      {b $} | END_BIT     // msb as name end
 137+ 7D67             >
 137+ 7D67 10 7D       >                dw      last_NFA            // Link to previous definition Name
 137+ 7D69             >MDRRD:          if Enter_Ptr != 0 ; ok        // This is the start address of the direct jp(hl)
 137+ 7D69 CD CE 6B    >                call    Enter_Ptr ; ok        // for primitive definitions  actual code
 137+ 7D6C             >
 137+ 7D6C             >
 137+ 7D6C             >                endif           ; ok        // for other definitions it "points" the correct handler
 137+ 7D6C             >                // Use of "; ok" to suppress "warning[fwdref]"
 137+ 7D6C             >
 137+ 7D6C             >last_NFA        defl    temp_NFA            // keep track of NFA saved above
 138+ 7D6C 18 7D                        dw      MDRR1                    // mdrr1
 139+ 7D6E FF 7B EF 6A                  dw      CHNL, FETCH              // chnl @
 140+ 7D72 3F 64 52 00                  dw      LIT, 82, PLUS            // [ decimal 82 ] Literal + // first byte of channel's data-area
 140+ 7D76 51 69
 141+ 7D78 0A 6A 8D 6C                  dw      SWAP, BBUF, CMOVE        // swap b/buf cmove
 141+ 7D7C 05 68
 142+ 7D7E EB 68                        dw      EXIT
 143+ 7D80
 144+ 7D80
 145+ 7D80              // 78e0h
 146+ 7D80              // MDRWR
 147+ 7D80              // write block n to microdrive taking it from buffer at address a
 148+ 7D80                              Colon_Def MDRWR, "MDRWR", is_normal // : mdrwr  ( a n -- )
 148+ 7D80             >                New_Def  MDRWR, "MDRWR", Enter_Ptr, is_normal ; ok
 148+ 7D80             >temp_NFA        defl    $                   // save this NFA address to temp_NFA
 148+ 7D80             >
 148+ 7D80             >                // dummy db directives used to calculate length of namec
 148+ 7D80 4D 44 52 57 >                db      "MDRWR"
 148+ 7D84 52          >
 148+ 7D85             >len_NFA         defl    $ - temp_NFA
 148+ 7D85             >                org     $ - len_NFA         // rewind to temp_NFA and re-do NFA part
 148+ 7D80             >
 148+ 7D80 85          >                db      len_NFA | END_BIT | is_normal  // The start of NFA must have msb set to signal the beginning of the sounted string
 148+ 7D81 4D 44 52 57 >                db      "MDRWR"               // name string in 7-bit ascii, but
 148+ 7D85 52          >
 148+ 7D86             >                org     $-1                 // alter last byte of Name just above to set
 148+ 7D85 D2          >                db      {b $} | END_BIT     // msb as name end
 148+ 7D86             >
 148+ 7D86 61 7D       >                dw      last_NFA            // Link to previous definition Name
 148+ 7D88             >MDRWR:          if Enter_Ptr != 0 ; ok        // This is the start address of the direct jp(hl)
 148+ 7D88 CD CE 6B    >                call    Enter_Ptr ; ok        // for primitive definitions  actual code
 148+ 7D8B             >
 148+ 7D8B             >
 148+ 7D8B             >                endif           ; ok        // for other definitions it "points" the correct handler
 148+ 7D8B             >                // Use of "; ok" to suppress "warning[fwdref]"
 148+ 7D8B             >
 148+ 7D8B             >last_NFA        defl    temp_NFA            // keep track of NFA saved above
 149+ 7D8B 18 7D                        dw      MDRR1                       // mdrr1
 150+ 7D8D FF 7B EF 6A                  dw      CHNL, FETCH, TO_R           // chnl @ >r
 150+ 7D91 F8 68
 151+ 7D93 14 69 3F 64                  dw      R_OP, LIT, 82, PLUS         // r@ [ decimal 82 ] Literal +
 151+ 7D97 52 00 51 69
 152+ 7D9B 8D 6C 05 68                  dw      BBUF, CMOVE                 // b/buf cmove
 153+ 7D9F 81 7C                        dw      SCTR                        // sctr
 154+ 7DA1 3F 64 FF 00                  dw      LIT, 255, R_OP              // [ decimal 255 ] Literal r@
 154+ 7DA5 14 69
 155+ 7DA7 3F 64 18 00                  dw      LIT, 24, PLUS, CSTORE       // [ decimal  24 ] Literal + c!    // CHFLAG of channel
 155+ 7DAB 51 69 15 6B
 156+ 7DAF 3F 64 FF 01                  dw      LIT, 511, R_OP              // [ decimal 511 ] Literal r@
 156+ 7DB3 14 69
 157+ 7DB5 3F 64 0B 00                  dw      LIT, 11, PLUS, STORE        // [ decimal  11 ] Literal + !     // CHBYTE of channel
 157+ 7DB9 51 69 FB 6A
 158+ 7DBD DC 7B EF 6A                  dw      STRM, FETCH, SELECT         // strm @ select
 158+ 7DC1 E3 67
 159+ 7DC3 14 69                        dw      R_OP                        // r [ decimal 593 ] Literal + c@  // latest byte of channel's data-area
 160+ 7DC5 3F 64 51 02                  dw      LIT, 593, PLUS, CFETCH      //
 160+ 7DC9 51 69 09 6B
 161+ 7DCD 7B 66                        dw      EMITC                       // emitc
 162+ 7DCF D0 7B EF 6A                  dw      DEVICE, FETCH, SELECT       // device @ select
 162+ 7DD3 E3 67
 163+ 7DD5                              // it puts 255 to CHREC to clear everything.
 164+ 7DD5 3F 64 FF 00                  dw      LIT, 255, R_TO              // [ decimal 255 ] Literal r>
 164+ 7DD9 06 69
 165+ 7DDB 3F 64 0D 00                  dw      LIT, 13, PLUS, CSTORE       // [ decimal  13 ] Literal + c!    // CHREC of channel
 165+ 7DDF 51 69 15 6B
 166+ 7DE3 EB 68                        dw      EXIT
 167+ 7DE5                  ;
 168+ 7DE5
 169+ 7DE5              // ______________________________________________________________________
 170+ 7DE5
 171+ 7DE5              // MGT DISCiPLE option
 172+ 7DE5
 173+ 7DE5              //  ______________________________________________________________________
 174+ 7DE5              //
 175+ 7DE5
 176+ 7DE5              // .( RSAD )
 177+ 7DE5              // call DISCiPLE 44h hook code (RDAD)
 178+ 7DE5              // somehow, it needs a CAT 2 from Basic, first.
 179+ 7DE5                              New_Def RSAD, "RSAD", is_code, is_normal // CODE rsad ( a n -- )
 179+ 7DE5             >temp_NFA        defl    $                   // save this NFA address to temp_NFA
 179+ 7DE5             >
 179+ 7DE5             >                // dummy db directives used to calculate length of namec
 179+ 7DE5 52 53 41 44 >                db      "RSAD"
 179+ 7DE9             >len_NFA         defl    $ - temp_NFA
 179+ 7DE9             >                org     $ - len_NFA         // rewind to temp_NFA and re-do NFA part
 179+ 7DE5             >
 179+ 7DE5 84          >                db      len_NFA | END_BIT | is_normal  // The start of NFA must have msb set to signal the beginning of the sounted string
 179+ 7DE6 52 53 41 44 >                db      "RSAD"               // name string in 7-bit ascii, but
 179+ 7DEA             >                org     $-1                 // alter last byte of Name just above to set
 179+ 7DE9 C4          >                db      {b $} | END_BIT     // msb as name end
 179+ 7DEA             >
 179+ 7DEA 80 7D       >                dw      last_NFA            // Link to previous definition Name
 179+ 7DEC             >RSAD:          if is_code != 0 ; ok        // This is the start address of the direct jp(hl)
 179+ 7DEC ~           >                call    runcode ; ok        // for primitive definitions  actual code
 179+ 7DEC ~           >
 179+ 7DEC ~           >
 179+ 7DEC             >                endif           ; ok        // for other definitions it "points" the correct handler
 179+ 7DEC             >                // Use of "; ok" to suppress "warning[fwdref]"
 179+ 7DEC             >
 179+ 7DEC             >last_NFA        defl    temp_NFA            // keep track of NFA saved above
 180+ 7DEC 3E 02                        ld      a, 2                    // Drive number
 181+ 7DEE E1                           pop     hl                      // D=track E=sector
 182+ 7DEF DD E3                        ex      (sp), ix
 183+ 7DF1 C5                           push    bc
 184+ 7DF2 D5                           push    de
 185+ 7DF3 EB                           ex      de, hl
 186+ 7DF4 CF                           rst     08
 187+ 7DF5              RSAD_ptr:
 188+ 7DF5 44                           db      $44         // RSAD
 189+ 7DF6 D1                           pop     de
 190+ 7DF7 C1                           pop     bc
 191+ 7DF8 DD E1                        pop     ix
 192+ 7DFA                              next
 192+ 7DFA DD E9       >                jp      (ix)
 193+ 7DFC
 194+ 7DFC
 195+ 7DFC              // WSAD
 196+ 7DFC              // call DISCiPLE 45h hook code (RDAD)
 197+ 7DFC              // somehow, it needs a CAT 2 from Basic, first.
 198+ 7DFC                              New_Def WSAD, "WSAD", is_code, is_normal // CODE wsad ( a n -- )
 198+ 7DFC             >temp_NFA        defl    $                   // save this NFA address to temp_NFA
 198+ 7DFC             >
 198+ 7DFC             >                // dummy db directives used to calculate length of namec
 198+ 7DFC 57 53 41 44 >                db      "WSAD"
 198+ 7E00             >len_NFA         defl    $ - temp_NFA
 198+ 7E00             >                org     $ - len_NFA         // rewind to temp_NFA and re-do NFA part
 198+ 7DFC             >
 198+ 7DFC 84          >                db      len_NFA | END_BIT | is_normal  // The start of NFA must have msb set to signal the beginning of the sounted string
 198+ 7DFD 57 53 41 44 >                db      "WSAD"               // name string in 7-bit ascii, but
 198+ 7E01             >                org     $-1                 // alter last byte of Name just above to set
 198+ 7E00 C4          >                db      {b $} | END_BIT     // msb as name end
 198+ 7E01             >
 198+ 7E01 E5 7D       >                dw      last_NFA            // Link to previous definition Name
 198+ 7E03             >WSAD:          if is_code != 0 ; ok        // This is the start address of the direct jp(hl)
 198+ 7E03 ~           >                call    runcode ; ok        // for primitive definitions  actual code
 198+ 7E03 ~           >
 198+ 7E03 ~           >
 198+ 7E03             >                endif           ; ok        // for other definitions it "points" the correct handler
 198+ 7E03             >                // Use of "; ok" to suppress "warning[fwdref]"
 198+ 7E03             >
 198+ 7E03             >last_NFA        defl    temp_NFA            // keep track of NFA saved above
 199+ 7E03 3E 02                        ld      a, 2                    // Drive number
 200+ 7E05 E1                           pop     hl                      // D=track E=sector
 201+ 7E06 DD E3                        ex      (sp), ix
 202+ 7E08 C5                           push    bc
 203+ 7E09 D5                           push    de
 204+ 7E0A EB                           ex      de, hl
 205+ 7E0B CF                           rst     08
 206+ 7E0C 45                           db      $45     // WSAD
 207+ 7E0D 18 E6                        jr      RSAD_ptr
 208+ 7E0F              //              pop     de
 209+ 7E0F              //              pop     bc
 210+ 7E0F              //              pop     ix
 211+ 7E0F              //              next
 212+ 7E0F
 213+ 7E0F
 214+ 7E0F              // MGTSTS )
 215+ 7E0F              // convert block number into side-track-sector.
 216+ 7E0F                              Colon_Def MGTSTS, "MGTSTS", is_normal // : mgtsts ( n -- side-track-sector )
 216+ 7E0F             >                New_Def  MGTSTS, "MGTSTS", Enter_Ptr, is_normal ; ok
 216+ 7E0F             >temp_NFA        defl    $                   // save this NFA address to temp_NFA
 216+ 7E0F             >
 216+ 7E0F             >                // dummy db directives used to calculate length of namec
 216+ 7E0F 4D 47 54 53 >                db      "MGTSTS"
 216+ 7E13 54 53       >
 216+ 7E15             >len_NFA         defl    $ - temp_NFA
 216+ 7E15             >                org     $ - len_NFA         // rewind to temp_NFA and re-do NFA part
 216+ 7E0F             >
 216+ 7E0F 86          >                db      len_NFA | END_BIT | is_normal  // The start of NFA must have msb set to signal the beginning of the sounted string
 216+ 7E10 4D 47 54 53 >                db      "MGTSTS"               // name string in 7-bit ascii, but
 216+ 7E14 54 53       >
 216+ 7E16             >                org     $-1                 // alter last byte of Name just above to set
 216+ 7E15 D3          >                db      {b $} | END_BIT     // msb as name end
 216+ 7E16             >
 216+ 7E16 FC 7D       >                dw      last_NFA            // Link to previous definition Name
 216+ 7E18             >MGTSTS:          if Enter_Ptr != 0 ; ok        // This is the start address of the direct jp(hl)
 216+ 7E18 CD CE 6B    >                call    Enter_Ptr ; ok        // for primitive definitions  actual code
 216+ 7E1B             >
 216+ 7E1B             >
 216+ 7E1B             >                endif           ; ok        // for other definitions it "points" the correct handler
 216+ 7E1B             >                // Use of "; ok" to suppress "warning[fwdref]"
 216+ 7E1B             >
 216+ 7E1B             >last_NFA        defl    temp_NFA            // keep track of NFA saved above
 217+ 7E1B 3F 64 28 00                  dw      LIT, 40, PLUS           // [ decimal 40 ] Literal      +
 217+ 7E1F 51 69
 218+ 7E21 3F 64 0A 00                  dw      LIT, 10, DIVMOD         // [ decimal 10 ] Literal      /mod
 218+ 7E25 14 7B
 219+ 7E27 15 6A                        dw      DUP                     // dup
 220+ 7E29 3F 64 50 00                  dw      LIT, 80                 // [ decimal 80 ] Literal      < 0=
 221+ 7E2D CF 6E 1C 69                  dw      LESS, ZEQUAL
 222+ 7E31 B5 64                        dw      ZBRANCH
 223+ 7E33 08 00                        dw      MGTSTS_Endif - $        // If
 224+ 7E35 3F 64 30 00                  dw      LIT, 48, PLUS           // [ decimal 48 ] Literal  +
 224+ 7E39 51 69
 225+ 7E3B              MGTSTS_Endif:                                   // Endif
 226+ 7E3B 3F 64 00 01                  dw      LIT, 256                //[ decimal 256 ] Literal     * + 1+
 227+ 7E3F 04 7B 51 69                  dw      MUL, PLUS, ONE_PLUS
 227+ 7E43 70 69
 228+ 7E45 EB 68                        dw      EXIT
 229+ 7E47                  ;
 230+ 7E47
 231+ 7E47
 232+ 7E47              // MGTRD )
 233+ 7E47              // MGT DISCiPLE read sector to address
 234+ 7E47                              Colon_Def MGTRD, "MGTRD", is_normal  // : mgtrd ( a n -- )
 234+ 7E47             >                New_Def  MGTRD, "MGTRD", Enter_Ptr, is_normal ; ok
 234+ 7E47             >temp_NFA        defl    $                   // save this NFA address to temp_NFA
 234+ 7E47             >
 234+ 7E47             >                // dummy db directives used to calculate length of namec
 234+ 7E47 4D 47 54 52 >                db      "MGTRD"
 234+ 7E4B 44          >
 234+ 7E4C             >len_NFA         defl    $ - temp_NFA
 234+ 7E4C             >                org     $ - len_NFA         // rewind to temp_NFA and re-do NFA part
 234+ 7E47             >
 234+ 7E47 85          >                db      len_NFA | END_BIT | is_normal  // The start of NFA must have msb set to signal the beginning of the sounted string
 234+ 7E48 4D 47 54 52 >                db      "MGTRD"               // name string in 7-bit ascii, but
 234+ 7E4C 44          >
 234+ 7E4D             >                org     $-1                 // alter last byte of Name just above to set
 234+ 7E4C C4          >                db      {b $} | END_BIT     // msb as name end
 234+ 7E4D             >
 234+ 7E4D 0F 7E       >                dw      last_NFA            // Link to previous definition Name
 234+ 7E4F             >MGTRD:          if Enter_Ptr != 0 ; ok        // This is the start address of the direct jp(hl)
 234+ 7E4F CD CE 6B    >                call    Enter_Ptr ; ok        // for primitive definitions  actual code
 234+ 7E52             >
 234+ 7E52             >
 234+ 7E52             >                endif           ; ok        // for other definitions it "points" the correct handler
 234+ 7E52             >                // Use of "; ok" to suppress "warning[fwdref]"
 234+ 7E52             >
 234+ 7E52             >last_NFA        defl    temp_NFA            // keep track of NFA saved above
 235+ 7E52 18 7E EC 7D                  dw      MGTSTS, RSAD
 236+ 7E56 EB 68                        dw      EXIT
 237+ 7E58
 238+ 7E58
 239+ 7E58              // MGTWR
 240+ 7E58              // MGT DISCiPLE write sector from address
 241+ 7E58                              Colon_Def MGTWR, "MGTWR", is_normal  // : mgtwr ( a n -- )
 241+ 7E58             >                New_Def  MGTWR, "MGTWR", Enter_Ptr, is_normal ; ok
 241+ 7E58             >temp_NFA        defl    $                   // save this NFA address to temp_NFA
 241+ 7E58             >
 241+ 7E58             >                // dummy db directives used to calculate length of namec
 241+ 7E58 4D 47 54 57 >                db      "MGTWR"
 241+ 7E5C 52          >
 241+ 7E5D             >len_NFA         defl    $ - temp_NFA
 241+ 7E5D             >                org     $ - len_NFA         // rewind to temp_NFA and re-do NFA part
 241+ 7E58             >
 241+ 7E58 85          >                db      len_NFA | END_BIT | is_normal  // The start of NFA must have msb set to signal the beginning of the sounted string
 241+ 7E59 4D 47 54 57 >                db      "MGTWR"               // name string in 7-bit ascii, but
 241+ 7E5D 52          >
 241+ 7E5E             >                org     $-1                 // alter last byte of Name just above to set
 241+ 7E5D D2          >                db      {b $} | END_BIT     // msb as name end
 241+ 7E5E             >
 241+ 7E5E 47 7E       >                dw      last_NFA            // Link to previous definition Name
 241+ 7E60             >MGTWR:          if Enter_Ptr != 0 ; ok        // This is the start address of the direct jp(hl)
 241+ 7E60 CD CE 6B    >                call    Enter_Ptr ; ok        // for primitive definitions  actual code
 241+ 7E63             >
 241+ 7E63             >
 241+ 7E63             >                endif           ; ok        // for other definitions it "points" the correct handler
 241+ 7E63             >                // Use of "; ok" to suppress "warning[fwdref]"
 241+ 7E63             >
 241+ 7E63             >last_NFA        defl    temp_NFA            // keep track of NFA saved above
 242+ 7E63 18 7E 03 7E                  dw      MGTSTS, WSAD
 243+ 7E67 EB 68                        dw      EXIT
 244+ 7E69
 245+ 7E69              // ______________________________________________________________________
 246+ 7E69
 247+ 7E69              // 7946h
 248+ 7E69              //  number of blocks available
 249+ 7E69              //              Constant_Def NSEC       ,   "#SEC"     ,   1778   // MDR
 250+ 7E69                              Constant_Def NSEC       ,   "#SEC"     ,   1560   // Disciple
 250+ 7E69             >                New_Def  NSEC, "#SEC", Constant_Ptr, is_normal
 250+ 7E69             >temp_NFA        defl    $                   // save this NFA address to temp_NFA
 250+ 7E69             >
 250+ 7E69             >                // dummy db directives used to calculate length of namec
 250+ 7E69 23 53 45 43 >                db      "#SEC"
 250+ 7E6D             >len_NFA         defl    $ - temp_NFA
 250+ 7E6D             >                org     $ - len_NFA         // rewind to temp_NFA and re-do NFA part
 250+ 7E69             >
 250+ 7E69 84          >                db      len_NFA | END_BIT | is_normal  // The start of NFA must have msb set to signal the beginning of the sounted string
 250+ 7E6A 23 53 45 43 >                db      "#SEC"               // name string in 7-bit ascii, but
 250+ 7E6E             >                org     $-1                 // alter last byte of Name just above to set
 250+ 7E6D C3          >                db      {b $} | END_BIT     // msb as name end
 250+ 7E6E             >
 250+ 7E6E 58 7E       >                dw      last_NFA            // Link to previous definition Name
 250+ 7E70             >NSEC:          if Constant_Ptr != 0 ; ok        // This is the start address of the direct jp(hl)
 250+ 7E70 CD 07 6C    >                call    Constant_Ptr ; ok        // for primitive definitions  actual code
 250+ 7E73             >
 250+ 7E73             >
 250+ 7E73             >                endif           ; ok        // for other definitions it "points" the correct handler
 250+ 7E73             >                // Use of "; ok" to suppress "warning[fwdref]"
 250+ 7E73             >
 250+ 7E73             >last_NFA        defl    temp_NFA            // keep track of NFA saved above
 250+ 7E73 18 06       >                dw      1560
 251+ 7E75
 252+ 7E75              // ______________________________________________________________________
 253+ 7E75
# file closed: C:\Zx\CSpect\Projects\vForth16_MDR_MGT/source/mdr-mgt-opt.asm
 117  7E75                              include "L3.asm"
# file opened: C:\Zx\CSpect\Projects\vForth16_MDR_MGT/source/L3.asm
   1+ 7E75              //  ______________________________________________________________________
   2+ 7E75              //
   3+ 7E75              //  L3.asm
   4+ 7E75              //
   5+ 7E75              //  Continuation of L2.asm
   6+ 7E75              //  I/O Block definitions
   7+ 7E75              //  ______________________________________________________________________
   8+ 7E75
   9+ 7E75
  10+ 7E75              //  ______________________________________________________________________
  11+ 7E75              //
  12+ 7E75              // r/w          a n f --
  13+ 7E75              // read/write block n depending on flag f, true-flag means read, false-flag means write.
  14+ 7E75                              Colon_Def READ_WRITE, "R/W", is_normal
  14+ 7E75             >                New_Def  READ_WRITE, "R/W", Enter_Ptr, is_normal ; ok
  14+ 7E75             >temp_NFA        defl    $                   // save this NFA address to temp_NFA
  14+ 7E75             >
  14+ 7E75             >                // dummy db directives used to calculate length of namec
  14+ 7E75 52 2F 57    >                db      "R/W"
  14+ 7E78             >len_NFA         defl    $ - temp_NFA
  14+ 7E78             >                org     $ - len_NFA         // rewind to temp_NFA and re-do NFA part
  14+ 7E75             >
  14+ 7E75 83          >                db      len_NFA | END_BIT | is_normal  // The start of NFA must have msb set to signal the beginning of the sounted string
  14+ 7E76 52 2F 57    >                db      "R/W"               // name string in 7-bit ascii, but
  14+ 7E79             >                org     $-1                 // alter last byte of Name just above to set
  14+ 7E78 D7          >                db      {b $} | END_BIT     // msb as name end
  14+ 7E79             >
  14+ 7E79 69 7E       >                dw      last_NFA            // Link to previous definition Name
  14+ 7E7B             >READ_WRITE:          if Enter_Ptr != 0 ; ok        // This is the start address of the direct jp(hl)
  14+ 7E7B CD CE 6B    >                call    Enter_Ptr ; ok        // for primitive definitions  actual code
  14+ 7E7E             >
  14+ 7E7E             >
  14+ 7E7E             >                endif           ; ok        // for other definitions it "points" the correct handler
  14+ 7E7E             >                // Use of "; ok" to suppress "warning[fwdref]"
  14+ 7E7E             >
  14+ 7E7E             >last_NFA        defl    temp_NFA            // keep track of NFA saved above
  15+ 7E7E F8 68                        dw      TO_R                    // >r
  16+ 7E80 7A 69                        dw      ONE_SUBTRACT            // 1-
  17+ 7E82 15 6A 35 69                  dw      DUP, ZLESS              // dup 0<
  18+ 7E86 DA 69 70 7E                  dw      OVER, NSEC              // over #sec
  19+ 7E8A 7A 69 DE 6E                  dw      ONE_SUBTRACT, GREATER   // 1- >
  20+ 7E8E A1 68                        dw      OR_OP                   // or
  21+ 7E90 3F 64 06 00                  dw      LIT, 6, QERROR          // 6 ?error
  21+ 7E94 1D 70
  22+ 7E96 06 69                        dw      R_TO                    // r>
  23+ 7E98                                                              // if
  24+ 7E98 B5 64                        dw      ZBRANCH
  25+ 7E9A 1A 00                        dw      Read_Write_Else - $
  26+ 7E9C 0A 7C EF 6A                  dw          MGT, FETCH
  27+ 7EA0 4F 6C 8F 68                  dw          ONE, AND_OP
  28+ 7EA4 B5 64                        dw          ZBRANCH
  29+ 7EA6 08 00                        dw          Read_Write_Else_1 - $
  30+ 7EA8
  31+ 7EA8 4F 7E                        dw              MGTRD
  32+ 7EAA A9 64                        dw          BRANCH
  33+ 7EAC 04 00                        dw          Read_Write_Endif_1 - $
  34+ 7EAE              Read_Write_Else_1:                              //    else
  35+ 7EAE 69 7D                        dw              MDRRD
  36+ 7EB0              Read_Write_Endif_1:                             //    endif
  37+ 7EB0
  38+ 7EB0 A9 64                        dw      BRANCH
  39+ 7EB2 16 00                        dw      Read_Write_Endif - $
  40+ 7EB4              Read_Write_Else:                                // else
  41+ 7EB4 0A 7C EF 6A                  dw          MGT, FETCH
  42+ 7EB8 4F 6C 8F 68                  dw          ONE, AND_OP
  43+ 7EBC B5 64                        dw          ZBRANCH
  44+ 7EBE 08 00                        dw          Read_Write_Else_2 - $
  45+ 7EC0
  46+ 7EC0 60 7E                        dw              MGTWR
  47+ 7EC2 A9 64                        dw          BRANCH
  48+ 7EC4 04 00                        dw          Read_Write_Endif_2 - $
  49+ 7EC6              Read_Write_Else_2:                              //    else
  50+ 7EC6 88 7D                        dw              MDRWR
  51+ 7EC8              Read_Write_Endif_2:                             //    endif
  52+ 7EC8
  53+ 7EC8              Read_Write_Endif:                               // endif
  54+ 7EC8 EB 68                        dw      EXIT                    // ;
  55+ 7ECA
  56+ 7ECA
  57+ 7ECA              //  ______________________________________________________________________
  58+ 7ECA              //
  59+ 7ECA              // +buf        a1 -- a2 f
  60+ 7ECA              // advences to next buffer, cyclically rotating along them
  61+ 7ECA                              Colon_Def PBUF, "+BUF", is_normal
  61+ 7ECA             >                New_Def  PBUF, "+BUF", Enter_Ptr, is_normal ; ok
  61+ 7ECA             >temp_NFA        defl    $                   // save this NFA address to temp_NFA
  61+ 7ECA             >
  61+ 7ECA             >                // dummy db directives used to calculate length of namec
  61+ 7ECA 2B 42 55 46 >                db      "+BUF"
  61+ 7ECE             >len_NFA         defl    $ - temp_NFA
  61+ 7ECE             >                org     $ - len_NFA         // rewind to temp_NFA and re-do NFA part
  61+ 7ECA             >
  61+ 7ECA 84          >                db      len_NFA | END_BIT | is_normal  // The start of NFA must have msb set to signal the beginning of the sounted string
  61+ 7ECB 2B 42 55 46 >                db      "+BUF"               // name string in 7-bit ascii, but
  61+ 7ECF             >                org     $-1                 // alter last byte of Name just above to set
  61+ 7ECE C6          >                db      {b $} | END_BIT     // msb as name end
  61+ 7ECF             >
  61+ 7ECF 75 7E       >                dw      last_NFA            // Link to previous definition Name
  61+ 7ED1             >PBUF:          if Enter_Ptr != 0 ; ok        // This is the start address of the direct jp(hl)
  61+ 7ED1 CD CE 6B    >                call    Enter_Ptr ; ok        // for primitive definitions  actual code
  61+ 7ED4             >
  61+ 7ED4             >
  61+ 7ED4             >                endif           ; ok        // for other definitions it "points" the correct handler
  61+ 7ED4             >                // Use of "; ok" to suppress "warning[fwdref]"
  61+ 7ED4             >
  61+ 7ED4             >last_NFA        defl    temp_NFA            // keep track of NFA saved above
  62+ 7ED4 3F 64 04 02                  dw      LIT, 516, PLUS          // 516 +
  62+ 7ED8 51 69
  63+ 7EDA 15 6A 3C 6D                  dw      DUP, LIMIT, FETCH       // dup limit @
  63+ 7EDE EF 6A
  64+ 7EE0 B1 6E                        dw      EQUALS                  // =
  65+ 7EE2                                                              // if
  66+ 7EE2 B5 64                        dw      ZBRANCH
  67+ 7EE4 08 00                        dw      PBuf_Endif - $
  68+ 7EE6 E8 69                        dw          DROP                //      drop
  69+ 7EE8 30 6D EF 6A                  dw          FIRST, FETCH        //      first @
  70+ 7EEC              PBuf_Endif:                                     // endif
  71+ 7EEC 15 6A 01 6E                  dw      DUP, PREV, FETCH        // dup prev @
  71+ 7EF0 EF 6A
  72+ 7EF2 A3 6E                        dw      SUBTRACT                // -
  73+ 7EF4 EB 68                        dw      EXIT                    // ;
  74+ 7EF6
  75+ 7EF6              //  ______________________________________________________________________
  76+ 7EF6              //
  77+ 7EF6              // update       --
  78+ 7EF6              // mark the last used block to be written to disk
  79+ 7EF6                              Colon_Def UPDATE, "UPDATE", is_normal
  79+ 7EF6             >                New_Def  UPDATE, "UPDATE", Enter_Ptr, is_normal ; ok
  79+ 7EF6             >temp_NFA        defl    $                   // save this NFA address to temp_NFA
  79+ 7EF6             >
  79+ 7EF6             >                // dummy db directives used to calculate length of namec
  79+ 7EF6 55 50 44 41 >                db      "UPDATE"
  79+ 7EFA 54 45       >
  79+ 7EFC             >len_NFA         defl    $ - temp_NFA
  79+ 7EFC             >                org     $ - len_NFA         // rewind to temp_NFA and re-do NFA part
  79+ 7EF6             >
  79+ 7EF6 86          >                db      len_NFA | END_BIT | is_normal  // The start of NFA must have msb set to signal the beginning of the sounted string
  79+ 7EF7 55 50 44 41 >                db      "UPDATE"               // name string in 7-bit ascii, but
  79+ 7EFB 54 45       >
  79+ 7EFD             >                org     $-1                 // alter last byte of Name just above to set
  79+ 7EFC C5          >                db      {b $} | END_BIT     // msb as name end
  79+ 7EFD             >
  79+ 7EFD CA 7E       >                dw      last_NFA            // Link to previous definition Name
  79+ 7EFF             >UPDATE:          if Enter_Ptr != 0 ; ok        // This is the start address of the direct jp(hl)
  79+ 7EFF CD CE 6B    >                call    Enter_Ptr ; ok        // for primitive definitions  actual code
  79+ 7F02             >
  79+ 7F02             >
  79+ 7F02             >                endif           ; ok        // for other definitions it "points" the correct handler
  79+ 7F02             >                // Use of "; ok" to suppress "warning[fwdref]"
  79+ 7F02             >
  79+ 7F02             >last_NFA        defl    temp_NFA            // keep track of NFA saved above
  80+ 7F02 01 6E EF 6A                  dw      PREV, FETCH, FETCH      // prev @ @
  80+ 7F06 EF 6A
  81+ 7F08 3F 64 00 80                  dw      LIT, $8000, OR_OP       // $8000, or
  81+ 7F0C A1 68
  82+ 7F0E 01 6E EF 6A                  dw      PREV, FETCH, STORE      // prev @ !
  82+ 7F12 FB 6A
  83+ 7F14 EB 68                        dw      EXIT                    // ;
  84+ 7F16
  85+ 7F16
  86+ 7F16              //  ______________________________________________________________________
  87+ 7F16              //
  88+ 7F16              // empty-buffers --
  89+ 7F16                              Colon_Def EMPTY_BUFFERS, "EMPTY-BUFFERS", is_normal
  89+ 7F16             >                New_Def  EMPTY_BUFFERS, "EMPTY-BUFFERS", Enter_Ptr, is_normal ; ok
  89+ 7F16             >temp_NFA        defl    $                   // save this NFA address to temp_NFA
  89+ 7F16             >
  89+ 7F16             >                // dummy db directives used to calculate length of namec
  89+ 7F16 45 4D 50 54 >                db      "EMPTY-BUFFERS"
  89+ 7F1A 59 2D 42 55 >
  89+ 7F1E 46 46 45 52 >
  89+ 7F22 53          >
  89+ 7F23             >len_NFA         defl    $ - temp_NFA
  89+ 7F23             >                org     $ - len_NFA         // rewind to temp_NFA and re-do NFA part
  89+ 7F16             >
  89+ 7F16 8D          >                db      len_NFA | END_BIT | is_normal  // The start of NFA must have msb set to signal the beginning of the sounted string
  89+ 7F17 45 4D 50 54 >                db      "EMPTY-BUFFERS"               // name string in 7-bit ascii, but
  89+ 7F1B 59 2D 42 55 >
  89+ 7F1F 46 46 45 52 >
  89+ 7F23 53          >
  89+ 7F24             >                org     $-1                 // alter last byte of Name just above to set
  89+ 7F23 D3          >                db      {b $} | END_BIT     // msb as name end
  89+ 7F24             >
  89+ 7F24 F6 7E       >                dw      last_NFA            // Link to previous definition Name
  89+ 7F26             >EMPTY_BUFFERS:          if Enter_Ptr != 0 ; ok        // This is the start address of the direct jp(hl)
  89+ 7F26 CD CE 6B    >                call    Enter_Ptr ; ok        // for primitive definitions  actual code
  89+ 7F29             >
  89+ 7F29             >
  89+ 7F29             >                endif           ; ok        // for other definitions it "points" the correct handler
  89+ 7F29             >                // Use of "; ok" to suppress "warning[fwdref]"
  89+ 7F29             >
  89+ 7F29             >last_NFA        defl    temp_NFA            // keep track of NFA saved above
  90+ 7F29 30 6D EF 6A                  dw      FIRST, FETCH            // first @
  91+ 7F2D 3C 6D EF 6A                  dw      LIMIT, FETCH            // limit @
  92+ 7F31 DA 69 A3 6E                  dw      OVER, SUBTRACT, ERASE   // over - erase
  92+ 7F35 6E 73
  93+ 7F37 EB 68                        dw      EXIT                    // ;
  94+ 7F39
  95+ 7F39              //  ______________________________________________________________________
  96+ 7F39              //
  97+ 7F39              // buffer       n -- a
  98+ 7F39              // read block n and gives the address to a buffer
  99+ 7F39              // any block previously inside the buffer, if modified, is rewritten to
 100+ 7F39              // disk before reading the block n.
 101+ 7F39
 102+ 7F39                              Colon_Def BUFFER, "BUFFER", is_normal
 102+ 7F39             >                New_Def  BUFFER, "BUFFER", Enter_Ptr, is_normal ; ok
 102+ 7F39             >temp_NFA        defl    $                   // save this NFA address to temp_NFA
 102+ 7F39             >
 102+ 7F39             >                // dummy db directives used to calculate length of namec
 102+ 7F39 42 55 46 46 >                db      "BUFFER"
 102+ 7F3D 45 52       >
 102+ 7F3F             >len_NFA         defl    $ - temp_NFA
 102+ 7F3F             >                org     $ - len_NFA         // rewind to temp_NFA and re-do NFA part
 102+ 7F39             >
 102+ 7F39 86          >                db      len_NFA | END_BIT | is_normal  // The start of NFA must have msb set to signal the beginning of the sounted string
 102+ 7F3A 42 55 46 46 >                db      "BUFFER"               // name string in 7-bit ascii, but
 102+ 7F3E 45 52       >
 102+ 7F40             >                org     $-1                 // alter last byte of Name just above to set
 102+ 7F3F D2          >                db      {b $} | END_BIT     // msb as name end
 102+ 7F40             >
 102+ 7F40 16 7F       >                dw      last_NFA            // Link to previous definition Name
 102+ 7F42             >BUFFER:          if Enter_Ptr != 0 ; ok        // This is the start address of the direct jp(hl)
 102+ 7F42 CD CE 6B    >                call    Enter_Ptr ; ok        // for primitive definitions  actual code
 102+ 7F45             >
 102+ 7F45             >
 102+ 7F45             >                endif           ; ok        // for other definitions it "points" the correct handler
 102+ 7F45             >                // Use of "; ok" to suppress "warning[fwdref]"
 102+ 7F45             >
 102+ 7F45             >last_NFA        defl    temp_NFA            // keep track of NFA saved above
 103+ 7F45 F6 6D EF 6A                  dw      USED, FETCH             // used @
 104+ 7F49 15 6A F8 68                  dw      DUP, TO_R               // dup >r
 105+ 7F4D                                                              // begin
 106+ 7F4D              Buffer_Begin:
 107+ 7F4D D1 7E                        dw          PBUF                //      +buf
 108+ 7F4F                                                              // until
 109+ 7F4F B5 64                        dw      ZBRANCH
 110+ 7F51 FC FF                        dw      Buffer_Begin - $
 111+ 7F53 F6 6D FB 6A                  dw      USED, STORE             // used !
 112+ 7F57 14 69 EF 6A                  dw      R_OP, FETCH, ZLESS      // r @ 0<
 112+ 7F5B 35 69
 113+ 7F5D                                                              // if
 114+ 7F5D B5 64                        dw      ZBRANCH
 115+ 7F5F 14 00                        dw      Buffer_Endif - $
 116+ 7F61 14 69 92 69                  dw          R_OP, CELL_PLUS     //      r cell+
 117+ 7F65 14 69 EF 6A                  dw          R_OP, FETCH         //      r fetch
 118+ 7F69 3F 64 FF 7F                  dw          LIT, $7FFF          //      7FFF
 119+ 7F6D 8F 68                        dw          AND_OP              //      and
 120+ 7F6F 46 6C 7B 7E                  dw          ZERO, READ_WRITE    //      0 r/w
 121+ 7F73              Buffer_Endif:                                   // endif
 122+ 7F73 14 69 FB 6A                  dw      R_OP, STORE             // r !
 123+ 7F77 14 69 01 6E                  dw      R_OP, PREV, STORE       // r prev !
 123+ 7F7B FB 6A
 124+ 7F7D 06 69 92 69                  dw      R_TO, CELL_PLUS         // r> cell+
 125+ 7F81 EB 68                        dw      EXIT                    // ;
 126+ 7F83
 127+ 7F83              //  ______________________________________________________________________
 128+ 7F83              //
 129+ 7F83              // block        n -- a
 130+ 7F83              // Leaves the buffer address that contains the block n.
 131+ 7F83              // If the block is not already present, it will be loaded from disk
 132+ 7F83              // The block previously inside the buffer, if modified, is rewritten to
 133+ 7F83              // disk before reading the block n.
 134+ 7F83              // See also BUFFER, R/W, UPDATE, FLUSH.
 135+ 7F83
 136+ 7F83                              Colon_Def BLOCK, "BLOCK", is_normal
 136+ 7F83             >                New_Def  BLOCK, "BLOCK", Enter_Ptr, is_normal ; ok
 136+ 7F83             >temp_NFA        defl    $                   // save this NFA address to temp_NFA
 136+ 7F83             >
 136+ 7F83             >                // dummy db directives used to calculate length of namec
 136+ 7F83 42 4C 4F 43 >                db      "BLOCK"
 136+ 7F87 4B          >
 136+ 7F88             >len_NFA         defl    $ - temp_NFA
 136+ 7F88             >                org     $ - len_NFA         // rewind to temp_NFA and re-do NFA part
 136+ 7F83             >
 136+ 7F83 85          >                db      len_NFA | END_BIT | is_normal  // The start of NFA must have msb set to signal the beginning of the sounted string
 136+ 7F84 42 4C 4F 43 >                db      "BLOCK"               // name string in 7-bit ascii, but
 136+ 7F88 4B          >
 136+ 7F89             >                org     $-1                 // alter last byte of Name just above to set
 136+ 7F88 CB          >                db      {b $} | END_BIT     // msb as name end
 136+ 7F89             >
 136+ 7F89 39 7F       >                dw      last_NFA            // Link to previous definition Name
 136+ 7F8B             >BLOCK:          if Enter_Ptr != 0 ; ok        // This is the start address of the direct jp(hl)
 136+ 7F8B CD CE 6B    >                call    Enter_Ptr ; ok        // for primitive definitions  actual code
 136+ 7F8E             >
 136+ 7F8E             >
 136+ 7F8E             >                endif           ; ok        // for other definitions it "points" the correct handler
 136+ 7F8E             >                // Use of "; ok" to suppress "warning[fwdref]"
 136+ 7F8E             >
 136+ 7F8E             >last_NFA        defl    temp_NFA            // keep track of NFA saved above
 137+ 7F8E                          //  dw      OFFSET, FETCH           // offset @
 138+ 7F8E                          //  dw      PLUS                    // +
 139+ 7F8E F8 68                        dw      TO_R                    // + >r
 140+ 7F90 01 6E EF 6A                  dw      PREV, FETCH             // prev @
 141+ 7F94 15 6A EF 6A                  dw      DUP, FETCH              // dup @
 142+ 7F98 14 69 A3 6E                  dw      R_OP, SUBTRACT          // r -
 143+ 7F9C 15 6A 51 69                  dw      DUP, PLUS               // dup +  ( trick: check equality without most significant bit )
 144+ 7FA0                                                              // if
 145+ 7FA0 B5 64                        dw        ZBRANCH
 146+ 7FA2 32 00                        dw        Block_Endif_1 - $
 147+ 7FA4              Block_Begin:                                    //      begin
 148+ 7FA4 D1 7E 1C 69                  dw          PBUF, ZEQUAL        //          +buf 0
 149+ 7FA8                                                              //          if
 150+ 7FA8 B5 64                        dw          ZBRANCH
 151+ 7FAA 12 00                        dw          Block_Endif_2 - $
 152+ 7FAC E8 69                        dw              DROP            //              drop
 153+ 7FAE 14 69 42 7F                  dw              R_OP, BUFFER    //              r buffer
 154+ 7FB2 15 6A                        dw              DUP             //              dup
 155+ 7FB4 14 69 4F 6C                  dw              R_OP, ONE       //              r 1
 156+ 7FB8 7B 7E                        dw              READ_WRITE      //              r/w
 157+ 7FBA A7 69                        dw              TWO_MINUS       //              2-
 158+ 7FBC              Block_Endif_2:                                  //          endif
 159+ 7FBC 15 6A EF 6A                  dw          DUP, FETCH, R_OP    //          dup @ r
 159+ 7FC0 14 69
 160+ 7FC2 A3 6E 15 6A                  dw          SUBTRACT, DUP       //          - dup
 161+ 7FC6 51 69 1C 69                  dw          PLUS, ZEQUAL        //          + 0=
 162+ 7FCA                                                              //      until
 163+ 7FCA B5 64                        dw        ZBRANCH
 164+ 7FCC D8 FF                        dw        Block_Begin - $
 165+ 7FCE 15 6A 01 6E                  dw        DUP, PREV, STORE      //      dup prev !
 165+ 7FD2 FB 6A
 166+ 7FD4              Block_Endif_1:                                  // endif
 167+ 7FD4 06 69 E8 69                  dw      R_TO, DROP, CELL_PLUS   // r> drop cell+
 167+ 7FD8 92 69
 168+ 7FDA EB 68                        dw      EXIT                    // ;
 169+ 7FDC
 170+ 7FDC              //  ______________________________________________________________________
 171+ 7FDC              //
 172+ 7FDC              // #buff        -- n
 173+ 7FDC              // number of buffers available. must be the difference between LIMIT and FIRST divided by 516
 174+ 7FDC                              Constant_Def NBUFF,   "#BUFF", (LIMIT_system-FIRST_system)/516
 174+ 7FDC             >                New_Def  NBUFF, "#BUFF", Constant_Ptr, is_normal
 174+ 7FDC             >temp_NFA        defl    $                   // save this NFA address to temp_NFA
 174+ 7FDC             >
 174+ 7FDC             >                // dummy db directives used to calculate length of namec
 174+ 7FDC 23 42 55 46 >                db      "#BUFF"
 174+ 7FE0 46          >
 174+ 7FE1             >len_NFA         defl    $ - temp_NFA
 174+ 7FE1             >                org     $ - len_NFA         // rewind to temp_NFA and re-do NFA part
 174+ 7FDC             >
 174+ 7FDC 85          >                db      len_NFA | END_BIT | is_normal  // The start of NFA must have msb set to signal the beginning of the sounted string
 174+ 7FDD 23 42 55 46 >                db      "#BUFF"               // name string in 7-bit ascii, but
 174+ 7FE1 46          >
 174+ 7FE2             >                org     $-1                 // alter last byte of Name just above to set
 174+ 7FE1 C6          >                db      {b $} | END_BIT     // msb as name end
 174+ 7FE2             >
 174+ 7FE2 83 7F       >                dw      last_NFA            // Link to previous definition Name
 174+ 7FE4             >NBUFF:          if Constant_Ptr != 0 ; ok        // This is the start address of the direct jp(hl)
 174+ 7FE4 CD 07 6C    >                call    Constant_Ptr ; ok        // for primitive definitions  actual code
 174+ 7FE7             >
 174+ 7FE7             >
 174+ 7FE7             >                endif           ; ok        // for other definitions it "points" the correct handler
 174+ 7FE7             >                // Use of "; ok" to suppress "warning[fwdref]"
 174+ 7FE7             >
 174+ 7FE7             >last_NFA        defl    temp_NFA            // keep track of NFA saved above
 174+ 7FE7 06 00       >                dw      (LIMIT_system-FIRST_system)/516
 175+ 7FE9
 176+ 7FE9              //  ______________________________________________________________________
 177+ 7FE9              //
 178+ 7FE9              // flush        --
 179+ 7FE9                              Colon_Def FLUSH, "FLUSH", is_normal
 179+ 7FE9             >                New_Def  FLUSH, "FLUSH", Enter_Ptr, is_normal ; ok
 179+ 7FE9             >temp_NFA        defl    $                   // save this NFA address to temp_NFA
 179+ 7FE9             >
 179+ 7FE9             >                // dummy db directives used to calculate length of namec
 179+ 7FE9 46 4C 55 53 >                db      "FLUSH"
 179+ 7FED 48          >
 179+ 7FEE             >len_NFA         defl    $ - temp_NFA
 179+ 7FEE             >                org     $ - len_NFA         // rewind to temp_NFA and re-do NFA part
 179+ 7FE9             >
 179+ 7FE9 85          >                db      len_NFA | END_BIT | is_normal  // The start of NFA must have msb set to signal the beginning of the sounted string
 179+ 7FEA 46 4C 55 53 >                db      "FLUSH"               // name string in 7-bit ascii, but
 179+ 7FEE 48          >
 179+ 7FEF             >                org     $-1                 // alter last byte of Name just above to set
 179+ 7FEE C8          >                db      {b $} | END_BIT     // msb as name end
 179+ 7FEF             >
 179+ 7FEF DC 7F       >                dw      last_NFA            // Link to previous definition Name
 179+ 7FF1             >FLUSH:          if Enter_Ptr != 0 ; ok        // This is the start address of the direct jp(hl)
 179+ 7FF1 CD CE 6B    >                call    Enter_Ptr ; ok        // for primitive definitions  actual code
 179+ 7FF4             >
 179+ 7FF4             >
 179+ 7FF4             >                endif           ; ok        // for other definitions it "points" the correct handler
 179+ 7FF4             >                // Use of "; ok" to suppress "warning[fwdref]"
 179+ 7FF4             >
 179+ 7FF4             >last_NFA        defl    temp_NFA            // keep track of NFA saved above
 180+ 7FF4 E4 7F 70 69                  dw      NBUFF, ONE_PLUS, ZERO   // #buff 1+ 0
 180+ 7FF8 46 6C
 181+ 7FFA              Flush_Do:                                       // do
 182+ 7FFA 02 65                        dw      C_DO
 183+ 7FFC 46 6C 42 7F                  dw      ZERO, BUFFER, DROP      //      0 buffer drop
 183+ 8000 E8 69
 184+ 8002                                                              // loop
 185+ 8002 9A 64 F8 FF                  dw      C_LOOP, Flush_Do - $
 186+ 8006              //              dw      BLK_FH, FETCH           // blk-fh @     ( ZX-Next dependance )
 187+ 8006              //              dw      F_SYNC, DROP            // f_sync drop
 188+ 8006 EB 68                        dw      EXIT                    // exit
 189+ 8008
 190+ 8008
 191+ 8008              //  ______________________________________________________________________
 192+ 8008              //
 193+ 8008              // load+        n --
 194+ 8008                              Colon_Def LOAD_P, "LOAD+", is_normal
 194+ 8008             >                New_Def  LOAD_P, "LOAD+", Enter_Ptr, is_normal ; ok
 194+ 8008             >temp_NFA        defl    $                   // save this NFA address to temp_NFA
 194+ 8008             >
 194+ 8008             >                // dummy db directives used to calculate length of namec
 194+ 8008 4C 4F 41 44 >                db      "LOAD+"
 194+ 800C 2B          >
 194+ 800D             >len_NFA         defl    $ - temp_NFA
 194+ 800D             >                org     $ - len_NFA         // rewind to temp_NFA and re-do NFA part
 194+ 8008             >
 194+ 8008 85          >                db      len_NFA | END_BIT | is_normal  // The start of NFA must have msb set to signal the beginning of the sounted string
 194+ 8009 4C 4F 41 44 >                db      "LOAD+"               // name string in 7-bit ascii, but
 194+ 800D 2B          >
 194+ 800E             >                org     $-1                 // alter last byte of Name just above to set
 194+ 800D AB          >                db      {b $} | END_BIT     // msb as name end
 194+ 800E             >
 194+ 800E E9 7F       >                dw      last_NFA            // Link to previous definition Name
 194+ 8010             >LOAD_P:          if Enter_Ptr != 0 ; ok        // This is the start address of the direct jp(hl)
 194+ 8010 CD CE 6B    >                call    Enter_Ptr ; ok        // for primitive definitions  actual code
 194+ 8013             >
 194+ 8013             >
 194+ 8013             >                endif           ; ok        // for other definitions it "points" the correct handler
 194+ 8013             >                // Use of "; ok" to suppress "warning[fwdref]"
 194+ 8013             >
 194+ 8013             >last_NFA        defl    temp_NFA            // keep track of NFA saved above
 195+ 8013 5C 6D EF 6A                  dw      BLK, FETCH, TO_R        // blk @ >r
 195+ 8017 F8 68
 196+ 8019 66 6D EF 6A                  dw      TO_IN, FETCH, TO_R      // >in @ >r
 196+ 801D F8 68
 197+ 801F
 198+ 801F 46 6C 66 6D                  dw      ZERO, TO_IN, STORE      // 0 >in !
 198+ 8023 FB 6A
 199+ 8025 9A 6C 04 7B                  dw      BSCR, MUL, BLK, STORE   // b/scr * blk !
 199+ 8029 5C 6D FB 6A
 200+ 802D 5D 78                        dw      INTERPRET               // interpret
 201+ 802F
 202+ 802F 06 69 66 6D                  dw      R_TO, TO_IN, STORE      // r> >in !
 202+ 8033 FB 6A
 203+ 8035 06 69 5C 6D                  dw      R_TO, BLK, STORE        // r> blk !
 203+ 8039 FB 6A
 204+ 803B EB 68                        dw      EXIT                    // ;
 205+ 803D
 206+ 803D              //  ______________________________________________________________________
 207+ 803D              //
 208+ 803D              // -->          --
 209+ 803D                              Colon_Def LOAD_NEXT, "-->", is_immediate
 209+ 803D             >                New_Def  LOAD_NEXT, "-->", Enter_Ptr, is_immediate ; ok
 209+ 803D             >temp_NFA        defl    $                   // save this NFA address to temp_NFA
 209+ 803D             >
 209+ 803D             >                // dummy db directives used to calculate length of namec
 209+ 803D 2D 2D 3E    >                db      "-->"
 209+ 8040             >len_NFA         defl    $ - temp_NFA
 209+ 8040             >                org     $ - len_NFA         // rewind to temp_NFA and re-do NFA part
 209+ 803D             >
 209+ 803D C3          >                db      len_NFA | END_BIT | is_immediate  // The start of NFA must have msb set to signal the beginning of the sounted string
 209+ 803E 2D 2D 3E    >                db      "-->"               // name string in 7-bit ascii, but
 209+ 8041             >                org     $-1                 // alter last byte of Name just above to set
 209+ 8040 BE          >                db      {b $} | END_BIT     // msb as name end
 209+ 8041             >
 209+ 8041 08 80       >                dw      last_NFA            // Link to previous definition Name
 209+ 8043             >LOAD_NEXT:          if Enter_Ptr != 0 ; ok        // This is the start address of the direct jp(hl)
 209+ 8043 CD CE 6B    >                call    Enter_Ptr ; ok        // for primitive definitions  actual code
 209+ 8046             >
 209+ 8046             >
 209+ 8046             >                endif           ; ok        // for other definitions it "points" the correct handler
 209+ 8046             >                // Use of "; ok" to suppress "warning[fwdref]"
 209+ 8046             >
 209+ 8046             >last_NFA        defl    temp_NFA            // keep track of NFA saved above
 210+ 8046 9B 70                        dw      QLOADING                // ?loading
 211+ 8048 46 6C 66 6D                  dw      ZERO, TO_IN, STORE      // 0 >in !
 211+ 804C FB 6A
 212+ 804E 9A 6C                        dw      BSCR                    // b/scr
 213+ 8050 5C 6D EF 6A                  dw      BLK, FETCH              // blk @
 214+ 8054 DA 69                        dw      OVER                    // over
 215+ 8056 34 7B                        dw      MOD                     // mod
 216+ 8058 A3 6E                        dw      SUBTRACT                // -
 217+ 805A 5C 6D CE 6A                  dw      BLK, PLUSSTORE          // +!
 218+ 805E EB 68                        dw      EXIT                    // ;
 219+ 8060
 220+ 8060              //  ______________________________________________________________________
 221+ 8060              //
 222+ 8060              // '            -- xt
 223+ 8060                              Colon_Def TICK, "'", is_normal
 223+ 8060             >                New_Def  TICK, "'", Enter_Ptr, is_normal ; ok
 223+ 8060             >temp_NFA        defl    $                   // save this NFA address to temp_NFA
 223+ 8060             >
 223+ 8060             >                // dummy db directives used to calculate length of namec
 223+ 8060 27          >                db      "'"
 223+ 8061             >len_NFA         defl    $ - temp_NFA
 223+ 8061             >                org     $ - len_NFA         // rewind to temp_NFA and re-do NFA part
 223+ 8060             >
 223+ 8060 81          >                db      len_NFA | END_BIT | is_normal  // The start of NFA must have msb set to signal the beginning of the sounted string
 223+ 8061 27          >                db      "'"               // name string in 7-bit ascii, but
 223+ 8062             >                org     $-1                 // alter last byte of Name just above to set
 223+ 8061 A7          >                db      {b $} | END_BIT     // msb as name end
 223+ 8062             >
 223+ 8062 3D 80       >                dw      last_NFA            // Link to previous definition Name
 223+ 8064             >TICK:          if Enter_Ptr != 0 ; ok        // This is the start address of the direct jp(hl)
 223+ 8064 CD CE 6B    >                call    Enter_Ptr ; ok        // for primitive definitions  actual code
 223+ 8067             >
 223+ 8067             >
 223+ 8067             >                endif           ; ok        // for other definitions it "points" the correct handler
 223+ 8067             >                // Use of "; ok" to suppress "warning[fwdref]"
 223+ 8067             >
 223+ 8067             >last_NFA        defl    temp_NFA            // keep track of NFA saved above
 224+ 8067 73 76                        dw      LFIND                   // -find
 225+ 8069 1C 69                        dw      ZEQUAL                  // 0=
 226+ 806B 46 6C 1D 70                  dw      ZERO, QERROR            // 0 ?error
 227+ 806F E8 69                        dw      DROP                    // drop
 228+ 8071 EB 68                        dw      EXIT                    // ;
 229+ 8073
 230+ 8073              //  ______________________________________________________________________
 231+ 8073              //
 232+ 8073              // forget       -- cccc
 233+ 8073                              Colon_Def FORGET, "FORGET", is_normal
 233+ 8073             >                New_Def  FORGET, "FORGET", Enter_Ptr, is_normal ; ok
 233+ 8073             >temp_NFA        defl    $                   // save this NFA address to temp_NFA
 233+ 8073             >
 233+ 8073             >                // dummy db directives used to calculate length of namec
 233+ 8073 46 4F 52 47 >                db      "FORGET"
 233+ 8077 45 54       >
 233+ 8079             >len_NFA         defl    $ - temp_NFA
 233+ 8079             >                org     $ - len_NFA         // rewind to temp_NFA and re-do NFA part
 233+ 8073             >
 233+ 8073 86          >                db      len_NFA | END_BIT | is_normal  // The start of NFA must have msb set to signal the beginning of the sounted string
 233+ 8074 46 4F 52 47 >                db      "FORGET"               // name string in 7-bit ascii, but
 233+ 8078 45 54       >
 233+ 807A             >                org     $-1                 // alter last byte of Name just above to set
 233+ 8079 D4          >                db      {b $} | END_BIT     // msb as name end
 233+ 807A             >
 233+ 807A 60 80       >                dw      last_NFA            // Link to previous definition Name
 233+ 807C             >FORGET:          if Enter_Ptr != 0 ; ok        // This is the start address of the direct jp(hl)
 233+ 807C CD CE 6B    >                call    Enter_Ptr ; ok        // for primitive definitions  actual code
 233+ 807F             >
 233+ 807F             >
 233+ 807F             >                endif           ; ok        // for other definitions it "points" the correct handler
 233+ 807F             >                // Use of "; ok" to suppress "warning[fwdref]"
 233+ 807F             >
 233+ 807F             >last_NFA        defl    temp_NFA            // keep track of NFA saved above
 234+ 807F A3 6D EF 6A                  dw      CURRENT, FETCH          // current @
 235+ 8083 95 6D EF 6A                  dw      CONTEXT, FETCH          // context @
 236+ 8087 A3 6E 3F 64                  dw      SUBTRACT, LIT, 23, QERROR // - 23 ?error
 236+ 808B 17 00 1D 70
 237+ 808F 64 80 E8 6F                  dw      TICK, TO_BODY           // ' >body
 238+ 8093 15 6A 0C 6D                  dw      DUP, FENCE, FETCH       // dup fence @
 238+ 8097 EF 6A
 239+ 8099 BF 6E 3F 64                  dw      ULESS, LIT, 21, QERROR  // u< 21 ?error
 239+ 809D 15 00 1D 70
 240+ 80A1 15 6A BC 6F                  dw      DUP, NFA, DP, STORE     // dup nfa dp !
 240+ 80A5 15 6D FB 6A
 241+ 80A9 9C 6F EF 6A                  dw      LFA, FETCH              // lfa @
 242+ 80AD 95 6D EF 6A                  dw      CONTEXT, FETCH, STORE   // context @ !
 242+ 80B1 FB 6A
 243+ 80B3 EB 68                        dw      EXIT                    // ;
 244+ 80B5
 245+ 80B5              //  ______________________________________________________________________
 246+ 80B5              //
 247+ 80B5              // marker       -- cccc
 248+ 80B5                              Colon_Def MARKER, "MARKER", is_immediate
 248+ 80B5             >                New_Def  MARKER, "MARKER", Enter_Ptr, is_immediate ; ok
 248+ 80B5             >temp_NFA        defl    $                   // save this NFA address to temp_NFA
 248+ 80B5             >
 248+ 80B5             >                // dummy db directives used to calculate length of namec
 248+ 80B5 4D 41 52 4B >                db      "MARKER"
 248+ 80B9 45 52       >
 248+ 80BB             >len_NFA         defl    $ - temp_NFA
 248+ 80BB             >                org     $ - len_NFA         // rewind to temp_NFA and re-do NFA part
 248+ 80B5             >
 248+ 80B5 C6          >                db      len_NFA | END_BIT | is_immediate  // The start of NFA must have msb set to signal the beginning of the sounted string
 248+ 80B6 4D 41 52 4B >                db      "MARKER"               // name string in 7-bit ascii, but
 248+ 80BA 45 52       >
 248+ 80BC             >                org     $-1                 // alter last byte of Name just above to set
 248+ 80BB D2          >                db      {b $} | END_BIT     // msb as name end
 248+ 80BC             >
 248+ 80BC 73 80       >                dw      last_NFA            // Link to previous definition Name
 248+ 80BE             >MARKER:          if Enter_Ptr != 0 ; ok        // This is the start address of the direct jp(hl)
 248+ 80BE CD CE 6B    >                call    Enter_Ptr ; ok        // for primitive definitions  actual code
 248+ 80C1             >
 248+ 80C1             >
 248+ 80C1             >                endif           ; ok        // for other definitions it "points" the correct handler
 248+ 80C1             >                // Use of "; ok" to suppress "warning[fwdref]"
 248+ 80C1             >
 248+ 80C1             >last_NFA        defl    temp_NFA            // keep track of NFA saved above
 249+ 80C1 98 71                        dw      CBUILDS
 250+ 80C3 24 6D EF 6A                  dw      VOC_LINK, FETCH, COMMA
 250+ 80C7 71 6E
 251+ 80C9 A3 6D EF 6A                  dw      CURRENT, FETCH, COMMA
 251+ 80CD 71 6E
 252+ 80CF 95 6D EF 6A                  dw      CONTEXT, FETCH, COMMA
 252+ 80D3 71 6E
 253+ 80D5 8B 6F 71 6E                  dw      LATEST, COMMA
 254+ 80D9 8B 6F D1 6F                  dw      LATEST, PFA, LFA, FETCH, COMMA
 254+ 80DD 9C 6F EF 6A
 254+ 80E1 71 6E
 255+ 80E3 A9 71                        dw      DOES_TO
 256+ 80E5 15 6A EF 6A                  dw      DUP, FETCH, VOC_LINK, STORE, CELL_PLUS
 256+ 80E9 24 6D FB 6A
 256+ 80ED 92 69
 257+ 80EF 15 6A EF 6A                  dw      DUP, FETCH, CURRENT, STORE, CELL_PLUS
 257+ 80F3 A3 6D FB 6A
 257+ 80F7 92 69
 258+ 80F9 15 6A EF 6A                  dw      DUP, FETCH, CONTEXT, STORE, CELL_PLUS
 258+ 80FD 95 6D FB 6A
 258+ 8101 92 69
 259+ 8103 15 6A EF 6A                  dw      DUP, FETCH, DP, STORE, CELL_PLUS
 259+ 8107 15 6D FB 6A
 259+ 810B 92 69
 260+ 810D EF 6A A3 6D                  dw           FETCH, CURRENT, FETCH, STORE
 260+ 8111 EF 6A FB 6A
 261+ 8115 EB 68                        dw      EXIT
 262+ 8117
 263+ 8117              //  ______________________________________________________________________
 264+ 8117              //
 265+ 8117              // spaces       n --
 266+ 8117                              Colon_Def SPACES, "SPACES", is_normal
 266+ 8117             >                New_Def  SPACES, "SPACES", Enter_Ptr, is_normal ; ok
 266+ 8117             >temp_NFA        defl    $                   // save this NFA address to temp_NFA
 266+ 8117             >
 266+ 8117             >                // dummy db directives used to calculate length of namec
 266+ 8117 53 50 41 43 >                db      "SPACES"
 266+ 811B 45 53       >
 266+ 811D             >len_NFA         defl    $ - temp_NFA
 266+ 811D             >                org     $ - len_NFA         // rewind to temp_NFA and re-do NFA part
 266+ 8117             >
 266+ 8117 86          >                db      len_NFA | END_BIT | is_normal  // The start of NFA must have msb set to signal the beginning of the sounted string
 266+ 8118 53 50 41 43 >                db      "SPACES"               // name string in 7-bit ascii, but
 266+ 811C 45 53       >
 266+ 811E             >                org     $-1                 // alter last byte of Name just above to set
 266+ 811D D3          >                db      {b $} | END_BIT     // msb as name end
 266+ 811E             >
 266+ 811E B5 80       >                dw      last_NFA            // Link to previous definition Name
 266+ 8120             >SPACES:          if Enter_Ptr != 0 ; ok        // This is the start address of the direct jp(hl)
 266+ 8120 CD CE 6B    >                call    Enter_Ptr ; ok        // for primitive definitions  actual code
 266+ 8123             >
 266+ 8123             >
 266+ 8123             >                endif           ; ok        // for other definitions it "points" the correct handler
 266+ 8123             >                // Use of "; ok" to suppress "warning[fwdref]"
 266+ 8123             >
 266+ 8123             >last_NFA        defl    temp_NFA            // keep track of NFA saved above
 267+ 8123 46 6C 04 6F                  dw      ZERO, MAX
 268+ 8127 46 6C D7 64                  dw      ZERO, C_Q_DO
 269+ 812B 08 00                        dw      Spaces_Leave - $
 270+ 812D              Spaces_Loop:
 271+ 812D 53 6F                        dw          SPACE
 272+ 812F 9A 64                        dw      C_LOOP
 273+ 8131 FC FF                        dw      Spaces_Loop - $
 274+ 8133              Spaces_Leave:
 275+ 8133 EB 68                        dw      EXIT                    // ;
 276+ 8135
 277+ 8135              //  ______________________________________________________________________
 278+ 8135              //
 279+ 8135              // <#           --
 280+ 8135                              Colon_Def BEGIN_DASH, "<#", is_normal
 280+ 8135             >                New_Def  BEGIN_DASH, "<#", Enter_Ptr, is_normal ; ok
 280+ 8135             >temp_NFA        defl    $                   // save this NFA address to temp_NFA
 280+ 8135             >
 280+ 8135             >                // dummy db directives used to calculate length of namec
 280+ 8135 3C 23       >                db      "<#"
 280+ 8137             >len_NFA         defl    $ - temp_NFA
 280+ 8137             >                org     $ - len_NFA         // rewind to temp_NFA and re-do NFA part
 280+ 8135             >
 280+ 8135 82          >                db      len_NFA | END_BIT | is_normal  // The start of NFA must have msb set to signal the beginning of the sounted string
 280+ 8136 3C 23       >                db      "<#"               // name string in 7-bit ascii, but
 280+ 8138             >                org     $-1                 // alter last byte of Name just above to set
 280+ 8137 A3          >                db      {b $} | END_BIT     // msb as name end
 280+ 8138             >
 280+ 8138 17 81       >                dw      last_NFA            // Link to previous definition Name
 280+ 813A             >BEGIN_DASH:          if Enter_Ptr != 0 ; ok        // This is the start address of the direct jp(hl)
 280+ 813A CD CE 6B    >                call    Enter_Ptr ; ok        // for primitive definitions  actual code
 280+ 813D             >
 280+ 813D             >
 280+ 813D             >                endif           ; ok        // for other definitions it "points" the correct handler
 280+ 813D             >                // Use of "; ok" to suppress "warning[fwdref]"
 280+ 813D             >
 280+ 813D             >last_NFA        defl    temp_NFA            // keep track of NFA saved above
 281+ 813D A6 73 EB 6D                  dw      PAD, HLD, STORE
 281+ 8141 FB 6A
 282+ 8143 EB 68                        dw      EXIT
 283+ 8145
 284+ 8145              //  ______________________________________________________________________
 285+ 8145              //
 286+ 8145              // #>           --
 287+ 8145                              Colon_Def DASH_END, "#>", is_normal
 287+ 8145             >                New_Def  DASH_END, "#>", Enter_Ptr, is_normal ; ok
 287+ 8145             >temp_NFA        defl    $                   // save this NFA address to temp_NFA
 287+ 8145             >
 287+ 8145             >                // dummy db directives used to calculate length of namec
 287+ 8145 23 3E       >                db      "#>"
 287+ 8147             >len_NFA         defl    $ - temp_NFA
 287+ 8147             >                org     $ - len_NFA         // rewind to temp_NFA and re-do NFA part
 287+ 8145             >
 287+ 8145 82          >                db      len_NFA | END_BIT | is_normal  // The start of NFA must have msb set to signal the beginning of the sounted string
 287+ 8146 23 3E       >                db      "#>"               // name string in 7-bit ascii, but
 287+ 8148             >                org     $-1                 // alter last byte of Name just above to set
 287+ 8147 BE          >                db      {b $} | END_BIT     // msb as name end
 287+ 8148             >
 287+ 8148 35 81       >                dw      last_NFA            // Link to previous definition Name
 287+ 814A             >DASH_END:          if Enter_Ptr != 0 ; ok        // This is the start address of the direct jp(hl)
 287+ 814A CD CE 6B    >                call    Enter_Ptr ; ok        // for primitive definitions  actual code
 287+ 814D             >
 287+ 814D             >
 287+ 814D             >                endif           ; ok        // for other definitions it "points" the correct handler
 287+ 814D             >                // Use of "; ok" to suppress "warning[fwdref]"
 287+ 814D             >
 287+ 814D             >last_NFA        defl    temp_NFA            // keep track of NFA saved above
 288+ 814D 87 6A                        dw      TWO_DROP
 289+ 814F EB 6D EF 6A                  dw      HLD, FETCH, PAD, OVER, SUBTRACT
 289+ 8153 A6 73 DA 69
 289+ 8157 A3 6E
 290+ 8159 EB 68                        dw      EXIT
 291+ 815B
 292+ 815B              //  ______________________________________________________________________
 293+ 815B              //
 294+ 815B              // sign         n d -- d
 295+ 815B                              Colon_Def SIGN, "SIGN", is_normal
 295+ 815B             >                New_Def  SIGN, "SIGN", Enter_Ptr, is_normal ; ok
 295+ 815B             >temp_NFA        defl    $                   // save this NFA address to temp_NFA
 295+ 815B             >
 295+ 815B             >                // dummy db directives used to calculate length of namec
 295+ 815B 53 49 47 4E >                db      "SIGN"
 295+ 815F             >len_NFA         defl    $ - temp_NFA
 295+ 815F             >                org     $ - len_NFA         // rewind to temp_NFA and re-do NFA part
 295+ 815B             >
 295+ 815B 84          >                db      len_NFA | END_BIT | is_normal  // The start of NFA must have msb set to signal the beginning of the sounted string
 295+ 815C 53 49 47 4E >                db      "SIGN"               // name string in 7-bit ascii, but
 295+ 8160             >                org     $-1                 // alter last byte of Name just above to set
 295+ 815F CE          >                db      {b $} | END_BIT     // msb as name end
 295+ 8160             >
 295+ 8160 45 81       >                dw      last_NFA            // Link to previous definition Name
 295+ 8162             >SIGN:          if Enter_Ptr != 0 ; ok        // This is the start address of the direct jp(hl)
 295+ 8162 CD CE 6B    >                call    Enter_Ptr ; ok        // for primitive definitions  actual code
 295+ 8165             >
 295+ 8165             >
 295+ 8165             >                endif           ; ok        // for other definitions it "points" the correct handler
 295+ 8165             >                // Use of "; ok" to suppress "warning[fwdref]"
 295+ 8165             >
 295+ 8165             >last_NFA        defl    temp_NFA            // keep track of NFA saved above
 296+ 8165 35 69                        dw      ZLESS
 297+ 8167 B5 64                        dw      ZBRANCH
 298+ 8169 08 00                        dw      Sign_Endif - $
 299+ 816B 3F 64 2D 00                  dw          LIT, 45, HOLD
 299+ 816F 8F 73
 300+ 8171              Sign_Endif:
 301+ 8171 EB 68                        dw      EXIT
 302+ 8173
 303+ 8173              //  ______________________________________________________________________
 304+ 8173              //
 305+ 8173              // #           d1 -- d2
 306+ 8173                              Colon_Def DASH, "#", is_normal
 306+ 8173             >                New_Def  DASH, "#", Enter_Ptr, is_normal ; ok
 306+ 8173             >temp_NFA        defl    $                   // save this NFA address to temp_NFA
 306+ 8173             >
 306+ 8173             >                // dummy db directives used to calculate length of namec
 306+ 8173 23          >                db      "#"
 306+ 8174             >len_NFA         defl    $ - temp_NFA
 306+ 8174             >                org     $ - len_NFA         // rewind to temp_NFA and re-do NFA part
 306+ 8173             >
 306+ 8173 81          >                db      len_NFA | END_BIT | is_normal  // The start of NFA must have msb set to signal the beginning of the sounted string
 306+ 8174 23          >                db      "#"               // name string in 7-bit ascii, but
 306+ 8175             >                org     $-1                 // alter last byte of Name just above to set
 306+ 8174 A3          >                db      {b $} | END_BIT     // msb as name end
 306+ 8175             >
 306+ 8175 5B 81       >                dw      last_NFA            // Link to previous definition Name
 306+ 8177             >DASH:          if Enter_Ptr != 0 ; ok        // This is the start address of the direct jp(hl)
 306+ 8177 CD CE 6B    >                call    Enter_Ptr ; ok        // for primitive definitions  actual code
 306+ 817A             >
 306+ 817A             >
 306+ 817A             >                endif           ; ok        // for other definitions it "points" the correct handler
 306+ 817A             >                // Use of "; ok" to suppress "warning[fwdref]"
 306+ 817A             >
 306+ 817A             >last_NFA        defl    temp_NFA            // keep track of NFA saved above
 307+ 817A BA 6D EF 6A                  dw      BASE, FETCH
 308+ 817E
 309+ 817E F8 68                        dw      TO_R                    // >r           ( ud1 )
 310+ 8180 46 6C 14 69                  dw      ZERO, R_OP, UMDIVMOD    // 0 r um/mod   ( l rem1 h/r )
 310+ 8184 58 68
 311+ 8186 06 69 0A 6A                  dw      R_TO, SWAP, TO_R        // r> swap >r   ( l rem )
 311+ 818A F8 68
 312+ 818C 58 68                        dw      UMDIVMOD                // um/mod       ( rem2 l/r )
 313+ 818E 06 69                        dw      R_TO                    // r>           ( rem2 l/r h/r )
 314+ 8190
 315+ 8190 20 6A                        dw      ROT
 316+ 8192 3F 64 09 00                  dw      LIT, 9, OVER, LESS
 316+ 8196 DA 69 CF 6E
 317+ 819A B5 64                        dw      ZBRANCH
 318+ 819C 08 00                        dw      Dash_Endif - $
 319+ 819E 3F 64 07 00                  dw          LIT, 7, PLUS
 319+ 81A2 51 69
 320+ 81A4              Dash_Endif:
 321+ 81A4
 322+ 81A4 3F 64 30 00                  dw      LIT, 48, PLUS, HOLD
 322+ 81A8 51 69 8F 73
 323+ 81AC EB 68                        dw      EXIT
 324+ 81AE
 325+ 81AE              //  ______________________________________________________________________
 326+ 81AE              //
 327+ 81AE              // #s           d1 -- d2
 328+ 81AE                              Colon_Def DASHES, "#S", is_normal
 328+ 81AE             >                New_Def  DASHES, "#S", Enter_Ptr, is_normal ; ok
 328+ 81AE             >temp_NFA        defl    $                   // save this NFA address to temp_NFA
 328+ 81AE             >
 328+ 81AE             >                // dummy db directives used to calculate length of namec
 328+ 81AE 23 53       >                db      "#S"
 328+ 81B0             >len_NFA         defl    $ - temp_NFA
 328+ 81B0             >                org     $ - len_NFA         // rewind to temp_NFA and re-do NFA part
 328+ 81AE             >
 328+ 81AE 82          >                db      len_NFA | END_BIT | is_normal  // The start of NFA must have msb set to signal the beginning of the sounted string
 328+ 81AF 23 53       >                db      "#S"               // name string in 7-bit ascii, but
 328+ 81B1             >                org     $-1                 // alter last byte of Name just above to set
 328+ 81B0 D3          >                db      {b $} | END_BIT     // msb as name end
 328+ 81B1             >
 328+ 81B1 73 81       >                dw      last_NFA            // Link to previous definition Name
 328+ 81B3             >DASHES:          if Enter_Ptr != 0 ; ok        // This is the start address of the direct jp(hl)
 328+ 81B3 CD CE 6B    >                call    Enter_Ptr ; ok        // for primitive definitions  actual code
 328+ 81B6             >
 328+ 81B6             >
 328+ 81B6             >                endif           ; ok        // for other definitions it "points" the correct handler
 328+ 81B6             >                // Use of "; ok" to suppress "warning[fwdref]"
 328+ 81B6             >
 328+ 81B6             >last_NFA        defl    temp_NFA            // keep track of NFA saved above
 329+ 81B6              Dashes_Begin:
 330+ 81B6 77 81 A5 6A                  dw      DASH, TWO_DUP
 331+ 81BA A1 68 1C 69                  dw          OR_OP, ZEQUAL
 332+ 81BE B5 64                        dw      ZBRANCH
 333+ 81C0 F6 FF                        dw      Dashes_Begin - $
 334+ 81C2 EB 68                        dw      EXIT
 335+ 81C4
 336+ 81C4              //  ______________________________________________________________________
 337+ 81C4              //
 338+ 81C4              // d.r          d n --
 339+ 81C4                              Colon_Def D_DOT_R, "D.R", is_normal
 339+ 81C4             >                New_Def  D_DOT_R, "D.R", Enter_Ptr, is_normal ; ok
 339+ 81C4             >temp_NFA        defl    $                   // save this NFA address to temp_NFA
 339+ 81C4             >
 339+ 81C4             >                // dummy db directives used to calculate length of namec
 339+ 81C4 44 2E 52    >                db      "D.R"
 339+ 81C7             >len_NFA         defl    $ - temp_NFA
 339+ 81C7             >                org     $ - len_NFA         // rewind to temp_NFA and re-do NFA part
 339+ 81C4             >
 339+ 81C4 83          >                db      len_NFA | END_BIT | is_normal  // The start of NFA must have msb set to signal the beginning of the sounted string
 339+ 81C5 44 2E 52    >                db      "D.R"               // name string in 7-bit ascii, but
 339+ 81C8             >                org     $-1                 // alter last byte of Name just above to set
 339+ 81C7 D2          >                db      {b $} | END_BIT     // msb as name end
 339+ 81C8             >
 339+ 81C8 AE 81       >                dw      last_NFA            // Link to previous definition Name
 339+ 81CA             >D_DOT_R:          if Enter_Ptr != 0 ; ok        // This is the start address of the direct jp(hl)
 339+ 81CA CD CE 6B    >                call    Enter_Ptr ; ok        // for primitive definitions  actual code
 339+ 81CD             >
 339+ 81CD             >
 339+ 81CD             >                endif           ; ok        // for other definitions it "points" the correct handler
 339+ 81CD             >                // Use of "; ok" to suppress "warning[fwdref]"
 339+ 81CD             >
 339+ 81CD             >last_NFA        defl    temp_NFA            // keep track of NFA saved above
 340+ 81CD F8 68                        dw      TO_R
 341+ 81CF FC 69 54 7A                  dw      TUCK, DABS
 342+ 81D3 3A 81 B3 81                  dw      BEGIN_DASH, DASHES, ROT, SIGN, DASH_END
 342+ 81D7 20 6A 62 81
 342+ 81DB 4A 81
 343+ 81DD 06 69                        dw      R_TO
 344+ 81DF DA 69 A3 6E                  dw      OVER, SUBTRACT, SPACES, TYPE
 344+ 81E3 20 81 32 72
 345+ 81E7 EB 68                        dw      EXIT
 346+ 81E9
 347+ 81E9              //  ______________________________________________________________________
 348+ 81E9              //
 349+ 81E9              // .r           n1 n2 --
 350+ 81E9                              Colon_Def DOT_R, ".R", is_normal
 350+ 81E9             >                New_Def  DOT_R, ".R", Enter_Ptr, is_normal ; ok
 350+ 81E9             >temp_NFA        defl    $                   // save this NFA address to temp_NFA
 350+ 81E9             >
 350+ 81E9             >                // dummy db directives used to calculate length of namec
 350+ 81E9 2E 52       >                db      ".R"
 350+ 81EB             >len_NFA         defl    $ - temp_NFA
 350+ 81EB             >                org     $ - len_NFA         // rewind to temp_NFA and re-do NFA part
 350+ 81E9             >
 350+ 81E9 82          >                db      len_NFA | END_BIT | is_normal  // The start of NFA must have msb set to signal the beginning of the sounted string
 350+ 81EA 2E 52       >                db      ".R"               // name string in 7-bit ascii, but
 350+ 81EC             >                org     $-1                 // alter last byte of Name just above to set
 350+ 81EB D2          >                db      {b $} | END_BIT     // msb as name end
 350+ 81EC             >
 350+ 81EC C4 81       >                dw      last_NFA            // Link to previous definition Name
 350+ 81EE             >DOT_R:          if Enter_Ptr != 0 ; ok        // This is the start address of the direct jp(hl)
 350+ 81EE CD CE 6B    >                call    Enter_Ptr ; ok        // for primitive definitions  actual code
 350+ 81F1             >
 350+ 81F1             >
 350+ 81F1             >                endif           ; ok        // for other definitions it "points" the correct handler
 350+ 81F1             >                // Use of "; ok" to suppress "warning[fwdref]"
 350+ 81F1             >
 350+ 81F1             >last_NFA        defl    temp_NFA            // keep track of NFA saved above
 351+ 81F1 F8 68                        dw      TO_R
 352+ 81F3 96 6E 06 69                  dw      S_TO_D, R_TO
 353+ 81F7 CA 81                        dw      D_DOT_R
 354+ 81F9 EB 68                        dw      EXIT
 355+ 81FB
 356+ 81FB              //  ______________________________________________________________________
 357+ 81FB              //
 358+ 81FB              // d.           d --
 359+ 81FB                              Colon_Def D_DOT, "D.", is_normal
 359+ 81FB             >                New_Def  D_DOT, "D.", Enter_Ptr, is_normal ; ok
 359+ 81FB             >temp_NFA        defl    $                   // save this NFA address to temp_NFA
 359+ 81FB             >
 359+ 81FB             >                // dummy db directives used to calculate length of namec
 359+ 81FB 44 2E       >                db      "D."
 359+ 81FD             >len_NFA         defl    $ - temp_NFA
 359+ 81FD             >                org     $ - len_NFA         // rewind to temp_NFA and re-do NFA part
 359+ 81FB             >
 359+ 81FB 82          >                db      len_NFA | END_BIT | is_normal  // The start of NFA must have msb set to signal the beginning of the sounted string
 359+ 81FC 44 2E       >                db      "D."               // name string in 7-bit ascii, but
 359+ 81FE             >                org     $-1                 // alter last byte of Name just above to set
 359+ 81FD AE          >                db      {b $} | END_BIT     // msb as name end
 359+ 81FE             >
 359+ 81FE E9 81       >                dw      last_NFA            // Link to previous definition Name
 359+ 8200             >D_DOT:          if Enter_Ptr != 0 ; ok        // This is the start address of the direct jp(hl)
 359+ 8200 CD CE 6B    >                call    Enter_Ptr ; ok        // for primitive definitions  actual code
 359+ 8203             >
 359+ 8203             >
 359+ 8203             >                endif           ; ok        // for other definitions it "points" the correct handler
 359+ 8203             >                // Use of "; ok" to suppress "warning[fwdref]"
 359+ 8203             >
 359+ 8203             >last_NFA        defl    temp_NFA            // keep track of NFA saved above
 360+ 8203 46 6C CA 81                  dw      ZERO, D_DOT_R, SPACE
 360+ 8207 53 6F
 361+ 8209 EB 68                        dw      EXIT
 362+ 820B
 363+ 820B              //  ______________________________________________________________________
 364+ 820B              //
 365+ 820B              // .            n --
 366+ 820B                              Colon_Def DOT, ".", is_normal
 366+ 820B             >                New_Def  DOT, ".", Enter_Ptr, is_normal ; ok
 366+ 820B             >temp_NFA        defl    $                   // save this NFA address to temp_NFA
 366+ 820B             >
 366+ 820B             >                // dummy db directives used to calculate length of namec
 366+ 820B 2E          >                db      "."
 366+ 820C             >len_NFA         defl    $ - temp_NFA
 366+ 820C             >                org     $ - len_NFA         // rewind to temp_NFA and re-do NFA part
 366+ 820B             >
 366+ 820B 81          >                db      len_NFA | END_BIT | is_normal  // The start of NFA must have msb set to signal the beginning of the sounted string
 366+ 820C 2E          >                db      "."               // name string in 7-bit ascii, but
 366+ 820D             >                org     $-1                 // alter last byte of Name just above to set
 366+ 820C AE          >                db      {b $} | END_BIT     // msb as name end
 366+ 820D             >
 366+ 820D FB 81       >                dw      last_NFA            // Link to previous definition Name
 366+ 820F             >DOT:          if Enter_Ptr != 0 ; ok        // This is the start address of the direct jp(hl)
 366+ 820F CD CE 6B    >                call    Enter_Ptr ; ok        // for primitive definitions  actual code
 366+ 8212             >
 366+ 8212             >
 366+ 8212             >                endif           ; ok        // for other definitions it "points" the correct handler
 366+ 8212             >                // Use of "; ok" to suppress "warning[fwdref]"
 366+ 8212             >
 366+ 8212             >last_NFA        defl    temp_NFA            // keep track of NFA saved above
 367+ 8212 96 6E 00 82                  dw      S_TO_D, D_DOT
 368+ 8216 EB 68                        dw      EXIT
 369+ 8218
 370+ 8218              //  ______________________________________________________________________
 371+ 8218              //
 372+ 8218              // ?            n --
 373+ 8218                              Colon_Def QUESTION, "?", is_normal
 373+ 8218             >                New_Def  QUESTION, "?", Enter_Ptr, is_normal ; ok
 373+ 8218             >temp_NFA        defl    $                   // save this NFA address to temp_NFA
 373+ 8218             >
 373+ 8218             >                // dummy db directives used to calculate length of namec
 373+ 8218 3F          >                db      "?"
 373+ 8219             >len_NFA         defl    $ - temp_NFA
 373+ 8219             >                org     $ - len_NFA         // rewind to temp_NFA and re-do NFA part
 373+ 8218             >
 373+ 8218 81          >                db      len_NFA | END_BIT | is_normal  // The start of NFA must have msb set to signal the beginning of the sounted string
 373+ 8219 3F          >                db      "?"               // name string in 7-bit ascii, but
 373+ 821A             >                org     $-1                 // alter last byte of Name just above to set
 373+ 8219 BF          >                db      {b $} | END_BIT     // msb as name end
 373+ 821A             >
 373+ 821A 0B 82       >                dw      last_NFA            // Link to previous definition Name
 373+ 821C             >QUESTION:          if Enter_Ptr != 0 ; ok        // This is the start address of the direct jp(hl)
 373+ 821C CD CE 6B    >                call    Enter_Ptr ; ok        // for primitive definitions  actual code
 373+ 821F             >
 373+ 821F             >
 373+ 821F             >                endif           ; ok        // for other definitions it "points" the correct handler
 373+ 821F             >                // Use of "; ok" to suppress "warning[fwdref]"
 373+ 821F             >
 373+ 821F             >last_NFA        defl    temp_NFA            // keep track of NFA saved above
 374+ 821F EF 6A 0F 82                  dw      FETCH, DOT
 375+ 8223 EB 68                        dw      EXIT
 376+ 8225
 377+ 8225              //  ______________________________________________________________________
 378+ 8225              //
 379+ 8225              // u.           u --
 380+ 8225                              Colon_Def U_DOT, "U.", is_normal
 380+ 8225             >                New_Def  U_DOT, "U.", Enter_Ptr, is_normal ; ok
 380+ 8225             >temp_NFA        defl    $                   // save this NFA address to temp_NFA
 380+ 8225             >
 380+ 8225             >                // dummy db directives used to calculate length of namec
 380+ 8225 55 2E       >                db      "U."
 380+ 8227             >len_NFA         defl    $ - temp_NFA
 380+ 8227             >                org     $ - len_NFA         // rewind to temp_NFA and re-do NFA part
 380+ 8225             >
 380+ 8225 82          >                db      len_NFA | END_BIT | is_normal  // The start of NFA must have msb set to signal the beginning of the sounted string
 380+ 8226 55 2E       >                db      "U."               // name string in 7-bit ascii, but
 380+ 8228             >                org     $-1                 // alter last byte of Name just above to set
 380+ 8227 AE          >                db      {b $} | END_BIT     // msb as name end
 380+ 8228             >
 380+ 8228 18 82       >                dw      last_NFA            // Link to previous definition Name
 380+ 822A             >U_DOT:          if Enter_Ptr != 0 ; ok        // This is the start address of the direct jp(hl)
 380+ 822A CD CE 6B    >                call    Enter_Ptr ; ok        // for primitive definitions  actual code
 380+ 822D             >
 380+ 822D             >
 380+ 822D             >                endif           ; ok        // for other definitions it "points" the correct handler
 380+ 822D             >                // Use of "; ok" to suppress "warning[fwdref]"
 380+ 822D             >
 380+ 822D             >last_NFA        defl    temp_NFA            // keep track of NFA saved above
 381+ 822D 46 6C 00 82                  dw      ZERO, D_DOT
 382+ 8231 EB 68                        dw      EXIT
 383+ 8233
 384+ 8233              //  ______________________________________________________________________
 385+ 8233              //
 386+ 8233              // words        --
 387+ 8233                              Colon_Def WORDS, "WORDS", is_normal
 387+ 8233             >                New_Def  WORDS, "WORDS", Enter_Ptr, is_normal ; ok
 387+ 8233             >temp_NFA        defl    $                   // save this NFA address to temp_NFA
 387+ 8233             >
 387+ 8233             >                // dummy db directives used to calculate length of namec
 387+ 8233 57 4F 52 44 >                db      "WORDS"
 387+ 8237 53          >
 387+ 8238             >len_NFA         defl    $ - temp_NFA
 387+ 8238             >                org     $ - len_NFA         // rewind to temp_NFA and re-do NFA part
 387+ 8233             >
 387+ 8233 85          >                db      len_NFA | END_BIT | is_normal  // The start of NFA must have msb set to signal the beginning of the sounted string
 387+ 8234 57 4F 52 44 >                db      "WORDS"               // name string in 7-bit ascii, but
 387+ 8238 53          >
 387+ 8239             >                org     $-1                 // alter last byte of Name just above to set
 387+ 8238 D3          >                db      {b $} | END_BIT     // msb as name end
 387+ 8239             >
 387+ 8239 25 82       >                dw      last_NFA            // Link to previous definition Name
 387+ 823B             >WORDS:          if Enter_Ptr != 0 ; ok        // This is the start address of the direct jp(hl)
 387+ 823B CD CE 6B    >                call    Enter_Ptr ; ok        // for primitive definitions  actual code
 387+ 823E             >
 387+ 823E             >
 387+ 823E             >                endif           ; ok        // for other definitions it "points" the correct handler
 387+ 823E             >                // Use of "; ok" to suppress "warning[fwdref]"
 387+ 823E             >
 387+ 823E             >last_NFA        defl    temp_NFA            // keep track of NFA saved above
 388+ 823E 3F 64 80 00                  dw      LIT, 128, OUT, STORE
 388+ 8242 70 6D FB 6A
 389+ 8246 95 6D EF 6A                  dw      CONTEXT, FETCH, FETCH
 389+ 824A EF 6A
 390+ 824C              Words_Begin:
 391+ 824C 15 6A 09 6B                  dw          DUP, CFETCH, LIT, $1F, AND_OP
 391+ 8250 3F 64 1F 00
 391+ 8254 8F 68
 392+ 8256 70 6D EF 6A                  dw          OUT, FETCH, PLUS
 392+ 825A 51 69
 393+ 825C 80 6C CF 6E                  dw          CL, LESS, ZEQUAL
 393+ 8260 1C 69
 394+ 8262 B5 64                        dw          ZBRANCH
 395+ 8264 0A 00                        dw          Words_Endif - $
 396+ 8266 92 66 46 6C                  dw              CR, ZERO, OUT, STORE
 396+ 826A 70 6D FB 6A
 397+ 826E              Words_Endif:
 398+ 826E 15 6A D3 76                  dw          DUP, ID_DOT
 399+ 8272 D1 6F 9C 6F                  dw          PFA, LFA, FETCH
 399+ 8276 EF 6A
 400+ 8278 15 6A 1C 69                  dw          DUP, ZEQUAL
 401+ 827C A4 67 A1 68                  dw          QTERMINAL, OR_OP
 402+ 8280 B5 64                        dw      ZBRANCH
 403+ 8282 CA FF                        dw      Words_Begin - $
 404+ 8284 E8 69                        dw      DROP
 405+ 8286 EB 68                        dw      EXIT
 406+ 8288
 407+ 8288              //  ______________________________________________________________________
 408+ 8288              //
 409+ 8288              // list         n --
 410+ 8288                              Colon_Def LIST, "LIST", is_normal
 410+ 8288             >                New_Def  LIST, "LIST", Enter_Ptr, is_normal ; ok
 410+ 8288             >temp_NFA        defl    $                   // save this NFA address to temp_NFA
 410+ 8288             >
 410+ 8288             >                // dummy db directives used to calculate length of namec
 410+ 8288 4C 49 53 54 >                db      "LIST"
 410+ 828C             >len_NFA         defl    $ - temp_NFA
 410+ 828C             >                org     $ - len_NFA         // rewind to temp_NFA and re-do NFA part
 410+ 8288             >
 410+ 8288 84          >                db      len_NFA | END_BIT | is_normal  // The start of NFA must have msb set to signal the beginning of the sounted string
 410+ 8289 4C 49 53 54 >                db      "LIST"               // name string in 7-bit ascii, but
 410+ 828D             >                org     $-1                 // alter last byte of Name just above to set
 410+ 828C D4          >                db      {b $} | END_BIT     // msb as name end
 410+ 828D             >
 410+ 828D 33 82       >                dw      last_NFA            // Link to previous definition Name
 410+ 828F             >LIST:          if Enter_Ptr != 0 ; ok        // This is the start address of the direct jp(hl)
 410+ 828F CD CE 6B    >                call    Enter_Ptr ; ok        // for primitive definitions  actual code
 410+ 8292             >
 410+ 8292             >
 410+ 8292             >                endif           ; ok        // for other definitions it "points" the correct handler
 410+ 8292             >                // Use of "; ok" to suppress "warning[fwdref]"
 410+ 8292             >
 410+ 8292             >last_NFA        defl    temp_NFA            // keep track of NFA saved above
 411+ 8292 47 71 92 66                  dw      DECIMAL, CR
 412+ 8296 15 6A 7A 6D                  dw      DUP, SCR, STORE
 412+ 829A FB 6A
 413+ 829C 0A 74                        dw      C_DOT_QUOTE
 414+ 829E 05 53 63 72                  db      5, "Scr# "
 414+ 82A2 23 20
 415+ 82A4 0F 82                        dw      DOT
 416+ 82A6 A7 6C 46 6C                  dw      LSCR, ZERO, C_DO
 416+ 82AA 02 65
 417+ 82AC              List_Loop:
 418+ 82AC 92 66                        dw          CR
 419+ 82AE 0A 65 61 6C                  dw          I, THREE
 420+ 82B2 EE 81 53 6F                  dw          DOT_R, SPACE
 421+ 82B6 0A 65 7A 6D                  dw          I, SCR, FETCH, DOT_LINE
 421+ 82BA EF 6A 8C 7B
 422+ 82BE A4 67                        dw          QTERMINAL
 423+ 82C0 B5 64                        dw          ZBRANCH
 424+ 82C2 06 00                        dw          List_Endif - $
 425+ 82C4 C6 64                        dw              C_LEAVE
 426+ 82C6 06 00                        dw              List_Leave - $
 427+ 82C8              List_Endif:
 428+ 82C8 9A 64                        dw      C_LOOP
 429+ 82CA E2 FF                        dw      List_Loop - $
 430+ 82CC              List_Leave:
 431+ 82CC 92 66                        dw      CR
 432+ 82CE EB 68                        dw      EXIT
 433+ 82D0
 434+ 82D0              //  ______________________________________________________________________
 435+ 82D0              //
 436+ 82D0              // index        n1 n2 --
 437+ 82D0                              Colon_Def INDEX, "INDEX", is_normal
 437+ 82D0             >                New_Def  INDEX, "INDEX", Enter_Ptr, is_normal ; ok
 437+ 82D0             >temp_NFA        defl    $                   // save this NFA address to temp_NFA
 437+ 82D0             >
 437+ 82D0             >                // dummy db directives used to calculate length of namec
 437+ 82D0 49 4E 44 45 >                db      "INDEX"
 437+ 82D4 58          >
 437+ 82D5             >len_NFA         defl    $ - temp_NFA
 437+ 82D5             >                org     $ - len_NFA         // rewind to temp_NFA and re-do NFA part
 437+ 82D0             >
 437+ 82D0 85          >                db      len_NFA | END_BIT | is_normal  // The start of NFA must have msb set to signal the beginning of the sounted string
 437+ 82D1 49 4E 44 45 >                db      "INDEX"               // name string in 7-bit ascii, but
 437+ 82D5 58          >
 437+ 82D6             >                org     $-1                 // alter last byte of Name just above to set
 437+ 82D5 D8          >                db      {b $} | END_BIT     // msb as name end
 437+ 82D6             >
 437+ 82D6 88 82       >                dw      last_NFA            // Link to previous definition Name
 437+ 82D8             >INDEX:          if Enter_Ptr != 0 ; ok        // This is the start address of the direct jp(hl)
 437+ 82D8 CD CE 6B    >                call    Enter_Ptr ; ok        // for primitive definitions  actual code
 437+ 82DB             >
 437+ 82DB             >
 437+ 82DB             >                endif           ; ok        // for other definitions it "points" the correct handler
 437+ 82DB             >                // Use of "; ok" to suppress "warning[fwdref]"
 437+ 82DB             >
 437+ 82DB             >last_NFA        defl    temp_NFA            // keep track of NFA saved above
 438+ 82DB 70 69 0A 6A                  dw      ONE_PLUS, SWAP, C_DO
 438+ 82DF 02 65
 439+ 82E1              Index_Loop:
 440+ 82E1 92 66 0A 65                  dw          CR, I, THREE
 440+ 82E5 61 6C
 441+ 82E7 EE 81 53 6F                  dw          DOT_R, SPACE
 442+ 82EB 46 6C 0A 65                  dw          ZERO, I, DOT_LINE
 442+ 82EF 8C 7B
 443+ 82F1 A4 67                        dw          QTERMINAL
 444+ 82F3 B5 64                        dw          ZBRANCH
 445+ 82F5 06 00                        dw          Index_Endif - $
 446+ 82F7 C6 64                        dw              C_LEAVE
 447+ 82F9 06 00                        dw              Index_Leave - $
 448+ 82FB              Index_Endif:
 449+ 82FB 9A 64                        dw      C_LOOP
 450+ 82FD E4 FF                        dw      Index_Loop - $
 451+ 82FF              Index_Leave:
 452+ 82FF 92 66                        dw      CR
 453+ 8301 EB 68                        dw      EXIT
 454+ 8303
 455+ 8303              //  ______________________________________________________________________
 456+ 8303              //
 457+ 8303              // cls          --
 458+ 8303                              New_Def CLS, "CLS", is_code, is_normal
 458+ 8303             >temp_NFA        defl    $                   // save this NFA address to temp_NFA
 458+ 8303             >
 458+ 8303             >                // dummy db directives used to calculate length of namec
 458+ 8303 43 4C 53    >                db      "CLS"
 458+ 8306             >len_NFA         defl    $ - temp_NFA
 458+ 8306             >                org     $ - len_NFA         // rewind to temp_NFA and re-do NFA part
 458+ 8303             >
 458+ 8303 83          >                db      len_NFA | END_BIT | is_normal  // The start of NFA must have msb set to signal the beginning of the sounted string
 458+ 8304 43 4C 53    >                db      "CLS"               // name string in 7-bit ascii, but
 458+ 8307             >                org     $-1                 // alter last byte of Name just above to set
 458+ 8306 D3          >                db      {b $} | END_BIT     // msb as name end
 458+ 8307             >
 458+ 8307 D0 82       >                dw      last_NFA            // Link to previous definition Name
 458+ 8309             >CLS:          if is_code != 0 ; ok        // This is the start address of the direct jp(hl)
 458+ 8309 ~           >                call    runcode ; ok        // for primitive definitions  actual code
 458+ 8309 ~           >
 458+ 8309 ~           >
 458+ 8309             >                endif           ; ok        // for other definitions it "points" the correct handler
 458+ 8309             >                // Use of "; ok" to suppress "warning[fwdref]"
 458+ 8309             >
 458+ 8309             >last_NFA        defl    temp_NFA            // keep track of NFA saved above
 459+ 8309              //              push    bc
 460+ 8309              //              push    de
 461+ 8309              //              push    ix
 462+ 8309 D9                           exx
 463+ 830A CD AF 0D                     call    $0DAF
 464+ 830D D9                           exx
 465+ 830E              //              pop     ix
 466+ 830E              //              pop     de
 467+ 830E              //              pop     bc
 468+ 830E                              next
 468+ 830E DD E9       >                jp      (ix)
 469+ 8310
 470+ 8310
 471+ 8310              //  ______________________________________________________________________
 472+ 8310              //
 473+ 8310              // splash       --
 474+ 8310                              Colon_Def SPLASH, "SPLASH", is_normal
 474+ 8310             >                New_Def  SPLASH, "SPLASH", Enter_Ptr, is_normal ; ok
 474+ 8310             >temp_NFA        defl    $                   // save this NFA address to temp_NFA
 474+ 8310             >
 474+ 8310             >                // dummy db directives used to calculate length of namec
 474+ 8310 53 50 4C 41 >                db      "SPLASH"
 474+ 8314 53 48       >
 474+ 8316             >len_NFA         defl    $ - temp_NFA
 474+ 8316             >                org     $ - len_NFA         // rewind to temp_NFA and re-do NFA part
 474+ 8310             >
 474+ 8310 86          >                db      len_NFA | END_BIT | is_normal  // The start of NFA must have msb set to signal the beginning of the sounted string
 474+ 8311 53 50 4C 41 >                db      "SPLASH"               // name string in 7-bit ascii, but
 474+ 8315 53 48       >
 474+ 8317             >                org     $-1                 // alter last byte of Name just above to set
 474+ 8316 C8          >                db      {b $} | END_BIT     // msb as name end
 474+ 8317             >
 474+ 8317 03 83       >                dw      last_NFA            // Link to previous definition Name
 474+ 8319             >SPLASH:          if Enter_Ptr != 0 ; ok        // This is the start address of the direct jp(hl)
 474+ 8319 CD CE 6B    >                call    Enter_Ptr ; ok        // for primitive definitions  actual code
 474+ 831C             >
 474+ 831C             >
 474+ 831C             >                endif           ; ok        // for other definitions it "points" the correct handler
 474+ 831C             >                // Use of "; ok" to suppress "warning[fwdref]"
 474+ 831C             >
 474+ 831C             >last_NFA        defl    temp_NFA            // keep track of NFA saved above
 475+ 831C 09 83                        dw      CLS
 476+ 831E 0A 74                        dw      C_DOT_QUOTE
 477+ 8320 44                           db      68
 478+ 8321 76 2D 46 6F                  db      "v-Forth 1.6 MDR/MGT version", 13
 478+ 8325 72 74 68 20
 478+ 8329 31 2E 36 20
 478+ 832D 4D 44 52 2F
 478+ 8331 4D 47 54 20
 478+ 8335 76 65 72 73
 478+ 8339 69 6F 6E 0D
 479+ 833D 62 75 69 6C                  db      "build 20260101", 13
 479+ 8341 64 20 32 30
 479+ 8345 32 36 30 31
 479+ 8349 30 31 0D
 480+ 834C 31 39 39 30                  db      "1990-2026 Matteo Vitturi", 13
 480+ 8350 2D 32 30 32
 480+ 8354 36 20 4D 61
 480+ 8358 74 74 65 6F
 480+ 835C 20 56 69 74
 480+ 8360 74 75 72 69
 480+ 8364 0D
 481+ 8365 EB 68                        dw      EXIT
 482+ 8367
 483+ 8367              //  ______________________________________________________________________
 484+ 8367              //
 485+ 8367              // video        --
 486+ 8367                              Colon_Def VIDEO, "VIDEO", is_normal
 486+ 8367             >                New_Def  VIDEO, "VIDEO", Enter_Ptr, is_normal ; ok
 486+ 8367             >temp_NFA        defl    $                   // save this NFA address to temp_NFA
 486+ 8367             >
 486+ 8367             >                // dummy db directives used to calculate length of namec
 486+ 8367 56 49 44 45 >                db      "VIDEO"
 486+ 836B 4F          >
 486+ 836C             >len_NFA         defl    $ - temp_NFA
 486+ 836C             >                org     $ - len_NFA         // rewind to temp_NFA and re-do NFA part
 486+ 8367             >
 486+ 8367 85          >                db      len_NFA | END_BIT | is_normal  // The start of NFA must have msb set to signal the beginning of the sounted string
 486+ 8368 56 49 44 45 >                db      "VIDEO"               // name string in 7-bit ascii, but
 486+ 836C 4F          >
 486+ 836D             >                org     $-1                 // alter last byte of Name just above to set
 486+ 836C CF          >                db      {b $} | END_BIT     // msb as name end
 486+ 836D             >
 486+ 836D 10 83       >                dw      last_NFA            // Link to previous definition Name
 486+ 836F             >VIDEO:          if Enter_Ptr != 0 ; ok        // This is the start address of the direct jp(hl)
 486+ 836F CD CE 6B    >                call    Enter_Ptr ; ok        // for primitive definitions  actual code
 486+ 8372             >
 486+ 8372             >
 486+ 8372             >                endif           ; ok        // for other definitions it "points" the correct handler
 486+ 8372             >                // Use of "; ok" to suppress "warning[fwdref]"
 486+ 8372             >
 486+ 8372             >last_NFA        defl    temp_NFA            // keep track of NFA saved above
 487+ 8372 58 6C 15 6A                  dw      TWO, DUP, DEVICE, STORE
 487+ 8376 D0 7B FB 6A
 488+ 837A E3 67                        dw      SELECT
 489+ 837C EB 68                        dw      EXIT
 490+ 837E
 491+ 837E              //  ______________________________________________________________________
 492+ 837E              //
 493+ 837E              // accept-      a n1 -- n2
 494+ 837E                              Colon_Def ACCEPT_N, "ACCEPT-", is_normal
 494+ 837E             >                New_Def  ACCEPT_N, "ACCEPT-", Enter_Ptr, is_normal ; ok
 494+ 837E             >temp_NFA        defl    $                   // save this NFA address to temp_NFA
 494+ 837E             >
 494+ 837E             >                // dummy db directives used to calculate length of namec
 494+ 837E 41 43 43 45 >                db      "ACCEPT-"
 494+ 8382 50 54 2D    >
 494+ 8385             >len_NFA         defl    $ - temp_NFA
 494+ 8385             >                org     $ - len_NFA         // rewind to temp_NFA and re-do NFA part
 494+ 837E             >
 494+ 837E 87          >                db      len_NFA | END_BIT | is_normal  // The start of NFA must have msb set to signal the beginning of the sounted string
 494+ 837F 41 43 43 45 >                db      "ACCEPT-"               // name string in 7-bit ascii, but
 494+ 8383 50 54 2D    >
 494+ 8386             >                org     $-1                 // alter last byte of Name just above to set
 494+ 8385 AD          >                db      {b $} | END_BIT     // msb as name end
 494+ 8386             >
 494+ 8386 67 83       >                dw      last_NFA            // Link to previous definition Name
 494+ 8388             >ACCEPT_N:          if Enter_Ptr != 0 ; ok        // This is the start address of the direct jp(hl)
 494+ 8388 CD CE 6B    >                call    Enter_Ptr ; ok        // for primitive definitions  actual code
 494+ 838B             >
 494+ 838B             >
 494+ 838B             >                endif           ; ok        // for other definitions it "points" the correct handler
 494+ 838B             >                // Use of "; ok" to suppress "warning[fwdref]"
 494+ 838B             >
 494+ 838B             >last_NFA        defl    temp_NFA            // keep track of NFA saved above
 495+ 838B F8 68                        dw      TO_R
 496+ 838D 46 6C                        dw      ZERO
 497+ 838F 0A 6A                        dw      SWAP
 498+ 8391 15 6A                        dw      DUP
 499+ 8393 06 69                        dw      R_TO
 500+ 8395 51 69                        dw      PLUS
 501+ 8397 0A 6A                        dw      SWAP
 502+ 8399 02 65                        dw      C_DO
 503+ 839B              AcceptN_Loop:
 504+ 839B              //              dw          MMU7_FETCH
 505+ 839B BE 67                        dw          INKEY
 506+ 839D              //              dw          SWAP, MMU7_STORE
 507+ 839D 15 6A 1C 69                  dw          DUP, ZEQUAL
 508+ 83A1 B5 64                        dw          ZBRANCH
 509+ 83A3 06 00                        dw          AcceptN_Endif_1 - $
 510+ 83A5              //              dw              VIDEO, QUIT
 511+ 83A5 C6 64                        dw                  C_LEAVE     //              leave
 512+ 83A7 3A 00                        dw                  AcceptN_Leave - $
 513+ 83A9
 514+ 83A9              AcceptN_Endif_1:
 515+ 83A9 15 6A 3F 64                  dw          DUP, LIT, 13, EQUALS
 515+ 83AD 0D 00 B1 6E
 516+ 83B1 B5 64                        dw          ZBRANCH
 517+ 83B3 06 00                        dw          AcceptN_Endif_2 - $
 518+ 83B5 E8 69 46 6C                  dw              DROP, ZERO
 519+ 83B9              AcceptN_Endif_2:
 520+ 83B9 15 6A 3F 64                  dw          DUP, LIT, 10, EQUALS
 520+ 83BD 0A 00 B1 6E
 521+ 83C1 B5 64                        dw          ZBRANCH
 522+ 83C3 06 00                        dw          AcceptN_Endif_3 - $
 523+ 83C5 E8 69 46 6C                  dw              DROP, ZERO
 524+ 83C9              AcceptN_Endif_3:
 525+ 83C9 0A 65 15 6B                  dw          I, CSTORE, ONE_PLUS
 525+ 83CD 70 69
 526+ 83CF
 527+ 83CF 0A 65 09 6B                  dw          I, CFETCH, ZEQUAL   //      i 0= if
 527+ 83D3 1C 69
 528+ 83D5 B5 64                        dw          ZBRANCH
 529+ 83D7 06 00                        dw              AcceptN_Endif_4 - $
 530+ 83D9 C6 64                        dw                  C_LEAVE     //              leave
 531+ 83DB 06 00                        dw                  AcceptN_Leave - $
 532+ 83DD              AcceptN_Endif_4:                                 //      endif
 533+ 83DD
 534+ 83DD 9A 64                        dw      C_LOOP
 535+ 83DF BC FF                        dw      AcceptN_Loop -$
 536+ 83E1              AcceptN_Leave:
 537+ 83E1 EB 68                        dw      EXIT
 538+ 83E3
 539+ 83E3              //  ______________________________________________________________________
 540+ 83E3              //
 541+ 83E3              // load-        n --
 542+ 83E3              // Provided that a stream n is OPEN# via the standart BASIC
 543+ 83E3              // it accepts text from stream #n to the normal INTERPRET
 544+ 83E3              // up to now, text-file must end with QUIT
 545+ 83E3                              Colon_Def LOAD_N, "LOAD-", is_normal
 545+ 83E3             >                New_Def  LOAD_N, "LOAD-", Enter_Ptr, is_normal ; ok
 545+ 83E3             >temp_NFA        defl    $                   // save this NFA address to temp_NFA
 545+ 83E3             >
 545+ 83E3             >                // dummy db directives used to calculate length of namec
 545+ 83E3 4C 4F 41 44 >                db      "LOAD-"
 545+ 83E7 2D          >
 545+ 83E8             >len_NFA         defl    $ - temp_NFA
 545+ 83E8             >                org     $ - len_NFA         // rewind to temp_NFA and re-do NFA part
 545+ 83E3             >
 545+ 83E3 85          >                db      len_NFA | END_BIT | is_normal  // The start of NFA must have msb set to signal the beginning of the sounted string
 545+ 83E4 4C 4F 41 44 >                db      "LOAD-"               // name string in 7-bit ascii, but
 545+ 83E8 2D          >
 545+ 83E9             >                org     $-1                 // alter last byte of Name just above to set
 545+ 83E8 AD          >                db      {b $} | END_BIT     // msb as name end
 545+ 83E9             >
 545+ 83E9 7E 83       >                dw      last_NFA            // Link to previous definition Name
 545+ 83EB             >LOAD_N:          if Enter_Ptr != 0 ; ok        // This is the start address of the direct jp(hl)
 545+ 83EB CD CE 6B    >                call    Enter_Ptr ; ok        // for primitive definitions  actual code
 545+ 83EE             >
 545+ 83EE             >
 545+ 83EE             >                endif           ; ok        // for other definitions it "points" the correct handler
 545+ 83EE             >                // Use of "; ok" to suppress "warning[fwdref]"
 545+ 83EE             >
 545+ 83EE             >last_NFA        defl    temp_NFA            // keep track of NFA saved above
 546+ 83EE 26 6E FB 6A                  dw      SOURCE_ID, STORE
 547+ 83F2              Load_N_Begin:
 548+ 83F2 E6 6C EF 6A                  dw          TIB, FETCH
 549+ 83F6 15 6A 3F 64                  dw          DUP, LIT, 80
 549+ 83FA 50 00
 550+ 83FC A5 6A 7F 73                  dw          TWO_DUP, BLANK
 551+ 8400 26 6E EF 6A                  dw          SOURCE_ID, FETCH
 552+ 8404 44 7A 15 6A                  dw          ABS_OP, DUP, DEVICE, STORE
 552+ 8408 D0 7B FB 6A
 553+ 840C E3 67                        dw          SELECT
 554+ 840E 88 83                        dw          ACCEPT_N
 555+ 8410 6F 83                        dw          VIDEO
 556+ 8412 87 6A                        dw          TWO_DROP
 557+ 8414 46 6C 5C 6D                  dw          ZERO, BLK, STORE
 557+ 8418 FB 6A
 558+ 841A 46 6C 66 6D                  dw          ZERO, TO_IN, STORE
 558+ 841E FB 6A
 559+ 8420 5D 78                        dw          INTERPRET
 560+ 8422 A4 67                        dw          QTERMINAL
 561+ 8424 B5 64                        dw      ZBRANCH
 562+ 8426 CC FF                        dw      Load_N_Begin - $
 563+ 8428 EB 68                        dw      EXIT
 564+ 842A
 565+ 842A              //  ______________________________________________________________________
 566+ 842A              //
 567+ 842A              // load         n --
 568+ 842A              // if n is positive, it loads screen #n (as usual)
 569+ 842A              // if n is negative, it connects stream #n to the normal INTERPRET
 570+ 842A              // this second way is useful if you want to load any kind of file
 571+ 842A              // provied that it is OPEN# the usual BASIC way.
 572+ 842A                              Colon_Def LOAD, "LOAD", is_normal
 572+ 842A             >                New_Def  LOAD, "LOAD", Enter_Ptr, is_normal ; ok
 572+ 842A             >temp_NFA        defl    $                   // save this NFA address to temp_NFA
 572+ 842A             >
 572+ 842A             >                // dummy db directives used to calculate length of namec
 572+ 842A 4C 4F 41 44 >                db      "LOAD"
 572+ 842E             >len_NFA         defl    $ - temp_NFA
 572+ 842E             >                org     $ - len_NFA         // rewind to temp_NFA and re-do NFA part
 572+ 842A             >
 572+ 842A 84          >                db      len_NFA | END_BIT | is_normal  // The start of NFA must have msb set to signal the beginning of the sounted string
 572+ 842B 4C 4F 41 44 >                db      "LOAD"               // name string in 7-bit ascii, but
 572+ 842F             >                org     $-1                 // alter last byte of Name just above to set
 572+ 842E C4          >                db      {b $} | END_BIT     // msb as name end
 572+ 842F             >
 572+ 842F E3 83       >                dw      last_NFA            // Link to previous definition Name
 572+ 8431             >LOAD:          if Enter_Ptr != 0 ; ok        // This is the start address of the direct jp(hl)
 572+ 8431 CD CE 6B    >                call    Enter_Ptr ; ok        // for primitive definitions  actual code
 572+ 8434             >
 572+ 8434             >
 572+ 8434             >                endif           ; ok        // for other definitions it "points" the correct handler
 572+ 8434             >                // Use of "; ok" to suppress "warning[fwdref]"
 572+ 8434             >
 572+ 8434             >last_NFA        defl    temp_NFA            // keep track of NFA saved above
 573+ 8434 15 6A 35 69                  dw      DUP, ZLESS
 574+ 8438 B5 64                        dw      ZBRANCH
 575+ 843A 08 00                        dw      Load_Else - $
 576+ 843C EB 83                        dw          LOAD_N
 577+ 843E A9 64                        dw      BRANCH
 578+ 8440 04 00                        dw      Load_Endif - $
 579+ 8442              Load_Else:
 580+ 8442 10 80                        dw          LOAD_P
 581+ 8444              Load_Endif:
 582+ 8444 EB 68                        dw      EXIT
 583+ 8446
 584+ 8446
 585+ 8446              //  ______________________________________________________________________
 586+ 8446              //
 587+ 8446              // autoexec     --
 588+ 8446              // this word is called the first time the Forth system boot to
 589+ 8446              // load Screen# 1. Once called it patches itself to prevent furhter runs.
 590+ 8446                              Colon_Def AUTOEXEC, "AUTOEXEC", is_normal
 590+ 8446             >                New_Def  AUTOEXEC, "AUTOEXEC", Enter_Ptr, is_normal ; ok
 590+ 8446             >temp_NFA        defl    $                   // save this NFA address to temp_NFA
 590+ 8446             >
 590+ 8446             >                // dummy db directives used to calculate length of namec
 590+ 8446 41 55 54 4F >                db      "AUTOEXEC"
 590+ 844A 45 58 45 43 >
 590+ 844E             >len_NFA         defl    $ - temp_NFA
 590+ 844E             >                org     $ - len_NFA         // rewind to temp_NFA and re-do NFA part
 590+ 8446             >
 590+ 8446 88          >                db      len_NFA | END_BIT | is_normal  // The start of NFA must have msb set to signal the beginning of the sounted string
 590+ 8447 41 55 54 4F >                db      "AUTOEXEC"               // name string in 7-bit ascii, but
 590+ 844B 45 58 45 43 >
 590+ 844F             >                org     $-1                 // alter last byte of Name just above to set
 590+ 844E C3          >                db      {b $} | END_BIT     // msb as name end
 590+ 844F             >
 590+ 844F 2A 84       >                dw      last_NFA            // Link to previous definition Name
 590+ 8451             >AUTOEXEC:          if Enter_Ptr != 0 ; ok        // This is the start address of the direct jp(hl)
 590+ 8451 CD CE 6B    >                call    Enter_Ptr ; ok        // for primitive definitions  actual code
 590+ 8454             >
 590+ 8454             >
 590+ 8454             >                endif           ; ok        // for other definitions it "points" the correct handler
 590+ 8454             >                // Use of "; ok" to suppress "warning[fwdref]"
 590+ 8454             >
 590+ 8454             >last_NFA        defl    temp_NFA            // keep track of NFA saved above
 591+ 8454 3F 64 0B 00                  dw      LIT, 11
 592+ 8458 3F 64 F1 6B                  dw      LIT, NOOP
 593+ 845C 3F 64 79 79                  dw      LIT, Autoexec_Ptr
 594+ 8460 FB 6A                        dw      STORE
 595+ 8462 31 84                        dw      LOAD
 596+ 8464 22 79                        dw      QUIT
 597+ 8466 EB 68                        dw      EXIT
 598+ 8468
 599+ 8468
 600+ 8468              //  ______________________________________________________________________
 601+ 8468              //
 602+ 8468              // bye     --
 603+ 8468              //
 604+ 8468                              Colon_Def BYE, "BYE", is_normal
 604+ 8468             >                New_Def  BYE, "BYE", Enter_Ptr, is_normal ; ok
 604+ 8468             >temp_NFA        defl    $                   // save this NFA address to temp_NFA
 604+ 8468             >
 604+ 8468             >                // dummy db directives used to calculate length of namec
 604+ 8468 42 59 45    >                db      "BYE"
 604+ 846B             >len_NFA         defl    $ - temp_NFA
 604+ 846B             >                org     $ - len_NFA         // rewind to temp_NFA and re-do NFA part
 604+ 8468             >
 604+ 8468 83          >                db      len_NFA | END_BIT | is_normal  // The start of NFA must have msb set to signal the beginning of the sounted string
 604+ 8469 42 59 45    >                db      "BYE"               // name string in 7-bit ascii, but
 604+ 846C             >                org     $-1                 // alter last byte of Name just above to set
 604+ 846B C5          >                db      {b $} | END_BIT     // msb as name end
 604+ 846C             >
 604+ 846C 46 84       >                dw      last_NFA            // Link to previous definition Name
 604+ 846E             >BYE:          if Enter_Ptr != 0 ; ok        // This is the start address of the direct jp(hl)
 604+ 846E CD CE 6B    >                call    Enter_Ptr ; ok        // for primitive definitions  actual code
 604+ 8471             >
 604+ 8471             >
 604+ 8471             >                endif           ; ok        // for other definitions it "points" the correct handler
 604+ 8471             >                // Use of "; ok" to suppress "warning[fwdref]"
 604+ 8471             >
 604+ 8471             >last_NFA        defl    temp_NFA            // keep track of NFA saved above
 605+ 8471 F1 7F                        dw      FLUSH
 606+ 8473 26 7F                        dw      EMPTY_BUFFERS
 607+ 8475              //              dw      BLK_FH, FETCH, F_CLOSE, DROP
 608+ 8475 46 6C B6 6C                  dw      ZERO, PLUS_ORIGIN
 609+ 8479 09 7A                        dw      BASIC
 610+ 847B
 611+ 847B              //  ______________________________________________________________________
 612+ 847B              //
 613+ 847B              // invv     --
 614+ 847B              //
 615+ 847B                              Colon_Def INVV, "INVV", is_normal
 615+ 847B             >                New_Def  INVV, "INVV", Enter_Ptr, is_normal ; ok
 615+ 847B             >temp_NFA        defl    $                   // save this NFA address to temp_NFA
 615+ 847B             >
 615+ 847B             >                // dummy db directives used to calculate length of namec
 615+ 847B 49 4E 56 56 >                db      "INVV"
 615+ 847F             >len_NFA         defl    $ - temp_NFA
 615+ 847F             >                org     $ - len_NFA         // rewind to temp_NFA and re-do NFA part
 615+ 847B             >
 615+ 847B 84          >                db      len_NFA | END_BIT | is_normal  // The start of NFA must have msb set to signal the beginning of the sounted string
 615+ 847C 49 4E 56 56 >                db      "INVV"               // name string in 7-bit ascii, but
 615+ 8480             >                org     $-1                 // alter last byte of Name just above to set
 615+ 847F D6          >                db      {b $} | END_BIT     // msb as name end
 615+ 8480             >
 615+ 8480 68 84       >                dw      last_NFA            // Link to previous definition Name
 615+ 8482             >INVV:          if Enter_Ptr != 0 ; ok        // This is the start address of the direct jp(hl)
 615+ 8482 CD CE 6B    >                call    Enter_Ptr ; ok        // for primitive definitions  actual code
 615+ 8485             >
 615+ 8485             >
 615+ 8485             >                endif           ; ok        // for other definitions it "points" the correct handler
 615+ 8485             >                // Use of "; ok" to suppress "warning[fwdref]"
 615+ 8485             >
 615+ 8485             >last_NFA        defl    temp_NFA            // keep track of NFA saved above
 616+ 8485 3F 64 14 00                  dw      LIT, 20, EMITC, ONE, EMITC
 616+ 8489 7B 66 4F 6C
 616+ 848D 7B 66
 617+ 848F EB 68                        dw      EXIT
 618+ 8491
 619+ 8491              //  ______________________________________________________________________
 620+ 8491              //
 621+ 8491              // truv     --
 622+ 8491              //
 623+ 8491                              Colon_Def TRUV, "TRUV", is_normal
 623+ 8491             >                New_Def  TRUV, "TRUV", Enter_Ptr, is_normal ; ok
 623+ 8491             >temp_NFA        defl    $                   // save this NFA address to temp_NFA
 623+ 8491             >
 623+ 8491             >                // dummy db directives used to calculate length of namec
 623+ 8491 54 52 55 56 >                db      "TRUV"
 623+ 8495             >len_NFA         defl    $ - temp_NFA
 623+ 8495             >                org     $ - len_NFA         // rewind to temp_NFA and re-do NFA part
 623+ 8491             >
 623+ 8491 84          >                db      len_NFA | END_BIT | is_normal  // The start of NFA must have msb set to signal the beginning of the sounted string
 623+ 8492 54 52 55 56 >                db      "TRUV"               // name string in 7-bit ascii, but
 623+ 8496             >                org     $-1                 // alter last byte of Name just above to set
 623+ 8495 D6          >                db      {b $} | END_BIT     // msb as name end
 623+ 8496             >
 623+ 8496 7B 84       >                dw      last_NFA            // Link to previous definition Name
 623+ 8498             >TRUV:          if Enter_Ptr != 0 ; ok        // This is the start address of the direct jp(hl)
 623+ 8498 CD CE 6B    >                call    Enter_Ptr ; ok        // for primitive definitions  actual code
 623+ 849B             >
 623+ 849B             >
 623+ 849B             >                endif           ; ok        // for other definitions it "points" the correct handler
 623+ 849B             >                // Use of "; ok" to suppress "warning[fwdref]"
 623+ 849B             >
 623+ 849B             >last_NFA        defl    temp_NFA            // keep track of NFA saved above
 624+ 849B 3F 64 14 00                  dw      LIT, 20, EMITC, ZERO, EMITC
 624+ 849F 7B 66 46 6C
 624+ 84A3 7B 66
 625+ 84A5 EB 68                        dw      EXIT
 626+ 84A7
 627+ 84A7              //  ______________________________________________________________________
 628+ 84A7              //
 629+ 84A7              // mark     --
 630+ 84A7              //
 631+ 84A7              //              Colon_Def MARK, "MARK", is_normal
 632+ 84A7              //              dw      INVV, TYPE, TRUV
 633+ 84A7              //              dw      EXIT
 634+ 84A7
 635+ 84A7              //  ______________________________________________________________________
 636+ 84A7              //
 637+ 84A7              // back     --
 638+ 84A7              //
 639+ 84A7                              Colon_Def BACK, "BACK", is_normal
 639+ 84A7             >                New_Def  BACK, "BACK", Enter_Ptr, is_normal ; ok
 639+ 84A7             >temp_NFA        defl    $                   // save this NFA address to temp_NFA
 639+ 84A7             >
 639+ 84A7             >                // dummy db directives used to calculate length of namec
 639+ 84A7 42 41 43 4B >                db      "BACK"
 639+ 84AB             >len_NFA         defl    $ - temp_NFA
 639+ 84AB             >                org     $ - len_NFA         // rewind to temp_NFA and re-do NFA part
 639+ 84A7             >
 639+ 84A7 84          >                db      len_NFA | END_BIT | is_normal  // The start of NFA must have msb set to signal the beginning of the sounted string
 639+ 84A8 42 41 43 4B >                db      "BACK"               // name string in 7-bit ascii, but
 639+ 84AC             >                org     $-1                 // alter last byte of Name just above to set
 639+ 84AB CB          >                db      {b $} | END_BIT     // msb as name end
 639+ 84AC             >
 639+ 84AC 91 84       >                dw      last_NFA            // Link to previous definition Name
 639+ 84AE             >BACK:          if Enter_Ptr != 0 ; ok        // This is the start address of the direct jp(hl)
 639+ 84AE CD CE 6B    >                call    Enter_Ptr ; ok        // for primitive definitions  actual code
 639+ 84B1             >
 639+ 84B1             >
 639+ 84B1             >                endif           ; ok        // for other definitions it "points" the correct handler
 639+ 84B1             >                // Use of "; ok" to suppress "warning[fwdref]"
 639+ 84B1             >
 639+ 84B1             >last_NFA        defl    temp_NFA            // keep track of NFA saved above
 640+ 84B1 53 6E A3 6E                  dw      HERE, SUBTRACT, COMMA
 640+ 84B5 71 6E
 641+ 84B7 EB 68                        dw      EXIT
 642+ 84B9
 643+ 84B9              //  ______________________________________________________________________
 644+ 84B9              //
 645+ 84B9              // if          ( -- a 2 ) \ compile-time
 646+ 84B9              // IF ... THEN
 647+ 84B9              // IF ... ELSE ... THEN
 648+ 84B9                              Colon_Def IF, "IF", is_immediate
 648+ 84B9             >                New_Def  IF, "IF", Enter_Ptr, is_immediate ; ok
 648+ 84B9             >temp_NFA        defl    $                   // save this NFA address to temp_NFA
 648+ 84B9             >
 648+ 84B9             >                // dummy db directives used to calculate length of namec
 648+ 84B9 49 46       >                db      "IF"
 648+ 84BB             >len_NFA         defl    $ - temp_NFA
 648+ 84BB             >                org     $ - len_NFA         // rewind to temp_NFA and re-do NFA part
 648+ 84B9             >
 648+ 84B9 C2          >                db      len_NFA | END_BIT | is_immediate  // The start of NFA must have msb set to signal the beginning of the sounted string
 648+ 84BA 49 46       >                db      "IF"               // name string in 7-bit ascii, but
 648+ 84BC             >                org     $-1                 // alter last byte of Name just above to set
 648+ 84BB C6          >                db      {b $} | END_BIT     // msb as name end
 648+ 84BC             >
 648+ 84BC A7 84       >                dw      last_NFA            // Link to previous definition Name
 648+ 84BE             >IF:          if Enter_Ptr != 0 ; ok        // This is the start address of the direct jp(hl)
 648+ 84BE CD CE 6B    >                call    Enter_Ptr ; ok        // for primitive definitions  actual code
 648+ 84C1             >
 648+ 84C1             >
 648+ 84C1             >                endif           ; ok        // for other definitions it "points" the correct handler
 648+ 84C1             >                // Use of "; ok" to suppress "warning[fwdref]"
 648+ 84C1             >
 648+ 84C1             >last_NFA        defl    temp_NFA            // keep track of NFA saved above
 649+ 84C1 B6 70 B5 64                  dw      COMPILE, ZBRANCH
 650+ 84C5 53 6E 46 6C                  dw      HERE, ZERO, COMMA
 650+ 84C9 71 6E
 651+ 84CB 58 6C                        dw      TWO
 652+ 84CD EB 68                        dw      EXIT
 653+ 84CF
 654+ 84CF              //  ______________________________________________________________________
 655+ 84CF              //
 656+ 84CF              // then        ( a 2 -- ) \ compile-time
 657+ 84CF              //
 658+ 84CF                              Colon_Def THEN, "THEN", is_immediate
 658+ 84CF             >                New_Def  THEN, "THEN", Enter_Ptr, is_immediate ; ok
 658+ 84CF             >temp_NFA        defl    $                   // save this NFA address to temp_NFA
 658+ 84CF             >
 658+ 84CF             >                // dummy db directives used to calculate length of namec
 658+ 84CF 54 48 45 4E >                db      "THEN"
 658+ 84D3             >len_NFA         defl    $ - temp_NFA
 658+ 84D3             >                org     $ - len_NFA         // rewind to temp_NFA and re-do NFA part
 658+ 84CF             >
 658+ 84CF C4          >                db      len_NFA | END_BIT | is_immediate  // The start of NFA must have msb set to signal the beginning of the sounted string
 658+ 84D0 54 48 45 4E >                db      "THEN"               // name string in 7-bit ascii, but
 658+ 84D4             >                org     $-1                 // alter last byte of Name just above to set
 658+ 84D3 CE          >                db      {b $} | END_BIT     // msb as name end
 658+ 84D4             >
 658+ 84D4 B9 84       >                dw      last_NFA            // Link to previous definition Name
 658+ 84D6             >THEN:          if Enter_Ptr != 0 ; ok        // This is the start address of the direct jp(hl)
 658+ 84D6 CD CE 6B    >                call    Enter_Ptr ; ok        // for primitive definitions  actual code
 658+ 84D9             >
 658+ 84D9             >
 658+ 84D9             >                endif           ; ok        // for other definitions it "points" the correct handler
 658+ 84D9             >                // Use of "; ok" to suppress "warning[fwdref]"
 658+ 84D9             >
 658+ 84D9             >last_NFA        defl    temp_NFA            // keep track of NFA saved above
 659+ 84D9 38 70                        dw      QCOMP
 660+ 84DB 58 6C 69 70                  dw      TWO, QPAIRS
 661+ 84DF 53 6E DA 69                  dw      HERE, OVER, SUBTRACT, SWAP, STORE
 661+ 84E3 A3 6E 0A 6A
 661+ 84E7 FB 6A
 662+ 84E9 EB 68                        dw      EXIT
 663+ 84EB
 664+ 84EB              //  ______________________________________________________________________
 665+ 84EB              //
 666+ 84EB              // endif        ( a 2 -- ) \ compile-time
 667+ 84EB              //
 668+ 84EB                              Colon_Def ENDIF, "ENDIF", is_immediate
 668+ 84EB             >                New_Def  ENDIF, "ENDIF", Enter_Ptr, is_immediate ; ok
 668+ 84EB             >temp_NFA        defl    $                   // save this NFA address to temp_NFA
 668+ 84EB             >
 668+ 84EB             >                // dummy db directives used to calculate length of namec
 668+ 84EB 45 4E 44 49 >                db      "ENDIF"
 668+ 84EF 46          >
 668+ 84F0             >len_NFA         defl    $ - temp_NFA
 668+ 84F0             >                org     $ - len_NFA         // rewind to temp_NFA and re-do NFA part
 668+ 84EB             >
 668+ 84EB C5          >                db      len_NFA | END_BIT | is_immediate  // The start of NFA must have msb set to signal the beginning of the sounted string
 668+ 84EC 45 4E 44 49 >                db      "ENDIF"               // name string in 7-bit ascii, but
 668+ 84F0 46          >
 668+ 84F1             >                org     $-1                 // alter last byte of Name just above to set
 668+ 84F0 C6          >                db      {b $} | END_BIT     // msb as name end
 668+ 84F1             >
 668+ 84F1 CF 84       >                dw      last_NFA            // Link to previous definition Name
 668+ 84F3             >ENDIF:          if Enter_Ptr != 0 ; ok        // This is the start address of the direct jp(hl)
 668+ 84F3 CD CE 6B    >                call    Enter_Ptr ; ok        // for primitive definitions  actual code
 668+ 84F6             >
 668+ 84F6             >
 668+ 84F6             >                endif           ; ok        // for other definitions it "points" the correct handler
 668+ 84F6             >                // Use of "; ok" to suppress "warning[fwdref]"
 668+ 84F6             >
 668+ 84F6             >last_NFA        defl    temp_NFA            // keep track of NFA saved above
 669+ 84F6 D6 84                        dw      THEN
 670+ 84F8 EB 68                        dw      EXIT
 671+ 84FA
 672+ 84FA              //  ______________________________________________________________________
 673+ 84FA              //
 674+ 84FA              // else        ( a1 2 -- a2 2 ) \ compile-time
 675+ 84FA              //
 676+ 84FA                              Colon_Def ELSE, "ELSE", is_immediate
 676+ 84FA             >                New_Def  ELSE, "ELSE", Enter_Ptr, is_immediate ; ok
 676+ 84FA             >temp_NFA        defl    $                   // save this NFA address to temp_NFA
 676+ 84FA             >
 676+ 84FA             >                // dummy db directives used to calculate length of namec
 676+ 84FA 45 4C 53 45 >                db      "ELSE"
 676+ 84FE             >len_NFA         defl    $ - temp_NFA
 676+ 84FE             >                org     $ - len_NFA         // rewind to temp_NFA and re-do NFA part
 676+ 84FA             >
 676+ 84FA C4          >                db      len_NFA | END_BIT | is_immediate  // The start of NFA must have msb set to signal the beginning of the sounted string
 676+ 84FB 45 4C 53 45 >                db      "ELSE"               // name string in 7-bit ascii, but
 676+ 84FF             >                org     $-1                 // alter last byte of Name just above to set
 676+ 84FE C5          >                db      {b $} | END_BIT     // msb as name end
 676+ 84FF             >
 676+ 84FF EB 84       >                dw      last_NFA            // Link to previous definition Name
 676+ 8501             >ELSE:          if Enter_Ptr != 0 ; ok        // This is the start address of the direct jp(hl)
 676+ 8501 CD CE 6B    >                call    Enter_Ptr ; ok        // for primitive definitions  actual code
 676+ 8504             >
 676+ 8504             >
 676+ 8504             >                endif           ; ok        // for other definitions it "points" the correct handler
 676+ 8504             >                // Use of "; ok" to suppress "warning[fwdref]"
 676+ 8504             >
 676+ 8504             >last_NFA        defl    temp_NFA            // keep track of NFA saved above
 677+ 8504 38 70                        dw      QCOMP
 678+ 8506 58 6C 69 70                  dw      TWO, QPAIRS
 679+ 850A B6 70 A9 64                  dw      COMPILE, BRANCH
 680+ 850E 53 6E 46 6C                  dw      HERE, ZERO, COMMA
 680+ 8512 71 6E
 681+ 8514 0A 6A 58 6C                  dw      SWAP, TWO, THEN
 681+ 8518 D6 84
 682+ 851A 58 6C                        dw      TWO
 683+ 851C EB 68                        dw      EXIT
 684+ 851E
 685+ 851E              //  ______________________________________________________________________
 686+ 851E              //
 687+ 851E              // begin        ( -- a 1 ) \ compile-time
 688+ 851E              // BEGIN ... AGAIN
 689+ 851E              // BEGIN ... f UNTIL
 690+ 851E              // BEGIN ... f WHILE ... REPEAT
 691+ 851E                              Colon_Def BEGIN, "BEGIN", is_immediate
 691+ 851E             >                New_Def  BEGIN, "BEGIN", Enter_Ptr, is_immediate ; ok
 691+ 851E             >temp_NFA        defl    $                   // save this NFA address to temp_NFA
 691+ 851E             >
 691+ 851E             >                // dummy db directives used to calculate length of namec
 691+ 851E 42 45 47 49 >                db      "BEGIN"
 691+ 8522 4E          >
 691+ 8523             >len_NFA         defl    $ - temp_NFA
 691+ 8523             >                org     $ - len_NFA         // rewind to temp_NFA and re-do NFA part
 691+ 851E             >
 691+ 851E C5          >                db      len_NFA | END_BIT | is_immediate  // The start of NFA must have msb set to signal the beginning of the sounted string
 691+ 851F 42 45 47 49 >                db      "BEGIN"               // name string in 7-bit ascii, but
 691+ 8523 4E          >
 691+ 8524             >                org     $-1                 // alter last byte of Name just above to set
 691+ 8523 CE          >                db      {b $} | END_BIT     // msb as name end
 691+ 8524             >
 691+ 8524 FA 84       >                dw      last_NFA            // Link to previous definition Name
 691+ 8526             >BEGIN:          if Enter_Ptr != 0 ; ok        // This is the start address of the direct jp(hl)
 691+ 8526 CD CE 6B    >                call    Enter_Ptr ; ok        // for primitive definitions  actual code
 691+ 8529             >
 691+ 8529             >
 691+ 8529             >                endif           ; ok        // for other definitions it "points" the correct handler
 691+ 8529             >                // Use of "; ok" to suppress "warning[fwdref]"
 691+ 8529             >
 691+ 8529             >last_NFA        defl    temp_NFA            // keep track of NFA saved above
 692+ 8529 38 70                        dw      QCOMP
 693+ 852B 53 6E                        dw      HERE
 694+ 852D 58 6C                        dw      TWO
 695+ 852F EB 68                        dw      EXIT
 696+ 8531
 697+ 8531              //  ______________________________________________________________________
 698+ 8531              //
 699+ 8531              // again        ( a 1 -- ) \ compile-time
 700+ 8531                              Colon_Def AGAIN, "AGAIN", is_immediate
 700+ 8531             >                New_Def  AGAIN, "AGAIN", Enter_Ptr, is_immediate ; ok
 700+ 8531             >temp_NFA        defl    $                   // save this NFA address to temp_NFA
 700+ 8531             >
 700+ 8531             >                // dummy db directives used to calculate length of namec
 700+ 8531 41 47 41 49 >                db      "AGAIN"
 700+ 8535 4E          >
 700+ 8536             >len_NFA         defl    $ - temp_NFA
 700+ 8536             >                org     $ - len_NFA         // rewind to temp_NFA and re-do NFA part
 700+ 8531             >
 700+ 8531 C5          >                db      len_NFA | END_BIT | is_immediate  // The start of NFA must have msb set to signal the beginning of the sounted string
 700+ 8532 41 47 41 49 >                db      "AGAIN"               // name string in 7-bit ascii, but
 700+ 8536 4E          >
 700+ 8537             >                org     $-1                 // alter last byte of Name just above to set
 700+ 8536 CE          >                db      {b $} | END_BIT     // msb as name end
 700+ 8537             >
 700+ 8537 1E 85       >                dw      last_NFA            // Link to previous definition Name
 700+ 8539             >AGAIN:          if Enter_Ptr != 0 ; ok        // This is the start address of the direct jp(hl)
 700+ 8539 CD CE 6B    >                call    Enter_Ptr ; ok        // for primitive definitions  actual code
 700+ 853C             >
 700+ 853C             >
 700+ 853C             >                endif           ; ok        // for other definitions it "points" the correct handler
 700+ 853C             >                // Use of "; ok" to suppress "warning[fwdref]"
 700+ 853C             >
 700+ 853C             >last_NFA        defl    temp_NFA            // keep track of NFA saved above
 701+ 853C 38 70                        dw      QCOMP
 702+ 853E 58 6C 69 70                  dw      TWO, QPAIRS
 703+ 8542 B6 70 A9 64                  dw      COMPILE, BRANCH
 704+ 8546 AE 84                        dw      BACK
 705+ 8548 EB 68                        dw      EXIT
 706+ 854A
 707+ 854A              //  ______________________________________________________________________
 708+ 854A              //
 709+ 854A              // until        ( a 1 -- ) \ compile-time
 710+ 854A                              Colon_Def UNTIL, "UNTIL", is_immediate
 710+ 854A             >                New_Def  UNTIL, "UNTIL", Enter_Ptr, is_immediate ; ok
 710+ 854A             >temp_NFA        defl    $                   // save this NFA address to temp_NFA
 710+ 854A             >
 710+ 854A             >                // dummy db directives used to calculate length of namec
 710+ 854A 55 4E 54 49 >                db      "UNTIL"
 710+ 854E 4C          >
 710+ 854F             >len_NFA         defl    $ - temp_NFA
 710+ 854F             >                org     $ - len_NFA         // rewind to temp_NFA and re-do NFA part
 710+ 854A             >
 710+ 854A C5          >                db      len_NFA | END_BIT | is_immediate  // The start of NFA must have msb set to signal the beginning of the sounted string
 710+ 854B 55 4E 54 49 >                db      "UNTIL"               // name string in 7-bit ascii, but
 710+ 854F 4C          >
 710+ 8550             >                org     $-1                 // alter last byte of Name just above to set
 710+ 854F CC          >                db      {b $} | END_BIT     // msb as name end
 710+ 8550             >
 710+ 8550 31 85       >                dw      last_NFA            // Link to previous definition Name
 710+ 8552             >UNTIL:          if Enter_Ptr != 0 ; ok        // This is the start address of the direct jp(hl)
 710+ 8552 CD CE 6B    >                call    Enter_Ptr ; ok        // for primitive definitions  actual code
 710+ 8555             >
 710+ 8555             >
 710+ 8555             >                endif           ; ok        // for other definitions it "points" the correct handler
 710+ 8555             >                // Use of "; ok" to suppress "warning[fwdref]"
 710+ 8555             >
 710+ 8555             >last_NFA        defl    temp_NFA            // keep track of NFA saved above
 711+ 8555 38 70                        dw      QCOMP
 712+ 8557 58 6C 69 70                  dw      TWO, QPAIRS
 713+ 855B B6 70 B5 64                  dw      COMPILE, ZBRANCH
 714+ 855F AE 84                        dw      BACK
 715+ 8561 EB 68                        dw      EXIT
 716+ 8563
 717+ 8563              //  ______________________________________________________________________
 718+ 8563              //
 719+ 8563              // end          ( a 1 -- ) \ compile-time
 720+ 8563                              Colon_Def END, "END", is_immediate
 720+ 8563             >                New_Def  END, "END", Enter_Ptr, is_immediate ; ok
 720+ 8563             >temp_NFA        defl    $                   // save this NFA address to temp_NFA
 720+ 8563             >
 720+ 8563             >                // dummy db directives used to calculate length of namec
 720+ 8563 45 4E 44    >                db      "END"
 720+ 8566             >len_NFA         defl    $ - temp_NFA
 720+ 8566             >                org     $ - len_NFA         // rewind to temp_NFA and re-do NFA part
 720+ 8563             >
 720+ 8563 C3          >                db      len_NFA | END_BIT | is_immediate  // The start of NFA must have msb set to signal the beginning of the sounted string
 720+ 8564 45 4E 44    >                db      "END"               // name string in 7-bit ascii, but
 720+ 8567             >                org     $-1                 // alter last byte of Name just above to set
 720+ 8566 C4          >                db      {b $} | END_BIT     // msb as name end
 720+ 8567             >
 720+ 8567 4A 85       >                dw      last_NFA            // Link to previous definition Name
 720+ 8569             >END:          if Enter_Ptr != 0 ; ok        // This is the start address of the direct jp(hl)
 720+ 8569 CD CE 6B    >                call    Enter_Ptr ; ok        // for primitive definitions  actual code
 720+ 856C             >
 720+ 856C             >
 720+ 856C             >                endif           ; ok        // for other definitions it "points" the correct handler
 720+ 856C             >                // Use of "; ok" to suppress "warning[fwdref]"
 720+ 856C             >
 720+ 856C             >last_NFA        defl    temp_NFA            // keep track of NFA saved above
 721+ 856C 52 85                        dw      UNTIL
 722+ 856E EB 68                        dw      EXIT
 723+ 8570
 724+ 8570              //  ______________________________________________________________________
 725+ 8570              //
 726+ 8570              // while        ( a1 1 -- a1 1 a2 4 ) \ compile-time
 727+ 8570                              Colon_Def WHILE, "WHILE", is_immediate
 727+ 8570             >                New_Def  WHILE, "WHILE", Enter_Ptr, is_immediate ; ok
 727+ 8570             >temp_NFA        defl    $                   // save this NFA address to temp_NFA
 727+ 8570             >
 727+ 8570             >                // dummy db directives used to calculate length of namec
 727+ 8570 57 48 49 4C >                db      "WHILE"
 727+ 8574 45          >
 727+ 8575             >len_NFA         defl    $ - temp_NFA
 727+ 8575             >                org     $ - len_NFA         // rewind to temp_NFA and re-do NFA part
 727+ 8570             >
 727+ 8570 C5          >                db      len_NFA | END_BIT | is_immediate  // The start of NFA must have msb set to signal the beginning of the sounted string
 727+ 8571 57 48 49 4C >                db      "WHILE"               // name string in 7-bit ascii, but
 727+ 8575 45          >
 727+ 8576             >                org     $-1                 // alter last byte of Name just above to set
 727+ 8575 C5          >                db      {b $} | END_BIT     // msb as name end
 727+ 8576             >
 727+ 8576 63 85       >                dw      last_NFA            // Link to previous definition Name
 727+ 8578             >WHILE:          if Enter_Ptr != 0 ; ok        // This is the start address of the direct jp(hl)
 727+ 8578 CD CE 6B    >                call    Enter_Ptr ; ok        // for primitive definitions  actual code
 727+ 857B             >
 727+ 857B             >
 727+ 857B             >                endif           ; ok        // for other definitions it "points" the correct handler
 727+ 857B             >                // Use of "; ok" to suppress "warning[fwdref]"
 727+ 857B             >
 727+ 857B             >last_NFA        defl    temp_NFA            // keep track of NFA saved above
 728+ 857B BE 84                        dw      IF
 729+ 857D              //              dw      TWO_PLUS // ( that is 4 )
 730+ 857D 93 6A                        dw      TWO_SWAP
 731+ 857F EB 68                        dw      EXIT
 732+ 8581
 733+ 8581              //  ______________________________________________________________________
 734+ 8581              //
 735+ 8581              // repeat       ( a1 1 a2 4 -- ) \ compile-time
 736+ 8581                              Colon_Def REPEAT, "REPEAT", is_immediate
 736+ 8581             >                New_Def  REPEAT, "REPEAT", Enter_Ptr, is_immediate ; ok
 736+ 8581             >temp_NFA        defl    $                   // save this NFA address to temp_NFA
 736+ 8581             >
 736+ 8581             >                // dummy db directives used to calculate length of namec
 736+ 8581 52 45 50 45 >                db      "REPEAT"
 736+ 8585 41 54       >
 736+ 8587             >len_NFA         defl    $ - temp_NFA
 736+ 8587             >                org     $ - len_NFA         // rewind to temp_NFA and re-do NFA part
 736+ 8581             >
 736+ 8581 C6          >                db      len_NFA | END_BIT | is_immediate  // The start of NFA must have msb set to signal the beginning of the sounted string
 736+ 8582 52 45 50 45 >                db      "REPEAT"               // name string in 7-bit ascii, but
 736+ 8586 41 54       >
 736+ 8588             >                org     $-1                 // alter last byte of Name just above to set
 736+ 8587 D4          >                db      {b $} | END_BIT     // msb as name end
 736+ 8588             >
 736+ 8588 70 85       >                dw      last_NFA            // Link to previous definition Name
 736+ 858A             >REPEAT:          if Enter_Ptr != 0 ; ok        // This is the start address of the direct jp(hl)
 736+ 858A CD CE 6B    >                call    Enter_Ptr ; ok        // for primitive definitions  actual code
 736+ 858D             >
 736+ 858D             >
 736+ 858D             >                endif           ; ok        // for other definitions it "points" the correct handler
 736+ 858D             >                // Use of "; ok" to suppress "warning[fwdref]"
 736+ 858D             >
 736+ 858D             >last_NFA        defl    temp_NFA            // keep track of NFA saved above
 737+ 858D 39 85                        dw      AGAIN
 738+ 858F              //              dw      TWO_MINUS
 739+ 858F D6 84                        dw      THEN
 740+ 8591 EB 68                        dw      EXIT
 741+ 8593
 742+ 8593              //  ______________________________________________________________________
 743+ 8593              //
 744+ 8593              // ?do-
 745+ 8593              // special version of "BACK" used by ?DO and LOOP
 746+ 8593                              Colon_Def C_DO_BACK, "?DO-", is_normal
 746+ 8593             >                New_Def  C_DO_BACK, "?DO-", Enter_Ptr, is_normal ; ok
 746+ 8593             >temp_NFA        defl    $                   // save this NFA address to temp_NFA
 746+ 8593             >
 746+ 8593             >                // dummy db directives used to calculate length of namec
 746+ 8593 3F 44 4F 2D >                db      "?DO-"
 746+ 8597             >len_NFA         defl    $ - temp_NFA
 746+ 8597             >                org     $ - len_NFA         // rewind to temp_NFA and re-do NFA part
 746+ 8593             >
 746+ 8593 84          >                db      len_NFA | END_BIT | is_normal  // The start of NFA must have msb set to signal the beginning of the sounted string
 746+ 8594 3F 44 4F 2D >                db      "?DO-"               // name string in 7-bit ascii, but
 746+ 8598             >                org     $-1                 // alter last byte of Name just above to set
 746+ 8597 AD          >                db      {b $} | END_BIT     // msb as name end
 746+ 8598             >
 746+ 8598 81 85       >                dw      last_NFA            // Link to previous definition Name
 746+ 859A             >C_DO_BACK:          if Enter_Ptr != 0 ; ok        // This is the start address of the direct jp(hl)
 746+ 859A CD CE 6B    >                call    Enter_Ptr ; ok        // for primitive definitions  actual code
 746+ 859D             >
 746+ 859D             >
 746+ 859D             >                endif           ; ok        // for other definitions it "points" the correct handler
 746+ 859D             >                // Use of "; ok" to suppress "warning[fwdref]"
 746+ 859D             >
 746+ 859D             >last_NFA        defl    temp_NFA            // keep track of NFA saved above
 747+ 859D AE 84                        dw      BACK
 748+ 859F              CDoBack_Begin:
 749+ 859F C1 68 D8 6D                  dw      SPFETCH, CSP, FETCH, SUBTRACT
 749+ 85A3 EF 6A A3 6E
 750+ 85A7 B5 64                        dw      ZBRANCH
 751+ 85A9 0A 00                        dw      CDoBack_While - $
 752+ 85AB 84 69 D6 84                  dw          TWO_PLUS, THEN
 753+ 85AF A9 64                        dw      BRANCH
 754+ 85B1 EE FF                        dw      CDoBack_Begin - $
 755+ 85B3              CDoBack_While:
 756+ 85B3 7D 70 D8 6D                  dw      QCSP, CSP, STORE
 756+ 85B7 FB 6A
 757+ 85B9 EB 68                        dw      EXIT
 758+ 85BB
 759+ 85BB              //  ______________________________________________________________________
 760+ 85BB              //
 761+ 85BB              // do
 762+ 85BB              // DO  ... LOOP
 763+ 85BB              // DO  ... n +LOOP
 764+ 85BB              // ?DO ... LOOP
 765+ 85BB              // ?DO ... n +LOOP
 766+ 85BB                              Colon_Def DO, "DO", is_immediate
 766+ 85BB             >                New_Def  DO, "DO", Enter_Ptr, is_immediate ; ok
 766+ 85BB             >temp_NFA        defl    $                   // save this NFA address to temp_NFA
 766+ 85BB             >
 766+ 85BB             >                // dummy db directives used to calculate length of namec
 766+ 85BB 44 4F       >                db      "DO"
 766+ 85BD             >len_NFA         defl    $ - temp_NFA
 766+ 85BD             >                org     $ - len_NFA         // rewind to temp_NFA and re-do NFA part
 766+ 85BB             >
 766+ 85BB C2          >                db      len_NFA | END_BIT | is_immediate  // The start of NFA must have msb set to signal the beginning of the sounted string
 766+ 85BC 44 4F       >                db      "DO"               // name string in 7-bit ascii, but
 766+ 85BE             >                org     $-1                 // alter last byte of Name just above to set
 766+ 85BD CF          >                db      {b $} | END_BIT     // msb as name end
 766+ 85BE             >
 766+ 85BE 93 85       >                dw      last_NFA            // Link to previous definition Name
 766+ 85C0             >DO:          if Enter_Ptr != 0 ; ok        // This is the start address of the direct jp(hl)
 766+ 85C0 CD CE 6B    >                call    Enter_Ptr ; ok        // for primitive definitions  actual code
 766+ 85C3             >
 766+ 85C3             >
 766+ 85C3             >                endif           ; ok        // for other definitions it "points" the correct handler
 766+ 85C3             >                // Use of "; ok" to suppress "warning[fwdref]"
 766+ 85C3             >
 766+ 85C3             >last_NFA        defl    temp_NFA            // keep track of NFA saved above
 767+ 85C3 B6 70 02 65                  dw      COMPILE, C_DO
 768+ 85C7 D8 6D EF 6A                  dw      CSP, FETCH, STORE_CSP
 768+ 85CB 09 70
 769+ 85CD 53 6E 61 6C                  dw      HERE, THREE
 770+ 85D1 EB 68                        dw      EXIT
 771+ 85D3
 772+ 85D3              //  ______________________________________________________________________
 773+ 85D3              //
 774+ 85D3              // loop
 775+ 85D3                              Colon_Def LOOP, "LOOP", is_immediate
 775+ 85D3             >                New_Def  LOOP, "LOOP", Enter_Ptr, is_immediate ; ok
 775+ 85D3             >temp_NFA        defl    $                   // save this NFA address to temp_NFA
 775+ 85D3             >
 775+ 85D3             >                // dummy db directives used to calculate length of namec
 775+ 85D3 4C 4F 4F 50 >                db      "LOOP"
 775+ 85D7             >len_NFA         defl    $ - temp_NFA
 775+ 85D7             >                org     $ - len_NFA         // rewind to temp_NFA and re-do NFA part
 775+ 85D3             >
 775+ 85D3 C4          >                db      len_NFA | END_BIT | is_immediate  // The start of NFA must have msb set to signal the beginning of the sounted string
 775+ 85D4 4C 4F 4F 50 >                db      "LOOP"               // name string in 7-bit ascii, but
 775+ 85D8             >                org     $-1                 // alter last byte of Name just above to set
 775+ 85D7 D0          >                db      {b $} | END_BIT     // msb as name end
 775+ 85D8             >
 775+ 85D8 BB 85       >                dw      last_NFA            // Link to previous definition Name
 775+ 85DA             >LOOP:          if Enter_Ptr != 0 ; ok        // This is the start address of the direct jp(hl)
 775+ 85DA CD CE 6B    >                call    Enter_Ptr ; ok        // for primitive definitions  actual code
 775+ 85DD             >
 775+ 85DD             >
 775+ 85DD             >                endif           ; ok        // for other definitions it "points" the correct handler
 775+ 85DD             >                // Use of "; ok" to suppress "warning[fwdref]"
 775+ 85DD             >
 775+ 85DD             >last_NFA        defl    temp_NFA            // keep track of NFA saved above
 776+ 85DD 61 6C 69 70                  dw      THREE, QPAIRS
 777+ 85E1 B6 70 9A 64                  dw      COMPILE, C_LOOP
 778+ 85E5 9A 85                        dw      C_DO_BACK
 779+ 85E7 EB 68                        dw      EXIT
 780+ 85E9
 781+ 85E9              //  ______________________________________________________________________
 782+ 85E9              //
 783+ 85E9              // +loop
 784+ 85E9                              Colon_Def PLOOP, "+LOOP", is_immediate
 784+ 85E9             >                New_Def  PLOOP, "+LOOP", Enter_Ptr, is_immediate ; ok
 784+ 85E9             >temp_NFA        defl    $                   // save this NFA address to temp_NFA
 784+ 85E9             >
 784+ 85E9             >                // dummy db directives used to calculate length of namec
 784+ 85E9 2B 4C 4F 4F >                db      "+LOOP"
 784+ 85ED 50          >
 784+ 85EE             >len_NFA         defl    $ - temp_NFA
 784+ 85EE             >                org     $ - len_NFA         // rewind to temp_NFA and re-do NFA part
 784+ 85E9             >
 784+ 85E9 C5          >                db      len_NFA | END_BIT | is_immediate  // The start of NFA must have msb set to signal the beginning of the sounted string
 784+ 85EA 2B 4C 4F 4F >                db      "+LOOP"               // name string in 7-bit ascii, but
 784+ 85EE 50          >
 784+ 85EF             >                org     $-1                 // alter last byte of Name just above to set
 784+ 85EE D0          >                db      {b $} | END_BIT     // msb as name end
 784+ 85EF             >
 784+ 85EF D3 85       >                dw      last_NFA            // Link to previous definition Name
 784+ 85F1             >PLOOP:          if Enter_Ptr != 0 ; ok        // This is the start address of the direct jp(hl)
 784+ 85F1 CD CE 6B    >                call    Enter_Ptr ; ok        // for primitive definitions  actual code
 784+ 85F4             >
 784+ 85F4             >
 784+ 85F4             >                endif           ; ok        // for other definitions it "points" the correct handler
 784+ 85F4             >                // Use of "; ok" to suppress "warning[fwdref]"
 784+ 85F4             >
 784+ 85F4             >last_NFA        defl    temp_NFA            // keep track of NFA saved above
 785+ 85F4 61 6C 69 70                  dw      THREE, QPAIRS
 786+ 85F8 B6 70 5D 64                  dw      COMPILE, C_PLOOP
 787+ 85FC 9A 85                        dw      C_DO_BACK
 788+ 85FE EB 68                        dw      EXIT
 789+ 8600
 790+ 8600              //  ______________________________________________________________________
 791+ 8600              //
 792+ 8600              // ?do
 793+ 8600                              Colon_Def QDO, "?DO", is_immediate
 793+ 8600             >                New_Def  QDO, "?DO", Enter_Ptr, is_immediate ; ok
 793+ 8600             >temp_NFA        defl    $                   // save this NFA address to temp_NFA
 793+ 8600             >
 793+ 8600             >                // dummy db directives used to calculate length of namec
 793+ 8600 3F 44 4F    >                db      "?DO"
 793+ 8603             >len_NFA         defl    $ - temp_NFA
 793+ 8603             >                org     $ - len_NFA         // rewind to temp_NFA and re-do NFA part
 793+ 8600             >
 793+ 8600 C3          >                db      len_NFA | END_BIT | is_immediate  // The start of NFA must have msb set to signal the beginning of the sounted string
 793+ 8601 3F 44 4F    >                db      "?DO"               // name string in 7-bit ascii, but
 793+ 8604             >                org     $-1                 // alter last byte of Name just above to set
 793+ 8603 CF          >                db      {b $} | END_BIT     // msb as name end
 793+ 8604             >
 793+ 8604 E9 85       >                dw      last_NFA            // Link to previous definition Name
 793+ 8606             >QDO:          if Enter_Ptr != 0 ; ok        // This is the start address of the direct jp(hl)
 793+ 8606 CD CE 6B    >                call    Enter_Ptr ; ok        // for primitive definitions  actual code
 793+ 8609             >
 793+ 8609             >
 793+ 8609             >                endif           ; ok        // for other definitions it "points" the correct handler
 793+ 8609             >                // Use of "; ok" to suppress "warning[fwdref]"
 793+ 8609             >
 793+ 8609             >last_NFA        defl    temp_NFA            // keep track of NFA saved above
 794+ 8609 B6 70 D7 64                  dw      COMPILE, C_Q_DO
 795+ 860D D8 6D EF 6A                  dw      CSP, FETCH, STORE_CSP
 795+ 8611 09 70
 796+ 8613 53 6E 46 6C                  dw      HERE, ZERO, COMMA, ZERO
 796+ 8617 71 6E 46 6C
 797+ 861B 53 6E 61 6C                  dw      HERE, THREE
 798+ 861F EB 68                        dw      EXIT
 799+ 8621
 800+ 8621
 801+ 8621              //  ______________________________________________________________________
 802+ 8621              //
 803+ 8621              // RENAME
 804+ 8621              // special utility to rename a word to another name but same length
 805+ 8621                              Colon_Def RENAME, "RENAME", is_normal  // : rename  ( -- "ccc" "ddd" )
 805+ 8621             >                New_Def  RENAME, "RENAME", Enter_Ptr, is_normal ; ok
 805+ 8621             >temp_NFA        defl    $                   // save this NFA address to temp_NFA
 805+ 8621             >
 805+ 8621             >                // dummy db directives used to calculate length of namec
 805+ 8621 52 45 4E 41 >                db      "RENAME"
 805+ 8625 4D 45       >
 805+ 8627             >len_NFA         defl    $ - temp_NFA
 805+ 8627             >                org     $ - len_NFA         // rewind to temp_NFA and re-do NFA part
 805+ 8621             >
 805+ 8621 86          >                db      len_NFA | END_BIT | is_normal  // The start of NFA must have msb set to signal the beginning of the sounted string
 805+ 8622 52 45 4E 41 >                db      "RENAME"               // name string in 7-bit ascii, but
 805+ 8626 4D 45       >
 805+ 8628             >                org     $-1                 // alter last byte of Name just above to set
 805+ 8627 C5          >                db      {b $} | END_BIT     // msb as name end
 805+ 8628             >
 805+ 8628 00 86       >                dw      last_NFA            // Link to previous definition Name
 805+ 862A             >RENAME:          if Enter_Ptr != 0 ; ok        // This is the start address of the direct jp(hl)
 805+ 862A CD CE 6B    >                call    Enter_Ptr ; ok        // for primitive definitions  actual code
 805+ 862D             >
 805+ 862D             >
 805+ 862D             >                endif           ; ok        // for other definitions it "points" the correct handler
 805+ 862D             >                // Use of "; ok" to suppress "warning[fwdref]"
 805+ 862D             >
 805+ 862D             >last_NFA        defl    temp_NFA            // keep track of NFA saved above
 806+ 862D 64 80 E8 6F                  dw TICK, TO_BODY, NFA           // ' >body nfa
 806+ 8631 BC 6F
 807+ 8633 15 6A 09 6B                  dw DUP, CFETCH
 808+ 8637 3F 64 1F 00                  dw LIT, $1F, AND_OP             // dup c@  [ hex 1F ] Literal  and
 808+ 863B 8F 68
 809+ 863D A5 6A 51 69                  dw TWO_DUP, PLUS                // 2dup +
 810+ 8641 F8 68                        dw TO_R                         // >r
 811+ 8643                              //      bl word here  [ hex 20 ] Literal  allot
 812+ 8643 75 6C BA 73                  dw BL, WORD                     // bl word
 813+ 8647 3F 64 20 00                  dw LIT, 32, ALLOT               //  [ hex 20 ] Literal  allot
 813+ 864B 64 6E
 814+ 864D CC 71 3F 64                  dw COUNT, LIT, $1F              // count  [ hex 1F ] Literal
 814+ 8651 1F 00
 815+ 8653 8F 68 20 6A                  dw AND_OP, ROT, MIN             // and rot min
 815+ 8657 ED 6E
 816+ 8659 F8 68                        dw TO_R                         // >r
 817+ 865B 0A 6A 70 69                  dw SWAP, ONE_PLUS               // swap 1+
 818+ 865F 06 69                        dw R_TO                         // r>
 819+ 8661 05 68                        dw CMOVE                        // cmove
 820+ 8663 14 69 09 6B                  dw R_OP, CFETCH                 // r  c@
 821+ 8667 3F 64 80 00                  dw LIT, 128, OR_OP              // [ hex 80 ] Literal  or
 821+ 866B A1 68
 822+ 866D 06 69                        dw R_TO                         // r>
 823+ 866F 15 6B                        dw CSTORE                       // c!
 824+ 8671 3F 64 E0 FF                  dw LIT, -32, ALLOT              // [ hex -20 ] Literal allot
 824+ 8675 64 6E
 825+ 8677 EB 68                        dw EXIT
 826+ 8679
 827+ 8679
 828+ 8679              //  ______________________________________________________________________
 829+ 8679              //
 830+ 8679              //  VALUE
 831+ 8679                              Colon_Def VALUE, "VALUE", is_immediate  // : value ( n ccc --   ) (       -- n )
 831+ 8679             >                New_Def  VALUE, "VALUE", Enter_Ptr, is_immediate ; ok
 831+ 8679             >temp_NFA        defl    $                   // save this NFA address to temp_NFA
 831+ 8679             >
 831+ 8679             >                // dummy db directives used to calculate length of namec
 831+ 8679 56 41 4C 55 >                db      "VALUE"
 831+ 867D 45          >
 831+ 867E             >len_NFA         defl    $ - temp_NFA
 831+ 867E             >                org     $ - len_NFA         // rewind to temp_NFA and re-do NFA part
 831+ 8679             >
 831+ 8679 C5          >                db      len_NFA | END_BIT | is_immediate  // The start of NFA must have msb set to signal the beginning of the sounted string
 831+ 867A 56 41 4C 55 >                db      "VALUE"               // name string in 7-bit ascii, but
 831+ 867E 45          >
 831+ 867F             >                org     $-1                 // alter last byte of Name just above to set
 831+ 867E C5          >                db      {b $} | END_BIT     // msb as name end
 831+ 867F             >
 831+ 867F 21 86       >                dw      last_NFA            // Link to previous definition Name
 831+ 8681             >VALUE:          if Enter_Ptr != 0 ; ok        // This is the start address of the direct jp(hl)
 831+ 8681 CD CE 6B    >                call    Enter_Ptr ; ok        // for primitive definitions  actual code
 831+ 8684             >
 831+ 8684             >
 831+ 8684             >                endif           ; ok        // for other definitions it "points" the correct handler
 831+ 8684             >                // Use of "; ok" to suppress "warning[fwdref]"
 831+ 8684             >
 831+ 8684             >last_NFA        defl    temp_NFA            // keep track of NFA saved above
 832+ 8684 FE 6B                        dw CONSTANT                 // [compile] constant
 833+ 8686 EB 68                        dw EXIT
 834+ 8688                              // ;
 835+ 8688                              // immediate
 836+ 8688
 837+ 8688
 838+ 8688              //  ______________________________________________________________________
 839+ 8688              //
 840+ 8688              //  (TO)
 841+ 8688                              Colon_Def CTO, "(TO)", is_normal
 841+ 8688             >                New_Def  CTO, "(TO)", Enter_Ptr, is_normal ; ok
 841+ 8688             >temp_NFA        defl    $                   // save this NFA address to temp_NFA
 841+ 8688             >
 841+ 8688             >                // dummy db directives used to calculate length of namec
 841+ 8688 28 54 4F 29 >                db      "(TO)"
 841+ 868C             >len_NFA         defl    $ - temp_NFA
 841+ 868C             >                org     $ - len_NFA         // rewind to temp_NFA and re-do NFA part
 841+ 8688             >
 841+ 8688 84          >                db      len_NFA | END_BIT | is_normal  // The start of NFA must have msb set to signal the beginning of the sounted string
 841+ 8689 28 54 4F 29 >                db      "(TO)"               // name string in 7-bit ascii, but
 841+ 868D             >                org     $-1                 // alter last byte of Name just above to set
 841+ 868C A9          >                db      {b $} | END_BIT     // msb as name end
 841+ 868D             >
 841+ 868D 79 86       >                dw      last_NFA            // Link to previous definition Name
 841+ 868F             >CTO:          if Enter_Ptr != 0 ; ok        // This is the start address of the direct jp(hl)
 841+ 868F CD CE 6B    >                call    Enter_Ptr ; ok        // for primitive definitions  actual code
 841+ 8692             >
 841+ 8692             >
 841+ 8692             >                endif           ; ok        // for other definitions it "points" the correct handler
 841+ 8692             >                // Use of "; ok" to suppress "warning[fwdref]"
 841+ 8692             >
 841+ 8692             >last_NFA        defl    temp_NFA            // keep track of NFA saved above
 842+ 8692 64 80 E8 6F                  dw TICK, TO_BODY            // ' >body
 843+ 8696 AF 6D EF 6A                  dw STATE, FETCH             // state @
 844+ 869A B5 64                        dw ZBRANCH                  // If
 845+ 869C 0E 00                        dw          To_1 - $
 846+ 869E B6 70 3F 64                  dw      COMPILE, LIT        // compile lit
 847+ 86A2 71 6E                        dw      COMMA               // ,
 848+ 86A4 71 6E                        dw      COMMA               // ,
 849+ 86A6
 850+ 86A6 A9 64                        dw              BRANCH      // Else
 851+ 86A8 06 00                        dw         To_2 - $
 852+ 86AA              To_1:
 853+ 86AA 0A 6A 52 64                  dw      SWAP, EXECUTE       //  swap execute
 854+ 86AE              To_2:
 855+ 86AE                                                          // Endif
 856+ 86AE EB 68                        dw EXIT
 857+ 86B0              //  ______________________________________________________________________
 858+ 86B0              //
 859+ 86B0              //  TO )
 860+ 86B0                              Colon_Def TO, "TO", is_immediate  // : to ( n -- cccc )
 860+ 86B0             >                New_Def  TO, "TO", Enter_Ptr, is_immediate ; ok
 860+ 86B0             >temp_NFA        defl    $                   // save this NFA address to temp_NFA
 860+ 86B0             >
 860+ 86B0             >                // dummy db directives used to calculate length of namec
 860+ 86B0 54 4F       >                db      "TO"
 860+ 86B2             >len_NFA         defl    $ - temp_NFA
 860+ 86B2             >                org     $ - len_NFA         // rewind to temp_NFA and re-do NFA part
 860+ 86B0             >
 860+ 86B0 C2          >                db      len_NFA | END_BIT | is_immediate  // The start of NFA must have msb set to signal the beginning of the sounted string
 860+ 86B1 54 4F       >                db      "TO"               // name string in 7-bit ascii, but
 860+ 86B3             >                org     $-1                 // alter last byte of Name just above to set
 860+ 86B2 CF          >                db      {b $} | END_BIT     // msb as name end
 860+ 86B3             >
 860+ 86B3 88 86       >                dw      last_NFA            // Link to previous definition Name
 860+ 86B5             >TO:          if Enter_Ptr != 0 ; ok        // This is the start address of the direct jp(hl)
 860+ 86B5 CD CE 6B    >                call    Enter_Ptr ; ok        // for primitive definitions  actual code
 860+ 86B8             >
 860+ 86B8             >
 860+ 86B8             >                endif           ; ok        // for other definitions it "points" the correct handler
 860+ 86B8             >                // Use of "; ok" to suppress "warning[fwdref]"
 860+ 86B8             >
 860+ 86B8             >last_NFA        defl    temp_NFA            // keep track of NFA saved above
 861+ 86B8 3F 64 FB 6A                  dw LIT, STORE
 862+ 86BC 8F 86                        dw CTO
 863+ 86BE EB 68                        dw EXIT
 864+ 86C0
 865+ 86C0
 866+ 86C0              Latest_Definition:
 867+ 86C0              //  ______________________________________________________________________
 868+ 86C0              //
 869+ 86C0              // \
 870+ 86C0                              Colon_Def BACKSLASH, "\\", is_immediate  // this is a single back-slash
 870+ 86C0             >                New_Def  BACKSLASH, "\\", Enter_Ptr, is_immediate ; ok
 870+ 86C0             >temp_NFA        defl    $                   // save this NFA address to temp_NFA
 870+ 86C0             >
 870+ 86C0             >                // dummy db directives used to calculate length of namec
 870+ 86C0 5C          >                db      "\\"
 870+ 86C1             >len_NFA         defl    $ - temp_NFA
 870+ 86C1             >                org     $ - len_NFA         // rewind to temp_NFA and re-do NFA part
 870+ 86C0             >
 870+ 86C0 C1          >                db      len_NFA | END_BIT | is_immediate  // The start of NFA must have msb set to signal the beginning of the sounted string
 870+ 86C1 5C          >                db      "\\"               // name string in 7-bit ascii, but
 870+ 86C2             >                org     $-1                 // alter last byte of Name just above to set
 870+ 86C1 DC          >                db      {b $} | END_BIT     // msb as name end
 870+ 86C2             >
 870+ 86C2 B0 86       >                dw      last_NFA            // Link to previous definition Name
 870+ 86C4             >BACKSLASH:          if Enter_Ptr != 0 ; ok        // This is the start address of the direct jp(hl)
 870+ 86C4 CD CE 6B    >                call    Enter_Ptr ; ok        // for primitive definitions  actual code
 870+ 86C7             >
 870+ 86C7             >
 870+ 86C7             >                endif           ; ok        // for other definitions it "points" the correct handler
 870+ 86C7             >                // Use of "; ok" to suppress "warning[fwdref]"
 870+ 86C7             >
 870+ 86C7             >last_NFA        defl    temp_NFA            // keep track of NFA saved above
 871+ 86C7 5C 6D EF 6A                  dw      BLK, FETCH
 872+ 86CB B5 64                        dw      ZBRANCH
 873+ 86CD 18 00                        dw      Backslash_Else_1 - $
 874+ 86CF              //              dw          BLK, FETCH, ONE, GREATER  // BLOCK 1 is used as temp-line in INCLUDE file
 875+ 86CF              //              dw          ZBRANCH
 876+ 86CF              //              dw          Backslash_Else_2 - $
 877+ 86CF 66 6D EF 6A                  dw              TO_IN, FETCH, CL, MOD, CL
 877+ 86D3 80 6C 34 7B
 877+ 86D7 80 6C
 878+ 86D9 0A 6A A3 6E                  dw              SWAP, SUBTRACT, TO_IN, PLUSSTORE
 878+ 86DD 66 6D CE 6A
 879+ 86E1              //              dw          BRANCH
 880+ 86E1              //              dw          Backslash_Endif_2 - $
 881+ 86E1              // Backslash_Else_2:
 882+ 86E1              //              dw              BBUF, CELL_MINUS, TO_IN, STORE
 883+ 86E1              // Backslash_Endif_2:
 884+ 86E1 A9 64                        dw      BRANCH
 885+ 86E3 10 00                        dw      Backslash_Endif_1 - $
 886+ 86E5              Backslash_Else_1:
 887+ 86E5 46 6C                        dw          ZERO
 888+ 86E7 E6 6C EF 6A                  dw          TIB, FETCH
 889+ 86EB 66 6D EF 6A                  dw          TO_IN, FETCH
 890+ 86EF 51 69 FB 6A                  dw          PLUS, STORE
 891+ 86F3              Backslash_Endif_1:
 892+ 86F3 EB 68                        dw      EXIT
 893+ 86F5              Fence_Word:
 894+ 86F5
 895+ 86F5              //  ______________________________________________________________________
 896+ 86F5              //
 897+ 86F5
 898+ 86F5 00           Here_Dictionary db      0
 899+ 86F6
# file closed: C:\Zx\CSpect\Projects\vForth16_MDR_MGT/source/L3.asm
 118  86F6
 119  86F6              // now we save the compiled file so we can either run it or debug it
 120  86F6              //              SAVENEX OPEN "output/main.nex", ORIGIN
 121  86F6              //              SAVENEX CORE 3, 0, 0                                // Next core 3.0.0 required as minimum
 122  86F6              //              SAVENEX CFG  0
 123  86F6              //              SAVENEX BANK 2, 0
 124  86F6              //              SAVENEX AUTO
 125  86F6              //              SAVENEX CLOSE
 126  86F6
 127  86F6              //              PAGE 7 ;set 7 page to current slot
 128  86F6              //              SAVEBIN "ram7.bin",$C000,$4000 ;- save 4000h begin from C000h of RAM to file
 129  86F6              //              SAVEBIN "output/ram2.bin", $8000, 9800 ;- save 3000h begin from 8000h of RAM to file
 130  86F6
 131  86F6                              SAVETAP "output/F16m.tap", CODE, "forth16.by", ORIGIN, 9100
 132  86F6
 133  86F6                              SAVEBIN "output/forth16.by", ORIGIN, 9100
 134  86F6
 135  86F6                              END
# file closed: C:\Zx\CSpect\Projects\vForth16_MDR_MGT/source/main.asm
